contest_id,event_id,represented_body,office_type,district_id,official_district_id,district_name,boundary_regime,outcome_method,result_status,coverage_status,acclaimed,n_candidates,total_contest_votes,eligible_electors,ballots_cast,turnout_scope,source_authority,source_resource,source_detail,seats_available,turnout
con_117fad6c51b2500fbb3b775a6256c2c4,ec-be-2008-03-17,canada_house_of_commons,mp,dst_7960c816dafd5f6a901d49e6e65f9be4,35100,Willowdale,federal-2003-representation-order,vote,final,complete,False,4,22744,93027,22837,federal_electoral_district,Elections Canada,Official Voting Results — Raw Data,https://www.elections.ca/ele/pas/2008/csv/pollbypoll35100.csv | summary enrichment: https://www.elections.ca/Scripts/VIS/HistoricalResults/35100_e.html,1,0.2454878691132682
con_95081549ba29517fad54ee172059053d,ec-be-2008-03-17,canada_house_of_commons,mp,dst_833f9855578c5e41afa4546db6e63c44,35093,Toronto Centre,federal-2003-representation-order,vote,final,complete,False,6,23857,85962,23953,federal_electoral_district,Elections Canada,Official Voting Results — Raw Data,https://www.elections.ca/ele/pas/2008/csv/pollbypoll35093.csv | summary enrichment: https://www.elections.ca/Scripts/VIS/HistoricalResults/35093_e.html,1,0.278646378632419
con_c9e21d97541f5269a00cc01c4b5959f1,ec-be-2012-03-19,canada_house_of_commons,mp,dst_2b44aeb1727857e0b6020f8aab50fc7a,35094,Toronto—Danforth,federal-2003-representation-order,vote,final,complete,False,11,32319,75111,32469,federal_electoral_district,Elections Canada,Official Voting Results — Raw Data,https://www.elections.ca/res/rep/off/ovr_2012/pollbypoll_bureauparbureau35094.csv | summary enrichment: https://www.elections.ca/Scripts/VIS/HistoricalResults/35094_e.html,1,0.4322802252666054
con_cc45a2e6d40e5401b3cedf466cb739ac,ec-be-2013-11-25,canada_house_of_commons,mp,dst_833f9855578c5e41afa4546db6e63c44,35093,Toronto Centre,federal-2003-representation-order,vote,final,complete,False,11,34821,92780,34998,federal_electoral_district,Elections Canada,Official Voting Results — Raw Data,https://www.elections.ca/res/rep/off/ovr_2013b2/csv/35093_e.csv | summary enrichment: https://www.elections.ca/Scripts/VIS/HistoricalResults/35093_e.html,1,0.3772149170079759
con_58432d2f73ac5a0c940150d09c2b22e6,ec-be-2014-06-30,canada_house_of_commons,mp,dst_3744596ff33b5448b4953b6087725656,35080,Scarborough—Agincourt,federal-2003-representation-order,vote,final,complete,False,5,21672,74062,21793,federal_electoral_district,Elections Canada,Official Voting Results — Raw Data,https://www.elections.ca/res/rep/off/ovr_2014/csv/35080.csv | summary enrichment: https://www.elections.ca/Scripts/VIS/HistoricalResults/35080_e.html,1,0.2942534633145203
con_fb801e88a9bd5877971619c5686879b4,ec-be-2014-06-30,canada_house_of_commons,mp,dst_ec7099a5f12a56dba3805f2ecfcf3f25,35095,Trinity—Spadina,federal-2003-representation-order,vote,final,complete,False,6,34566,110252,34677,federal_electoral_district,Elections Canada,Official Voting Results — Raw Data,https://www.elections.ca/res/rep/off/ovr_2014/csv/35095.csv | summary enrichment: https://www.elections.ca/Scripts/VIS/HistoricalResults/35095_e.html,1,0.31452490657765847
con_6f51d7b2cb29501785b7d0cae26cfb79,ec-be-2017-12-11,canada_house_of_commons,mp,dst_07e5477b7f2b5c2a91214ffad9156308,35093,Scarborough—Agincourt,federal-2013-representation-order,vote,final,complete,False,7,18394,69007,18511,federal_electoral_district,Elections Canada,Official Voting Results — Raw Data,https://www.elections.ca/res/rep/off/ovr_2017d/46/data_donnees/pollresults_resultatsbureau35093.csv,1,0.26824814873853375
con_e5af6bc3cc055a089b110c829ffa4f7c,ec-be-2020-10-26,canada_house_of_commons,mp,dst_070935ea15895262bd2d2f99e4ada2ac,35118,York Centre,federal-2013-representation-order,vote,final,complete,False,6,18058,70543,18224,federal_electoral_district,Elections Canada,Official Voting Results — Raw Data,https://www.elections.ca/res/rep/off/ovr_2020/52/data_donnees/pollresults_resultatsbureau35118.csv,1,0.2583388855024595
con_3a27a61c21405651965fade810fb7fca,ec-be-2020-10-26,canada_house_of_commons,mp,dst_d58f3bdb6a6551c5ba69aa73fe9d0f8b,35108,Toronto Centre,federal-2013-representation-order,vote,final,complete,False,9,25205,81861,25323,federal_electoral_district,Elections Canada,Official Voting Results — Raw Data,https://www.elections.ca/res/rep/off/ovr_2020/52/data_donnees/pollresults_resultatsbureau35108.csv,1,0.3093414446439697
con_39cb5568987d5accb9642c74b182a8e3,ec-be-2024-06-24,canada_house_of_commons,mp,dst_91d049e056e05c6c855c5ba55a458282,35090,Toronto—St. Paul's,federal-2013-representation-order,vote,final,complete,False,84,36954,85726,37301,federal_electoral_district,Elections Canada,Official Voting Results — Raw Data,https://www.elections.ca/res/rep/off/ovr_2024b/58/data_donnees/pollresults_resultatsbureau35090.csv,1,0.4351188670881646
con_05ff7f2277e1583880aa954399029d5d,ec-be-2026-04-13,canada_house_of_commons,mp,dst_0097e7096a5f50c8b12a61f96e19eaf2,35112,University—Rosedale,federal-2023-representation-order,vote,final,complete,False,10,31028,94724,31115,federal_electoral_district,Elections Canada,Official Voting Results — Raw Data,https://www.elections.ca/res/rep/off/ovr_2026/64/data_donnees/pollresults_resultatsbureau35112.csv,1,0.3284806384865504
con_5ffbdafba383573390869bb41bf3a1db,ec-be-2026-04-13,canada_house_of_commons,mp,dst_0dc384db997c52fea2b28156e7a5a6f9,35096,Scarborough Southwest,federal-2023-representation-order,vote,final,complete,False,8,28909,86158,28998,federal_electoral_district,Elections Canada,Official Voting Results — Raw Data,https://www.elections.ca/res/rep/off/ovr_2026/64/data_donnees/pollresults_resultatsbureau35096.csv,1,0.3365677012001207
con_d21af1ce0ec75df28b2f61761a439169,ec-ge-38,canada_house_of_commons,mp,dst_2b44aeb1727857e0b6020f8aab50fc7a,35094,Toronto—Danforth,federal-2003-representation-order,vote,final,complete,False,6,47900,75151,48169,federal_electoral_district,Elections Canada,Official Voting Results — Raw Data,https://www.elections.ca/scripts/OVR2004/23/data/ON.zip | summary enrichment: https://www.elections.ca/scripts/OVR2004/23/data/table12.csv,1,0.6409628614389695
con_48ee5914c75c513292e797c6d2a5a78d,ec-ge-38,canada_house_of_commons,mp,dst_342bb7cf09f15af19dda3175126a3a23,35068,Parkdale—High Park,federal-2003-representation-order,vote,final,complete,False,6,46912,73527,47162,federal_electoral_district,Elections Canada,Official Voting Results — Raw Data,https://www.elections.ca/scripts/OVR2004/23/data/ON.zip | summary enrichment: https://www.elections.ca/scripts/OVR2004/23/data/table12.csv,1,0.6414242387150298
con_2c43543429095f69b182d11e234b64f9,ec-ge-38,canada_house_of_commons,mp,dst_3744596ff33b5448b4953b6087725656,35080,Scarborough—Agincourt,federal-2003-representation-order,vote,final,complete,False,5,41198,73391,41422,federal_electoral_district,Elections Canada,Official Voting Results — Raw Data,https://www.elections.ca/scripts/OVR2004/23/data/ON.zip | summary enrichment: https://www.elections.ca/scripts/OVR2004/23/data/table12.csv,1,0.564401629627611
con_c377ca4004145d03ac8aceb5f640df9a,ec-ge-38,canada_house_of_commons,mp,dst_43256155db1e5c15bf0388fbe1fcb147,35084,Scarborough Southwest,federal-2003-representation-order,vote,final,complete,False,5,37963,66797,38178,federal_electoral_district,Elections Canada,Official Voting Results — Raw Data,https://www.elections.ca/scripts/OVR2004/23/data/ON.zip | summary enrichment: https://www.elections.ca/scripts/OVR2004/23/data/table12.csv,1,0.5715526146383819
con_2981a9007fcc516aab8c58e1dfdf65ab,ec-ge-38,canada_house_of_commons,mp,dst_5c7f49d97e1b500c8fb874c86c10474b,35005,Beaches—East York,federal-2003-representation-order,vote,final,complete,False,8,46933,73623,47137,federal_electoral_district,Elections Canada,Official Voting Results — Raw Data,https://www.elections.ca/scripts/OVR2004/23/data/ON.zip | summary enrichment: https://www.elections.ca/scripts/OVR2004/23/data/table12.csv,1,0.6402482919739755
con_d3f761c215705b648200064fba9e72c2,ec-ge-38,canada_house_of_commons,mp,dst_785f283b3f18541f910909c0aa9950ad,35105,York South—Weston,federal-2003-representation-order,vote,final,complete,False,5,34325,66893,34591,federal_electoral_district,Elections Canada,Official Voting Results — Raw Data,https://www.elections.ca/scripts/OVR2004/23/data/ON.zip | summary enrichment: https://www.elections.ca/scripts/OVR2004/23/data/table12.csv,1,0.5171094135410282
con_cc860a1b7f1c59f1a485ec611266211c,ec-ge-38,canada_house_of_commons,mp,dst_7960c816dafd5f6a901d49e6e65f9be4,35100,Willowdale,federal-2003-representation-order,vote,final,complete,False,6,50262,82856,50474,federal_electoral_district,Elections Canada,Official Voting Results — Raw Data,https://www.elections.ca/scripts/OVR2004/23/data/ON.zip | summary enrichment: https://www.elections.ca/scripts/OVR2004/23/data/table12.csv,1,0.609177367963696
con_2da6c2963598517ca243e165daed7d09,ec-ge-38,canada_house_of_commons,mp,dst_833f9855578c5e41afa4546db6e63c44,35093,Toronto Centre,federal-2003-representation-order,vote,final,complete,False,8,53663,85165,53905,federal_electoral_district,Elections Canada,Official Voting Results — Raw Data,https://www.elections.ca/scripts/OVR2004/23/data/ON.zip | summary enrichment: https://www.elections.ca/scripts/OVR2004/23/data/table12.csv,1,0.6329478071977925
con_29f6400415bf5c6c9114110a7a4fb6d6,ec-ge-38,canada_house_of_commons,mp,dst_9bc3d8beadfa59679ac37416a0371f32,35083,Scarborough—Rouge River,federal-2003-representation-order,vote,final,complete,False,5,38955,76741,39202,federal_electoral_district,Elections Canada,Official Voting Results — Raw Data,https://www.elections.ca/scripts/OVR2004/23/data/ON.zip | summary enrichment: https://www.elections.ca/scripts/OVR2004/23/data/table12.csv,1,0.5108351467924578
con_09b64b9baf8357fcb8e79e6ca3b52442,ec-ge-38,canada_house_of_commons,mp,dst_9f60665d10bf5e8c868039ce5faa5068,35016,Don Valley East,federal-2003-representation-order,vote,final,complete,False,6,40029,67782,40247,federal_electoral_district,Elections Canada,Official Voting Results — Raw Data,https://www.elections.ca/scripts/OVR2004/23/data/ON.zip | summary enrichment: https://www.elections.ca/scripts/OVR2004/23/data/table12.csv,1,0.5937712076952584
con_a81d108376655351a688e97fe3e56656,ec-ge-38,canada_house_of_commons,mp,dst_b8b84196ed7e52df8b97bb3f5297870a,35015,Davenport,federal-2003-representation-order,vote,final,complete,False,8,33090,63095,33368,federal_electoral_district,Elections Canada,Official Voting Results — Raw Data,https://www.elections.ca/scripts/OVR2004/23/data/ON.zip | summary enrichment: https://www.elections.ca/scripts/OVR2004/23/data/table12.csv,1,0.5288533164276091
con_dc37f26d33be518fb7c611bc3f681e8f,ec-ge-38,canada_house_of_commons,mp,dst_ba53feb75e295515a7fec976395f12a8,35017,Don Valley West,federal-2003-representation-order,vote,final,complete,False,4,51206,77492,51387,federal_electoral_district,Elections Canada,Official Voting Results — Raw Data,https://www.elections.ca/scripts/OVR2004/23/data/ON.zip | summary enrichment: https://www.elections.ca/scripts/OVR2004/23/data/table12.csv,1,0.6631265162855521
con_fc185e72a38d54d7ad73a4d7b0cbb72e,ec-ge-38,canada_house_of_commons,mp,dst_bb77fc5619885389a2d08772ad5572cc,35082,Scarborough—Guildwood,federal-2003-representation-order,vote,final,complete,False,5,36418,66307,36644,federal_electoral_district,Elections Canada,Official Voting Results — Raw Data,https://www.elections.ca/scripts/OVR2004/23/data/ON.zip | summary enrichment: https://www.elections.ca/scripts/OVR2004/23/data/table12.csv,1,0.5526415008973412
con_251dc69c9d6c51bba55b0d2d2574ae65,ec-ge-38,canada_house_of_commons,mp,dst_ce61b4f9d4415f01b36f187f572a4a63,35103,York Centre,federal-2003-representation-order,vote,final,complete,False,5,39278,69802,39626,federal_electoral_district,Elections Canada,Official Voting Results — Raw Data,https://www.elections.ca/scripts/OVR2004/23/data/ON.zip | summary enrichment: https://www.elections.ca/scripts/OVR2004/23/data/table12.csv,1,0.5676914701584482
con_0d7dc9aee2a85bc09356fe99c195fd47,ec-ge-38,canada_house_of_commons,mp,dst_debd1b7ccab158c7995a4d9d222e8516,35077,St. Paul's,federal-2003-representation-order,vote,final,complete,False,4,55095,81196,55311,federal_electoral_district,Elections Canada,Official Voting Results — Raw Data,https://www.elections.ca/scripts/OVR2004/23/data/ON.zip | summary enrichment: https://www.elections.ca/scripts/OVR2004/23/data/table12.csv,1,0.6812035075619489
con_7977133e6d165c31a6d1eca44f15df05,ec-ge-38,canada_house_of_commons,mp,dst_e1e80d04b74d5291a0bd4bb3ae75a749,35081,Scarborough Centre,federal-2003-representation-order,vote,final,complete,False,5,36608,66435,36802,federal_electoral_district,Elections Canada,Official Voting Results — Raw Data,https://www.elections.ca/scripts/OVR2004/23/data/ON.zip | summary enrichment: https://www.elections.ca/scripts/OVR2004/23/data/table12.csv,1,0.5539549936027697
con_9ad5efd9c1ec5c8fb52ddb705968ada9,ec-ge-38,canada_house_of_commons,mp,dst_e5434aacb1c5594584704f304d428428,35023,Etobicoke—Lakeshore,federal-2003-representation-order,vote,final,complete,False,5,49577,79164,49857,federal_electoral_district,Elections Canada,Official Voting Results — Raw Data,https://www.elections.ca/scripts/OVR2004/23/data/ON.zip | summary enrichment: https://www.elections.ca/scripts/OVR2004/23/data/table12.csv,1,0.6297938456874337
con_7ba8bda5ddb959b1beab94afa5006710,ec-ge-38,canada_house_of_commons,mp,dst_ec7099a5f12a56dba3805f2ecfcf3f25,35095,Trinity—Spadina,federal-2003-representation-order,vote,final,complete,False,8,53276,84145,53605,federal_electoral_district,Elections Canada,Official Voting Results — Raw Data,https://www.elections.ca/scripts/OVR2004/23/data/ON.zip | summary enrichment: https://www.elections.ca/scripts/OVR2004/23/data/table12.csv,1,0.6370550834868381
con_1942bd7026e25eaa8f244ff8789d670b,ec-ge-38,canada_house_of_commons,mp,dst_ef77e3385fda5e2ca1a3f5d4f80e7ed9,35024,Etobicoke North,federal-2003-representation-order,vote,final,complete,False,7,30718,60589,30904,federal_electoral_district,Elections Canada,Official Voting Results — Raw Data,https://www.elections.ca/scripts/OVR2004/23/data/ON.zip | summary enrichment: https://www.elections.ca/scripts/OVR2004/23/data/table12.csv,1,0.5100595817722688
con_bea4e7787e7c51f5a41655515659d91b,ec-ge-38,canada_house_of_commons,mp,dst_ef7ed07caafd51908684e20f9c3976d3,35019,Eglinton—Lawrence,federal-2003-representation-order,vote,final,complete,False,5,47077,74266,47361,federal_electoral_district,Elections Canada,Official Voting Results — Raw Data,https://www.elections.ca/scripts/OVR2004/23/data/ON.zip | summary enrichment: https://www.elections.ca/scripts/OVR2004/23/data/table12.csv,1,0.6377211644628766
con_59daed3930bd5249bcbc983096f5bf80,ec-ge-38,canada_house_of_commons,mp,dst_f5794c52ec5f50fca9ffc04fd7cc24d4,35106,York West,federal-2003-representation-order,vote,final,complete,False,5,27655,57545,27903,federal_electoral_district,Elections Canada,Official Voting Results — Raw Data,https://www.elections.ca/scripts/OVR2004/23/data/ON.zip | summary enrichment: https://www.elections.ca/scripts/OVR2004/23/data/table12.csv,1,0.4848900860196368
con_65556ca183015b839812c5f5fef9fa8f,ec-ge-38,canada_house_of_commons,mp,dst_f9f2054a899f5b29903afdeb23e753a7,35022,Etobicoke Centre,federal-2003-representation-order,vote,final,complete,False,5,52232,78007,52481,federal_electoral_district,Elections Canada,Official Voting Results — Raw Data,https://www.elections.ca/scripts/OVR2004/23/data/ON.zip | summary enrichment: https://www.elections.ca/scripts/OVR2004/23/data/table12.csv,1,0.6727729562731549
con_01f61cda965950daa658759a5ab03681,ec-ge-39,canada_house_of_commons,mp,dst_2b44aeb1727857e0b6020f8aab50fc7a,35094,Toronto—Danforth,federal-2003-representation-order,vote,final,complete,False,5,50415,74862,50657,federal_electoral_district,Elections Canada,Official Voting Results — Raw Data,https://www.elections.ca/Scripts/OVR2006/25/data_donnees/pollresults_resultatsbureau35.zip,1,0.6766717426731853
con_127ee751fc925bf3a03fd0e92e810bd7,ec-ge-39,canada_house_of_commons,mp,dst_342bb7cf09f15af19dda3175126a3a23,35068,Parkdale—High Park,federal-2003-representation-order,vote,final,complete,False,7,51450,73499,51690,federal_electoral_district,Elections Canada,Official Voting Results — Raw Data,https://www.elections.ca/Scripts/OVR2006/25/data_donnees/pollresults_resultatsbureau35.zip,1,0.7032748744880882
con_294a2112dee65f5589feafc9e3e305eb,ec-ge-39,canada_house_of_commons,mp,dst_3744596ff33b5448b4953b6087725656,35080,Scarborough—Agincourt,federal-2003-representation-order,vote,final,complete,False,4,44838,72895,45006,federal_electoral_district,Elections Canada,Official Voting Results — Raw Data,https://www.elections.ca/Scripts/OVR2006/25/data_donnees/pollresults_resultatsbureau35.zip,1,0.6174086014129913
con_0746a86e7a42557cb5c0a7102b38cd7a,ec-ge-39,canada_house_of_commons,mp,dst_43256155db1e5c15bf0388fbe1fcb147,35084,Scarborough Southwest,federal-2003-representation-order,vote,final,complete,False,6,41667,67109,41856,federal_electoral_district,Elections Canada,Official Voting Results — Raw Data,https://www.elections.ca/Scripts/OVR2006/25/data_donnees/pollresults_resultatsbureau35.zip,1,0.6237017389619872
con_6f2ad82fa358597c9343e97858e01910,ec-ge-39,canada_house_of_commons,mp,dst_5c7f49d97e1b500c8fb874c86c10474b,35005,Beaches—East York,federal-2003-representation-order,vote,final,complete,False,6,51196,72844,51364,federal_electoral_district,Elections Canada,Official Voting Results — Raw Data,https://www.elections.ca/Scripts/OVR2006/25/data_donnees/pollresults_resultatsbureau35.zip,1,0.70512327714019
con_3381589d7f245f2491260ea657a5a918,ec-ge-39,canada_house_of_commons,mp,dst_785f283b3f18541f910909c0aa9950ad,35105,York South—Weston,federal-2003-representation-order,vote,final,complete,False,5,40082,67313,40378,federal_electoral_district,Elections Canada,Official Voting Results — Raw Data,https://www.elections.ca/Scripts/OVR2006/25/data_donnees/pollresults_resultatsbureau35.zip,1,0.5998544114806946
con_5eac27d221c75db2aa4916fdca01f6e4,ec-ge-39,canada_house_of_commons,mp,dst_7960c816dafd5f6a901d49e6e65f9be4,35100,Willowdale,federal-2003-representation-order,vote,final,complete,False,4,55442,88671,55658,federal_electoral_district,Elections Canada,Official Voting Results — Raw Data,https://www.elections.ca/Scripts/OVR2006/25/data_donnees/pollresults_resultatsbureau35.zip,1,0.627691127877209
con_7ed1f0e80e525c75b44de2099424d5bd,ec-ge-39,canada_house_of_commons,mp,dst_833f9855578c5e41afa4546db6e63c44,35093,Toronto Centre,federal-2003-representation-order,vote,final,complete,False,8,59112,89230,59364,federal_electoral_district,Elections Canada,Official Voting Results — Raw Data,https://www.elections.ca/Scripts/OVR2006/25/data_donnees/pollresults_resultatsbureau35.zip,1,0.6652919421719152
con_e59c7a0a82d054b594a5902a8ee3a232,ec-ge-39,canada_house_of_commons,mp,dst_9bc3d8beadfa59679ac37416a0371f32,35083,Scarborough—Rouge River,federal-2003-representation-order,vote,final,complete,False,6,46153,81392,46368,federal_electoral_district,Elections Canada,Official Voting Results — Raw Data,https://www.elections.ca/Scripts/OVR2006/25/data_donnees/pollresults_resultatsbureau35.zip,1,0.5696874385689011
con_907a0019c7915d3fb3d206b706bb18cc,ec-ge-39,canada_house_of_commons,mp,dst_9f60665d10bf5e8c868039ce5faa5068,35016,Don Valley East,federal-2003-representation-order,vote,final,complete,False,4,43413,68366,43614,federal_electoral_district,Elections Canada,Official Voting Results — Raw Data,https://www.elections.ca/Scripts/OVR2006/25/data_donnees/pollresults_resultatsbureau35.zip,1,0.6379486879442998
con_8f52512d58ba5298a5ee80959531a82f,ec-ge-39,canada_house_of_commons,mp,dst_b8b84196ed7e52df8b97bb3f5297870a,35015,Davenport,federal-2003-representation-order,vote,final,complete,False,7,38892,64599,39132,federal_electoral_district,Elections Canada,Official Voting Results — Raw Data,https://www.elections.ca/Scripts/OVR2006/25/data_donnees/pollresults_resultatsbureau35.zip,1,0.6057678911438258
con_5c701c845ef156eb8f6ce9503d123d2d,ec-ge-39,canada_house_of_commons,mp,dst_ba53feb75e295515a7fec976395f12a8,35017,Don Valley West,federal-2003-representation-order,vote,final,complete,False,6,53802,78824,53994,federal_electoral_district,Elections Canada,Official Voting Results — Raw Data,https://www.elections.ca/Scripts/OVR2006/25/data_donnees/pollresults_resultatsbureau35.zip,1,0.6849944179437735
con_30cd69f6b3a35f198537046e3e6222b6,ec-ge-39,canada_house_of_commons,mp,dst_bb77fc5619885389a2d08772ad5572cc,35082,Scarborough—Guildwood,federal-2003-representation-order,vote,final,complete,False,7,41079,66291,41355,federal_electoral_district,Elections Canada,Official Voting Results — Raw Data,https://www.elections.ca/Scripts/OVR2006/25/data_donnees/pollresults_resultatsbureau35.zip,1,0.6238403403176902
con_2ba43e2d8bb95ef7b53da3c5f0a5ede5,ec-ge-39,canada_house_of_commons,mp,dst_ce61b4f9d4415f01b36f187f572a4a63,35103,York Centre,federal-2003-representation-order,vote,final,complete,False,4,42669,70396,42984,federal_electoral_district,Elections Canada,Official Voting Results — Raw Data,https://www.elections.ca/Scripts/OVR2006/25/data_donnees/pollresults_resultatsbureau35.zip,1,0.6106028751633615
con_2d23f5a2ba60592caa5e333834fdbe2f,ec-ge-39,canada_house_of_commons,mp,dst_debd1b7ccab158c7995a4d9d222e8516,35077,St. Paul's,federal-2003-representation-order,vote,final,complete,False,4,58290,81121,58548,federal_electoral_district,Elections Canada,Official Voting Results — Raw Data,https://www.elections.ca/Scripts/OVR2006/25/data_donnees/pollresults_resultatsbureau35.zip,1,0.7217366649819406
con_257ee3775cb858fdb59d067edbb3d657,ec-ge-39,canada_house_of_commons,mp,dst_e1e80d04b74d5291a0bd4bb3ae75a749,35081,Scarborough Centre,federal-2003-representation-order,vote,final,complete,False,4,42134,68205,42360,federal_electoral_district,Elections Canada,Official Voting Results — Raw Data,https://www.elections.ca/Scripts/OVR2006/25/data_donnees/pollresults_resultatsbureau35.zip,1,0.6210688365955576
con_ae89345725fe5990963283c29203fc6e,ec-ge-39,canada_house_of_commons,mp,dst_e5434aacb1c5594584704f304d428428,35023,Etobicoke—Lakeshore,federal-2003-representation-order,vote,final,complete,False,6,55778,81150,56026,federal_electoral_district,Elections Canada,Official Voting Results — Raw Data,https://www.elections.ca/Scripts/OVR2006/25/data_donnees/pollresults_resultatsbureau35.zip,1,0.6904004929143561
con_2b6a43d74dba566b976c67fc581d0e3b,ec-ge-39,canada_house_of_commons,mp,dst_ec7099a5f12a56dba3805f2ecfcf3f25,35095,Trinity—Spadina,federal-2003-representation-order,vote,final,complete,False,7,62450,88515,62728,federal_electoral_district,Elections Canada,Official Voting Results — Raw Data,https://www.elections.ca/Scripts/OVR2006/25/data_donnees/pollresults_resultatsbureau35.zip,1,0.7086708467491386
con_1068f2ffe18c5c52bc6a9b3bc022986d,ec-ge-39,canada_house_of_commons,mp,dst_ef77e3385fda5e2ca1a3f5d4f80e7ed9,35024,Etobicoke North,federal-2003-representation-order,vote,final,complete,False,7,36018,61424,36264,federal_electoral_district,Elections Canada,Official Voting Results — Raw Data,https://www.elections.ca/Scripts/OVR2006/25/data_donnees/pollresults_resultatsbureau35.zip,1,0.5903881219067465
con_5a9d639be1c65bf9a15ab1b6a6c4541c,ec-ge-39,canada_house_of_commons,mp,dst_ef7ed07caafd51908684e20f9c3976d3,35019,Eglinton—Lawrence,federal-2003-representation-order,vote,final,complete,False,5,49244,73201,49489,federal_electoral_district,Elections Canada,Official Voting Results — Raw Data,https://www.elections.ca/Scripts/OVR2006/25/data_donnees/pollresults_resultatsbureau35.zip,1,0.6760699990437289
con_2a51a4afa6a156ecb8383bc952ec7b4b,ec-ge-39,canada_house_of_commons,mp,dst_f5794c52ec5f50fca9ffc04fd7cc24d4,35106,York West,federal-2003-representation-order,vote,final,complete,False,5,33580,58450,33841,federal_electoral_district,Elections Canada,Official Voting Results — Raw Data,https://www.elections.ca/Scripts/OVR2006/25/data_donnees/pollresults_resultatsbureau35.zip,1,0.5789734816082122
con_1f47681f9edf5604981c52e82efa7ced,ec-ge-39,canada_house_of_commons,mp,dst_f9f2054a899f5b29903afdeb23e753a7,35022,Etobicoke Centre,federal-2003-representation-order,vote,final,complete,False,6,56267,78511,56487,federal_electoral_district,Elections Canada,Official Voting Results — Raw Data,https://www.elections.ca/Scripts/OVR2006/25/data_donnees/pollresults_resultatsbureau35.zip,1,0.7194787991491638
con_c20867c592da5cf386d336f7d18e89d3,ec-ge-40,canada_house_of_commons,mp,dst_2b44aeb1727857e0b6020f8aab50fc7a,35094,Toronto—Danforth,federal-2003-representation-order,vote,final,complete,False,8,45387,74826,45578,federal_electoral_district,Elections Canada,Official Voting Results — Raw Data,https://www.elections.ca/scripts/OVR2008/31/data/pollresults_resultatsbureau35.zip,1,0.6091198246598776
con_b176ca26163456c0aadbccaab9558252,ec-ge-40,canada_house_of_commons,mp,dst_342bb7cf09f15af19dda3175126a3a23,35068,Parkdale—High Park,federal-2003-representation-order,vote,final,complete,False,7,48179,74899,48384,federal_electoral_district,Elections Canada,Official Voting Results — Raw Data,https://www.elections.ca/scripts/OVR2008/31/data/pollresults_resultatsbureau35.zip,1,0.6459899331099214
con_5db8735332b3520e8d303e775fd1db51,ec-ge-40,canada_house_of_commons,mp,dst_3744596ff33b5448b4953b6087725656,35080,Scarborough—Agincourt,federal-2003-representation-order,vote,final,complete,False,4,40249,74734,40477,federal_electoral_district,Elections Canada,Official Voting Results — Raw Data,https://www.elections.ca/scripts/OVR2008/31/data/pollresults_resultatsbureau35.zip,1,0.5416142585703964
con_fa799df94dd75b299760509f18ee5d33,ec-ge-40,canada_house_of_commons,mp,dst_43256155db1e5c15bf0388fbe1fcb147,35084,Scarborough Southwest,federal-2003-representation-order,vote,final,complete,False,5,37022,67988,37217,federal_electoral_district,Elections Canada,Official Voting Results — Raw Data,https://www.elections.ca/scripts/OVR2008/31/data/pollresults_resultatsbureau35.zip,1,0.5474054244866741
con_592c7067cad15b6c8b125c847d6b0b2c,ec-ge-40,canada_house_of_commons,mp,dst_5c7f49d97e1b500c8fb874c86c10474b,35005,Beaches—East York,federal-2003-representation-order,vote,final,complete,False,5,46293,73832,46465,federal_electoral_district,Elections Canada,Official Voting Results — Raw Data,https://www.elections.ca/scripts/OVR2008/31/data/pollresults_resultatsbureau35.zip,1,0.6293341640481093
con_0eb2046a06d95d99b299d1c60292d1a2,ec-ge-40,canada_house_of_commons,mp,dst_785f283b3f18541f910909c0aa9950ad,35105,York South—Weston,federal-2003-representation-order,vote,final,complete,False,4,34490,68978,34731,federal_electoral_district,Elections Canada,Official Voting Results — Raw Data,https://www.elections.ca/scripts/OVR2008/31/data/pollresults_resultatsbureau35.zip,1,0.5035083649859375
con_283e5bfeed72555cadf91f5c3cdcbe16,ec-ge-40,canada_house_of_commons,mp,dst_7960c816dafd5f6a901d49e6e65f9be4,35100,Willowdale,federal-2003-representation-order,vote,final,complete,False,6,49085,94934,49288,federal_electoral_district,Elections Canada,Official Voting Results — Raw Data,https://www.elections.ca/scripts/OVR2008/31/data/pollresults_resultatsbureau35.zip,1,0.5191817473191902
con_90683a7b85fc591c8c218383d25dd0a5,ec-ge-40,canada_house_of_commons,mp,dst_833f9855578c5e41afa4546db6e63c44,35093,Toronto Centre,federal-2003-representation-order,vote,final,complete,False,8,51306,89851,51563,federal_electoral_district,Elections Canada,Official Voting Results — Raw Data,https://www.elections.ca/scripts/OVR2008/31/data/pollresults_resultatsbureau35.zip,1,0.5738722996961636
con_0e7ff85c50d8595db851f6364aded67e,ec-ge-40,canada_house_of_commons,mp,dst_9bc3d8beadfa59679ac37416a0371f32,35083,Scarborough—Rouge River,federal-2003-representation-order,vote,final,complete,False,5,40352,85505,40619,federal_electoral_district,Elections Canada,Official Voting Results — Raw Data,https://www.elections.ca/scripts/OVR2008/31/data/pollresults_resultatsbureau35.zip,1,0.47504824279281915
con_af71770b89345b7fa37cb77aae096ff9,ec-ge-40,canada_house_of_commons,mp,dst_9f60665d10bf5e8c868039ce5faa5068,35016,Don Valley East,federal-2003-representation-order,vote,final,complete,False,5,37987,71366,38165,federal_electoral_district,Elections Canada,Official Voting Results — Raw Data,https://www.elections.ca/scripts/OVR2008/31/data/pollresults_resultatsbureau35.zip,1,0.5347784659361601
con_b7be06092218544bb95723e0da585cd4,ec-ge-40,canada_house_of_commons,mp,dst_b8b84196ed7e52df8b97bb3f5297870a,35015,Davenport,federal-2003-representation-order,vote,final,complete,False,8,34853,66189,35098,federal_electoral_district,Elections Canada,Official Voting Results — Raw Data,https://www.elections.ca/scripts/OVR2008/31/data/pollresults_resultatsbureau35.zip,1,0.5302693801084772
con_e0479857d17c5a6bb30a0907ccabf649,ec-ge-40,canada_house_of_commons,mp,dst_ba53feb75e295515a7fec976395f12a8,35017,Don Valley West,federal-2003-representation-order,vote,final,complete,False,5,50072,80864,50235,federal_electoral_district,Elections Canada,Official Voting Results — Raw Data,https://www.elections.ca/scripts/OVR2008/31/data/pollresults_resultatsbureau35.zip,1,0.6212282350613375
con_65e73c416fb855f188181512c16304d0,ec-ge-40,canada_house_of_commons,mp,dst_bb77fc5619885389a2d08772ad5572cc,35082,Scarborough—Guildwood,federal-2003-representation-order,vote,final,complete,False,4,36075,67124,36261,federal_electoral_district,Elections Canada,Official Voting Results — Raw Data,https://www.elections.ca/scripts/OVR2008/31/data/pollresults_resultatsbureau35.zip,1,0.5402091651272273
con_d577cd29f1bf53fda6cfbd66d42c616c,ec-ge-40,canada_house_of_commons,mp,dst_ce61b4f9d4415f01b36f187f572a4a63,35103,York Centre,federal-2003-representation-order,vote,final,complete,False,4,37189,71709,37513,federal_electoral_district,Elections Canada,Official Voting Results — Raw Data,https://www.elections.ca/scripts/OVR2008/31/data/pollresults_resultatsbureau35.zip,1,0.5231281986919355
con_29b2eac81a57517a955ab3488bc6928d,ec-ge-40,canada_house_of_commons,mp,dst_debd1b7ccab158c7995a4d9d222e8516,35077,St. Paul's,federal-2003-representation-order,vote,final,complete,False,5,51938,81588,52196,federal_electoral_district,Elections Canada,Official Voting Results — Raw Data,https://www.elections.ca/scripts/OVR2008/31/data/pollresults_resultatsbureau35.zip,1,0.6397509437662401
con_d0095b083f3059eab45503683377c688,ec-ge-40,canada_house_of_commons,mp,dst_e1e80d04b74d5291a0bd4bb3ae75a749,35081,Scarborough Centre,federal-2003-representation-order,vote,final,complete,False,4,36827,71094,37062,federal_electoral_district,Elections Canada,Official Voting Results — Raw Data,https://www.elections.ca/scripts/OVR2008/31/data/pollresults_resultatsbureau35.zip,1,0.5213098151742763
con_fac419bc9df4565989921c0dd76f424b,ec-ge-40,canada_house_of_commons,mp,dst_e5434aacb1c5594584704f304d428428,35023,Etobicoke—Lakeshore,federal-2003-representation-order,vote,final,complete,False,5,51022,86386,51235,federal_electoral_district,Elections Canada,Official Voting Results — Raw Data,https://www.elections.ca/scripts/OVR2008/31/data/pollresults_resultatsbureau35.zip,1,0.5930937883453338
con_0f7e855b63c957a7979549117cb4515a,ec-ge-40,canada_house_of_commons,mp,dst_ec7099a5f12a56dba3805f2ecfcf3f25,35095,Trinity—Spadina,federal-2003-representation-order,vote,final,complete,False,7,59878,96793,60218,federal_electoral_district,Elections Canada,Official Voting Results — Raw Data,https://www.elections.ca/scripts/OVR2008/31/data/pollresults_resultatsbureau35.zip,1,0.6221317657268605
con_afa3f56ee1485e4f93c2e17e37d26d3b,ec-ge-40,canada_house_of_commons,mp,dst_ef77e3385fda5e2ca1a3f5d4f80e7ed9,35024,Etobicoke North,federal-2003-representation-order,vote,final,complete,False,5,31380,63700,31594,federal_electoral_district,Elections Canada,Official Voting Results — Raw Data,https://www.elections.ca/scripts/OVR2008/31/data/pollresults_resultatsbureau35.zip,1,0.4959811616954474
con_455a502533585eec80c4368c65d38083,ec-ge-40,canada_house_of_commons,mp,dst_ef7ed07caafd51908684e20f9c3976d3,35019,Eglinton—Lawrence,federal-2003-representation-order,vote,final,complete,False,4,43498,73168,43717,federal_electoral_district,Elections Canada,Official Voting Results — Raw Data,https://www.elections.ca/scripts/OVR2008/31/data/pollresults_resultatsbureau35.zip,1,0.597487972884321
con_ab8661b11cf7541580240cf320a13414,ec-ge-40,canada_house_of_commons,mp,dst_f5794c52ec5f50fca9ffc04fd7cc24d4,35106,York West,federal-2003-representation-order,vote,final,complete,False,4,28621,59674,28840,federal_electoral_district,Elections Canada,Official Voting Results — Raw Data,https://www.elections.ca/scripts/OVR2008/31/data/pollresults_resultatsbureau35.zip,1,0.4832925562221403
con_c292a03d52f35a95923d519d444bb508,ec-ge-40,canada_house_of_commons,mp,dst_f9f2054a899f5b29903afdeb23e753a7,35022,Etobicoke Centre,federal-2003-representation-order,vote,final,complete,False,4,50228,80789,50475,federal_electoral_district,Elections Canada,Official Voting Results — Raw Data,https://www.elections.ca/scripts/OVR2008/31/data/pollresults_resultatsbureau35.zip,1,0.6247756501503917
con_ef430c7c175b5d3a99019e9e4f07003f,ec-ge-41,canada_house_of_commons,mp,dst_2b44aeb1727857e0b6020f8aab50fc7a,35094,Toronto—Danforth,federal-2003-representation-order,vote,final,complete,False,5,48086,74409,48370,federal_electoral_district,Elections Canada,Official Voting Results — Raw Data,https://www.elections.ca/scripts/OVR2011/34/data_donnees/pollresults_resultatsbureau35.zip,1,0.65005577282318
con_e4d82cad66c85c24a438572c194edb96,ec-ge-41,canada_house_of_commons,mp,dst_342bb7cf09f15af19dda3175126a3a23,35068,Parkdale—High Park,federal-2003-representation-order,vote,final,complete,False,7,50945,74463,51161,federal_electoral_district,Elections Canada,Official Voting Results — Raw Data,https://www.elections.ca/scripts/OVR2011/34/data_donnees/pollresults_resultatsbureau35.zip,1,0.6870660596537878
con_ff5743ab41b05455bf485c4cfc796d2f,ec-ge-41,canada_house_of_commons,mp,dst_3744596ff33b5448b4953b6087725656,35080,Scarborough—Agincourt,federal-2003-representation-order,vote,final,complete,False,4,40750,73205,41016,federal_electoral_district,Elections Canada,Official Voting Results — Raw Data,https://www.elections.ca/scripts/OVR2011/34/data_donnees/pollresults_resultatsbureau35.zip,1,0.5602895977050748
con_0ed5728dbab65fa5b257b3f7fb99f4a9,ec-ge-41,canada_house_of_commons,mp,dst_43256155db1e5c15bf0388fbe1fcb147,35084,Scarborough Southwest,federal-2003-representation-order,vote,final,complete,False,4,40283,69389,40501,federal_electoral_district,Elections Canada,Official Voting Results — Raw Data,https://www.elections.ca/scripts/OVR2011/34/data_donnees/pollresults_resultatsbureau35.zip,1,0.5836804104396951
con_15a495e0c3ed5beeb8d2e6eb380a5350,ec-ge-41,canada_house_of_commons,mp,dst_5c7f49d97e1b500c8fb874c86c10474b,35005,Beaches—East York,federal-2003-representation-order,vote,final,complete,False,5,48669,73302,48862,federal_electoral_district,Elections Canada,Official Voting Results — Raw Data,https://www.elections.ca/scripts/OVR2011/34/data_donnees/pollresults_resultatsbureau35.zip,1,0.6665848135112276
con_1b0e5e9c99a159ad9a38ce2a2eedf1a6,ec-ge-41,canada_house_of_commons,mp,dst_785f283b3f18541f910909c0aa9950ad,35105,York South—Weston,federal-2003-representation-order,vote,final,complete,False,4,35198,68361,35486,federal_electoral_district,Elections Canada,Official Voting Results — Raw Data,https://www.elections.ca/scripts/OVR2011/34/data_donnees/pollresults_resultatsbureau35.zip,1,0.5190971460335572
con_b002788f639659beb9988841a5ba62a8,ec-ge-41,canada_house_of_commons,mp,dst_7960c816dafd5f6a901d49e6e65f9be4,35100,Willowdale,federal-2003-representation-order,vote,final,complete,False,3,53259,93584,53554,federal_electoral_district,Elections Canada,Official Voting Results — Raw Data,https://www.elections.ca/scripts/OVR2011/34/data_donnees/pollresults_resultatsbureau35.zip,1,0.5722559411865276
con_6f9cb8084c7f5896a8cf5cba0ef845c3,ec-ge-41,canada_house_of_commons,mp,dst_833f9855578c5e41afa4546db6e63c44,35093,Toronto Centre,federal-2003-representation-order,vote,final,complete,False,8,55670,88810,55890,federal_electoral_district,Elections Canada,Official Voting Results — Raw Data,https://www.elections.ca/scripts/OVR2011/34/data_donnees/pollresults_resultatsbureau35.zip,1,0.6293210224073865
con_c420eb0c89265bbab696bdf9e48f04b1,ec-ge-41,canada_house_of_commons,mp,dst_9bc3d8beadfa59679ac37416a0371f32,35083,Scarborough—Rouge River,federal-2003-representation-order,vote,final,complete,False,5,46610,85183,46831,federal_electoral_district,Elections Canada,Official Voting Results — Raw Data,https://www.elections.ca/scripts/OVR2011/34/data_donnees/pollresults_resultatsbureau35.zip,1,0.5497693201695174
con_9c39ff3ab4ac594d9fe2b6fe03a65d44,ec-ge-41,canada_house_of_commons,mp,dst_9f60665d10bf5e8c868039ce5faa5068,35016,Don Valley East,federal-2003-representation-order,vote,final,complete,False,5,39212,69690,39430,federal_electoral_district,Elections Canada,Official Voting Results — Raw Data,https://www.elections.ca/scripts/OVR2011/34/data_donnees/pollresults_resultatsbureau35.zip,1,0.5657913617448701
con_15dd649a874e5592b47fb2adc5d62975,ec-ge-41,canada_house_of_commons,mp,dst_b8b84196ed7e52df8b97bb3f5297870a,35015,Davenport,federal-2003-representation-order,vote,final,complete,False,6,39254,66731,39489,federal_electoral_district,Elections Canada,Official Voting Results — Raw Data,https://www.elections.ca/scripts/OVR2011/34/data_donnees/pollresults_resultatsbureau35.zip,1,0.5917639477903823
con_1fef5f260edd554babf8790d88b0720d,ec-ge-41,canada_house_of_commons,mp,dst_ba53feb75e295515a7fec976395f12a8,35017,Don Valley West,federal-2003-representation-order,vote,final,complete,False,5,53482,82107,53658,federal_electoral_district,Elections Canada,Official Voting Results — Raw Data,https://www.elections.ca/scripts/OVR2011/34/data_donnees/pollresults_resultatsbureau35.zip,1,0.6535130987613723
con_8e7c6b6e77c15614a54f3d8ab783cddc,ec-ge-41,canada_house_of_commons,mp,dst_bb77fc5619885389a2d08772ad5572cc,35082,Scarborough—Guildwood,federal-2003-representation-order,vote,final,complete,False,5,38259,67728,38445,federal_electoral_district,Elections Canada,Official Voting Results — Raw Data,https://www.elections.ca/scripts/OVR2011/34/data_donnees/pollresults_resultatsbureau35.zip,1,0.5676381998582566
con_2bbd07e354325e0e9dd38881d7aaf114,ec-ge-41,canada_house_of_commons,mp,dst_ce61b4f9d4415f01b36f187f572a4a63,35103,York Centre,federal-2003-representation-order,vote,final,complete,False,4,41970,71753,42320,federal_electoral_district,Elections Canada,Official Voting Results — Raw Data,https://www.elections.ca/scripts/OVR2011/34/data_donnees/pollresults_resultatsbureau35.zip,1,0.5898011232979806
con_ac525ebbecea5781a456117916eff017,ec-ge-41,canada_house_of_commons,mp,dst_debd1b7ccab158c7995a4d9d222e8516,35077,St. Paul's,federal-2003-representation-order,vote,final,complete,False,5,55195,83367,55471,federal_electoral_district,Elections Canada,Official Voting Results — Raw Data,https://www.elections.ca/scripts/OVR2011/34/data_donnees/pollresults_resultatsbureau35.zip,1,0.665383185193182
con_f18c942dd0975e4d9b7e5285d87cc061,ec-ge-41,canada_house_of_commons,mp,dst_e1e80d04b74d5291a0bd4bb3ae75a749,35081,Scarborough Centre,federal-2003-representation-order,vote,final,complete,False,4,37967,70274,38184,federal_electoral_district,Elections Canada,Official Voting Results — Raw Data,https://www.elections.ca/scripts/OVR2011/34/data_donnees/pollresults_resultatsbureau35.zip,1,0.5433588524916755
con_89b990f25c965679a6775504dd7a42f5,ec-ge-41,canada_house_of_commons,mp,dst_e5434aacb1c5594584704f304d428428,35023,Etobicoke—Lakeshore,federal-2003-representation-order,vote,final,complete,False,5,54520,87188,54763,federal_electoral_district,Elections Canada,Official Voting Results — Raw Data,https://www.elections.ca/scripts/OVR2011/34/data_donnees/pollresults_resultatsbureau35.zip,1,0.6281024911685095
con_badf6d6d4e165bfd8890fb23ed3ea76d,ec-ge-41,canada_house_of_commons,mp,dst_ec7099a5f12a56dba3805f2ecfcf3f25,35095,Trinity—Spadina,federal-2003-representation-order,vote,final,complete,False,6,65310,101020,65611,federal_electoral_district,Elections Canada,Official Voting Results — Raw Data,https://www.elections.ca/scripts/OVR2011/34/data_donnees/pollresults_resultatsbureau35.zip,1,0.6494852504454564
con_de0115a5c1c555a083d7635bf2660c0a,ec-ge-41,canada_house_of_commons,mp,dst_ef77e3385fda5e2ca1a3f5d4f80e7ed9,35024,Etobicoke North,federal-2003-representation-order,vote,final,complete,False,6,32235,63014,32514,federal_electoral_district,Elections Canada,Official Voting Results — Raw Data,https://www.elections.ca/scripts/OVR2011/34/data_donnees/pollresults_resultatsbureau35.zip,1,0.5159805757450725
con_26d706adabda5bf9bbbc248108405fd0,ec-ge-41,canada_house_of_commons,mp,dst_ef7ed07caafd51908684e20f9c3976d3,35019,Eglinton—Lawrence,federal-2003-representation-order,vote,final,complete,False,4,48389,73522,48691,federal_electoral_district,Elections Canada,Official Voting Results — Raw Data,https://www.elections.ca/scripts/OVR2011/34/data_donnees/pollresults_resultatsbureau35.zip,1,0.6622643562471097
con_8c2007bdd5885992a27d9732355f856f,ec-ge-41,canada_house_of_commons,mp,dst_f5794c52ec5f50fca9ffc04fd7cc24d4,35106,York West,federal-2003-representation-order,vote,final,complete,False,6,27724,58090,27991,federal_electoral_district,Elections Canada,Official Voting Results — Raw Data,https://www.elections.ca/scripts/OVR2011/34/data_donnees/pollresults_resultatsbureau35.zip,1,0.4818557410914099
con_7102bf8a67825a9ba07498394128dea8,ec-ge-41,canada_house_of_commons,mp,dst_f9f2054a899f5b29903afdeb23e753a7,35022,Etobicoke Centre,federal-2003-representation-order,vote,final,complete,False,5,52523,81765,52794,federal_electoral_district,Elections Canada,Official Voting Results — Raw Data,https://www.elections.ca/scripts/OVR2011/34/data_donnees/pollresults_resultatsbureau35.zip,1,0.6456796917996698
con_0fd1b2660acd5a4d880edcbff37c53ef,ec-ge-42,canada_house_of_commons,mp,dst_070935ea15895262bd2d2f99e4ada2ac,35118,York Centre,federal-2013-representation-order,vote,final,complete,False,4,42944,65832,43263,federal_electoral_district,Elections Canada,Official Voting Results — Raw Data,https://www.elections.ca/res/rep/off/ovr2015app/41/data_donnees/pollresults_resultatsbureau35.zip,1,0.6571728034998178
con_7fa9298a3f0f5e839717ed8cecba37cc,ec-ge-42,canada_house_of_commons,mp,dst_07e5477b7f2b5c2a91214ffad9156308,35093,Scarborough—Agincourt,federal-2013-representation-order,vote,final,complete,False,5,41556,70355,41804,federal_electoral_district,Elections Canada,Official Voting Results — Raw Data,https://www.elections.ca/res/rep/off/ovr2015app/41/data_donnees/pollresults_resultatsbureau35.zip,1,0.5941866249733494
con_c9a906deeec856fa8fd02dc412c9f5c0,ec-ge-42,canada_house_of_commons,mp,dst_11670634cc33529aa65ef639613628d1,35097,Scarborough—Rouge Park,federal-2013-representation-order,vote,final,complete,False,4,49655,73347,49890,federal_electoral_district,Elections Canada,Official Voting Results — Raw Data,https://www.elections.ca/res/rep/off/ovr2015app/41/data_donnees/pollresults_resultatsbureau35.zip,1,0.6801914188719375
con_7752ac94bc6c51b88b6370e295347711,ec-ge-42,canada_house_of_commons,mp,dst_1bc62eabeaad547eba65542f394ef772,35027,Etobicoke Centre,federal-2013-representation-order,vote,final,complete,False,5,61802,88440,62105,federal_electoral_district,Elections Canada,Official Voting Results — Raw Data,https://www.elections.ca/res/rep/off/ovr2015app/41/data_donnees/pollresults_resultatsbureau35.zip,1,0.7022274988692899
con_8f0efe0c90ca5cf98782bcb73556de9e,ec-ge-42,canada_house_of_commons,mp,dst_1ec4112389a159178b32713798005783,35021,Don Valley West,federal-2013-representation-order,vote,final,complete,False,7,51086,71037,51303,federal_electoral_district,Elections Canada,Official Voting Results — Raw Data,https://www.elections.ca/res/rep/off/ovr2015app/41/data_donnees/pollresults_resultatsbureau35.zip,1,0.7222011064656446
con_6c208839169c5e7a9be55a599c84b421,ec-ge-42,canada_house_of_commons,mp,dst_318428fd5bba5a75a4f2ec0ba8cd2e2b,35098,Scarborough Southwest,federal-2013-representation-order,vote,final,complete,False,4,48766,73580,49043,federal_electoral_district,Elections Canada,Official Voting Results — Raw Data,https://www.elections.ca/res/rep/off/ovr2015app/41/data_donnees/pollresults_resultatsbureau35.zip,1,0.6665262299537917
con_7950e8d98054525c923dddccc76f9b2f,ec-ge-42,canada_house_of_commons,mp,dst_33975b8b144959008e9471bc04d46d9d,35109,Toronto—Danforth,federal-2013-representation-order,vote,final,complete,False,6,55581,78540,55850,federal_electoral_district,Elections Canada,Official Voting Results — Raw Data,https://www.elections.ca/res/rep/off/ovr2015app/41/data_donnees/pollresults_resultatsbureau35.zip,1,0.7111026228673287
con_cd4a5b84425a5a2784467a76f7f54ced,ec-ge-42,canada_house_of_commons,mp,dst_37a6a2de4cf95ebf87c2a951f0ed16fa,35095,Scarborough—Guildwood,federal-2013-representation-order,vote,final,complete,False,6,41917,65217,42115,federal_electoral_district,Elections Canada,Official Voting Results — Raw Data,https://www.elections.ca/res/rep/off/ovr2015app/41/data_donnees/pollresults_resultatsbureau35.zip,1,0.6457672079365809
con_16dfeb6245d6540f86fa4a2be7508845,ec-ge-42,canada_house_of_commons,mp,dst_37f34fa1abd8523cbe7bbbfb041de0ba,35094,Scarborough Centre,federal-2013-representation-order,vote,final,complete,False,5,45029,71847,45436,federal_electoral_district,Elections Canada,Official Voting Results — Raw Data,https://www.elections.ca/res/rep/off/ovr2015app/41/data_donnees/pollresults_resultatsbureau35.zip,1,0.6323994042896711
con_1d1a551e252d50669ad008524e339b14,ec-ge-42,canada_house_of_commons,mp,dst_41e9f67431d45f4daa4524722f4c6b10,35081,Parkdale—High Park,federal-2013-representation-order,vote,final,complete,False,8,58567,80262,58836,federal_electoral_district,Elections Canada,Official Voting Results — Raw Data,https://www.elections.ca/res/rep/off/ovr2015app/41/data_donnees/pollresults_resultatsbureau35.zip,1,0.7330492636615086
con_1cf2a19cb3af57458ffea7de0083dde9,ec-ge-42,canada_house_of_commons,mp,dst_43c826d785975637a9d02ce9b68dee05,35120,York South—Weston,federal-2013-representation-order,vote,final,complete,False,5,43706,72097,44068,federal_electoral_district,Elections Canada,Official Voting Results — Raw Data,https://www.elections.ca/res/rep/off/ovr2015app/41/data_donnees/pollresults_resultatsbureau35.zip,1,0.6112320901008363
con_d8977087d2ee5e4485b16b36149c01b0,ec-ge-42,canada_house_of_commons,mp,dst_45baa2d62a2d50f88b119df3940fb9a2,35110,University—Rosedale,federal-2013-representation-order,vote,final,complete,False,9,55925,77205,56225,federal_electoral_district,Elections Canada,Official Voting Results — Raw Data,https://www.elections.ca/res/rep/off/ovr2015app/41/data_donnees/pollresults_resultatsbureau35.zip,1,0.7282559419726702
con_f37a523c259d5eeab69d284ada12b856,ec-ge-42,canada_house_of_commons,mp,dst_46f51e7fe2f753afa59bf958f4acd933,35029,Etobicoke North,federal-2013-representation-order,vote,final,complete,False,6,42064,69942,42321,federal_electoral_district,Elections Canada,Official Voting Results — Raw Data,https://www.elections.ca/res/rep/off/ovr2015app/41/data_donnees/pollresults_resultatsbureau35.zip,1,0.605087072145492
con_455586b31c3f5c51b897edd76eaf5604,ec-ge-42,canada_house_of_commons,mp,dst_541af9b010e45239b3159885e40045d5,35096,Scarborough North,federal-2013-representation-order,vote,final,complete,False,6,39188,65651,39404,federal_electoral_district,Elections Canada,Official Voting Results — Raw Data,https://www.elections.ca/res/rep/off/ovr2015app/41/data_donnees/pollresults_resultatsbureau35.zip,1,0.6002041096099069
con_1af0ed38e71c5ee6b88ccee70197e389,ec-ge-42,canada_house_of_commons,mp,dst_5a559e78afc85b66812839b10752bb48,35028,Etobicoke—Lakeshore,federal-2013-representation-order,vote,final,complete,False,6,64508,93880,64815,federal_electoral_district,Elections Canada,Official Voting Results — Raw Data,https://www.elections.ca/res/rep/off/ovr2015app/41/data_donnees/pollresults_resultatsbureau35.zip,1,0.6904026416702173
con_057367b6d64f5e5084e25360257c9550,ec-ge-42,canada_house_of_commons,mp,dst_878cfa42201351ad99822c60455d318f,35024,Eglinton—Lawrence,federal-2013-representation-order,vote,final,complete,False,6,55792,78535,56120,federal_electoral_district,Elections Canada,Official Voting Results — Raw Data,https://www.elections.ca/res/rep/off/ovr2015app/41/data_donnees/pollresults_resultatsbureau35.zip,1,0.7145858534411409
con_0e1f84d8c7a3564e9226ed49d4029eb9,ec-ge-42,canada_house_of_commons,mp,dst_91d049e056e05c6c855c5ba55a458282,35090,Toronto—St. Paul's,federal-2013-representation-order,vote,final,complete,False,4,56972,78885,57224,federal_electoral_district,Elections Canada,Official Voting Results — Raw Data,https://www.elections.ca/res/rep/off/ovr2015app/41/data_donnees/pollresults_resultatsbureau35.zip,1,0.7254104075553021
con_5543235464eb551b8097609a92d3e911,ec-ge-42,canada_house_of_commons,mp,dst_92017db2af865480aa8059d9ec1aee79,35020,Don Valley North,federal-2013-representation-order,vote,final,complete,False,4,45687,72787,45946,federal_electoral_district,Elections Canada,Official Voting Results — Raw Data,https://www.elections.ca/res/rep/off/ovr2015app/41/data_donnees/pollresults_resultatsbureau35.zip,1,0.6312390948933189
con_3abc74714278508c80149a45fd3c90c2,ec-ge-42,canada_house_of_commons,mp,dst_940c7a29cb67531d867fe49523e39f59,35019,Don Valley East,federal-2013-representation-order,vote,final,complete,False,4,41588,63547,41845,federal_electoral_district,Elections Canada,Official Voting Results — Raw Data,https://www.elections.ca/res/rep/off/ovr2015app/41/data_donnees/pollresults_resultatsbureau35.zip,1,0.6584889923993265
con_586dd80ad5c5582aadad1ab241536058,ec-ge-42,canada_house_of_commons,mp,dst_a06da571594557dfbebbcad2f934b2fb,35121,Humber River—Black Creek,federal-2013-representation-order,vote,final,complete,False,5,35859,62928,36192,federal_electoral_district,Elections Canada,Official Voting Results — Raw Data,https://www.elections.ca/res/rep/off/ovr2015app/41/data_donnees/pollresults_resultatsbureau35.zip,1,0.5751334858886347
con_cb2727626f7b5d0397f32b754bedc560,ec-ge-42,canada_house_of_commons,mp,dst_a15da2272f6f5b68bc8a083f8380b0e1,35115,Willowdale,federal-2013-representation-order,vote,final,complete,False,5,45953,76301,46204,federal_electoral_district,Elections Canada,Official Voting Results — Raw Data,https://www.elections.ca/res/rep/off/ovr2015app/41/data_donnees/pollresults_resultatsbureau35.zip,1,0.6055490753725377
con_bb11d64b33f6599fabcc95479864c2c9,ec-ge-42,canada_house_of_commons,mp,dst_b5af0b5ca10b5476b2b0e602c2a428d3,35007,Beaches—East York,federal-2013-representation-order,vote,final,complete,False,7,55530,77440,55746,federal_electoral_district,Elections Canada,Official Voting Results — Raw Data,https://www.elections.ca/res/rep/off/ovr2015app/41/data_donnees/pollresults_resultatsbureau35.zip,1,0.7198605371900827
con_80698b09823d5f2e8f0cd6ee70777c2f,ec-ge-42,canada_house_of_commons,mp,dst_c2bfdfdeb1c35e558a986cd033434806,35018,Davenport,federal-2013-representation-order,vote,final,complete,False,6,49584,74413,49871,federal_electoral_district,Elections Canada,Official Voting Results — Raw Data,https://www.elections.ca/res/rep/off/ovr2015app/41/data_donnees/pollresults_resultatsbureau35.zip,1,0.6701920363377367
con_6f7f3d199cac54a486add68a9f790330,ec-ge-42,canada_house_of_commons,mp,dst_d58f3bdb6a6551c5ba69aa73fe9d0f8b,35108,Toronto Centre,federal-2013-representation-order,vote,final,complete,False,7,50602,73351,50868,federal_electoral_district,Elections Canada,Official Voting Results — Raw Data,https://www.elections.ca/res/rep/off/ovr2015app/41/data_donnees/pollresults_resultatsbureau35.zip,1,0.6934874780166597
con_3f7b57536f755992b5c2787ed88ea920,ec-ge-42,canada_house_of_commons,mp,dst_de8904d51a775a2a9c7bfa8ffecb0ebf,35101,Spadina—Fort York,federal-2013-representation-order,vote,final,complete,False,6,55148,79917,55416,federal_electoral_district,Elections Canada,Official Voting Results — Raw Data,https://www.elections.ca/res/rep/off/ovr2015app/41/data_donnees/pollresults_resultatsbureau35.zip,1,0.6934194226510004
con_4f09631ad92c504dbaa8bc946fad5149,ec-ge-43,canada_house_of_commons,mp,dst_070935ea15895262bd2d2f99e4ada2ac,35118,York Centre,federal-2013-representation-order,vote,final,complete,False,4,43186,71100,43851,federal_electoral_district,Elections Canada,Official Voting Results — Raw Data,https://www.elections.ca/res/rep/off/ovr2019app/51/data_donnees/pollresults_resultatsbureau35.zip,1,0.6167510548523206
con_b7cab26a48765b57b0bfb86178466b71,ec-ge-43,canada_house_of_commons,mp,dst_07e5477b7f2b5c2a91214ffad9156308,35093,Scarborough—Agincourt,federal-2013-representation-order,vote,final,complete,False,5,41814,71907,42290,federal_electoral_district,Elections Canada,Official Voting Results — Raw Data,https://www.elections.ca/res/rep/off/ovr2019app/51/data_donnees/pollresults_resultatsbureau35.zip,1,0.5881207671019512
con_45d7ac57d5185255b9fb781fd201c10c,ec-ge-43,canada_house_of_commons,mp,dst_11670634cc33529aa65ef639613628d1,35097,Scarborough—Rouge Park,federal-2013-representation-order,vote,final,complete,False,6,50426,77449,50748,federal_electoral_district,Elections Canada,Official Voting Results — Raw Data,https://www.elections.ca/res/rep/off/ovr2019app/51/data_donnees/pollresults_resultatsbureau35.zip,1,0.6552440961148627
con_9fba491381b2517f8afd2b9715db585c,ec-ge-43,canada_house_of_commons,mp,dst_1bc62eabeaad547eba65542f394ef772,35027,Etobicoke Centre,federal-2013-representation-order,vote,final,complete,False,6,63219,92638,63843,federal_electoral_district,Elections Canada,Official Voting Results — Raw Data,https://www.elections.ca/res/rep/off/ovr2019app/51/data_donnees/pollresults_resultatsbureau35.zip,1,0.689166432781364
con_7d7120e032e059e8a9b4a4dd3bb45d93,ec-ge-43,canada_house_of_commons,mp,dst_1ec4112389a159178b32713798005783,35021,Don Valley West,federal-2013-representation-order,vote,final,complete,False,6,52234,74003,52656,federal_electoral_district,Elections Canada,Official Voting Results — Raw Data,https://www.elections.ca/res/rep/off/ovr2019app/51/data_donnees/pollresults_resultatsbureau35.zip,1,0.7115387214031863
con_036ea3a2c9135bac982fa1e2d2614208,ec-ge-43,canada_house_of_commons,mp,dst_318428fd5bba5a75a4f2ec0ba8cd2e2b,35098,Scarborough Southwest,federal-2013-representation-order,vote,final,complete,False,6,50635,79291,51084,federal_electoral_district,Elections Canada,Official Voting Results — Raw Data,https://www.elections.ca/res/rep/off/ovr2019app/51/data_donnees/pollresults_resultatsbureau35.zip,1,0.6442597520525659
con_607c73250da95c3abba2c7a4637187c4,ec-ge-43,canada_house_of_commons,mp,dst_33975b8b144959008e9471bc04d46d9d,35109,Toronto—Danforth,federal-2013-representation-order,vote,final,complete,False,8,58059,82703,58472,federal_electoral_district,Elections Canada,Official Voting Results — Raw Data,https://www.elections.ca/res/rep/off/ovr2019app/51/data_donnees/pollresults_resultatsbureau35.zip,1,0.7070118375391461
con_e68f1c73b7505433851f3226bf6ccfc2,ec-ge-43,canada_house_of_commons,mp,dst_37a6a2de4cf95ebf87c2a951f0ed16fa,35095,Scarborough—Guildwood,federal-2013-representation-order,vote,final,complete,False,10,42742,68886,43322,federal_electoral_district,Elections Canada,Official Voting Results — Raw Data,https://www.elections.ca/res/rep/off/ovr2019app/51/data_donnees/pollresults_resultatsbureau35.zip,1,0.6288941149144964
con_5f558ba17e075146b6c0e587930146d3,ec-ge-43,canada_house_of_commons,mp,dst_37f34fa1abd8523cbe7bbbfb041de0ba,35094,Scarborough Centre,federal-2013-representation-order,vote,final,complete,False,6,46556,76698,47194,federal_electoral_district,Elections Canada,Official Voting Results — Raw Data,https://www.elections.ca/res/rep/off/ovr2019app/51/data_donnees/pollresults_resultatsbureau35.zip,1,0.6153224334402462
con_4f57ce76414f55dcb188c5b2d923d9f8,ec-ge-43,canada_house_of_commons,mp,dst_41e9f67431d45f4daa4524722f4c6b10,35081,Parkdale—High Park,federal-2013-representation-order,vote,final,complete,False,8,60887,84479,61269,federal_electoral_district,Elections Canada,Official Voting Results — Raw Data,https://www.elections.ca/res/rep/off/ovr2019app/51/data_donnees/pollresults_resultatsbureau35.zip,1,0.7252571645024207
con_933a54c9a3095f27bd127f3895c6a00c,ec-ge-43,canada_house_of_commons,mp,dst_43c826d785975637a9d02ce9b68dee05,35120,York South—Weston,federal-2013-representation-order,vote,final,complete,False,5,44463,79364,45038,federal_electoral_district,Elections Canada,Official Voting Results — Raw Data,https://www.elections.ca/res/rep/off/ovr2019app/51/data_donnees/pollresults_resultatsbureau35.zip,1,0.5674865178166423
con_a07a8a139362514eb9f169e4bd535ed4,ec-ge-43,canada_house_of_commons,mp,dst_45baa2d62a2d50f88b119df3940fb9a2,35110,University—Rosedale,federal-2013-representation-order,vote,final,complete,False,9,57391,83485,57672,federal_electoral_district,Elections Canada,Official Voting Results — Raw Data,https://www.elections.ca/res/rep/off/ovr2019app/51/data_donnees/pollresults_resultatsbureau35.zip,1,0.6908067317482183
con_04a0c00361f552b19eab619015283671,ec-ge-43,canada_house_of_commons,mp,dst_46f51e7fe2f753afa59bf958f4acd933,35029,Etobicoke North,federal-2013-representation-order,vote,final,complete,False,6,42946,75415,43511,federal_electoral_district,Elections Canada,Official Voting Results — Raw Data,https://www.elections.ca/res/rep/off/ovr2019app/51/data_donnees/pollresults_resultatsbureau35.zip,1,0.5769541868328582
con_7732cbd2a5fc52f6b109339962e865b2,ec-ge-43,canada_house_of_commons,mp,dst_541af9b010e45239b3159885e40045d5,35096,Scarborough North,federal-2013-representation-order,vote,final,complete,False,6,39037,66759,39422,federal_electoral_district,Elections Canada,Official Voting Results — Raw Data,https://www.elections.ca/res/rep/off/ovr2019app/51/data_donnees/pollresults_resultatsbureau35.zip,1,0.5905121406851511
con_3203a233671256c29bd17e7a3724e105,ec-ge-43,canada_house_of_commons,mp,dst_5a559e78afc85b66812839b10752bb48,35028,Etobicoke—Lakeshore,federal-2013-representation-order,vote,final,complete,False,6,69515,104246,70040,federal_electoral_district,Elections Canada,Official Voting Results — Raw Data,https://www.elections.ca/res/rep/off/ovr2019app/51/data_donnees/pollresults_resultatsbureau35.zip,1,0.6718723020547551
con_e93a31bc551a5868ba96beb5f800df68,ec-ge-43,canada_house_of_commons,mp,dst_878cfa42201351ad99822c60455d318f,35024,Eglinton—Lawrence,federal-2013-representation-order,vote,final,complete,False,5,56004,83559,56398,federal_electoral_district,Elections Canada,Official Voting Results — Raw Data,https://www.elections.ca/res/rep/off/ovr2019app/51/data_donnees/pollresults_resultatsbureau35.zip,1,0.6749482401656315
con_f5895a53f5ba5b1eba411de92c8dd742,ec-ge-43,canada_house_of_commons,mp,dst_91d049e056e05c6c855c5ba55a458282,35090,Toronto—St. Paul's,federal-2013-representation-order,vote,final,complete,False,5,59834,85544,60218,federal_electoral_district,Elections Canada,Official Voting Results — Raw Data,https://www.elections.ca/res/rep/off/ovr2019app/51/data_donnees/pollresults_resultatsbureau35.zip,1,0.7039418311044608
con_44eaa650324d5ab484216e398a908ffe,ec-ge-43,canada_house_of_commons,mp,dst_92017db2af865480aa8059d9ec1aee79,35020,Don Valley North,federal-2013-representation-order,vote,final,complete,False,5,46571,76151,46885,federal_electoral_district,Elections Canada,Official Voting Results — Raw Data,https://www.elections.ca/res/rep/off/ovr2019app/51/data_donnees/pollresults_resultatsbureau35.zip,1,0.6156846265971556
con_c8e7b7c9d85851dc83fbc0a6b79270bb,ec-ge-43,canada_house_of_commons,mp,dst_940c7a29cb67531d867fe49523e39f59,35019,Don Valley East,federal-2013-representation-order,vote,final,complete,False,5,42294,66530,42732,federal_electoral_district,Elections Canada,Official Voting Results — Raw Data,https://www.elections.ca/res/rep/off/ovr2019app/51/data_donnees/pollresults_resultatsbureau35.zip,1,0.6422967082519164
con_6cd0bebb665f5fd19d2770e382d2b263,ec-ge-43,canada_house_of_commons,mp,dst_a06da571594557dfbebbcad2f934b2fb,35121,Humber River—Black Creek,federal-2013-representation-order,vote,final,complete,False,7,37958,69524,38461,federal_electoral_district,Elections Canada,Official Voting Results — Raw Data,https://www.elections.ca/res/rep/off/ovr2019app/51/data_donnees/pollresults_resultatsbureau35.zip,1,0.553204648754387
con_82281908c98c59f8a2300360c69d3bf0,ec-ge-43,canada_house_of_commons,mp,dst_a15da2272f6f5b68bc8a083f8380b0e1,35115,Willowdale,federal-2013-representation-order,vote,final,complete,False,7,45470,79367,45880,federal_electoral_district,Elections Canada,Official Voting Results — Raw Data,https://www.elections.ca/res/rep/off/ovr2019app/51/data_donnees/pollresults_resultatsbureau35.zip,1,0.5780740106089433
con_55e77453736759c5858b448267743c96,ec-ge-43,canada_house_of_commons,mp,dst_b5af0b5ca10b5476b2b0e602c2a428d3,35007,Beaches—East York,federal-2013-representation-order,vote,final,complete,False,5,57078,81842,57418,federal_electoral_district,Elections Canada,Official Voting Results — Raw Data,https://www.elections.ca/res/rep/off/ovr2019app/51/data_donnees/pollresults_resultatsbureau35.zip,1,0.7015713203489651
con_5e7a871fdebd582fa03a02b96e03d664,ec-ge-43,canada_house_of_commons,mp,dst_c2bfdfdeb1c35e558a986cd033434806,35018,Davenport,federal-2013-representation-order,vote,final,complete,False,8,53180,82047,53597,federal_electoral_district,Elections Canada,Official Voting Results — Raw Data,https://www.elections.ca/res/rep/off/ovr2019app/51/data_donnees/pollresults_resultatsbureau35.zip,1,0.6532475288554122
con_78426265b563585ca074ec3d2655444e,ec-ge-43,canada_house_of_commons,mp,dst_d58f3bdb6a6551c5ba69aa73fe9d0f8b,35108,Toronto Centre,federal-2013-representation-order,vote,final,complete,False,9,54512,83076,54896,federal_electoral_district,Elections Canada,Official Voting Results — Raw Data,https://www.elections.ca/res/rep/off/ovr2019app/51/data_donnees/pollresults_resultatsbureau35.zip,1,0.6607925273243777
con_2af8e133b09358d6ae635ce30700982c,ec-ge-43,canada_house_of_commons,mp,dst_de8904d51a775a2a9c7bfa8ffecb0ebf,35101,Spadina—Fort York,federal-2013-representation-order,vote,final,complete,False,6,60650,93251,60989,federal_electoral_district,Elections Canada,Official Voting Results — Raw Data,https://www.elections.ca/res/rep/off/ovr2019app/51/data_donnees/pollresults_resultatsbureau35.zip,1,0.6540305197799487
con_42153e070d4e58b5b9fdb25033671f21,ec-ge-44,canada_house_of_commons,mp,dst_070935ea15895262bd2d2f99e4ada2ac,35118,York Centre,federal-2013-representation-order,vote,final,complete,False,4,36858,70012,37365,federal_electoral_district,Elections Canada,Official Voting Results — Raw Data,https://www.elections.ca/res/rep/off/ovr2021app/53/data_donnees/pollresults_resultatsbureau35.zip,1,0.5336942238473404
con_ade35891a9175794b411175883b3326d,ec-ge-44,canada_house_of_commons,mp,dst_07e5477b7f2b5c2a91214ffad9156308,35093,Scarborough—Agincourt,federal-2013-representation-order,vote,final,complete,False,5,36630,70055,37052,federal_electoral_district,Elections Canada,Official Voting Results — Raw Data,https://www.elections.ca/res/rep/off/ovr2021app/53/data_donnees/pollresults_resultatsbureau35.zip,1,0.5288987224323746
con_6010b4ec21c85193b796aae1ceb34592,ec-ge-44,canada_house_of_commons,mp,dst_11670634cc33529aa65ef639613628d1,35097,Scarborough—Rouge Park,federal-2013-representation-order,vote,final,complete,False,4,45720,75469,46070,federal_electoral_district,Elections Canada,Official Voting Results — Raw Data,https://www.elections.ca/res/rep/off/ovr2021app/53/data_donnees/pollresults_resultatsbureau35.zip,1,0.6104493235633174
con_2ee4eef568c951ae898f17f5da8d0ccd,ec-ge-44,canada_house_of_commons,mp,dst_1bc62eabeaad547eba65542f394ef772,35027,Etobicoke Centre,federal-2013-representation-order,vote,final,complete,False,4,57550,90846,58117,federal_electoral_district,Elections Canada,Official Voting Results — Raw Data,https://www.elections.ca/res/rep/off/ovr2021app/53/data_donnees/pollresults_resultatsbureau35.zip,1,0.639730973295467
con_01ecf4873a9f5826830419d1c3e95a30,ec-ge-44,canada_house_of_commons,mp,dst_1ec4112389a159178b32713798005783,35021,Don Valley West,federal-2013-representation-order,vote,final,complete,False,6,47014,71385,47377,federal_electoral_district,Elections Canada,Official Voting Results — Raw Data,https://www.elections.ca/res/rep/off/ovr2021app/53/data_donnees/pollresults_resultatsbureau35.zip,1,0.6636828465363872
con_969262b2503353719dcf0421c2ab355d,ec-ge-44,canada_house_of_commons,mp,dst_318428fd5bba5a75a4f2ec0ba8cd2e2b,35098,Scarborough Southwest,federal-2013-representation-order,vote,final,complete,False,6,43172,76558,43497,federal_electoral_district,Elections Canada,Official Voting Results — Raw Data,https://www.elections.ca/res/rep/off/ovr2021app/53/data_donnees/pollresults_resultatsbureau35.zip,1,0.5681574753781446
con_442de0b28d805df78b066aede1d19a1c,ec-ge-44,canada_house_of_commons,mp,dst_33975b8b144959008e9471bc04d46d9d,35109,Toronto—Danforth,federal-2013-representation-order,vote,final,complete,False,8,52142,80166,52477,federal_electoral_district,Elections Canada,Official Voting Results — Raw Data,https://www.elections.ca/res/rep/off/ovr2021app/53/data_donnees/pollresults_resultatsbureau35.zip,1,0.6546041962926926
con_55c926deb8e757ea97c663c418027db2,ec-ge-44,canada_house_of_commons,mp,dst_37a6a2de4cf95ebf87c2a951f0ed16fa,35095,Scarborough—Guildwood,federal-2013-representation-order,vote,final,complete,False,8,37550,66314,38098,federal_electoral_district,Elections Canada,Official Voting Results — Raw Data,https://www.elections.ca/res/rep/off/ovr2021app/53/data_donnees/pollresults_resultatsbureau35.zip,1,0.5745091534216002
con_732b307d13e55abfa854093c626daf48,ec-ge-44,canada_house_of_commons,mp,dst_37f34fa1abd8523cbe7bbbfb041de0ba,35094,Scarborough Centre,federal-2013-representation-order,vote,final,complete,False,5,40161,74304,40586,federal_electoral_district,Elections Canada,Official Voting Results — Raw Data,https://www.elections.ca/res/rep/off/ovr2021app/53/data_donnees/pollresults_resultatsbureau35.zip,1,0.5462155469422911
con_6e01e7dd2898569e9cd212647a765301,ec-ge-44,canada_house_of_commons,mp,dst_41e9f67431d45f4daa4524722f4c6b10,35081,Parkdale—High Park,federal-2013-representation-order,vote,final,complete,False,7,52543,80569,52840,federal_electoral_district,Elections Canada,Official Voting Results — Raw Data,https://www.elections.ca/res/rep/off/ovr2021app/53/data_donnees/pollresults_resultatsbureau35.zip,1,0.6558353709243009
con_7afe181770aa5be1a7e226138640847d,ec-ge-44,canada_house_of_commons,mp,dst_43c826d785975637a9d02ce9b68dee05,35120,York South—Weston,federal-2013-representation-order,vote,final,complete,False,5,38570,76960,38974,federal_electoral_district,Elections Canada,Official Voting Results — Raw Data,https://www.elections.ca/res/rep/off/ovr2021app/53/data_donnees/pollresults_resultatsbureau35.zip,1,0.5064189189189189
con_f11c7c3d12f35256a027491df3221674,ec-ge-44,canada_house_of_commons,mp,dst_45baa2d62a2d50f88b119df3940fb9a2,35110,University—Rosedale,federal-2013-representation-order,vote,final,complete,False,6,47235,78886,47655,federal_electoral_district,Elections Canada,Official Voting Results — Raw Data,https://www.elections.ca/res/rep/off/ovr2021app/53/data_donnees/pollresults_resultatsbureau35.zip,1,0.6040995867454301
con_fa7a62c362e35d9185d7e448132f8d12,ec-ge-44,canada_house_of_commons,mp,dst_46f51e7fe2f753afa59bf958f4acd933,35029,Etobicoke North,federal-2013-representation-order,vote,final,complete,False,5,35564,71958,36058,federal_electoral_district,Elections Canada,Official Voting Results — Raw Data,https://www.elections.ca/res/rep/off/ovr2021app/53/data_donnees/pollresults_resultatsbureau35.zip,1,0.5010978626420968
con_2876d941af435cfc844165a75bd3b56f,ec-ge-44,canada_house_of_commons,mp,dst_541af9b010e45239b3159885e40045d5,35096,Scarborough North,federal-2013-representation-order,vote,final,complete,False,5,31815,63797,32152,federal_electoral_district,Elections Canada,Official Voting Results — Raw Data,https://www.elections.ca/res/rep/off/ovr2021app/53/data_donnees/pollresults_resultatsbureau35.zip,1,0.5039735410755992
con_0e4f87e4d3a25d73b33acadb01fc53e1,ec-ge-44,canada_house_of_commons,mp,dst_5a559e78afc85b66812839b10752bb48,35028,Etobicoke—Lakeshore,federal-2013-representation-order,vote,final,complete,False,7,64065,102792,64462,federal_electoral_district,Elections Canada,Official Voting Results — Raw Data,https://www.elections.ca/res/rep/off/ovr2021app/53/data_donnees/pollresults_resultatsbureau35.zip,1,0.627111059226399
con_9a67f4f0cae359e4878353976d2ecdbf,ec-ge-44,canada_house_of_commons,mp,dst_878cfa42201351ad99822c60455d318f,35024,Eglinton—Lawrence,federal-2013-representation-order,vote,final,complete,False,5,49611,81074,50090,federal_electoral_district,Elections Canada,Official Voting Results — Raw Data,https://www.elections.ca/res/rep/off/ovr2021app/53/data_donnees/pollresults_resultatsbureau35.zip,1,0.6178306238744851
con_b48ac7a7fc6459af81338fd86fe0cd9f,ec-ge-44,canada_house_of_commons,mp,dst_91d049e056e05c6c855c5ba55a458282,35090,Toronto—St. Paul's,federal-2013-representation-order,vote,final,complete,False,5,53698,82891,54278,federal_electoral_district,Elections Canada,Official Voting Results — Raw Data,https://www.elections.ca/res/rep/off/ovr2021app/53/data_donnees/pollresults_resultatsbureau35.zip,1,0.6548117407197404
con_f49f7f03e0a95bd1b5578612101b0790,ec-ge-44,canada_house_of_commons,mp,dst_92017db2af865480aa8059d9ec1aee79,35020,Don Valley North,federal-2013-representation-order,vote,final,complete,False,5,40535,74038,40890,federal_electoral_district,Elections Canada,Official Voting Results — Raw Data,https://www.elections.ca/res/rep/off/ovr2021app/53/data_donnees/pollresults_resultatsbureau35.zip,1,0.552283962289635
con_049744bcb8565dfba76dd1ee26f72d99,ec-ge-44,canada_house_of_commons,mp,dst_940c7a29cb67531d867fe49523e39f59,35019,Don Valley East,federal-2013-representation-order,vote,final,complete,False,4,37325,64206,37795,federal_electoral_district,Elections Canada,Official Voting Results — Raw Data,https://www.elections.ca/res/rep/off/ovr2021app/53/data_donnees/pollresults_resultatsbureau35.zip,1,0.588652150889325
con_64dce9cef0d8531ab4587292fb508bb4,ec-ge-44,canada_house_of_commons,mp,dst_a06da571594557dfbebbcad2f934b2fb,35121,Humber River—Black Creek,federal-2013-representation-order,vote,final,complete,False,6,32187,66934,32749,federal_electoral_district,Elections Canada,Official Voting Results — Raw Data,https://www.elections.ca/res/rep/off/ovr2021app/53/data_donnees/pollresults_resultatsbureau35.zip,1,0.48927301520901184
con_b54e166b68d5527886ca7ab58595c7ff,ec-ge-44,canada_house_of_commons,mp,dst_a15da2272f6f5b68bc8a083f8380b0e1,35115,Willowdale,federal-2013-representation-order,vote,final,complete,False,5,41104,76164,41487,federal_electoral_district,Elections Canada,Official Voting Results — Raw Data,https://www.elections.ca/res/rep/off/ovr2021app/53/data_donnees/pollresults_resultatsbureau35.zip,1,0.5447061603907358
con_b3c1307a455d5378adf13e2d28d0b61c,ec-ge-44,canada_house_of_commons,mp,dst_b5af0b5ca10b5476b2b0e602c2a428d3,35007,Beaches—East York,federal-2013-representation-order,vote,final,complete,False,8,51116,79273,51456,federal_electoral_district,Elections Canada,Official Voting Results — Raw Data,https://www.elections.ca/res/rep/off/ovr2021app/53/data_donnees/pollresults_resultatsbureau35.zip,1,0.6490986842935174
con_bb8a950f412a50d0af27ccabd88e6a07,ec-ge-44,canada_house_of_commons,mp,dst_c2bfdfdeb1c35e558a986cd033434806,35018,Davenport,federal-2013-representation-order,vote,final,complete,False,7,47307,78167,47736,federal_electoral_district,Elections Canada,Official Voting Results — Raw Data,https://www.elections.ca/res/rep/off/ovr2021app/53/data_donnees/pollresults_resultatsbureau35.zip,1,0.6106924917164532
con_1a844b55a2875d498e1fc418d224d7b3,ec-ge-44,canada_house_of_commons,mp,dst_d58f3bdb6a6551c5ba69aa73fe9d0f8b,35108,Toronto Centre,federal-2013-representation-order,vote,final,complete,False,7,45817,81549,46183,federal_electoral_district,Elections Canada,Official Voting Results — Raw Data,https://www.elections.ca/res/rep/off/ovr2021app/53/data_donnees/pollresults_resultatsbureau35.zip,1,0.5663220885602521
con_33daa87c807953c9a6727327e7e6fd7d,ec-ge-44,canada_house_of_commons,mp,dst_de8904d51a775a2a9c7bfa8ffecb0ebf,35101,Spadina—Fort York,federal-2013-representation-order,vote,final,complete,False,5,48821,91355,49171,federal_electoral_district,Elections Canada,Official Voting Results — Raw Data,https://www.elections.ca/res/rep/off/ovr2021app/53/data_donnees/pollresults_resultatsbureau35.zip,1,0.5382409282469487
con_6977bdb5c32f5aa7bfbe21a5af6b6cfd,ec-ge-45,canada_house_of_commons,mp,dst_0097e7096a5f50c8b12a61f96e19eaf2,35112,University—Rosedale,federal-2023-representation-order,vote,final,complete,False,7,62265,95884,62731,federal_electoral_district,Elections Canada,Official Voting Results — Raw Data,https://www.elections.ca/res/rep/off/ovrGE45/62/data_donnees/pollresults_resultatsbureau35.zip,1,0.6542384547995495
con_e184564c5b085f2db6e3a1ee17728853,ec-ge-45,canada_house_of_commons,mp,dst_069a8f1c6fe95ab5a65a83ca5925c796,35026,Eglinton—Lawrence,federal-2023-representation-order,vote,final,complete,False,5,60761,86901,61177,federal_electoral_district,Elections Canada,Official Voting Results — Raw Data,https://www.elections.ca/res/rep/off/ovrGE45/62/data_donnees/pollresults_resultatsbureau35.zip,1,0.7039849944189365
con_d2bb8058e7c151469cae5d4dac9c0a83,ec-ge-45,canada_house_of_commons,mp,dst_0dc384db997c52fea2b28156e7a5a6f9,35096,Scarborough Southwest,federal-2023-representation-order,vote,final,complete,False,7,54476,86452,54740,federal_electoral_district,Elections Canada,Official Voting Results — Raw Data,https://www.elections.ca/res/rep/off/ovrGE45/62/data_donnees/pollresults_resultatsbureau35.zip,1,0.6331837320131403
con_ebec8e91e9245fd4ad3d1d5c661d6d1a,ec-ge-45,canada_house_of_commons,mp,dst_11198c1c6d375f90a7259a41ae4ff3e1,35092,Scarborough—Agincourt,federal-2023-representation-order,vote,final,complete,False,3,50733,84229,51199,federal_electoral_district,Elections Canada,Official Voting Results — Raw Data,https://www.elections.ca/res/rep/off/ovrGE45/62/data_donnees/pollresults_resultatsbureau35.zip,1,0.6078547768583267
con_9186097add0554ce8a9fdc7319eb9dfb,ec-ge-45,canada_house_of_commons,mp,dst_135f2f2a280a5a038f9ea59aa6f30269,35093,Scarborough Centre—Don Valley East,federal-2023-representation-order,vote,final,complete,False,4,48088,78512,48576,federal_electoral_district,Elections Canada,Official Voting Results — Raw Data,https://www.elections.ca/res/rep/off/ovrGE45/62/data_donnees/pollresults_resultatsbureau35.zip,1,0.6187079682086815
con_66d11f3ba2c95e26bb6f9605664b919f,ec-ge-45,canada_house_of_commons,mp,dst_176d307cd7c759c4b750bcc406a59046,35007,Beaches—East York,federal-2023-representation-order,vote,final,complete,False,7,58755,82102,59066,federal_electoral_district,Elections Canada,Official Voting Results — Raw Data,https://www.elections.ca/res/rep/off/ovrGE45/62/data_donnees/pollresults_resultatsbureau35.zip,1,0.7194221821636501
con_d224e87a757c5316bf7b16059e148bbb,ec-ge-45,canada_house_of_commons,mp,dst_43698d08fce259978ba72e60611624a0,35041,Humber River—Black Creek,federal-2023-representation-order,vote,final,complete,False,5,38398,70557,38905,federal_electoral_district,Elections Canada,Official Voting Results — Raw Data,https://www.elections.ca/res/rep/off/ovrGE45/62/data_donnees/pollresults_resultatsbureau35.zip,1,0.5513981603526227
con_09c2adb9011254479ed24029c7a28efc,ec-ge-45,canada_house_of_commons,mp,dst_4b2ae5bbe097507f9d732d91f1c00a3f,35031,Etobicoke North,federal-2023-representation-order,vote,final,complete,False,6,42355,76238,42659,federal_electoral_district,Elections Canada,Official Voting Results — Raw Data,https://www.elections.ca/res/rep/off/ovrGE45/62/data_donnees/pollresults_resultatsbureau35.zip,1,0.5595503554657782
con_41cd437acfd2506fb1b8d9e42997ebc4,ec-ge-45,canada_house_of_commons,mp,dst_61ef6ce81c575fd482d9ec0939e06f71,35109,Toronto Centre,federal-2023-representation-order,vote,final,complete,False,8,58922,92863,59358,federal_electoral_district,Elections Canada,Official Voting Results — Raw Data,https://www.elections.ca/res/rep/off/ovrGE45/62/data_donnees/pollresults_resultatsbureau35.zip,1,0.6391996812508749
con_d0e33938bdeb57d296e89e2225f30b08,ec-ge-45,canada_house_of_commons,mp,dst_65be1ca2b5735cfb98dc5ae05782b352,35120,York Centre,federal-2023-representation-order,vote,final,complete,False,3,47619,75704,48261,federal_electoral_district,Elections Canada,Official Voting Results — Raw Data,https://www.elections.ca/res/rep/off/ovrGE45/62/data_donnees/pollresults_resultatsbureau35.zip,1,0.637496037197506
con_bff81173aa9f5b76951b4c1efe7a975d,ec-ge-45,canada_house_of_commons,mp,dst_780b90119e715fcabbfbfa777d651cd5,35029,Etobicoke Centre,federal-2023-representation-order,vote,final,complete,False,3,67510,98795,68066,federal_electoral_district,Elections Canada,Official Voting Results — Raw Data,https://www.elections.ca/res/rep/off/ovrGE45/62/data_donnees/pollresults_resultatsbureau35.zip,1,0.6889619920036439
con_adae6b05d5fc5e82b3924bc219808195,ec-ge-45,canada_house_of_commons,mp,dst_7ac4d6f2c50a5585ac79bfc6567c841f,35100,Spadina—Harbourfront,federal-2023-representation-order,vote,final,complete,False,7,52990,82164,53300,federal_electoral_district,Elections Canada,Official Voting Results — Raw Data,https://www.elections.ca/res/rep/off/ovrGE45/62/data_donnees/pollresults_resultatsbureau35.zip,1,0.6487025948103793
con_861a2f0ff1165f5ca4aad2a891ae7bbd,ec-ge-45,canada_house_of_commons,mp,dst_8afbe17e980b5ce48dc60746fe420276,35110,Toronto—Danforth,federal-2023-representation-order,vote,final,complete,False,5,58881,82673,59231,federal_electoral_district,Elections Canada,Official Voting Results — Raw Data,https://www.elections.ca/res/rep/off/ovrGE45/62/data_donnees/pollresults_resultatsbureau35.zip,1,0.7164491430092049
con_f75cbd259dfa5b8ab3ab12ff74bbe9e6,ec-ge-45,canada_house_of_commons,mp,dst_8d08987be0695f09ba5560aa4fa5e265,35105,Taiaiako'n—Parkdale—High Park,federal-2023-representation-order,vote,final,complete,False,8,65313,92829,65612,federal_electoral_district,Elections Canada,Official Voting Results — Raw Data,https://www.elections.ca/res/rep/off/ovrGE45/62/data_donnees/pollresults_resultatsbureau35.zip,1,0.7068049855109934
con_d0f42bdb288253e9b01e4763312981b1,ec-ge-45,canada_house_of_commons,mp,dst_9fa4c54b57fe5cf19d388db35126bc5d,35111,Toronto—St. Paul's,federal-2023-representation-order,vote,final,complete,False,7,71581,97650,71968,federal_electoral_district,Elections Canada,Official Voting Results — Raw Data,https://www.elections.ca/res/rep/off/ovrGE45/62/data_donnees/pollresults_resultatsbureau35.zip,1,0.7369994879672299
con_59ef0c460370562f885578fb194c1fe0,ec-ge-45,canada_house_of_commons,mp,dst_a3b5d3352e8f54adb0f28027b3f857b5,35117,Willowdale,federal-2023-representation-order,vote,final,complete,False,3,47689,79526,48150,federal_electoral_district,Elections Canada,Official Voting Results — Raw Data,https://www.elections.ca/res/rep/off/ovrGE45/62/data_donnees/pollresults_resultatsbureau35.zip,1,0.6054623645097201
con_e485aea9392853999ed649a69da89b0c,ec-ge-45,canada_house_of_commons,mp,dst_ae0ceb491bdf5042b9384f419c7579fa,35024,Don Valley West,federal-2023-representation-order,vote,final,complete,False,5,58664,86895,59143,federal_electoral_district,Elections Canada,Official Voting Results — Raw Data,https://www.elections.ca/res/rep/off/ovrGE45/62/data_donnees/pollresults_resultatsbureau35.zip,1,0.6806260429253697
con_f3a2f70fac125ecda618db8ad446b190,ec-ge-45,canada_house_of_commons,mp,dst_b16ae12cf699529d9f680059c77aeaf2,35097,Scarborough—Woburn,federal-2023-representation-order,vote,final,complete,False,6,41868,71167,42254,federal_electoral_district,Elections Canada,Official Voting Results — Raw Data,https://www.elections.ca/res/rep/off/ovrGE45/62/data_donnees/pollresults_resultatsbureau35.zip,1,0.5937302401393905
con_6f77061f24185b06a9b875b6e3ade214,ec-ge-45,canada_house_of_commons,mp,dst_b9f19ee75fd75ed7a5d070d7acb6ba5f,35023,Don Valley North,federal-2023-representation-order,vote,final,complete,False,6,48527,77608,48949,federal_electoral_district,Elections Canada,Official Voting Results — Raw Data,https://www.elections.ca/res/rep/off/ovrGE45/62/data_donnees/pollresults_resultatsbureau35.zip,1,0.6307210596845686
con_ac07b2bd66f558e3a94d86313dd196b6,ec-ge-45,canada_house_of_commons,mp,dst_bd58762ec5d05d2b89c160c7931dddf2,35094,Scarborough—Guildwood—Rouge Park,federal-2023-representation-order,vote,final,complete,False,4,55185,84845,55506,federal_electoral_district,Elections Canada,Official Voting Results — Raw Data,https://www.elections.ca/res/rep/off/ovrGE45/62/data_donnees/pollresults_resultatsbureau35.zip,1,0.654204726265543
con_ebc31b20e66f5e91b5444a5396f2796f,ec-ge-45,canada_house_of_commons,mp,dst_d5857d2badfc52f88608f3affbb3dec6,35122,York South—Weston—Etobicoke,federal-2023-representation-order,vote,final,complete,False,3,44599,78311,45126,federal_electoral_district,Elections Canada,Official Voting Results — Raw Data,https://www.elections.ca/res/rep/off/ovrGE45/62/data_donnees/pollresults_resultatsbureau35.zip,1,0.5762408856993271
con_0509bac951cd5161a3d12dc815b4e3b0,ec-ge-45,canada_house_of_commons,mp,dst_e3317579b3d158628d1122309cd5db56,35022,Davenport,federal-2023-representation-order,vote,final,complete,False,5,61174,93839,61702,federal_electoral_district,Elections Canada,Official Voting Results — Raw Data,https://www.elections.ca/res/rep/off/ovrGE45/62/data_donnees/pollresults_resultatsbureau35.zip,1,0.6575304510917636
con_c5a1eedb345153dba2ce8ad2efc739c4,ec-ge-45,canada_house_of_commons,mp,dst_ea09cb7af8bb571daf04a7d6ce539fa0,35095,Scarborough North,federal-2023-representation-order,vote,final,complete,False,3,46732,78591,47178,federal_electoral_district,Elections Canada,Official Voting Results — Raw Data,https://www.elections.ca/res/rep/off/ovrGE45/62/data_donnees/pollresults_resultatsbureau35.zip,1,0.6002977440164904
con_a50d74661e045a6aa194d0701b495ca7,ec-ge-45,canada_house_of_commons,mp,dst_ef70e7f8679c51a696c99220332c3d21,35030,Etobicoke—Lakeshore,federal-2023-representation-order,vote,final,complete,False,5,65338,93945,65707,federal_electoral_district,Elections Canada,Official Voting Results — Raw Data,https://www.elections.ca/res/rep/off/ovrGE45/62/data_donnees/pollresults_resultatsbureau35.zip,1,0.69941987333014
con_4a846811eda451fb84cacbf1af4d10c9,evt_0053e297e0b15f179a94dee854971a09,toronto_district_school_board,trustee,dst_16ae705663d5521a82db983868c767c9,17,Ward 17,tdsb-trustee-wards-2010,vote,final,complete,False,17,5151,,,,Toronto City Clerk,Elections — Official By-election Results,https://ckan0.cf.opendata.inter.prod-toronto.ca/dataset/97d72233-8681-4b3d-828e-4929d40d122c/resource/79f831c8-48ec-45f2-a65e-3b514f877a93/download/2012-tdsb-wards-17-20.xls,1,
con_5100b418429850dfad060a617ea2dd2a,evt_0053e297e0b15f179a94dee854971a09,toronto_district_school_board,trustee,dst_16cc2e80a1c551f2aa05006d6fc9fa63,20,Ward 20,tdsb-trustee-wards-2010,vote,final,complete,False,14,6422,,,,Toronto City Clerk,Elections — Official By-election Results,https://ckan0.cf.opendata.inter.prod-toronto.ca/dataset/97d72233-8681-4b3d-828e-4929d40d122c/resource/79f831c8-48ec-45f2-a65e-3b514f877a93/download/2012-tdsb-wards-17-20.xls,1,
con_393178f4fb765cd0bbeaa13d06dca32c,evt_159f073fa6f15c23a840651723d3c3af,toronto_city_council,councillor,dst_0c7514aa1b09538184e94ea59745d5e1,ward-2,Ward 2,toronto_council_44_wards,vote,final,complete,False,6,12753,32109,12990,composite_municipal_ballot,Toronto City Clerk,Elections — Official Results,data/interim/results/2006/2006 Results/2006_Toronto_Poll_by_Poll_Councillor.xls,1,0.4045594693076707
con_2c70fd784be55c4794f8294a723dedb9,evt_159f073fa6f15c23a840651723d3c3af,toronto_city_council,councillor,dst_0d7e9e08fea05cf28d47a0f262ad8f3f,ward-7,Ward 7,toronto_council_44_wards,vote,final,complete,False,4,9383,25836,9685,composite_municipal_ballot,Toronto City Clerk,Elections — Official Results,data/interim/results/2006/2006 Results/2006_Toronto_Poll_by_Poll_Councillor.xls,1,0.37486453011302057
con_59aa1ee85e2d51ca8dee4338d37665c2,evt_159f073fa6f15c23a840651723d3c3af,toronto_city_council,councillor,dst_1b5001335c0158b28e0c461fc8d32fd5,ward-43,Ward 43,toronto_council_44_wards,vote,final,complete,False,7,12077,31094,12409,composite_municipal_ballot,Toronto City Clerk,Elections — Official Results,data/interim/results/2006/2006 Results/2006_Toronto_Poll_by_Poll_Councillor.xls,1,0.3990802084003345
con_d0cb7c26d6e55def83cde1da2c9bc8c5,evt_159f073fa6f15c23a840651723d3c3af,toronto_city_council,councillor,dst_2aa643147fbb50b881bb6298e0f13436,ward-37,Ward 37,toronto_council_44_wards,vote,final,complete,False,3,13755,37317,14218,composite_municipal_ballot,Toronto City Clerk,Elections — Official Results,data/interim/results/2006/2006 Results/2006_Toronto_Poll_by_Poll_Councillor.xls,1,0.38100597582871076
con_899c01be1cc951dfb79010a2fbd8ad10,evt_159f073fa6f15c23a840651723d3c3af,toronto_city_council,councillor,dst_31b0d3246c42553fa0cefe70cff58cf4,ward-25,Ward 25,toronto_council_44_wards,vote,final,complete,False,5,13644,38112,14567,composite_municipal_ballot,Toronto City Clerk,Elections — Official Results,data/interim/results/2006/2006 Results/2006_Toronto_Poll_by_Poll_Councillor.xls,1,0.3822155751469353
con_218bbbaab66c59bc8d0d747f3ae2fb3c,evt_159f073fa6f15c23a840651723d3c3af,toronto_city_council,councillor,dst_329ba69c22385385882d1cb28a72bd3b,ward-32,Ward 32,toronto_council_44_wards,vote,final,complete,False,9,14877,37462,15327,composite_municipal_ballot,Toronto City Clerk,Elections — Official Results,data/interim/results/2006/2006 Results/2006_Toronto_Poll_by_Poll_Councillor.xls,1,0.4091345897175805
con_e7325536f8e85cffa249480df8a556a2,evt_159f073fa6f15c23a840651723d3c3af,toronto_city_council,councillor,dst_37dc3c9d918c5bf7a3d55d4188015db0,ward-36,Ward 36,toronto_council_44_wards,vote,final,complete,False,4,12509,32914,12992,composite_municipal_ballot,Toronto City Clerk,Elections — Official Results,data/interim/results/2006/2006 Results/2006_Toronto_Poll_by_Poll_Councillor.xls,1,0.39472564866014465
con_2c97298461635376899e36569d2c7be3,evt_159f073fa6f15c23a840651723d3c3af,toronto_city_council,councillor,dst_388c245b76105b2ab99da1f16784e7b8,ward-8,Ward 8,toronto_council_44_wards,vote,final,complete,False,6,10368,24330,10586,composite_municipal_ballot,Toronto City Clerk,Elections — Official Results,data/interim/results/2006/2006 Results/2006_Toronto_Poll_by_Poll_Councillor.xls,1,0.43510069872585283
con_88a17b76344c50ba9a3a118dd558c185,evt_159f073fa6f15c23a840651723d3c3af,toronto_city_council,councillor,dst_3b4e2345db0d588992443168b5ca4a7b,ward-21,Ward 21,toronto_council_44_wards,vote,final,complete,False,4,14285,31298,14575,composite_municipal_ballot,Toronto City Clerk,Elections — Official Results,data/interim/results/2006/2006 Results/2006_Toronto_Poll_by_Poll_Councillor.xls,1,0.4656847082880695
con_2f8a0c46b37950fd9149d9b62f1f0142,evt_159f073fa6f15c23a840651723d3c3af,toronto_city_council,councillor,dst_3c9bf8c508835550a695467bd818fd5e,ward-29,Ward 29,toronto_council_44_wards,vote,final,complete,False,6,12512,30062,12866,composite_municipal_ballot,Toronto City Clerk,Elections — Official Results,data/interim/results/2006/2006 Results/2006_Toronto_Poll_by_Poll_Councillor.xls,1,0.42798217018162465
con_17c2e1a7404c5641823443ca7a6dcc10,evt_159f073fa6f15c23a840651723d3c3af,toronto_city_council,councillor,dst_48f26a0b1b85566c934f7ab1a668978d,ward-38,Ward 38,toronto_council_44_wards,vote,final,complete,False,8,13876,35535,14220,composite_municipal_ballot,Toronto City Clerk,Elections — Official Results,data/interim/results/2006/2006 Results/2006_Toronto_Poll_by_Poll_Councillor.xls,1,0.4001688476150274
con_2070d155d42250abac2e50baf8c6bf39,evt_159f073fa6f15c23a840651723d3c3af,toronto_city_council,councillor,dst_49374cc451b65963a30ef206383a4114,ward-26,Ward 26,toronto_council_44_wards,vote,final,complete,False,15,16752,32860,17211,composite_municipal_ballot,Toronto City Clerk,Elections — Official Results,data/interim/results/2006/2006 Results/2006_Toronto_Poll_by_Poll_Councillor.xls,1,0.5237674984783932
con_107ad5f6c01f5d4389c8194358534375,evt_159f073fa6f15c23a840651723d3c3af,toronto_city_council,councillor,dst_49a6ee138ca85b318452ec2f5c1befd3,ward-28,Ward 28,toronto_council_44_wards,vote,final,complete,False,7,13439,32548,14228,composite_municipal_ballot,Toronto City Clerk,Elections — Official Results,data/interim/results/2006/2006 Results/2006_Toronto_Poll_by_Poll_Councillor.xls,1,0.4371389947154971
con_83ded5c17ed75ca788f320a13b17dd08,evt_159f073fa6f15c23a840651723d3c3af,toronto_city_council,councillor,dst_5c19646c134d58c5b8859bba3379c5e7,ward-1,Ward 1,toronto_council_44_wards,vote,final,complete,False,8,9585,29729,9807,composite_municipal_ballot,Toronto City Clerk,Elections — Official Results,data/interim/results/2006/2006 Results/2006_Toronto_Poll_by_Poll_Councillor.xls,1,0.329879915234283
con_9473b9c31bb55e62ac4432451881acf1,evt_159f073fa6f15c23a840651723d3c3af,toronto_city_council,councillor,dst_5f3aaa13834b5789bb51c95425758d51,ward-15,Ward 15,toronto_council_44_wards,vote,final,complete,False,7,12412,35761,12956,composite_municipal_ballot,Toronto City Clerk,Elections — Official Results,data/interim/results/2006/2006 Results/2006_Toronto_Poll_by_Poll_Councillor.xls,1,0.3622941192919661
con_1969b3b6667f56549d1f35b90f606cbf,evt_159f073fa6f15c23a840651723d3c3af,toronto_city_council,councillor,dst_65a81c104a8c5c0194e7fee5f09545d3,ward-42,Ward 42,toronto_council_44_wards,vote,final,complete,False,4,14334,40499,14615,composite_municipal_ballot,Toronto City Clerk,Elections — Official Results,data/interim/results/2006/2006 Results/2006_Toronto_Poll_by_Poll_Councillor.xls,1,0.3608731079779748
con_387d212e18c453e2a8eb298de5c374ff,evt_159f073fa6f15c23a840651723d3c3af,toronto_city_council,councillor,dst_6dbcacb473285d91bc3f4bd0e06d4d63,ward-18,Ward 18,toronto_council_44_wards,vote,final,complete,False,6,9006,27124,9416,composite_municipal_ballot,Toronto City Clerk,Elections — Official Results,data/interim/results/2006/2006 Results/2006_Toronto_Poll_by_Poll_Councillor.xls,1,0.3471464385783808
con_c90c50ce5e7c59dbaf6f3fb8efe575fd,evt_159f073fa6f15c23a840651723d3c3af,toronto_city_council,councillor,dst_70f47265fe9155489a0e1f3af81f7a94,ward-24,Ward 24,toronto_council_44_wards,vote,final,complete,False,4,12816,38928,13331,composite_municipal_ballot,Toronto City Clerk,Elections — Official Results,data/interim/results/2006/2006 Results/2006_Toronto_Poll_by_Poll_Councillor.xls,1,0.3424527332511303
con_e93ddb13c85852b58b88208c71191394,evt_159f073fa6f15c23a840651723d3c3af,toronto_city_council,councillor,dst_75067961943e50e7bc3befec65166ee1,ward-40,Ward 40,toronto_council_44_wards,vote,final,complete,False,4,13261,34526,13671,composite_municipal_ballot,Toronto City Clerk,Elections — Official Results,data/interim/results/2006/2006 Results/2006_Toronto_Poll_by_Poll_Councillor.xls,1,0.39596246307130856
con_86779f733e9f58e78227d4c49c260033,evt_159f073fa6f15c23a840651723d3c3af,toronto_city_council,councillor,dst_837f66e6bedf5a759e23b36ee0594137,ward-10,Ward 10,toronto_council_44_wards,vote,final,complete,False,7,12564,35549,13101,composite_municipal_ballot,Toronto City Clerk,Elections — Official Results,data/interim/results/2006/2006 Results/2006_Toronto_Poll_by_Poll_Councillor.xls,1,0.3685335733775915
con_09d3330e921d5e53ae19007709e75bf9,evt_159f073fa6f15c23a840651723d3c3af,toronto_city_council,councillor,dst_839fe99c6fcd5019b4848ab42a1f25e0,ward-31,Ward 31,toronto_council_44_wards,vote,final,complete,False,5,13639,32607,13994,composite_municipal_ballot,Toronto City Clerk,Elections — Official Results,data/interim/results/2006/2006 Results/2006_Toronto_Poll_by_Poll_Councillor.xls,1,0.42917165025914683
con_f0bbc885a5535e28bc005ca644cc4e22,evt_159f073fa6f15c23a840651723d3c3af,toronto_city_council,councillor,dst_87d79f1462925e15ab3b2530ba681b50,ward-39,Ward 39,toronto_council_44_wards,vote,final,complete,False,6,11685,34274,11975,composite_municipal_ballot,Toronto City Clerk,Elections — Official Results,data/interim/results/2006/2006 Results/2006_Toronto_Poll_by_Poll_Councillor.xls,1,0.3493902083211764
con_b4c70c0c6f465c4091dce97cbbd286b3,evt_159f073fa6f15c23a840651723d3c3af,toronto_city_council,councillor,dst_91f46887d24056d4b7ca558724be9305,ward-14,Ward 14,toronto_council_44_wards,vote,final,complete,False,14,12661,30417,13041,composite_municipal_ballot,Toronto City Clerk,Elections — Official Results,data/interim/results/2006/2006 Results/2006_Toronto_Poll_by_Poll_Councillor.xls,1,0.4287405069533485
con_c59d97019dab554698aea8cb6eeb469a,evt_159f073fa6f15c23a840651723d3c3af,toronto_city_council,councillor,dst_9203cbbfeedb5dc2a34e5767ba3dfc5d,ward-44,Ward 44,toronto_council_44_wards,vote,final,complete,False,8,15697,41031,15972,composite_municipal_ballot,Toronto City Clerk,Elections — Official Results,data/interim/results/2006/2006 Results/2006_Toronto_Poll_by_Poll_Councillor.xls,1,0.3892666520435768
con_86a1f5b3235452b4a3cb3b3297e4dd51,evt_159f073fa6f15c23a840651723d3c3af,toronto_city_council,councillor,dst_93654977fd595afda3b103483ea4f59e,ward-41,Ward 41,toronto_council_44_wards,vote,final,complete,False,10,14544,41643,14911,composite_municipal_ballot,Toronto City Clerk,Elections — Official Results,data/interim/results/2006/2006 Results/2006_Toronto_Poll_by_Poll_Councillor.xls,1,0.3580673822731311
con_0b8c9e853efa5e3da86b0f1eff65589e,evt_159f073fa6f15c23a840651723d3c3af,toronto_city_council,councillor,dst_9613494c01b95010bd5287ef1669e3c3,ward-11,Ward 11,toronto_council_44_wards,vote,final,complete,False,4,13042,33252,13376,composite_municipal_ballot,Toronto City Clerk,Elections — Official Results,data/interim/results/2006/2006 Results/2006_Toronto_Poll_by_Poll_Councillor.xls,1,0.4022615181041742
con_46f7b754b02b57d0a651c417f9f0471d,evt_159f073fa6f15c23a840651723d3c3af,toronto_city_council,councillor,dst_9a2b60e0545d5eba9361d07a574fe57e,ward-17,Ward 17,toronto_council_44_wards,vote,final,complete,False,7,11408,30543,11721,composite_municipal_ballot,Toronto City Clerk,Elections — Official Results,data/interim/results/2006/2006 Results/2006_Toronto_Poll_by_Poll_Councillor.xls,1,0.3837540516648659
con_77f42d0ca0a15c57a01b5579fef4625a,evt_159f073fa6f15c23a840651723d3c3af,toronto_city_council,councillor,dst_a4d41f4016cf53f6b3565eb145e14fc6,ward-16,Ward 16,toronto_council_44_wards,vote,final,complete,False,6,13749,35046,14215,composite_municipal_ballot,Toronto City Clerk,Elections — Official Results,data/interim/results/2006/2006 Results/2006_Toronto_Poll_by_Poll_Councillor.xls,1,0.4056097700165497
con_c760f9c404835bb595e5671cf893c340,evt_159f073fa6f15c23a840651723d3c3af,toronto_city_council,councillor,dst_adf63b57f77c58829d8e38b24d68ac03,ward-3,Ward 3,toronto_council_44_wards,vote,final,complete,False,4,13988,35939,14354,composite_municipal_ballot,Toronto City Clerk,Elections — Official Results,data/interim/results/2006/2006 Results/2006_Toronto_Poll_by_Poll_Councillor.xls,1,0.3993989816077242
con_3ae0da024263524d8e13691dbeeadc88,evt_159f073fa6f15c23a840651723d3c3af,toronto_city_council,councillor,dst_bfe0a089e5f957399386ea186d3306ac,ward-5,Ward 5,toronto_council_44_wards,vote,final,complete,False,5,15237,39715,16020,composite_municipal_ballot,Toronto City Clerk,Elections — Official Results,data/interim/results/2006/2006 Results/2006_Toronto_Poll_by_Poll_Councillor.xls,1,0.4033740400352512
con_610d1afaa15d592eb956835f8fd51600,evt_159f073fa6f15c23a840651723d3c3af,toronto_city_council,councillor,dst_c54d7cc2856d5e38bc39e904803b5e87,ward-19,Ward 19,toronto_council_44_wards,vote,final,complete,False,4,11148,33705,11854,composite_municipal_ballot,Toronto City Clerk,Elections — Official Results,data/interim/results/2006/2006 Results/2006_Toronto_Poll_by_Poll_Councillor.xls,1,0.35169856104435543
con_4a5af0945c9a5a01ae50e3a5ea61b3fb,evt_159f073fa6f15c23a840651723d3c3af,toronto_city_council,councillor,dst_cadba85ade8a575b894e47378c335a90,ward-27,Ward 27,toronto_council_44_wards,vote,final,complete,False,8,15805,45997,17377,composite_municipal_ballot,Toronto City Clerk,Elections — Official Results,data/interim/results/2006/2006 Results/2006_Toronto_Poll_by_Poll_Councillor.xls,1,0.37778550775050546
con_1fa443b3390f5d6691f7994877cf55c8,evt_159f073fa6f15c23a840651723d3c3af,toronto_city_council,councillor,dst_cb8f4d514c36567389345a10287e90a0,ward-23,Ward 23,toronto_council_44_wards,vote,final,complete,False,5,15412,47271,16194,composite_municipal_ballot,Toronto City Clerk,Elections — Official Results,data/interim/results/2006/2006 Results/2006_Toronto_Poll_by_Poll_Councillor.xls,1,0.3425779018848766
con_1c0aff783cfb5ac995b40930229ffd15,evt_159f073fa6f15c23a840651723d3c3af,toronto_city_council,councillor,dst_cbc5fa1093f05782bf1df8718d039d95,ward-4,Ward 4,toronto_council_44_wards,vote,final,complete,False,3,14558,35544,14989,composite_municipal_ballot,Toronto City Clerk,Elections — Official Results,data/interim/results/2006/2006 Results/2006_Toronto_Poll_by_Poll_Councillor.xls,1,0.42170267837047043
con_4ead7aa21a905ad7bd1838cb33f37045,evt_159f073fa6f15c23a840651723d3c3af,toronto_city_council,councillor,dst_d2fdd91105a954ff92061f42e11db647,ward-35,Ward 35,toronto_council_44_wards,vote,final,complete,False,13,12400,31779,12668,composite_municipal_ballot,Toronto City Clerk,Elections — Official Results,data/interim/results/2006/2006 Results/2006_Toronto_Poll_by_Poll_Councillor.xls,1,0.3986280247962491
con_b1ec123602ab559c939e1aa02badcd71,evt_159f073fa6f15c23a840651723d3c3af,toronto_city_council,councillor,dst_d3b1245f009c5cb48950c9825eb219ee,ward-34,Ward 34,toronto_council_44_wards,vote,final,complete,False,5,12472,31109,12840,composite_municipal_ballot,Toronto City Clerk,Elections — Official Results,data/interim/results/2006/2006 Results/2006_Toronto_Poll_by_Poll_Councillor.xls,1,0.4127422932270404
con_398774c449785307baa3822c581963e9,evt_159f073fa6f15c23a840651723d3c3af,toronto_city_council,councillor,dst_d3c79eda632d5af2beb7343ee879dff7,ward-20,Ward 20,toronto_council_44_wards,vote,final,complete,False,8,15167,41833,15781,composite_municipal_ballot,Toronto City Clerk,Elections — Official Results,data/interim/results/2006/2006 Results/2006_Toronto_Poll_by_Poll_Councillor.xls,1,0.37723806564195733
con_31d375f206cb5fe1955efa73ae9da43e,evt_159f073fa6f15c23a840651723d3c3af,toronto_city_council,councillor,dst_d6f718dc7baf5a049ce2db0a4fb65974,ward-33,Ward 33,toronto_council_44_wards,vote,final,complete,False,5,10493,31534,10896,composite_municipal_ballot,Toronto City Clerk,Elections — Official Results,data/interim/results/2006/2006 Results/2006_Toronto_Poll_by_Poll_Councillor.xls,1,0.3455318069385425
con_d42434b7f93353e6b9eeb64711b54648,evt_159f073fa6f15c23a840651723d3c3af,toronto_city_council,councillor,dst_d74a992f3f3e5403b0f18e278453428c,ward-9,Ward 9,toronto_council_44_wards,vote,final,complete,False,2,9356,25840,9851,composite_municipal_ballot,Toronto City Clerk,Elections — Official Results,data/interim/results/2006/2006 Results/2006_Toronto_Poll_by_Poll_Councillor.xls,1,0.3812306501547988
con_f449befd52f1538191ef612c9e711c45,evt_159f073fa6f15c23a840651723d3c3af,toronto_city_council,councillor,dst_db2a1e74395b5a2495c8e09b2b657457,ward-12,Ward 12,toronto_council_44_wards,vote,final,complete,False,5,10335,29763,10821,composite_municipal_ballot,Toronto City Clerk,Elections — Official Results,data/interim/results/2006/2006 Results/2006_Toronto_Poll_by_Poll_Councillor.xls,1,0.36357222054228405
con_ebbe0512549c59bc8a7a31e7ec5a59e9,evt_159f073fa6f15c23a840651723d3c3af,toronto_city_council,councillor,dst_e85e355506d7551fb2e7a7e39706bb85,ward-30,Ward 30,toronto_council_44_wards,vote,final,complete,False,6,13181,33919,13678,composite_municipal_ballot,Toronto City Clerk,Elections — Official Results,data/interim/results/2006/2006 Results/2006_Toronto_Poll_by_Poll_Councillor.xls,1,0.4032548129367021
con_76db9d7d1989548fadeac8b8116dc357,evt_159f073fa6f15c23a840651723d3c3af,toronto_city_council,councillor,dst_ea407e9a03df5ef2bee0d7950b9d2b8f,ward-13,Ward 13,toronto_council_44_wards,vote,final,complete,False,6,15982,35509,16510,composite_municipal_ballot,Toronto City Clerk,Elections — Official Results,data/interim/results/2006/2006 Results/2006_Toronto_Poll_by_Poll_Councillor.xls,1,0.4649525472415444
con_95ce62f8d45154c7836ec0372d2a416e,evt_159f073fa6f15c23a840651723d3c3af,toronto_city_council,councillor,dst_ed645d04bcf55406ba30df00b1b967c9,ward-22,Ward 22,toronto_council_44_wards,vote,final,complete,False,3,15210,39582,16439,composite_municipal_ballot,Toronto City Clerk,Elections — Official Results,data/interim/results/2006/2006 Results/2006_Toronto_Poll_by_Poll_Councillor.xls,1,0.4153150421908949
con_d4f2ce7b93c75f4ca9c7bc73a4ba2a30,evt_159f073fa6f15c23a840651723d3c3af,toronto_city_council,councillor,dst_fdb0ec21f126579eb091e27d38a9b9c8,ward-6,Ward 6,toronto_council_44_wards,vote,final,complete,False,9,15186,39706,15506,composite_municipal_ballot,Toronto City Clerk,Elections — Official Results,data/interim/results/2006/2006 Results/2006_Toronto_Poll_by_Poll_Councillor.xls,1,0.39052032438422407
con_5d8609e7e7f4584ea28ad032690bdae8,evt_159f073fa6f15c23a840651723d3c3af,toronto_city_council,mayor,dst_269ebab087895e5790e71568164f1865,city,City of Toronto,toronto_council_44_wards,vote,final,complete,False,38,584484,1521151,597754,composite_municipal_ballot,Toronto City Clerk,Elections — Official Results,data/interim/results/2006/2006 Results/2006_Toronto_Poll_by_Poll_Mayor.xls,1,0.39296164549081586
con_b6b2834acee15140b88339a80000401e,evt_159f073fa6f15c23a840651723d3c3af,toronto_district_school_board,trustee,dst_0201cd464e935377821779175bb1adbc,22,Ward 22,tdsb-trustee-wards-2006,vote,final,complete,False,8,19838,,,,Toronto City Clerk,Elections — Official Results,https://ckan0.cf.opendata.inter.prod-toronto.ca/dataset/96d35404-44d9-49d8-95bb-fb1e5489240d/resource/3fb1227c-a279-4523-a1aa-f00190ba717f/download/2006-results.zip :: 2006_Toronto_Poll_by_Poll_Toronto_District_School_Board.xls,1,
con_8f577fe4ded957a3ba2ada7eefa01829,evt_159f073fa6f15c23a840651723d3c3af,conseil_scolaire_catholique_monavenir,trustee,dst_06c56af0f65c5e68988e14dc3aec0f22,4,Ward 4,monavenir-trustee-wards-2006,acclamation,final,complete,True,1,,,,,Toronto City Clerk,Elections — Official Results,https://www.toronto.ca/wp-content/uploads/2017/08/8f72-election-2006-clerksofficialdeclaration.pdf,1,
con_904a836906905be4a3248abd0799baf5,evt_159f073fa6f15c23a840651723d3c3af,toronto_catholic_district_school_board,trustee,dst_0f00fec8731a57d0948d6fee5ec15a79,3,Ward 3,tcdsb-trustee-wards-2006,vote,final,complete,False,3,9849,,,,Toronto City Clerk,Elections — Official Results,https://ckan0.cf.opendata.inter.prod-toronto.ca/dataset/96d35404-44d9-49d8-95bb-fb1e5489240d/resource/3fb1227c-a279-4523-a1aa-f00190ba717f/download/2006-results.zip :: 2006_Toronto_Poll_by_Poll_Toronto_Catholic_District_School_Board.xls,1,
con_3848074515db5e85a3ca5ff2d8c819c8,evt_159f073fa6f15c23a840651723d3c3af,conseil_scolaire_viamonde,trustee,dst_1629c5900dfa5dcfb2f0f01f4a3f7cf2,3,Ward 3,viamonde-trustee-wards-2006,vote,final,complete,False,2,1486,,,,Toronto City Clerk,Elections — Official Results,https://ckan0.cf.opendata.inter.prod-toronto.ca/dataset/96d35404-44d9-49d8-95bb-fb1e5489240d/resource/3fb1227c-a279-4523-a1aa-f00190ba717f/download/2006-results.zip :: 2006_Toronto_Poll_by_Poll_Conseil_Scolaire_De_District_Du_Centre_Sud_Ouest.xls,1,
con_3fff3f5a4c845c14a5e7a0b885c404d5,evt_159f073fa6f15c23a840651723d3c3af,toronto_district_school_board,trustee,dst_16aec7b7ce9b582e97b7b3365cb15c4a,10,Ward 10,tdsb-trustee-wards-2006,vote,final,complete,False,6,17504,,,,Toronto City Clerk,Elections — Official Results,https://ckan0.cf.opendata.inter.prod-toronto.ca/dataset/96d35404-44d9-49d8-95bb-fb1e5489240d/resource/3fb1227c-a279-4523-a1aa-f00190ba717f/download/2006-results.zip :: 2006_Toronto_Poll_by_Poll_Toronto_District_School_Board.xls,1,
con_da0dcd9b029a5eb6aad71e331699e4c9,evt_159f073fa6f15c23a840651723d3c3af,toronto_district_school_board,trustee,dst_3709cbe6edf8566094e5acb96dca23bf,14,Ward 14,tdsb-trustee-wards-2006,vote,final,complete,False,7,21766,,,,Toronto City Clerk,Elections — Official Results,https://ckan0.cf.opendata.inter.prod-toronto.ca/dataset/96d35404-44d9-49d8-95bb-fb1e5489240d/resource/3fb1227c-a279-4523-a1aa-f00190ba717f/download/2006-results.zip :: 2006_Toronto_Poll_by_Poll_Toronto_District_School_Board.xls,1,
con_487a0fbf6b5858bcaa8564adeeb0ac2e,evt_159f073fa6f15c23a840651723d3c3af,toronto_catholic_district_school_board,trustee,dst_39aac7cbf69458e981afff29b2b3495f,11,Ward 11,tcdsb-trustee-wards-2006,vote,final,complete,False,2,7966,,,,Toronto City Clerk,Elections — Official Results,https://ckan0.cf.opendata.inter.prod-toronto.ca/dataset/96d35404-44d9-49d8-95bb-fb1e5489240d/resource/3fb1227c-a279-4523-a1aa-f00190ba717f/download/2006-results.zip :: 2006_Toronto_Poll_by_Poll_Toronto_Catholic_District_School_Board.xls,1,
con_ae2105547a075c59bbc71f1d2a1fa14e,evt_159f073fa6f15c23a840651723d3c3af,toronto_catholic_district_school_board,trustee,dst_3a25d55dd0bb5ce890247ad46d656043,4,Ward 4,tcdsb-trustee-wards-2006,vote,final,complete,False,3,10114,,,,Toronto City Clerk,Elections — Official Results,https://ckan0.cf.opendata.inter.prod-toronto.ca/dataset/96d35404-44d9-49d8-95bb-fb1e5489240d/resource/3fb1227c-a279-4523-a1aa-f00190ba717f/download/2006-results.zip :: 2006_Toronto_Poll_by_Poll_Toronto_Catholic_District_School_Board.xls,1,
con_5d739cdc0faf512b814583ca53352065,evt_159f073fa6f15c23a840651723d3c3af,toronto_catholic_district_school_board,trustee,dst_400d1dfe38a05725aa68053fc07f95cb,1,Ward 1,tcdsb-trustee-wards-2006,vote,final,complete,False,3,11262,,,,Toronto City Clerk,Elections — Official Results,https://ckan0.cf.opendata.inter.prod-toronto.ca/dataset/96d35404-44d9-49d8-95bb-fb1e5489240d/resource/3fb1227c-a279-4523-a1aa-f00190ba717f/download/2006-results.zip :: 2006_Toronto_Poll_by_Poll_Toronto_Catholic_District_School_Board.xls,1,
con_eedfe58b778e50b7a4f8c2b0f6636514,evt_159f073fa6f15c23a840651723d3c3af,toronto_district_school_board,trustee,dst_40236a2b37ec523bba24d854993ebfa3,7,Ward 7,tdsb-trustee-wards-2006,vote,final,complete,False,3,18539,,,,Toronto City Clerk,Elections — Official Results,https://ckan0.cf.opendata.inter.prod-toronto.ca/dataset/96d35404-44d9-49d8-95bb-fb1e5489240d/resource/3fb1227c-a279-4523-a1aa-f00190ba717f/download/2006-results.zip :: 2006_Toronto_Poll_by_Poll_Toronto_District_School_Board.xls,1,
con_0cc7c3535d575a19b1bc5f08f35ac742,evt_159f073fa6f15c23a840651723d3c3af,toronto_district_school_board,trustee,dst_45bc90130449507987ff7340a50b83fa,8,Ward 8,tdsb-trustee-wards-2006,vote,final,complete,False,3,17779,,,,Toronto City Clerk,Elections — Official Results,https://ckan0.cf.opendata.inter.prod-toronto.ca/dataset/96d35404-44d9-49d8-95bb-fb1e5489240d/resource/3fb1227c-a279-4523-a1aa-f00190ba717f/download/2006-results.zip :: 2006_Toronto_Poll_by_Poll_Toronto_District_School_Board.xls,1,
con_7844c55d4d0256f0a3249cd9cad84b13,evt_159f073fa6f15c23a840651723d3c3af,toronto_district_school_board,trustee,dst_462f90e919e9545f95434cfa4a420744,12,Ward 12,tdsb-trustee-wards-2006,vote,final,complete,False,5,20310,,,,Toronto City Clerk,Elections — Official Results,https://ckan0.cf.opendata.inter.prod-toronto.ca/dataset/96d35404-44d9-49d8-95bb-fb1e5489240d/resource/3fb1227c-a279-4523-a1aa-f00190ba717f/download/2006-results.zip :: 2006_Toronto_Poll_by_Poll_Toronto_District_School_Board.xls,1,
con_9a741b08e99456d19921f27a76ac69bc,evt_159f073fa6f15c23a840651723d3c3af,toronto_district_school_board,trustee,dst_4a3e2f2f7a7f5904808a650fb2bee8ca,16,Ward 16,tdsb-trustee-wards-2006,vote,final,complete,False,4,21420,,,,Toronto City Clerk,Elections — Official Results,https://ckan0.cf.opendata.inter.prod-toronto.ca/dataset/96d35404-44d9-49d8-95bb-fb1e5489240d/resource/3fb1227c-a279-4523-a1aa-f00190ba717f/download/2006-results.zip :: 2006_Toronto_Poll_by_Poll_Toronto_District_School_Board.xls,1,
con_95375a5e2fd256ef9dda15b99fa6dd2c,evt_159f073fa6f15c23a840651723d3c3af,toronto_catholic_district_school_board,trustee,dst_733647dd771e5e25bc999169e3ecc102,6,Ward 6,tcdsb-trustee-wards-2006,vote,final,complete,False,5,10090,,,,Toronto City Clerk,Elections — Official Results,https://ckan0.cf.opendata.inter.prod-toronto.ca/dataset/96d35404-44d9-49d8-95bb-fb1e5489240d/resource/3fb1227c-a279-4523-a1aa-f00190ba717f/download/2006-results.zip :: 2006_Toronto_Poll_by_Poll_Toronto_Catholic_District_School_Board.xls,1,
con_d48b56aafed2510bb0a6d96d0ce251c9,evt_159f073fa6f15c23a840651723d3c3af,toronto_catholic_district_school_board,trustee,dst_786d2b2c175c5a78a64ec0a86c81371f,2,Ward 2,tcdsb-trustee-wards-2006,vote,final,complete,False,4,12512,,,,Toronto City Clerk,Elections — Official Results,https://ckan0.cf.opendata.inter.prod-toronto.ca/dataset/96d35404-44d9-49d8-95bb-fb1e5489240d/resource/3fb1227c-a279-4523-a1aa-f00190ba717f/download/2006-results.zip :: 2006_Toronto_Poll_by_Poll_Toronto_Catholic_District_School_Board.xls,1,
con_edeef2286347577c82fa7db14bc9689b,evt_159f073fa6f15c23a840651723d3c3af,toronto_district_school_board,trustee,dst_78a7bf52391c5fd1a6e94ab8bac95a78,9,Ward 9,tdsb-trustee-wards-2006,vote,final,complete,False,4,10692,,,,Toronto City Clerk,Elections — Official Results,https://ckan0.cf.opendata.inter.prod-toronto.ca/dataset/96d35404-44d9-49d8-95bb-fb1e5489240d/resource/3fb1227c-a279-4523-a1aa-f00190ba717f/download/2006-results.zip :: 2006_Toronto_Poll_by_Poll_Toronto_District_School_Board.xls,1,
con_b78633c81a0c540392aa04522aa369e8,evt_159f073fa6f15c23a840651723d3c3af,conseil_scolaire_viamonde,trustee,dst_794b34b7222758db803bdc39aabdc267,4,Ward 4,viamonde-trustee-wards-2006,acclamation,final,complete,True,1,,,,,Toronto City Clerk,Elections — Official Results,https://www.toronto.ca/wp-content/uploads/2017/08/8f72-election-2006-clerksofficialdeclaration.pdf,1,
con_25290f1766d85949abbb935a73f8fdaf,evt_159f073fa6f15c23a840651723d3c3af,toronto_district_school_board,trustee,dst_7a7adbcdc3255751b5f7516425a97725,20,Ward 20,tdsb-trustee-wards-2006,vote,final,complete,False,6,19120,,,,Toronto City Clerk,Elections — Official Results,https://ckan0.cf.opendata.inter.prod-toronto.ca/dataset/96d35404-44d9-49d8-95bb-fb1e5489240d/resource/3fb1227c-a279-4523-a1aa-f00190ba717f/download/2006-results.zip :: 2006_Toronto_Poll_by_Poll_Toronto_District_School_Board.xls,1,
con_d3479c48354850cdb87cc019e2d174fe,evt_159f073fa6f15c23a840651723d3c3af,toronto_district_school_board,trustee,dst_7b0837fb41515a9f935722860832f802,4,Ward 4,tdsb-trustee-wards-2006,vote,final,complete,False,4,9917,,,,Toronto City Clerk,Elections — Official Results,https://ckan0.cf.opendata.inter.prod-toronto.ca/dataset/96d35404-44d9-49d8-95bb-fb1e5489240d/resource/3fb1227c-a279-4523-a1aa-f00190ba717f/download/2006-results.zip :: 2006_Toronto_Poll_by_Poll_Toronto_District_School_Board.xls,1,
con_f72354ebef5750cdabd3f549aec8842c,evt_159f073fa6f15c23a840651723d3c3af,conseil_scolaire_viamonde,trustee,dst_7b1b9aa507cb5b228f749ab4130cf7d8,2,Ward 2,viamonde-trustee-wards-2006,vote,final,complete,False,2,775,,,,Toronto City Clerk,Elections — Official Results,https://ckan0.cf.opendata.inter.prod-toronto.ca/dataset/96d35404-44d9-49d8-95bb-fb1e5489240d/resource/3fb1227c-a279-4523-a1aa-f00190ba717f/download/2006-results.zip :: 2006_Toronto_Poll_by_Poll_Conseil_Scolaire_De_District_Du_Centre_Sud_Ouest.xls,1,
con_936854ca36c655c1805e368089c86c6b,evt_159f073fa6f15c23a840651723d3c3af,toronto_district_school_board,trustee,dst_7e5dec68f7a957e09c3e7a44aa5ae803,11,Ward 11,tdsb-trustee-wards-2006,vote,final,complete,False,4,21124,,,,Toronto City Clerk,Elections — Official Results,https://ckan0.cf.opendata.inter.prod-toronto.ca/dataset/96d35404-44d9-49d8-95bb-fb1e5489240d/resource/3fb1227c-a279-4523-a1aa-f00190ba717f/download/2006-results.zip :: 2006_Toronto_Poll_by_Poll_Toronto_District_School_Board.xls,1,
con_e523079ba40258c881f15a76673b1e6c,evt_159f073fa6f15c23a840651723d3c3af,toronto_district_school_board,trustee,dst_80beae69dac450228dd0f50292e58ccb,1,Ward 1,tdsb-trustee-wards-2006,vote,final,complete,False,5,14514,,,,Toronto City Clerk,Elections — Official Results,https://ckan0.cf.opendata.inter.prod-toronto.ca/dataset/96d35404-44d9-49d8-95bb-fb1e5489240d/resource/3fb1227c-a279-4523-a1aa-f00190ba717f/download/2006-results.zip :: 2006_Toronto_Poll_by_Poll_Toronto_District_School_Board.xls,1,
con_4a25a8875f685ed3a03e4c1934fba350,evt_159f073fa6f15c23a840651723d3c3af,toronto_district_school_board,trustee,dst_81a2c444991150e097e44f72720b419a,2,Ward 2,tdsb-trustee-wards-2006,vote,final,complete,False,3,17577,,,,Toronto City Clerk,Elections — Official Results,https://ckan0.cf.opendata.inter.prod-toronto.ca/dataset/96d35404-44d9-49d8-95bb-fb1e5489240d/resource/3fb1227c-a279-4523-a1aa-f00190ba717f/download/2006-results.zip :: 2006_Toronto_Poll_by_Poll_Toronto_District_School_Board.xls,1,
con_fd03a95d5bbf5b7db5e6600cda0acb6c,evt_159f073fa6f15c23a840651723d3c3af,conseil_scolaire_catholique_monavenir,trustee,dst_93e465b3b4155597ae854dfee2fc5a1e,3,Ward 3,monavenir-trustee-wards-2006,vote,final,complete,False,2,953,,,,Toronto City Clerk,Elections — Official Results,https://ckan0.cf.opendata.inter.prod-toronto.ca/dataset/96d35404-44d9-49d8-95bb-fb1e5489240d/resource/3fb1227c-a279-4523-a1aa-f00190ba717f/download/2006-results.zip :: 2006_Toronto_Poll_by_Poll_Conseil_Scolaire_De_District_Catholique_Centre_Sud.xls,1,
con_d7f28f142ad35641807df200fe5700d4,evt_159f073fa6f15c23a840651723d3c3af,toronto_catholic_district_school_board,trustee,dst_97f10bbb11435a4f9619d76bbd9cb674,8,Ward 8,tcdsb-trustee-wards-2006,vote,final,complete,False,2,8345,,,,Toronto City Clerk,Elections — Official Results,https://ckan0.cf.opendata.inter.prod-toronto.ca/dataset/96d35404-44d9-49d8-95bb-fb1e5489240d/resource/3fb1227c-a279-4523-a1aa-f00190ba717f/download/2006-results.zip :: 2006_Toronto_Poll_by_Poll_Toronto_Catholic_District_School_Board.xls,1,
con_7e88567e0bd75a07abd776acc965c78b,evt_159f073fa6f15c23a840651723d3c3af,toronto_catholic_district_school_board,trustee,dst_9cdf9255e2ae5c2d8a797dcd3f6b1133,9,Ward 9,tcdsb-trustee-wards-2006,vote,final,complete,False,3,9844,,,,Toronto City Clerk,Elections — Official Results,https://ckan0.cf.opendata.inter.prod-toronto.ca/dataset/96d35404-44d9-49d8-95bb-fb1e5489240d/resource/3fb1227c-a279-4523-a1aa-f00190ba717f/download/2006-results.zip :: 2006_Toronto_Poll_by_Poll_Toronto_Catholic_District_School_Board.xls,1,
con_a55fe57b6e225e0f8ec15cd45432e0b2,evt_159f073fa6f15c23a840651723d3c3af,toronto_district_school_board,trustee,dst_a4deb33856c7512b9ee10aa973c687d3,18,Ward 18,tdsb-trustee-wards-2006,vote,final,complete,False,5,17997,,,,Toronto City Clerk,Elections — Official Results,https://ckan0.cf.opendata.inter.prod-toronto.ca/dataset/96d35404-44d9-49d8-95bb-fb1e5489240d/resource/3fb1227c-a279-4523-a1aa-f00190ba717f/download/2006-results.zip :: 2006_Toronto_Poll_by_Poll_Toronto_District_School_Board.xls,1,
con_7c00632490cb5ba0b27ee36d8b3ea25c,evt_159f073fa6f15c23a840651723d3c3af,toronto_catholic_district_school_board,trustee,dst_a5f8850d45e45fa2805bcf38944cc439,12,Ward 12,tcdsb-trustee-wards-2006,vote,final,complete,False,2,9261,,,,Toronto City Clerk,Elections — Official Results,https://ckan0.cf.opendata.inter.prod-toronto.ca/dataset/96d35404-44d9-49d8-95bb-fb1e5489240d/resource/3fb1227c-a279-4523-a1aa-f00190ba717f/download/2006-results.zip :: 2006_Toronto_Poll_by_Poll_Toronto_Catholic_District_School_Board.xls,1,
con_3389b2ed1bbb5013afd6a185ecdc71f0,evt_159f073fa6f15c23a840651723d3c3af,toronto_catholic_district_school_board,trustee,dst_ad34f8d5ad525bd2b96d9406b96bd18b,7,Ward 7,tcdsb-trustee-wards-2006,vote,final,complete,False,3,8747,,,,Toronto City Clerk,Elections — Official Results,https://ckan0.cf.opendata.inter.prod-toronto.ca/dataset/96d35404-44d9-49d8-95bb-fb1e5489240d/resource/3fb1227c-a279-4523-a1aa-f00190ba717f/download/2006-results.zip :: 2006_Toronto_Poll_by_Poll_Toronto_Catholic_District_School_Board.xls,1,
con_f2b21a49a17b5a309bd2f6e51b79e75a,evt_159f073fa6f15c23a840651723d3c3af,toronto_catholic_district_school_board,trustee,dst_b156321b9f6d5d18b7d1c0e840b5f75f,10,Ward 10,tcdsb-trustee-wards-2006,vote,final,complete,False,3,8188,,,,Toronto City Clerk,Elections — Official Results,https://ckan0.cf.opendata.inter.prod-toronto.ca/dataset/96d35404-44d9-49d8-95bb-fb1e5489240d/resource/3fb1227c-a279-4523-a1aa-f00190ba717f/download/2006-results.zip :: 2006_Toronto_Poll_by_Poll_Toronto_Catholic_District_School_Board.xls,1,
con_08d4c66427ec52069735939b2e42cdf5,evt_159f073fa6f15c23a840651723d3c3af,toronto_district_school_board,trustee,dst_b6aebaf47eda502990f512e5093686e2,15,Ward 15,tdsb-trustee-wards-2006,vote,final,complete,False,2,20660,,,,Toronto City Clerk,Elections — Official Results,https://ckan0.cf.opendata.inter.prod-toronto.ca/dataset/96d35404-44d9-49d8-95bb-fb1e5489240d/resource/3fb1227c-a279-4523-a1aa-f00190ba717f/download/2006-results.zip :: 2006_Toronto_Poll_by_Poll_Toronto_District_School_Board.xls,1,
con_113885d7f732529d813340fcecf33c63,evt_159f073fa6f15c23a840651723d3c3af,toronto_district_school_board,trustee,dst_b985908fefa95433bdb455abf4065a06,19,Ward 19,tdsb-trustee-wards-2006,vote,final,complete,False,3,20107,,,,Toronto City Clerk,Elections — Official Results,https://ckan0.cf.opendata.inter.prod-toronto.ca/dataset/96d35404-44d9-49d8-95bb-fb1e5489240d/resource/3fb1227c-a279-4523-a1aa-f00190ba717f/download/2006-results.zip :: 2006_Toronto_Poll_by_Poll_Toronto_District_School_Board.xls,1,
con_caaf4a017d44537487aed1656a633d77,evt_159f073fa6f15c23a840651723d3c3af,toronto_district_school_board,trustee,dst_c38548de4e59570eb2c06cc15b94944b,13,Ward 13,tdsb-trustee-wards-2006,vote,final,complete,False,2,24047,,,,Toronto City Clerk,Elections — Official Results,https://ckan0.cf.opendata.inter.prod-toronto.ca/dataset/96d35404-44d9-49d8-95bb-fb1e5489240d/resource/3fb1227c-a279-4523-a1aa-f00190ba717f/download/2006-results.zip :: 2006_Toronto_Poll_by_Poll_Toronto_District_School_Board.xls,1,
con_1a8273189a8b533da95b4b421b8e15d6,evt_159f073fa6f15c23a840651723d3c3af,toronto_catholic_district_school_board,trustee,dst_c94defca0d0b5157bcc04d4a824b38e8,5,Ward 5,tcdsb-trustee-wards-2006,vote,final,complete,False,5,11311,,,,Toronto City Clerk,Elections — Official Results,https://ckan0.cf.opendata.inter.prod-toronto.ca/dataset/96d35404-44d9-49d8-95bb-fb1e5489240d/resource/3fb1227c-a279-4523-a1aa-f00190ba717f/download/2006-results.zip :: 2006_Toronto_Poll_by_Poll_Toronto_Catholic_District_School_Board.xls,1,
con_42062db5f175553cb44ef3a858fa62e3,evt_159f073fa6f15c23a840651723d3c3af,toronto_district_school_board,trustee,dst_d5e5ed8765885e42a33dfbd1f86e5dff,21,Ward 21,tdsb-trustee-wards-2006,vote,final,complete,False,6,21968,,,,Toronto City Clerk,Elections — Official Results,https://ckan0.cf.opendata.inter.prod-toronto.ca/dataset/96d35404-44d9-49d8-95bb-fb1e5489240d/resource/3fb1227c-a279-4523-a1aa-f00190ba717f/download/2006-results.zip :: 2006_Toronto_Poll_by_Poll_Toronto_District_School_Board.xls,1,
con_ad717b9ae2e95ef2a04630391d0f0788,evt_159f073fa6f15c23a840651723d3c3af,toronto_district_school_board,trustee,dst_d82003a55a59538ca181aa8ed046fb2f,17,Ward 17,tdsb-trustee-wards-2006,vote,final,complete,False,5,16826,,,,Toronto City Clerk,Elections — Official Results,https://ckan0.cf.opendata.inter.prod-toronto.ca/dataset/96d35404-44d9-49d8-95bb-fb1e5489240d/resource/3fb1227c-a279-4523-a1aa-f00190ba717f/download/2006-results.zip :: 2006_Toronto_Poll_by_Poll_Toronto_District_School_Board.xls,1,
con_ff15bc702c8e53f7b3c5f88d1f84f08a,evt_159f073fa6f15c23a840651723d3c3af,toronto_district_school_board,trustee,dst_e410d415afbd5416abf74daaa167061a,3,Ward 3,tdsb-trustee-wards-2006,vote,final,complete,False,3,18472,,,,Toronto City Clerk,Elections — Official Results,https://ckan0.cf.opendata.inter.prod-toronto.ca/dataset/96d35404-44d9-49d8-95bb-fb1e5489240d/resource/3fb1227c-a279-4523-a1aa-f00190ba717f/download/2006-results.zip :: 2006_Toronto_Poll_by_Poll_Toronto_District_School_Board.xls,1,
con_296006fcb2e45388bbd2f5e8204e1fcf,evt_159f073fa6f15c23a840651723d3c3af,toronto_district_school_board,trustee,dst_e97597eb7e2359fbb7e6440796cd9515,5,Ward 5,tdsb-trustee-wards-2006,vote,final,complete,False,4,13372,,,,Toronto City Clerk,Elections — Official Results,https://ckan0.cf.opendata.inter.prod-toronto.ca/dataset/96d35404-44d9-49d8-95bb-fb1e5489240d/resource/3fb1227c-a279-4523-a1aa-f00190ba717f/download/2006-results.zip :: 2006_Toronto_Poll_by_Poll_Toronto_District_School_Board.xls,1,
con_b6a634895ad85d04ac943f859c067c67,evt_159f073fa6f15c23a840651723d3c3af,toronto_district_school_board,trustee,dst_ef96eb151a6b51a7b3cd5aee7cf97def,6,Ward 6,tdsb-trustee-wards-2006,vote,final,complete,False,5,13457,,,,Toronto City Clerk,Elections — Official Results,https://ckan0.cf.opendata.inter.prod-toronto.ca/dataset/96d35404-44d9-49d8-95bb-fb1e5489240d/resource/3fb1227c-a279-4523-a1aa-f00190ba717f/download/2006-results.zip :: 2006_Toronto_Poll_by_Poll_Toronto_District_School_Board.xls,1,
con_7f9005403da15da0884ed64ca56bdcba,evt_24ccf52d7b0f5fe39baf960f9ab5cb20,toronto_district_school_board,trustee,dst_e830396d39fc5b71bfeb9d255e719457,5,Ward 5,tdsb-trustee-wards-2014,vote,final,complete,False,10,4616,,,,Toronto City Clerk,Elections — Official By-election Results,https://ckan0.cf.opendata.inter.prod-toronto.ca/dataset/97d72233-8681-4b3d-828e-4929d40d122c/resource/25343469-085b-4c9f-8a36-7d7f9115c630/download/2016-tdsb-ward-5.xlsx,1,
con_dbcfe2c3a43b5de292d63146a94cd52b,evt_27c3a2e636a457f1b1f922774525b74a,toronto_city_council,councillor,dst_00ef04bf1da8516e8fcafe4f6798604d,ward-10,Ward 10 — Spadina-Fort York,toronto_council_25_wards,pending,pending,complete,False,8,,,,,Toronto City Clerk,2026 Municipal Election — Certified Candidates,https://www.toronto.ca/data/elections/candidate_list/councilorCandidates_2026.json,1,
con_25e09708c7c756b38cca57f2cf9f3b1e,evt_27c3a2e636a457f1b1f922774525b74a,toronto_city_council,councillor,dst_0839fc3522805fceb1fc4eb0bf070465,ward-24,Ward 24 — Scarborough-Guildwood,toronto_council_25_wards,pending,pending,complete,False,6,,,,,Toronto City Clerk,2026 Municipal Election — Certified Candidates,https://www.toronto.ca/data/elections/candidate_list/councilorCandidates_2026.json,1,
con_6ba310e4ba695121835a4fde58144a47,evt_27c3a2e636a457f1b1f922774525b74a,toronto_city_council,councillor,dst_0e240cb2dab65f8db224ad8fd83d506c,ward-13,Ward 13 — Toronto Centre,toronto_council_25_wards,pending,pending,complete,False,11,,,,,Toronto City Clerk,2026 Municipal Election — Certified Candidates,https://www.toronto.ca/data/elections/candidate_list/councilorCandidates_2026.json,1,
con_67daf6d284a75ecc8b775a05a871a58e,evt_27c3a2e636a457f1b1f922774525b74a,toronto_city_council,councillor,dst_0f93f253dfbb539ab9479b9040f2574b,ward-22,Ward 22 — Scarborough-Agincourt,toronto_council_25_wards,pending,pending,complete,False,10,,,,,Toronto City Clerk,2026 Municipal Election — Certified Candidates,https://www.toronto.ca/data/elections/candidate_list/councilorCandidates_2026.json,1,
con_0d00ed8759a1559c82329352d94a7812,evt_27c3a2e636a457f1b1f922774525b74a,toronto_city_council,councillor,dst_12048d7958395aa296f47b0f7a4c315f,ward-6,Ward 6 — York Centre,toronto_council_25_wards,pending,pending,complete,False,3,,,,,Toronto City Clerk,2026 Municipal Election — Certified Candidates,https://www.toronto.ca/data/elections/candidate_list/councilorCandidates_2026.json,1,
con_34196d04855f52249d03362a5469c3c0,evt_27c3a2e636a457f1b1f922774525b74a,toronto_city_council,councillor,dst_13b8f4a8ddbd5f0c83aeb4276c97a385,ward-9,Ward 9 — Davenport,toronto_council_25_wards,pending,pending,complete,False,4,,,,,Toronto City Clerk,2026 Municipal Election — Certified Candidates,https://www.toronto.ca/data/elections/candidate_list/councilorCandidates_2026.json,1,
con_5212e699e2ab537eaf63c23b0952d1a1,evt_27c3a2e636a457f1b1f922774525b74a,toronto_city_council,councillor,dst_14a751bcf5d35757811c5ea6866f31b0,ward-16,Ward 16 — Don Valley East,toronto_council_25_wards,pending,pending,complete,False,4,,,,,Toronto City Clerk,2026 Municipal Election — Certified Candidates,https://www.toronto.ca/data/elections/candidate_list/councilorCandidates_2026.json,1,
con_368b196a6cf154a88c9f1275824dc99e,evt_27c3a2e636a457f1b1f922774525b74a,toronto_city_council,councillor,dst_1ebfad83fbf45900a012836e069fe964,ward-25,Ward 25 — Scarborough-Rouge Park,toronto_council_25_wards,pending,pending,complete,False,10,,,,,Toronto City Clerk,2026 Municipal Election — Certified Candidates,https://www.toronto.ca/data/elections/candidate_list/councilorCandidates_2026.json,1,
con_cb4eea0a3dc657cc990d4fa53b4ae76f,evt_27c3a2e636a457f1b1f922774525b74a,toronto_city_council,councillor,dst_262b1fe4f5215500ae024ee7e01c0912,ward-12,Ward 12 — Toronto-St. Paul's,toronto_council_25_wards,pending,pending,complete,False,6,,,,,Toronto City Clerk,2026 Municipal Election — Certified Candidates,https://www.toronto.ca/data/elections/candidate_list/councilorCandidates_2026.json,1,
con_419d313f6cfc5451ba26ad4687222e83,evt_27c3a2e636a457f1b1f922774525b74a,toronto_city_council,councillor,dst_458e8491e170588bbf807d32471358de,ward-19,Ward 19 — Beaches-East York,toronto_council_25_wards,pending,pending,complete,False,13,,,,,Toronto City Clerk,2026 Municipal Election — Certified Candidates,https://www.toronto.ca/data/elections/candidate_list/councilorCandidates_2026.json,1,
con_29e8a0598b6d5fe18984bfe68b9d27f7,evt_27c3a2e636a457f1b1f922774525b74a,toronto_city_council,councillor,dst_491164fd0e3a5cdeb806be882bf66569,ward-2,Ward 2 — Etobicoke Centre,toronto_council_25_wards,pending,pending,complete,False,3,,,,,Toronto City Clerk,2026 Municipal Election — Certified Candidates,https://www.toronto.ca/data/elections/candidate_list/councilorCandidates_2026.json,1,
con_5ae0589c69375400b18fd5960241eeac,evt_27c3a2e636a457f1b1f922774525b74a,toronto_city_council,councillor,dst_5c72aa93cccc58429c93ba95b025805f,ward-3,Ward 3 — Etobicoke-Lakeshore,toronto_council_25_wards,pending,pending,complete,False,4,,,,,Toronto City Clerk,2026 Municipal Election — Certified Candidates,https://www.toronto.ca/data/elections/candidate_list/councilorCandidates_2026.json,1,
con_719e754cd3eb5a8abbc6e78d6413ff60,evt_27c3a2e636a457f1b1f922774525b74a,toronto_city_council,councillor,dst_6962e00ba56b58edbaaea7f0f81504f6,ward-7,Ward 7 — Humber River-Black Creek,toronto_council_25_wards,pending,pending,complete,False,3,,,,,Toronto City Clerk,2026 Municipal Election — Certified Candidates,https://www.toronto.ca/data/elections/candidate_list/councilorCandidates_2026.json,1,
con_2bf1297cee4b5750992138d9da3c0dc0,evt_27c3a2e636a457f1b1f922774525b74a,toronto_city_council,councillor,dst_697cda341b945f989c5a4ef65d14e5c1,ward-8,Ward 8 — Eglinton-Lawrence,toronto_council_25_wards,pending,pending,complete,False,6,,,,,Toronto City Clerk,2026 Municipal Election — Certified Candidates,https://www.toronto.ca/data/elections/candidate_list/councilorCandidates_2026.json,1,
con_35fc512b3ae2545fa6ff408778ae144d,evt_27c3a2e636a457f1b1f922774525b74a,toronto_city_council,councillor,dst_6afdd28db1b85bf2a12cbb33b215efb9,ward-4,Ward 4 — Parkdale-High Park,toronto_council_25_wards,pending,pending,complete,False,10,,,,,Toronto City Clerk,2026 Municipal Election — Certified Candidates,https://www.toronto.ca/data/elections/candidate_list/councilorCandidates_2026.json,1,
con_8322c67bf27e5374a4da8de81ef663fc,evt_27c3a2e636a457f1b1f922774525b74a,toronto_city_council,councillor,dst_6ded7539bac459f6805b028fc38406ad,ward-15,Ward 15 — Don Valley West,toronto_council_25_wards,pending,pending,complete,False,3,,,,,Toronto City Clerk,2026 Municipal Election — Certified Candidates,https://www.toronto.ca/data/elections/candidate_list/councilorCandidates_2026.json,1,
con_25f46be8b0a857faa602e39531d4ed0c,evt_27c3a2e636a457f1b1f922774525b74a,toronto_city_council,councillor,dst_9288c6aab4795f139c7675b676e373d5,ward-11,Ward 11 — University-Rosedale,toronto_council_25_wards,pending,pending,complete,False,9,,,,,Toronto City Clerk,2026 Municipal Election — Certified Candidates,https://www.toronto.ca/data/elections/candidate_list/councilorCandidates_2026.json,1,
con_0408bfe48f1059ecbe918aec119f10a3,evt_27c3a2e636a457f1b1f922774525b74a,toronto_city_council,councillor,dst_a32de63331ab5882ba3224ac1457e939,ward-17,Ward 17 — Don Valley North,toronto_council_25_wards,pending,pending,complete,False,7,,,,,Toronto City Clerk,2026 Municipal Election — Certified Candidates,https://www.toronto.ca/data/elections/candidate_list/councilorCandidates_2026.json,1,
con_5394ec9f2261502eb1947c064bfdaf8a,evt_27c3a2e636a457f1b1f922774525b74a,toronto_city_council,councillor,dst_c08cfffa686c5648932189dbec3e91f5,ward-14,Ward 14 — Toronto-Danforth,toronto_council_25_wards,pending,pending,complete,False,18,,,,,Toronto City Clerk,2026 Municipal Election — Certified Candidates,https://www.toronto.ca/data/elections/candidate_list/councilorCandidates_2026.json,1,
con_6efbf1ffbfee5e2cb5f5fab52dd98a91,evt_27c3a2e636a457f1b1f922774525b74a,toronto_city_council,councillor,dst_dffb6fdb0597573ca1a1eb3c1993c269,ward-20,Ward 20 — Scarborough Southwest,toronto_council_25_wards,pending,pending,complete,False,8,,,,,Toronto City Clerk,2026 Municipal Election — Certified Candidates,https://www.toronto.ca/data/elections/candidate_list/councilorCandidates_2026.json,1,
con_f5117910f9d358e48dec8f0fd7c77712,evt_27c3a2e636a457f1b1f922774525b74a,toronto_city_council,councillor,dst_e45c4398760258f785214d7b514aafb1,ward-5,Ward 5 — York South-Weston,toronto_council_25_wards,pending,pending,complete,False,9,,,,,Toronto City Clerk,2026 Municipal Election — Certified Candidates,https://www.toronto.ca/data/elections/candidate_list/councilorCandidates_2026.json,1,
con_4b6815e8c2e155d881aba7f21ad5b69b,evt_27c3a2e636a457f1b1f922774525b74a,toronto_city_council,councillor,dst_e845d931b1485ddfacb056ed66c8b3b9,ward-23,Ward 23 — Scarborough North,toronto_council_25_wards,pending,pending,complete,False,8,,,,,Toronto City Clerk,2026 Municipal Election — Certified Candidates,https://www.toronto.ca/data/elections/candidate_list/councilorCandidates_2026.json,1,
con_bd42720679895e8eb848ffc148979026,evt_27c3a2e636a457f1b1f922774525b74a,toronto_city_council,councillor,dst_ecad4be4655e5612bff68d3d4de3f8e1,ward-18,Ward 18 — Willowdale,toronto_council_25_wards,pending,pending,complete,False,6,,,,,Toronto City Clerk,2026 Municipal Election — Certified Candidates,https://www.toronto.ca/data/elections/candidate_list/councilorCandidates_2026.json,1,
con_14cf7e0c0e4c578d9a2a0777404c36b1,evt_27c3a2e636a457f1b1f922774525b74a,toronto_city_council,councillor,dst_f1bb08a02f0c53efbe59d0a3ec00be31,ward-21,Ward 21 — Scarborough Centre,toronto_council_25_wards,pending,pending,complete,False,11,,,,,Toronto City Clerk,2026 Municipal Election — Certified Candidates,https://www.toronto.ca/data/elections/candidate_list/councilorCandidates_2026.json,1,
con_ced450846b2e53ec8391a1a85ae3e75f,evt_27c3a2e636a457f1b1f922774525b74a,toronto_city_council,councillor,dst_f6f1ed0519d9529797756178682c5516,ward-1,Ward 1 — Etobicoke North,toronto_council_25_wards,pending,pending,complete,False,10,,,,,Toronto City Clerk,2026 Municipal Election — Certified Candidates,https://www.toronto.ca/data/elections/candidate_list/councilorCandidates_2026.json,1,
con_f97200e8b8345e4b844e990437f0b077,evt_27c3a2e636a457f1b1f922774525b74a,toronto_city_council,mayor,dst_1ccc44a766885c22ae1ec045703dfe91,city,City of Toronto,toronto_council_25_wards,pending,pending,complete,False,53,,,,,Toronto City Clerk,2026 Municipal Election — Certified Candidates,https://www.toronto.ca/data/elections/candidate_list/mayorCandidates_2026.json,1,
con_f9efebf18d3353aaa8bfb547888cb8c0,evt_3db5605f67e85c3a988ee6fcbcee0c3b,toronto_district_school_board,trustee,dst_cfdce15e2a2b5285aafe8ce605b54357,21,Ward 21,tdsb-trustee-wards-2014,vote,final,complete,False,20,7826,,,,Toronto City Clerk,Elections — Official By-election Results,https://ckan0.cf.opendata.inter.prod-toronto.ca/dataset/97d72233-8681-4b3d-828e-4929d40d122c/resource/7b83316d-f2a7-4dbe-9b67-08138178c739/download/2016-tdsb-ward-21.xlsx,1,
con_8adca43ff9ce5d0daac685c3f3930acd,evt_46748e0a4d03523eacc3872451cccd25,conseil_scolaire_viamonde,trustee,dst_ad7be9c81b6857b8bcb92b4670733726,3,Ward 3,viamonde-trustee-wards-2022,vote,final,complete,False,7,716,,,,Toronto City Clerk,Elections — Official By-election Results,https://ckan0.cf.opendata.inter.prod-toronto.ca/dataset/97d72233-8681-4b3d-828e-4929d40d122c/resource/ef7e9bbc-71ea-4d89-a412-a9ebad706fd7/download/2023-csv-ward-3-centre-csc-monavenir-ward-4-toronto-est.zip :: 2023_Toronto_Poll_By_Poll_Conseil_scolaire_Viamonde.xlsx,1,
con_713b1959968153d8af4c329a0caa1b82,evt_46748e0a4d03523eacc3872451cccd25,conseil_scolaire_catholique_monavenir,trustee,dst_ade363f00012555bab136bb35280572d,4,Ward 4,monavenir-trustee-wards-2022,vote,final,complete,False,3,209,,,,Toronto City Clerk,Elections — Official By-election Results,https://ckan0.cf.opendata.inter.prod-toronto.ca/dataset/97d72233-8681-4b3d-828e-4929d40d122c/resource/ef7e9bbc-71ea-4d89-a412-a9ebad706fd7/download/2023-csv-ward-3-centre-csc-monavenir-ward-4-toronto-est.zip :: 2023_Toronto_Poll_By_Poll_Conseil_scolaire_catholique_MonAvenir.xlsx,1,
con_53468b4ee3c7510aba4d708f584951a9,evt_50c15fe55fa753fba75abfada8da3c38,toronto_city_council,councillor,dst_0f93f253dfbb539ab9479b9040f2574b,ward-22,Ward 22 — Scarborough-Agincourt,toronto_council_25_wards,vote,final,complete,False,27,12088,66042,12102,composite_municipal_ballot,Toronto City Clerk,Elections — Official By-election Results,data/raw/byelection/2021-councillor-ward-22-scarborough-agincourt-1.xlsx,1,0.18324702462069592
con_622c2ee026875ae4ac60200b1559e8f6,evt_54673fd104ab5ef08eb865e162ac040c,toronto_city_council,councillor,dst_0c7514aa1b09538184e94ea59745d5e1,ward-2,Ward 2,toronto_council_44_wards,vote,final,complete,False,14,19793,37799,20305,composite_municipal_ballot,Toronto City Clerk,Elections — Official Results,data/interim/results/2014/COUNCILLOR.xls,1,0.5371835233736342
con_0dc4d6b99efa5f32a8f36b24d080bb2d,evt_54673fd104ab5ef08eb865e162ac040c,toronto_city_council,councillor,dst_0d7e9e08fea05cf28d47a0f262ad8f3f,ward-7,Ward 7,toronto_council_44_wards,vote,final,complete,False,8,14793,32164,15495,composite_municipal_ballot,Toronto City Clerk,Elections — Official Results,data/interim/results/2014/COUNCILLOR.xls,1,0.48174978236537747
con_4e3ebb6b13cb5d2396519f9df6fbdf4b,evt_54673fd104ab5ef08eb865e162ac040c,toronto_city_council,councillor,dst_1b5001335c0158b28e0c461fc8d32fd5,ward-43,Ward 43,toronto_council_44_wards,vote,final,complete,False,5,16627,34988,17839,composite_municipal_ballot,Toronto City Clerk,Elections — Official Results,data/interim/results/2014/COUNCILLOR.xls,1,0.5098605236080942
con_1e16e8a3edc55c77847b36d881fb8fe7,evt_54673fd104ab5ef08eb865e162ac040c,toronto_city_council,councillor,dst_2aa643147fbb50b881bb6298e0f13436,ward-37,Ward 37,toronto_council_44_wards,vote,final,complete,False,3,20221,41557,21413,composite_municipal_ballot,Toronto City Clerk,Elections — Official Results,data/interim/results/2014/COUNCILLOR.xls,1,0.5152681858651972
con_d61412ebefff5d2b8bc9183244150abf,evt_54673fd104ab5ef08eb865e162ac040c,toronto_city_council,councillor,dst_31b0d3246c42553fa0cefe70cff58cf4,ward-25,Ward 25,toronto_council_44_wards,vote,final,complete,False,5,22905,41545,25056,composite_municipal_ballot,Toronto City Clerk,Elections — Official Results,data/interim/results/2014/COUNCILLOR.xls,1,0.6031050667950415
con_6629fd920f2b5a8d9b7959fafdd04a1a,evt_54673fd104ab5ef08eb865e162ac040c,toronto_city_council,councillor,dst_329ba69c22385385882d1cb28a72bd3b,ward-32,Ward 32,toronto_council_44_wards,vote,final,complete,False,12,25875,43357,27273,composite_municipal_ballot,Toronto City Clerk,Elections — Official Results,data/interim/results/2014/COUNCILLOR.xls,1,0.62903337408031
con_b592d84a34965294a78c84c50bab4ddb,evt_54673fd104ab5ef08eb865e162ac040c,toronto_city_council,councillor,dst_37dc3c9d918c5bf7a3d55d4188015db0,ward-36,Ward 36,toronto_council_44_wards,vote,final,complete,False,8,20515,38147,21766,composite_municipal_ballot,Toronto City Clerk,Elections — Official Results,data/interim/results/2014/COUNCILLOR.xls,1,0.5705822214066637
con_2cf721e86d7a55de8cf53a0ae3f6413c,evt_54673fd104ab5ef08eb865e162ac040c,toronto_city_council,councillor,dst_388c245b76105b2ab99da1f16784e7b8,ward-8,Ward 8,toronto_council_44_wards,vote,final,complete,False,6,12244,27651,12980,composite_municipal_ballot,Toronto City Clerk,Elections — Official Results,data/interim/results/2014/COUNCILLOR.xls,1,0.4694224440345738
con_643801dc921651c3a1ef5d96772fb13d,evt_54673fd104ab5ef08eb865e162ac040c,toronto_city_council,councillor,dst_3b4e2345db0d588992443168b5ca4a7b,ward-21,Ward 21,toronto_council_44_wards,vote,final,complete,False,4,20462,37517,22339,composite_municipal_ballot,Toronto City Clerk,Elections — Official Results,data/interim/results/2014/COUNCILLOR.xls,1,0.5954367353466429
con_2f43675e2c5c59b796fafde036252ed1,evt_54673fd104ab5ef08eb865e162ac040c,toronto_city_council,councillor,dst_3c9bf8c508835550a695467bd818fd5e,ward-29,Ward 29,toronto_council_44_wards,vote,final,complete,False,6,20059,34945,20965,composite_municipal_ballot,Toronto City Clerk,Elections — Official Results,data/interim/results/2014/COUNCILLOR.xls,1,0.5999427672056088
con_c8a9dfe07ee5545eb20e21d12773c57e,evt_54673fd104ab5ef08eb865e162ac040c,toronto_city_council,councillor,dst_48f26a0b1b85566c934f7ab1a668978d,ward-38,Ward 38,toronto_council_44_wards,vote,final,complete,False,11,19595,40975,20849,composite_municipal_ballot,Toronto City Clerk,Elections — Official Results,data/interim/results/2014/COUNCILLOR.xls,1,0.5088224527150702
con_636fab9611ed540ebff54ad772a1827d,evt_54673fd104ab5ef08eb865e162ac040c,toronto_city_council,councillor,dst_49374cc451b65963a30ef206383a4114,ward-26,Ward 26,toronto_council_44_wards,vote,final,complete,False,6,22034,39989,22942,composite_municipal_ballot,Toronto City Clerk,Elections — Official Results,data/interim/results/2014/COUNCILLOR.xls,1,0.57370776963665
con_d5af05a065045bf9adaf30847252c957,evt_54673fd104ab5ef08eb865e162ac040c,toronto_city_council,councillor,dst_49a6ee138ca85b318452ec2f5c1befd3,ward-28,Ward 28,toronto_council_44_wards,vote,final,complete,False,14,25173,52366,28096,composite_municipal_ballot,Toronto City Clerk,Elections — Official Results,data/interim/results/2014/COUNCILLOR.xls,1,0.5365313371271435
con_5c8144ae39615a3189a3691c99c5ea4e,evt_54673fd104ab5ef08eb865e162ac040c,toronto_city_council,councillor,dst_5c19646c134d58c5b8859bba3379c5e7,ward-1,Ward 1,toronto_council_44_wards,vote,final,complete,False,12,16039,33948,16848,composite_municipal_ballot,Toronto City Clerk,Elections — Official Results,data/interim/results/2014/COUNCILLOR.xls,1,0.49628844114528103
con_17f69fde16cb514bb16fb6e361c07fff,evt_54673fd104ab5ef08eb865e162ac040c,toronto_city_council,councillor,dst_5f3aaa13834b5789bb51c95425758d51,ward-15,Ward 15,toronto_council_44_wards,vote,final,complete,False,5,19592,40598,20868,composite_municipal_ballot,Toronto City Clerk,Elections — Official Results,data/interim/results/2014/COUNCILLOR.xls,1,0.5140154687423025
con_222bdce34cf75bbeb159589e8f46045b,evt_54673fd104ab5ef08eb865e162ac040c,toronto_city_council,councillor,dst_65a81c104a8c5c0194e7fee5f09545d3,ward-42,Ward 42,toronto_council_44_wards,vote,final,complete,False,11,23793,47256,24560,composite_municipal_ballot,Toronto City Clerk,Elections — Official Results,data/interim/results/2014/COUNCILLOR.xls,1,0.5197223632977823
con_f59fe6995c8b528dbd3cbfbb5c3277c8,evt_54673fd104ab5ef08eb865e162ac040c,toronto_city_council,councillor,dst_6dbcacb473285d91bc3f4bd0e06d4d63,ward-18,Ward 18,toronto_council_44_wards,vote,final,complete,False,12,19207,37360,20185,composite_municipal_ballot,Toronto City Clerk,Elections — Official Results,data/interim/results/2014/COUNCILLOR.xls,1,0.5402837259100642
con_e2f423965407516280c8b3af41b9f5cf,evt_54673fd104ab5ef08eb865e162ac040c,toronto_city_council,councillor,dst_70f47265fe9155489a0e1f3af81f7a94,ward-24,Ward 24,toronto_council_44_wards,vote,final,complete,False,5,19423,41620,21288,composite_municipal_ballot,Toronto City Clerk,Elections — Official Results,data/interim/results/2014/COUNCILLOR.xls,1,0.5114848630466122
con_e3f1226fd27e5ec6bf5d96a8439cc26a,evt_54673fd104ab5ef08eb865e162ac040c,toronto_city_council,councillor,dst_75067961943e50e7bc3befec65166ee1,ward-40,Ward 40,toronto_council_44_wards,vote,final,complete,False,3,18672,39919,19897,composite_municipal_ballot,Toronto City Clerk,Elections — Official Results,data/interim/results/2014/COUNCILLOR.xls,1,0.49843432951727246
con_7d07021e53b35a609a75560232a15fd1,evt_54673fd104ab5ef08eb865e162ac040c,toronto_city_council,councillor,dst_837f66e6bedf5a759e23b36ee0594137,ward-10,Ward 10,toronto_council_44_wards,vote,final,complete,False,6,19353,40825,20661,composite_municipal_ballot,Toronto City Clerk,Elections — Official Results,data/interim/results/2014/COUNCILLOR.xls,1,0.5060869565217392
con_639f022801275cedb8f9b4fe82711ae3,evt_54673fd104ab5ef08eb865e162ac040c,toronto_city_council,councillor,dst_839fe99c6fcd5019b4848ab42a1f25e0,ward-31,Ward 31,toronto_council_44_wards,vote,final,complete,False,9,20546,36847,21399,composite_municipal_ballot,Toronto City Clerk,Elections — Official Results,data/interim/results/2014/COUNCILLOR.xls,1,0.5807528428365946
con_350f0c58a79a574d926206857445b2d9,evt_54673fd104ab5ef08eb865e162ac040c,toronto_city_council,councillor,dst_87d79f1462925e15ab3b2530ba681b50,ward-39,Ward 39,toronto_council_44_wards,vote,final,complete,False,9,16277,34308,16941,composite_municipal_ballot,Toronto City Clerk,Elections — Official Results,data/interim/results/2014/COUNCILLOR.xls,1,0.49379153550192373
con_5161ebd9ab2b5c55bfcd6eef433082c9,evt_54673fd104ab5ef08eb865e162ac040c,toronto_city_council,councillor,dst_91f46887d24056d4b7ca558724be9305,ward-14,Ward 14,toronto_council_44_wards,vote,final,complete,False,6,21133,42393,22748,composite_municipal_ballot,Toronto City Clerk,Elections — Official Results,data/interim/results/2014/COUNCILLOR.xls,1,0.5365980232585569
con_4e432b136b83537fb08e7e8485f4949c,evt_54673fd104ab5ef08eb865e162ac040c,toronto_city_council,councillor,dst_9203cbbfeedb5dc2a34e5767ba3dfc5d,ward-44,Ward 44,toronto_council_44_wards,vote,final,complete,False,15,24934,45560,25813,composite_municipal_ballot,Toronto City Clerk,Elections — Official Results,data/interim/results/2014/COUNCILLOR.xls,1,0.5665715539947322
con_82f64d71deda5204bf8ba5ab710c21e6,evt_54673fd104ab5ef08eb865e162ac040c,toronto_city_council,councillor,dst_93654977fd595afda3b103483ea4f59e,ward-41,Ward 41,toronto_council_44_wards,vote,final,complete,False,5,19097,42844,20364,composite_municipal_ballot,Toronto City Clerk,Elections — Official Results,data/interim/results/2014/COUNCILLOR.xls,1,0.4753057604331995
con_fed30965855757d399c6acfbd6e6d4f4,evt_54673fd104ab5ef08eb865e162ac040c,toronto_city_council,councillor,dst_9613494c01b95010bd5287ef1669e3c3,ward-11,Ward 11,toronto_council_44_wards,vote,final,complete,False,3,18506,40084,20057,composite_municipal_ballot,Toronto City Clerk,Elections — Official Results,data/interim/results/2014/COUNCILLOR.xls,1,0.5003742141502844
con_b123ac953da1590ebb8bca29f5eb3bdc,evt_54673fd104ab5ef08eb865e162ac040c,toronto_city_council,councillor,dst_9a2b60e0545d5eba9361d07a574fe57e,ward-17,Ward 17,toronto_council_44_wards,vote,final,complete,False,4,17935,35617,18514,composite_municipal_ballot,Toronto City Clerk,Elections — Official Results,data/interim/results/2014/COUNCILLOR.xls,1,0.5198079568745262
con_e8f16f1721ce5517977fa5bc1f660248,evt_54673fd104ab5ef08eb865e162ac040c,toronto_city_council,councillor,dst_a4d41f4016cf53f6b3565eb145e14fc6,ward-16,Ward 16,toronto_council_44_wards,vote,final,complete,False,16,22723,38684,24286,composite_municipal_ballot,Toronto City Clerk,Elections — Official Results,data/interim/results/2014/COUNCILLOR.xls,1,0.6278047771688553
con_54d4d8b5d91f5df5ba8bfdf9c61296af,evt_54673fd104ab5ef08eb865e162ac040c,toronto_city_council,councillor,dst_adf63b57f77c58829d8e38b24d68ac03,ward-3,Ward 3,toronto_council_44_wards,vote,final,complete,False,10,22119,39824,23113,composite_municipal_ballot,Toronto City Clerk,Elections — Official Results,data/interim/results/2014/COUNCILLOR.xls,1,0.5803786661309763
con_5cb64f68c501559d960b05fb29843745,evt_54673fd104ab5ef08eb865e162ac040c,toronto_city_council,councillor,dst_bfe0a089e5f957399386ea186d3306ac,ward-5,Ward 5,toronto_council_44_wards,vote,final,complete,False,9,28342,50693,30085,composite_municipal_ballot,Toronto City Clerk,Elections — Official Results,data/interim/results/2014/COUNCILLOR.xls,1,0.5934744442033417
con_c4de914fc9f15a3cab65125ee118d9c8,evt_54673fd104ab5ef08eb865e162ac040c,toronto_city_council,councillor,dst_c54d7cc2856d5e38bc39e904803b5e87,ward-19,Ward 19,toronto_council_44_wards,vote,final,complete,False,4,25117,49764,27290,composite_municipal_ballot,Toronto City Clerk,Elections — Official Results,data/interim/results/2014/COUNCILLOR.xls,1,0.5483883932159794
con_13660de4bc485cc68e0744199d21cb46,evt_54673fd104ab5ef08eb865e162ac040c,toronto_city_council,councillor,dst_cadba85ade8a575b894e47378c335a90,ward-27,Ward 27,toronto_council_44_wards,vote,final,complete,False,10,31495,63865,35397,composite_municipal_ballot,Toronto City Clerk,Elections — Official Results,data/interim/results/2014/COUNCILLOR.xls,1,0.5542472402724496
con_79a0aa63063d5dd6a5a2ed28c29ecec1,evt_54673fd104ab5ef08eb865e162ac040c,toronto_city_council,councillor,dst_cb8f4d514c36567389345a10287e90a0,ward-23,Ward 23,toronto_council_44_wards,vote,final,complete,False,6,25459,54783,27031,composite_municipal_ballot,Toronto City Clerk,Elections — Official Results,data/interim/results/2014/COUNCILLOR.xls,1,0.49341949144807695
con_7acbde45d7355dbeb5327c8eff9039ed,evt_54673fd104ab5ef08eb865e162ac040c,toronto_city_council,councillor,dst_cbc5fa1093f05782bf1df8718d039d95,ward-4,Ward 4,toronto_council_44_wards,vote,final,complete,False,10,23886,41184,25259,composite_municipal_ballot,Toronto City Clerk,Elections — Official Results,data/interim/results/2014/COUNCILLOR.xls,1,0.6133207070707071
con_59bfad1b37305c63a378a4614deb11ae,evt_54673fd104ab5ef08eb865e162ac040c,toronto_city_council,councillor,dst_d2fdd91105a954ff92061f42e11db647,ward-35,Ward 35,toronto_council_44_wards,vote,final,complete,False,9,18845,38985,20154,composite_municipal_ballot,Toronto City Clerk,Elections — Official Results,data/interim/results/2014/COUNCILLOR.xls,1,0.5169680646402462
con_d8e03f953ae157089237a1febc263587,evt_54673fd104ab5ef08eb865e162ac040c,toronto_city_council,councillor,dst_d3b1245f009c5cb48950c9825eb219ee,ward-34,Ward 34,toronto_council_44_wards,vote,final,complete,False,6,18529,37986,19735,composite_municipal_ballot,Toronto City Clerk,Elections — Official Results,data/interim/results/2014/COUNCILLOR.xls,1,0.519533512346654
con_a3ad5138021a51309ade19f0cbc4ebe1,evt_54673fd104ab5ef08eb865e162ac040c,toronto_city_council,councillor,dst_d3c79eda632d5af2beb7343ee879dff7,ward-20,Ward 20,toronto_council_44_wards,vote,final,complete,False,22,29709,65664,32846,composite_municipal_ballot,Toronto City Clerk,Elections — Official Results,data/interim/results/2014/COUNCILLOR.xls,1,0.5002132066276803
con_c57f0385335559e696305e7d4e632b40,evt_54673fd104ab5ef08eb865e162ac040c,toronto_city_council,councillor,dst_d6f718dc7baf5a049ce2db0a4fb65974,ward-33,Ward 33,toronto_council_44_wards,vote,final,complete,False,5,16119,34550,17291,composite_municipal_ballot,Toronto City Clerk,Elections — Official Results,data/interim/results/2014/COUNCILLOR.xls,1,0.5004630969609262
con_004711e5bbda5d169a7774d906befd21,evt_54673fd104ab5ef08eb865e162ac040c,toronto_city_council,councillor,dst_d74a992f3f3e5403b0f18e278453428c,ward-9,Ward 9,toronto_council_44_wards,vote,final,complete,False,6,14910,29772,15446,composite_municipal_ballot,Toronto City Clerk,Elections — Official Results,data/interim/results/2014/COUNCILLOR.xls,1,0.5188096197769716
con_e230d66a67245cd08a806de4208d288b,evt_54673fd104ab5ef08eb865e162ac040c,toronto_city_council,councillor,dst_db2a1e74395b5a2495c8e09b2b657457,ward-12,Ward 12,toronto_council_44_wards,vote,final,complete,False,4,16513,34481,17286,composite_municipal_ballot,Toronto City Clerk,Elections — Official Results,data/interim/results/2014/COUNCILLOR.xls,1,0.5013195672979321
con_6c708130eaa15c9080cc3cd3a207f63b,evt_54673fd104ab5ef08eb865e162ac040c,toronto_city_council,councillor,dst_e85e355506d7551fb2e7a7e39706bb85,ward-30,Ward 30,toronto_council_44_wards,vote,final,complete,False,6,24025,41190,25042,composite_municipal_ballot,Toronto City Clerk,Elections — Official Results,data/interim/results/2014/COUNCILLOR.xls,1,0.6079630978392814
con_7ee43d0beaab558c9788d151bbd8d067,evt_54673fd104ab5ef08eb865e162ac040c,toronto_city_council,councillor,dst_ea407e9a03df5ef2bee0d7950b9d2b8f,ward-13,Ward 13,toronto_council_44_wards,vote,final,complete,False,12,24691,42769,26645,composite_municipal_ballot,Toronto City Clerk,Elections — Official Results,data/interim/results/2014/COUNCILLOR.xls,1,0.6229979658163624
con_2d92299c561559d99eccb92c22f4eb47,evt_54673fd104ab5ef08eb865e162ac040c,toronto_city_council,councillor,dst_ed645d04bcf55406ba30df00b1b967c9,ward-22,Ward 22,toronto_council_44_wards,vote,final,complete,False,4,28259,50891,30837,composite_municipal_ballot,Toronto City Clerk,Elections — Official Results,data/interim/results/2014/COUNCILLOR.xls,1,0.6059421115717907
con_5babda81dd6351a28a423340a03b5d8a,evt_54673fd104ab5ef08eb865e162ac040c,toronto_city_council,councillor,dst_fdb0ec21f126579eb091e27d38a9b9c8,ward-6,Ward 6,toronto_council_44_wards,vote,final,complete,False,12,25792,47506,26550,composite_municipal_ballot,Toronto City Clerk,Elections — Official Results,data/interim/results/2014/COUNCILLOR.xls,1,0.5588767734601945
con_9250eb2b2609550597520e68352ac56a,evt_54673fd104ab5ef08eb865e162ac040c,toronto_city_council,mayor,dst_269ebab087895e5790e71568164f1865,city,City of Toronto,toronto_council_44_wards,vote,final,complete,False,65,981054,1824770,991754,composite_municipal_ballot,Toronto City Clerk,Elections — Official Results,data/interim/results/2014/MAYOR.xls,1,0.5434953446187739
con_d61d176d7ca759ffb46af71f03b93971,evt_54673fd104ab5ef08eb865e162ac040c,toronto_district_school_board,trustee,dst_03ded61ea40c5063ba7ab45d5a9474b6,4,Ward 4,tdsb-trustee-wards-2014,vote,final,complete,False,8,16505,,,,Toronto City Clerk,Elections — Official Results,https://ckan0.cf.opendata.inter.prod-toronto.ca/dataset/96d35404-44d9-49d8-95bb-fb1e5489240d/resource/d59b5a52-33c3-4380-a136-82707e4d9aae/download/2014-results.zip :: TORONTO DISTRICT SCHOOL BOARD.xls,1,
con_46ac8611300d5b0d89d913954e7d7c5f,evt_54673fd104ab5ef08eb865e162ac040c,conseil_scolaire_viamonde,trustee,dst_0be2c8d45353560594a00fef33986b3d,4,Ward 4,viamonde-trustee-wards-2014,acclamation,final,complete,True,1,,,,,Toronto City Clerk,Elections — Official Results,https://www.toronto.ca/wp-content/uploads/2017/08/9757-election-2014-declaration-trustee-ward4.pdf,1,
con_df1051c606fa518a96dec8f85519bd03,evt_54673fd104ab5ef08eb865e162ac040c,conseil_scolaire_catholique_monavenir,trustee,dst_118cfbe0c70e58ad99d5110745822660,3,Ward 3,monavenir-trustee-wards-2014,vote,final,complete,False,3,2345,,,,Toronto City Clerk,Elections — Official Results,https://ckan0.cf.opendata.inter.prod-toronto.ca/dataset/96d35404-44d9-49d8-95bb-fb1e5489240d/resource/d59b5a52-33c3-4380-a136-82707e4d9aae/download/2014-results.zip :: CONSEIL SCOLAIRE DE DISTRICT CATHOLIQUE CENTRE-SUD.xls,1,
con_ff29de586e925fffb545bf968f49c7ab,evt_54673fd104ab5ef08eb865e162ac040c,toronto_catholic_district_school_board,trustee,dst_1267e70517aa5d7c98f7f9be086ab913,8,Ward 8,tcdsb-trustee-wards-2014,vote,final,complete,False,3,13407,,,,Toronto City Clerk,Elections — Official Results,https://ckan0.cf.opendata.inter.prod-toronto.ca/dataset/96d35404-44d9-49d8-95bb-fb1e5489240d/resource/d59b5a52-33c3-4380-a136-82707e4d9aae/download/2014-results.zip :: TORONTO CATHOLIC DISTRICT SCHOOL BOARD.xls,1,
con_d0f0e5a84f16580e86708bac368f65fd,evt_54673fd104ab5ef08eb865e162ac040c,toronto_district_school_board,trustee,dst_156111bdc1cb56e2a273acee5b74ac32,15,Ward 15,tdsb-trustee-wards-2014,vote,final,complete,False,5,36356,,,,Toronto City Clerk,Elections — Official Results,https://ckan0.cf.opendata.inter.prod-toronto.ca/dataset/96d35404-44d9-49d8-95bb-fb1e5489240d/resource/d59b5a52-33c3-4380-a136-82707e4d9aae/download/2014-results.zip :: TORONTO DISTRICT SCHOOL BOARD.xls,1,
con_22422b52068a59d39a39359ca381a3bd,evt_54673fd104ab5ef08eb865e162ac040c,toronto_catholic_district_school_board,trustee,dst_21fea5f3e5ea5e29a576e279748254af,10,Ward 10,tcdsb-trustee-wards-2014,vote,final,complete,False,3,10048,,,,Toronto City Clerk,Elections — Official Results,https://ckan0.cf.opendata.inter.prod-toronto.ca/dataset/96d35404-44d9-49d8-95bb-fb1e5489240d/resource/d59b5a52-33c3-4380-a136-82707e4d9aae/download/2014-results.zip :: TORONTO CATHOLIC DISTRICT SCHOOL BOARD.xls,1,
con_65f2edcd86b25849b76ebec989f51c53,evt_54673fd104ab5ef08eb865e162ac040c,toronto_district_school_board,trustee,dst_22040ef8a64c5e809d8de738abd9e65e,16,Ward 16,tdsb-trustee-wards-2014,vote,final,complete,False,4,35410,,,,Toronto City Clerk,Elections — Official Results,https://ckan0.cf.opendata.inter.prod-toronto.ca/dataset/96d35404-44d9-49d8-95bb-fb1e5489240d/resource/d59b5a52-33c3-4380-a136-82707e4d9aae/download/2014-results.zip :: TORONTO DISTRICT SCHOOL BOARD.xls,1,
con_7f9d982e792d51cda4b7b2e1322714f5,evt_54673fd104ab5ef08eb865e162ac040c,toronto_district_school_board,trustee,dst_32978f3babaa501fbb188825f43b7a60,10,Ward 10,tdsb-trustee-wards-2014,vote,final,complete,False,9,40476,,,,Toronto City Clerk,Elections — Official Results,https://ckan0.cf.opendata.inter.prod-toronto.ca/dataset/96d35404-44d9-49d8-95bb-fb1e5489240d/resource/d59b5a52-33c3-4380-a136-82707e4d9aae/download/2014-results.zip :: TORONTO DISTRICT SCHOOL BOARD.xls,1,
con_8676fdcbf3be54d18f21388390a466ec,evt_54673fd104ab5ef08eb865e162ac040c,toronto_district_school_board,trustee,dst_48b817a35e135d219eb2fe725f266439,7,Ward 7,tdsb-trustee-wards-2014,vote,final,complete,False,7,33852,,,,Toronto City Clerk,Elections — Official Results,https://ckan0.cf.opendata.inter.prod-toronto.ca/dataset/96d35404-44d9-49d8-95bb-fb1e5489240d/resource/d59b5a52-33c3-4380-a136-82707e4d9aae/download/2014-results.zip :: TORONTO DISTRICT SCHOOL BOARD.xls,1,
con_081a27297d445ac58d297e5ca827acb5,evt_54673fd104ab5ef08eb865e162ac040c,toronto_district_school_board,trustee,dst_4bccc80038555342bc3a8621457dbf54,8,Ward 8,tdsb-trustee-wards-2014,vote,final,complete,False,5,28263,,,,Toronto City Clerk,Elections — Official Results,https://ckan0.cf.opendata.inter.prod-toronto.ca/dataset/96d35404-44d9-49d8-95bb-fb1e5489240d/resource/d59b5a52-33c3-4380-a136-82707e4d9aae/download/2014-results.zip :: TORONTO DISTRICT SCHOOL BOARD.xls,1,
con_897c83adae0a59ef911678814d4b10ad,evt_54673fd104ab5ef08eb865e162ac040c,toronto_district_school_board,trustee,dst_58606160f4c5579da33169b97eacb26a,3,Ward 3,tdsb-trustee-wards-2014,vote,final,complete,False,3,33677,,,,Toronto City Clerk,Elections — Official Results,https://ckan0.cf.opendata.inter.prod-toronto.ca/dataset/96d35404-44d9-49d8-95bb-fb1e5489240d/resource/d59b5a52-33c3-4380-a136-82707e4d9aae/download/2014-results.zip :: TORONTO DISTRICT SCHOOL BOARD.xls,1,
con_eb6cb335d71a506c8ce76db2f9df8c13,evt_54673fd104ab5ef08eb865e162ac040c,toronto_district_school_board,trustee,dst_5bae33493efb536fbbcb357dae453333,19,Ward 19,tdsb-trustee-wards-2014,vote,final,complete,False,7,29660,,,,Toronto City Clerk,Elections — Official Results,https://ckan0.cf.opendata.inter.prod-toronto.ca/dataset/96d35404-44d9-49d8-95bb-fb1e5489240d/resource/d59b5a52-33c3-4380-a136-82707e4d9aae/download/2014-results.zip :: TORONTO DISTRICT SCHOOL BOARD.xls,1,
con_3641aaa625dc5b858d650ecf59d3dc5e,evt_54673fd104ab5ef08eb865e162ac040c,toronto_catholic_district_school_board,trustee,dst_65e9f441732e5f19aeb40670564be082,5,Ward 5,tcdsb-trustee-wards-2014,vote,final,complete,False,5,14263,,,,Toronto City Clerk,Elections — Official Results,https://ckan0.cf.opendata.inter.prod-toronto.ca/dataset/96d35404-44d9-49d8-95bb-fb1e5489240d/resource/d59b5a52-33c3-4380-a136-82707e4d9aae/download/2014-results.zip :: TORONTO CATHOLIC DISTRICT SCHOOL BOARD.xls,1,
con_8a424534a404568183898e3b497ab5f5,evt_54673fd104ab5ef08eb865e162ac040c,toronto_district_school_board,trustee,dst_6e356537aeb9573390f8115bdffe9f64,2,Ward 2,tdsb-trustee-wards-2014,vote,final,complete,False,4,27271,,,,Toronto City Clerk,Elections — Official Results,https://ckan0.cf.opendata.inter.prod-toronto.ca/dataset/96d35404-44d9-49d8-95bb-fb1e5489240d/resource/d59b5a52-33c3-4380-a136-82707e4d9aae/download/2014-results.zip :: TORONTO DISTRICT SCHOOL BOARD.xls,1,
con_9fb0bdabfef25c2d9ca1318291339a68,evt_54673fd104ab5ef08eb865e162ac040c,toronto_catholic_district_school_board,trustee,dst_85214e3be93350a89333c58eacc485c4,12,Ward 12,tcdsb-trustee-wards-2014,vote,final,complete,False,5,14315,,,,Toronto City Clerk,Elections — Official Results,https://ckan0.cf.opendata.inter.prod-toronto.ca/dataset/96d35404-44d9-49d8-95bb-fb1e5489240d/resource/d59b5a52-33c3-4380-a136-82707e4d9aae/download/2014-results.zip :: TORONTO CATHOLIC DISTRICT SCHOOL BOARD.xls,1,
con_c06da37ce86551fea856d942e0af1163,evt_54673fd104ab5ef08eb865e162ac040c,toronto_district_school_board,trustee,dst_8f33fc473822520598b9de6464be15a0,1,Ward 1,tdsb-trustee-wards-2014,vote,final,complete,False,8,24030,,,,Toronto City Clerk,Elections — Official Results,https://ckan0.cf.opendata.inter.prod-toronto.ca/dataset/96d35404-44d9-49d8-95bb-fb1e5489240d/resource/d59b5a52-33c3-4380-a136-82707e4d9aae/download/2014-results.zip :: TORONTO DISTRICT SCHOOL BOARD.xls,1,
con_ae0f5b21eb1959cd9174ab164fd1030e,evt_54673fd104ab5ef08eb865e162ac040c,toronto_district_school_board,trustee,dst_9c9a56d85ea8577fae1d99a5ec963f62,22,Ward 22,tdsb-trustee-wards-2014,vote,final,complete,False,5,29443,,,,Toronto City Clerk,Elections — Official Results,https://ckan0.cf.opendata.inter.prod-toronto.ca/dataset/96d35404-44d9-49d8-95bb-fb1e5489240d/resource/d59b5a52-33c3-4380-a136-82707e4d9aae/download/2014-results.zip :: TORONTO DISTRICT SCHOOL BOARD.xls,1,
con_8ba130398b92549fb8c229a95f45166f,evt_54673fd104ab5ef08eb865e162ac040c,toronto_catholic_district_school_board,trustee,dst_9f747b34653752cd88bca183a41762af,6,Ward 6,tcdsb-trustee-wards-2014,vote,final,complete,False,2,11622,,,,Toronto City Clerk,Elections — Official Results,https://ckan0.cf.opendata.inter.prod-toronto.ca/dataset/96d35404-44d9-49d8-95bb-fb1e5489240d/resource/d59b5a52-33c3-4380-a136-82707e4d9aae/download/2014-results.zip :: TORONTO CATHOLIC DISTRICT SCHOOL BOARD.xls,1,
con_1de8792e54b6567b94547ea8ff49cc38,evt_54673fd104ab5ef08eb865e162ac040c,conseil_scolaire_viamonde,trustee,dst_a0239b12e41b543d8db9beed51d915dd,2,Ward 2,viamonde-trustee-wards-2014,vote,final,complete,False,4,1623,,,,Toronto City Clerk,Elections — Official Results,https://ckan0.cf.opendata.inter.prod-toronto.ca/dataset/96d35404-44d9-49d8-95bb-fb1e5489240d/resource/d59b5a52-33c3-4380-a136-82707e4d9aae/download/2014-results.zip :: CONSEIL SCOLAIRE VIAMONDE.xls,1,
con_bf36b8ecccf759b3a7cb83324c1ce6b7,evt_54673fd104ab5ef08eb865e162ac040c,conseil_scolaire_catholique_monavenir,trustee,dst_a66d87605eb65d028513a9e79795459e,4,Ward 4,monavenir-trustee-wards-2014,vote,final,complete,False,3,1886,,,,Toronto City Clerk,Elections — Official Results,https://ckan0.cf.opendata.inter.prod-toronto.ca/dataset/96d35404-44d9-49d8-95bb-fb1e5489240d/resource/d59b5a52-33c3-4380-a136-82707e4d9aae/download/2014-results.zip :: CONSEIL SCOLAIRE DE DISTRICT CATHOLIQUE CENTRE-SUD.xls,1,
con_d7f76bf49adf50088ea62d26ece3a55b,evt_54673fd104ab5ef08eb865e162ac040c,toronto_district_school_board,trustee,dst_aab7340d534156c992ce1b6b71e38fda,20,Ward 20,tdsb-trustee-wards-2014,vote,final,complete,False,4,27052,,,,Toronto City Clerk,Elections — Official Results,https://ckan0.cf.opendata.inter.prod-toronto.ca/dataset/96d35404-44d9-49d8-95bb-fb1e5489240d/resource/d59b5a52-33c3-4380-a136-82707e4d9aae/download/2014-results.zip :: TORONTO DISTRICT SCHOOL BOARD.xls,1,
con_4d74f2d463ce5fe88a71f904054759a2,evt_54673fd104ab5ef08eb865e162ac040c,toronto_catholic_district_school_board,trustee,dst_abd8240c48d75ca8b67b97355637cead,11,Ward 11,tcdsb-trustee-wards-2014,vote,final,complete,False,4,16831,,,,Toronto City Clerk,Elections — Official Results,https://ckan0.cf.opendata.inter.prod-toronto.ca/dataset/96d35404-44d9-49d8-95bb-fb1e5489240d/resource/d59b5a52-33c3-4380-a136-82707e4d9aae/download/2014-results.zip :: TORONTO CATHOLIC DISTRICT SCHOOL BOARD.xls,1,
con_6cfccfac7d7c5449a7e86feb2e7a0a9c,evt_54673fd104ab5ef08eb865e162ac040c,toronto_catholic_district_school_board,trustee,dst_afa2b2f47cc35443980c478e5ae8a3ed,9,Ward 9,tcdsb-trustee-wards-2014,vote,final,complete,False,3,14033,,,,Toronto City Clerk,Elections — Official Results,https://ckan0.cf.opendata.inter.prod-toronto.ca/dataset/96d35404-44d9-49d8-95bb-fb1e5489240d/resource/d59b5a52-33c3-4380-a136-82707e4d9aae/download/2014-results.zip :: TORONTO CATHOLIC DISTRICT SCHOOL BOARD.xls,1,
con_4f37b3a129da5d8785741772198ceb05,evt_54673fd104ab5ef08eb865e162ac040c,conseil_scolaire_viamonde,trustee,dst_b015731693da57e1a6084c1ad35b9df7,3,Ward 3,viamonde-trustee-wards-2014,vote,final,complete,False,3,2198,,,,Toronto City Clerk,Elections — Official Results,https://ckan0.cf.opendata.inter.prod-toronto.ca/dataset/96d35404-44d9-49d8-95bb-fb1e5489240d/resource/d59b5a52-33c3-4380-a136-82707e4d9aae/download/2014-results.zip :: CONSEIL SCOLAIRE VIAMONDE.xls,1,
con_5b36baa8bb035ccc80a568a996b42c32,evt_54673fd104ab5ef08eb865e162ac040c,toronto_catholic_district_school_board,trustee,dst_b33546234bf3577db53c0282cca9848b,4,Ward 4,tcdsb-trustee-wards-2014,vote,final,complete,False,4,13408,,,,Toronto City Clerk,Elections — Official Results,https://ckan0.cf.opendata.inter.prod-toronto.ca/dataset/96d35404-44d9-49d8-95bb-fb1e5489240d/resource/d59b5a52-33c3-4380-a136-82707e4d9aae/download/2014-results.zip :: TORONTO CATHOLIC DISTRICT SCHOOL BOARD.xls,1,
con_0fc7d580e4e555658704f8f104af1452,evt_54673fd104ab5ef08eb865e162ac040c,toronto_district_school_board,trustee,dst_b34ca3a0e79b574989b3a49900776aa5,14,Ward 14,tdsb-trustee-wards-2014,vote,final,complete,False,4,42313,,,,Toronto City Clerk,Elections — Official Results,https://ckan0.cf.opendata.inter.prod-toronto.ca/dataset/96d35404-44d9-49d8-95bb-fb1e5489240d/resource/d59b5a52-33c3-4380-a136-82707e4d9aae/download/2014-results.zip :: TORONTO DISTRICT SCHOOL BOARD.xls,1,
con_8bcb423003d05c35af448b5d3300f8ef,evt_54673fd104ab5ef08eb865e162ac040c,toronto_catholic_district_school_board,trustee,dst_b63082ea4d9550f9b788334514a6a3ff,2,Ward 2,tcdsb-trustee-wards-2014,vote,final,complete,False,3,19977,,,,Toronto City Clerk,Elections — Official Results,https://ckan0.cf.opendata.inter.prod-toronto.ca/dataset/96d35404-44d9-49d8-95bb-fb1e5489240d/resource/d59b5a52-33c3-4380-a136-82707e4d9aae/download/2014-results.zip :: TORONTO CATHOLIC DISTRICT SCHOOL BOARD.xls,1,
con_45c9384cf8cb52f0be2e31f8905c2cf6,evt_54673fd104ab5ef08eb865e162ac040c,toronto_district_school_board,trustee,dst_b76f3ced09c05b018e82c1fbf143804c,18,Ward 18,tdsb-trustee-wards-2014,vote,final,complete,False,10,29777,,,,Toronto City Clerk,Elections — Official Results,https://ckan0.cf.opendata.inter.prod-toronto.ca/dataset/96d35404-44d9-49d8-95bb-fb1e5489240d/resource/d59b5a52-33c3-4380-a136-82707e4d9aae/download/2014-results.zip :: TORONTO DISTRICT SCHOOL BOARD.xls,1,
con_f3d55e5c74695bc7ad159b3a4fc469e0,evt_54673fd104ab5ef08eb865e162ac040c,toronto_district_school_board,trustee,dst_bacaebb2c49b550b9b1bc021ce2be34f,17,Ward 17,tdsb-trustee-wards-2014,vote,final,complete,False,8,26668,,,,Toronto City Clerk,Elections — Official Results,https://ckan0.cf.opendata.inter.prod-toronto.ca/dataset/96d35404-44d9-49d8-95bb-fb1e5489240d/resource/d59b5a52-33c3-4380-a136-82707e4d9aae/download/2014-results.zip :: TORONTO DISTRICT SCHOOL BOARD.xls,1,
con_7a9a24bc1b435d1889c45d913f10cf84,evt_54673fd104ab5ef08eb865e162ac040c,toronto_catholic_district_school_board,trustee,dst_c10eeca406ea5c86b3a85a53b6304051,3,Ward 3,tcdsb-trustee-wards-2014,vote,final,complete,False,2,13317,,,,Toronto City Clerk,Elections — Official Results,https://ckan0.cf.opendata.inter.prod-toronto.ca/dataset/96d35404-44d9-49d8-95bb-fb1e5489240d/resource/d59b5a52-33c3-4380-a136-82707e4d9aae/download/2014-results.zip :: TORONTO CATHOLIC DISTRICT SCHOOL BOARD.xls,1,
con_48f361396c1c5373be8fa20deb1b6ba7,evt_54673fd104ab5ef08eb865e162ac040c,toronto_district_school_board,trustee,dst_c5e96da9033f5bc1b90769ce704f0a12,12,Ward 12,tdsb-trustee-wards-2014,vote,final,complete,False,4,33390,,,,Toronto City Clerk,Elections — Official Results,https://ckan0.cf.opendata.inter.prod-toronto.ca/dataset/96d35404-44d9-49d8-95bb-fb1e5489240d/resource/d59b5a52-33c3-4380-a136-82707e4d9aae/download/2014-results.zip :: TORONTO DISTRICT SCHOOL BOARD.xls,1,
con_341128052793588a95bbce2955fa962e,evt_54673fd104ab5ef08eb865e162ac040c,toronto_district_school_board,trustee,dst_cfdce15e2a2b5285aafe8ce605b54357,21,Ward 21,tdsb-trustee-wards-2014,vote,final,complete,False,6,32365,,,,Toronto City Clerk,Elections — Official Results,https://ckan0.cf.opendata.inter.prod-toronto.ca/dataset/96d35404-44d9-49d8-95bb-fb1e5489240d/resource/d59b5a52-33c3-4380-a136-82707e4d9aae/download/2014-results.zip :: TORONTO DISTRICT SCHOOL BOARD.xls,1,
con_5566ee5b037f5e788c0058b26e028246,evt_54673fd104ab5ef08eb865e162ac040c,toronto_catholic_district_school_board,trustee,dst_d1005a2eef935568a235979999e98dca,7,Ward 7,tcdsb-trustee-wards-2014,vote,final,complete,False,4,12652,,,,Toronto City Clerk,Elections — Official Results,https://ckan0.cf.opendata.inter.prod-toronto.ca/dataset/96d35404-44d9-49d8-95bb-fb1e5489240d/resource/d59b5a52-33c3-4380-a136-82707e4d9aae/download/2014-results.zip :: TORONTO CATHOLIC DISTRICT SCHOOL BOARD.xls,1,
con_e71ff6432fee547bab2a9f7b3a772b2c,evt_54673fd104ab5ef08eb865e162ac040c,toronto_district_school_board,trustee,dst_e830396d39fc5b71bfeb9d255e719457,5,Ward 5,tdsb-trustee-wards-2014,vote,final,complete,False,7,21110,,,,Toronto City Clerk,Elections — Official Results,https://ckan0.cf.opendata.inter.prod-toronto.ca/dataset/96d35404-44d9-49d8-95bb-fb1e5489240d/resource/d59b5a52-33c3-4380-a136-82707e4d9aae/download/2014-results.zip :: TORONTO DISTRICT SCHOOL BOARD.xls,1,
con_43099118bf105389baf5a57359532dd1,evt_54673fd104ab5ef08eb865e162ac040c,toronto_district_school_board,trustee,dst_f3a59d0bf74e58729b7c40d4f522fb1a,11,Ward 11,tdsb-trustee-wards-2014,vote,final,complete,False,3,36965,,,,Toronto City Clerk,Elections — Official Results,https://ckan0.cf.opendata.inter.prod-toronto.ca/dataset/96d35404-44d9-49d8-95bb-fb1e5489240d/resource/d59b5a52-33c3-4380-a136-82707e4d9aae/download/2014-results.zip :: TORONTO DISTRICT SCHOOL BOARD.xls,1,
con_2addb5dbf8425dcea33fccf81529bffd,evt_54673fd104ab5ef08eb865e162ac040c,toronto_district_school_board,trustee,dst_f401ade638ab553483324718c6d3e074,9,Ward 9,tdsb-trustee-wards-2014,vote,final,complete,False,8,22515,,,,Toronto City Clerk,Elections — Official Results,https://ckan0.cf.opendata.inter.prod-toronto.ca/dataset/96d35404-44d9-49d8-95bb-fb1e5489240d/resource/d59b5a52-33c3-4380-a136-82707e4d9aae/download/2014-results.zip :: TORONTO DISTRICT SCHOOL BOARD.xls,1,
con_bf83347f655c5dc4a7a8aefd2e8b3f5a,evt_54673fd104ab5ef08eb865e162ac040c,toronto_catholic_district_school_board,trustee,dst_f60c2388e9ae539ba626118e15b331a3,1,Ward 1,tcdsb-trustee-wards-2014,vote,final,complete,False,4,18450,,,,Toronto City Clerk,Elections — Official Results,https://ckan0.cf.opendata.inter.prod-toronto.ca/dataset/96d35404-44d9-49d8-95bb-fb1e5489240d/resource/d59b5a52-33c3-4380-a136-82707e4d9aae/download/2014-results.zip :: TORONTO CATHOLIC DISTRICT SCHOOL BOARD.xls,1,
con_5be1992c795b5d9fa2ce2b88a0ed3e16,evt_54673fd104ab5ef08eb865e162ac040c,toronto_district_school_board,trustee,dst_f87455d977945162960a398dd6619ab9,13,Ward 13,tdsb-trustee-wards-2014,vote,final,complete,False,3,34241,,,,Toronto City Clerk,Elections — Official Results,https://ckan0.cf.opendata.inter.prod-toronto.ca/dataset/96d35404-44d9-49d8-95bb-fb1e5489240d/resource/d59b5a52-33c3-4380-a136-82707e4d9aae/download/2014-results.zip :: TORONTO DISTRICT SCHOOL BOARD.xls,1,
con_b5dbad4c3b855b71b35c29fa8cda872c,evt_54673fd104ab5ef08eb865e162ac040c,toronto_district_school_board,trustee,dst_ff6e24443c2f5c31bfe1b68cda619c81,6,Ward 6,tdsb-trustee-wards-2014,vote,final,complete,False,5,20392,,,,Toronto City Clerk,Elections — Official Results,https://ckan0.cf.opendata.inter.prod-toronto.ca/dataset/96d35404-44d9-49d8-95bb-fb1e5489240d/resource/d59b5a52-33c3-4380-a136-82707e4d9aae/download/2014-results.zip :: TORONTO DISTRICT SCHOOL BOARD.xls,1,
con_e3ed783f131d579d8718d34c15675901,evt_552c4874312956ae84afbbc5ee91b0f7,toronto_city_council,councillor,dst_0c7514aa1b09538184e94ea59745d5e1,ward-2,Ward 2,toronto_council_44_wards,vote,final,complete,False,12,9391,37648,9491,composite_municipal_ballot,Toronto City Clerk,Elections — Official By-election Results,data/raw/byelection/2016-councillor-ward-2.xlsx,1,0.252098385040374
con_834d568760e15dcdb0b423512c33fe9c,evt_5a786c1da7ec5e758036205f04351fc5,toronto_city_council,councillor,dst_0c7514aa1b09538184e94ea59745d5e1,ward-2,Ward 2,toronto_council_44_wards,vote,final,complete,False,6,17662,35959,18263,composite_municipal_ballot,Toronto City Clerk,Elections — Official Results,data/interim/results/2010/2010_Toronto_Poll_by_Poll_Councillor.xls,1,0.5078839789760561
con_7bbdc7e302705fee987b1ebca87ef16d,evt_5a786c1da7ec5e758036205f04351fc5,toronto_city_council,councillor,dst_0d7e9e08fea05cf28d47a0f262ad8f3f,ward-7,Ward 7,toronto_council_44_wards,vote,final,complete,False,9,12188,27964,12650,composite_municipal_ballot,Toronto City Clerk,Elections — Official Results,data/interim/results/2010/2010_Toronto_Poll_by_Poll_Councillor.xls,1,0.4523673294235446
con_a160a05c9e3e5dd7b972cd5c16d456b0,evt_5a786c1da7ec5e758036205f04351fc5,toronto_city_council,councillor,dst_1b5001335c0158b28e0c461fc8d32fd5,ward-43,Ward 43,toronto_council_44_wards,vote,final,complete,False,5,15413,33295,16040,composite_municipal_ballot,Toronto City Clerk,Elections — Official Results,data/interim/results/2010/2010_Toronto_Poll_by_Poll_Councillor.xls,1,0.4817540171196876
con_b6bdff47e14a590897fb7531e91999d1,evt_5a786c1da7ec5e758036205f04351fc5,toronto_city_council,councillor,dst_2aa643147fbb50b881bb6298e0f13436,ward-37,Ward 37,toronto_council_44_wards,vote,final,complete,False,4,18089,38944,18897,composite_municipal_ballot,Toronto City Clerk,Elections — Official Results,data/interim/results/2010/2010_Toronto_Poll_by_Poll_Councillor.xls,1,0.4852352095316352
con_da88824c2975511d9432812d4988c9d5,evt_5a786c1da7ec5e758036205f04351fc5,toronto_city_council,councillor,dst_31b0d3246c42553fa0cefe70cff58cf4,ward-25,Ward 25,toronto_council_44_wards,vote,final,complete,False,4,20350,39905,21476,composite_municipal_ballot,Toronto City Clerk,Elections — Official Results,data/interim/results/2010/2010_Toronto_Poll_by_Poll_Councillor.xls,1,0.5381781731612579
con_17593cee737354878c920526a9fa7afd,evt_5a786c1da7ec5e758036205f04351fc5,toronto_city_council,councillor,dst_329ba69c22385385882d1cb28a72bd3b,ward-32,Ward 32,toronto_council_44_wards,vote,final,complete,False,9,23270,41130,23834,composite_municipal_ballot,Toronto City Clerk,Elections — Official Results,data/interim/results/2010/2010_Toronto_Poll_by_Poll_Councillor.xls,1,0.5794796985168976
con_ebcb4d472e005fbbadabf9f6201cbe13,evt_5a786c1da7ec5e758036205f04351fc5,toronto_city_council,councillor,dst_37dc3c9d918c5bf7a3d55d4188015db0,ward-36,Ward 36,toronto_council_44_wards,vote,final,complete,False,10,17395,34647,18424,composite_municipal_ballot,Toronto City Clerk,Elections — Official Results,data/interim/results/2010/2010_Toronto_Poll_by_Poll_Councillor.xls,1,0.5317632118220914
con_0a880ce7b6ad5bdaa2e2dc7b19601aa8,evt_5a786c1da7ec5e758036205f04351fc5,toronto_city_council,councillor,dst_388c245b76105b2ab99da1f16784e7b8,ward-8,Ward 8,toronto_council_44_wards,vote,final,complete,False,8,11393,26129,11699,composite_municipal_ballot,Toronto City Clerk,Elections — Official Results,data/interim/results/2010/2010_Toronto_Poll_by_Poll_Councillor.xls,1,0.44774005893834434
con_3fd9226a06995ec78201f807f175b930,evt_5a786c1da7ec5e758036205f04351fc5,toronto_city_council,councillor,dst_3b4e2345db0d588992443168b5ca4a7b,ward-21,Ward 21,toronto_council_44_wards,vote,final,complete,False,6,17466,33000,18306,composite_municipal_ballot,Toronto City Clerk,Elections — Official Results,data/interim/results/2010/2010_Toronto_Poll_by_Poll_Councillor.xls,1,0.5547272727272727
con_1a46b115b13d55619bcaf30903c183e3,evt_5a786c1da7ec5e758036205f04351fc5,toronto_city_council,councillor,dst_3c9bf8c508835550a695467bd818fd5e,ward-29,Ward 29,toronto_council_44_wards,vote,final,complete,False,6,17769,31623,18258,composite_municipal_ballot,Toronto City Clerk,Elections — Official Results,data/interim/results/2010/2010_Toronto_Poll_by_Poll_Councillor.xls,1,0.5773645764158998
con_edd7a5395e9a586bb5289cb5ed1106b3,evt_5a786c1da7ec5e758036205f04351fc5,toronto_city_council,councillor,dst_48f26a0b1b85566c934f7ab1a668978d,ward-38,Ward 38,toronto_council_44_wards,vote,final,complete,False,5,17882,38295,18553,composite_municipal_ballot,Toronto City Clerk,Elections — Official Results,data/interim/results/2010/2010_Toronto_Poll_by_Poll_Councillor.xls,1,0.48447578012795406
con_4977aa6e0a865d788ed7ebf871e4027c,evt_5a786c1da7ec5e758036205f04351fc5,toronto_city_council,councillor,dst_49374cc451b65963a30ef206383a4114,ward-26,Ward 26,toronto_council_44_wards,vote,final,complete,False,7,19832,35061,20383,composite_municipal_ballot,Toronto City Clerk,Elections — Official Results,data/interim/results/2010/2010_Toronto_Poll_by_Poll_Councillor.xls,1,0.5813582042725536
con_272ca0eaeab656b89a5038bc74ad9988,evt_5a786c1da7ec5e758036205f04351fc5,toronto_city_council,councillor,dst_49a6ee138ca85b318452ec2f5c1befd3,ward-28,Ward 28,toronto_council_44_wards,vote,final,complete,False,6,18905,39853,21008,composite_municipal_ballot,Toronto City Clerk,Elections — Official Results,data/interim/results/2010/2010_Toronto_Poll_by_Poll_Councillor.xls,1,0.5271372293177427
con_f0cf1eca40845631b0bd4d4750413711,evt_5a786c1da7ec5e758036205f04351fc5,toronto_city_council,councillor,dst_5c19646c134d58c5b8859bba3379c5e7,ward-1,Ward 1,toronto_council_44_wards,vote,final,complete,False,6,13514,32128,13934,composite_municipal_ballot,Toronto City Clerk,Elections — Official Results,data/interim/results/2010/2010_Toronto_Poll_by_Poll_Councillor.xls,1,0.4337026892430279
con_579cae8a3fa455a7a3e68d1b1900fffa,evt_5a786c1da7ec5e758036205f04351fc5,toronto_city_council,councillor,dst_5f3aaa13834b5789bb51c95425758d51,ward-15,Ward 15,toronto_council_44_wards,vote,final,complete,False,7,16515,37732,17384,composite_municipal_ballot,Toronto City Clerk,Elections — Official Results,data/interim/results/2010/2010_Toronto_Poll_by_Poll_Councillor.xls,1,0.460722993745362
con_33da03ca4a1159089c55d78f4edd2bf3,evt_5a786c1da7ec5e758036205f04351fc5,toronto_city_council,councillor,dst_65a81c104a8c5c0194e7fee5f09545d3,ward-42,Ward 42,toronto_council_44_wards,vote,final,complete,False,9,20425,44406,20902,composite_municipal_ballot,Toronto City Clerk,Elections — Official Results,data/interim/results/2010/2010_Toronto_Poll_by_Poll_Councillor.xls,1,0.4707021573661217
con_d6f7b1cb92f959ab9408dbb936bcf2ff,evt_5a786c1da7ec5e758036205f04351fc5,toronto_city_council,councillor,dst_6dbcacb473285d91bc3f4bd0e06d4d63,ward-18,Ward 18,toronto_council_44_wards,vote,final,complete,False,12,14346,30633,14918,composite_municipal_ballot,Toronto City Clerk,Elections — Official Results,data/interim/results/2010/2010_Toronto_Poll_by_Poll_Councillor.xls,1,0.48699115333137466
con_a62a387b9ca8511db50248d4738f3eea,evt_5a786c1da7ec5e758036205f04351fc5,toronto_city_council,councillor,dst_70f47265fe9155489a0e1f3af81f7a94,ward-24,Ward 24,toronto_council_44_wards,vote,final,complete,False,4,18023,41116,18726,composite_municipal_ballot,Toronto City Clerk,Elections — Official Results,data/interim/results/2010/2010_Toronto_Poll_by_Poll_Councillor.xls,1,0.4554431364918766
con_e78d7e5eb6975c7b98ef0efd13e5c783,evt_5a786c1da7ec5e758036205f04351fc5,toronto_city_council,councillor,dst_75067961943e50e7bc3befec65166ee1,ward-40,Ward 40,toronto_council_44_wards,vote,final,complete,False,4,16835,36001,17505,composite_municipal_ballot,Toronto City Clerk,Elections — Official Results,data/interim/results/2010/2010_Toronto_Poll_by_Poll_Councillor.xls,1,0.48623649343073805
con_e8d5ffca829d5a06ad87216dc76d6e6a,evt_5a786c1da7ec5e758036205f04351fc5,toronto_city_council,councillor,dst_837f66e6bedf5a759e23b36ee0594137,ward-10,Ward 10,toronto_council_44_wards,vote,final,complete,False,12,16491,36751,17367,composite_municipal_ballot,Toronto City Clerk,Elections — Official Results,data/interim/results/2010/2010_Toronto_Poll_by_Poll_Councillor.xls,1,0.4725585698348344
con_e358c35644bd5b94b662f1e211fbc70e,evt_5a786c1da7ec5e758036205f04351fc5,toronto_city_council,councillor,dst_839fe99c6fcd5019b4848ab42a1f25e0,ward-31,Ward 31,toronto_council_44_wards,vote,final,complete,False,7,17665,34054,18399,composite_municipal_ballot,Toronto City Clerk,Elections — Official Results,data/interim/results/2010/2010_Toronto_Poll_by_Poll_Councillor.xls,1,0.5402889528396077
con_8a8efa738bef57fc9329489f768529c9,evt_5a786c1da7ec5e758036205f04351fc5,toronto_city_council,councillor,dst_87d79f1462925e15ab3b2530ba681b50,ward-39,Ward 39,toronto_council_44_wards,vote,final,complete,False,3,14565,34124,15229,composite_municipal_ballot,Toronto City Clerk,Elections — Official Results,data/interim/results/2010/2010_Toronto_Poll_by_Poll_Councillor.xls,1,0.44628414019458446
con_20589f7261325cd892231ed42321b3cf,evt_5a786c1da7ec5e758036205f04351fc5,toronto_city_council,councillor,dst_91f46887d24056d4b7ca558724be9305,ward-14,Ward 14,toronto_council_44_wards,vote,final,complete,False,10,16487,34668,17510,composite_municipal_ballot,Toronto City Clerk,Elections — Official Results,data/interim/results/2010/2010_Toronto_Poll_by_Poll_Councillor.xls,1,0.5050767278181608
con_6240f694b6ce5307a2126a9103153475,evt_5a786c1da7ec5e758036205f04351fc5,toronto_city_council,councillor,dst_9203cbbfeedb5dc2a34e5767ba3dfc5d,ward-44,Ward 44,toronto_council_44_wards,vote,final,complete,False,4,21462,43881,22001,composite_municipal_ballot,Toronto City Clerk,Elections — Official Results,data/interim/results/2010/2010_Toronto_Poll_by_Poll_Councillor.xls,1,0.5013787288348032
con_c713b29e028a582893ad021c4a2b8546,evt_5a786c1da7ec5e758036205f04351fc5,toronto_city_council,councillor,dst_93654977fd595afda3b103483ea4f59e,ward-41,Ward 41,toronto_council_44_wards,vote,final,complete,False,3,17782,42987,18731,composite_municipal_ballot,Toronto City Clerk,Elections — Official Results,data/interim/results/2010/2010_Toronto_Poll_by_Poll_Councillor.xls,1,0.43573638541884757
con_43b57e74c0a454db9f5ed346b6fc7095,evt_5a786c1da7ec5e758036205f04351fc5,toronto_city_council,councillor,dst_9613494c01b95010bd5287ef1669e3c3,ward-11,Ward 11,toronto_council_44_wards,vote,final,complete,False,4,15787,36220,16518,composite_municipal_ballot,Toronto City Clerk,Elections — Official Results,data/interim/results/2010/2010_Toronto_Poll_by_Poll_Councillor.xls,1,0.4560463832136941
con_bdb4bceb8d3d535e9d9284d19bf99bb0,evt_5a786c1da7ec5e758036205f04351fc5,toronto_city_council,councillor,dst_9a2b60e0545d5eba9361d07a574fe57e,ward-17,Ward 17,toronto_council_44_wards,vote,final,complete,False,7,14374,32838,14775,composite_municipal_ballot,Toronto City Clerk,Elections — Official Results,data/interim/results/2010/2010_Toronto_Poll_by_Poll_Councillor.xls,1,0.44993604969852
con_680464772a025da6aa5eaf650cefb52a,evt_5a786c1da7ec5e758036205f04351fc5,toronto_city_council,councillor,dst_a4d41f4016cf53f6b3565eb145e14fc6,ward-16,Ward 16,toronto_council_44_wards,vote,final,complete,False,4,19102,36104,19992,composite_municipal_ballot,Toronto City Clerk,Elections — Official Results,data/interim/results/2010/2010_Toronto_Poll_by_Poll_Councillor.xls,1,0.5537336583204077
con_8283f00fca6855af9a0a63e550482bda,evt_5a786c1da7ec5e758036205f04351fc5,toronto_city_council,councillor,dst_adf63b57f77c58829d8e38b24d68ac03,ward-3,Ward 3,toronto_council_44_wards,vote,final,complete,False,4,18800,37247,19957,composite_municipal_ballot,Toronto City Clerk,Elections — Official Results,data/interim/results/2010/2010_Toronto_Poll_by_Poll_Councillor.xls,1,0.5358015410637098
con_a46853faf8a85598b55614ee5bfc99e2,evt_5a786c1da7ec5e758036205f04351fc5,toronto_city_council,councillor,dst_bfe0a089e5f957399386ea186d3306ac,ward-5,Ward 5,toronto_council_44_wards,vote,final,complete,False,5,23756,44512,24717,composite_municipal_ballot,Toronto City Clerk,Elections — Official Results,data/interim/results/2010/2010_Toronto_Poll_by_Poll_Councillor.xls,1,0.5552884615384616
con_1cf871058a8c5bc9a34c7dbdf6edca83,evt_5a786c1da7ec5e758036205f04351fc5,toronto_city_council,councillor,dst_c54d7cc2856d5e38bc39e904803b5e87,ward-19,Ward 19,toronto_council_44_wards,vote,final,complete,False,9,20105,42716,21270,composite_municipal_ballot,Toronto City Clerk,Elections — Official Results,data/interim/results/2010/2010_Toronto_Poll_by_Poll_Councillor.xls,1,0.4979398820114243
con_2ce79e4f63945b9b90a05c245e9382fc,evt_5a786c1da7ec5e758036205f04351fc5,toronto_city_council,councillor,dst_cadba85ade8a575b894e47378c335a90,ward-27,Ward 27,toronto_council_44_wards,vote,final,complete,False,15,26619,51407,28453,composite_municipal_ballot,Toronto City Clerk,Elections — Official Results,data/interim/results/2010/2010_Toronto_Poll_by_Poll_Councillor.xls,1,0.5534849339584104
con_e689393a84cc500bab2476e3913f093d,evt_5a786c1da7ec5e758036205f04351fc5,toronto_city_council,councillor,dst_cb8f4d514c36567389345a10287e90a0,ward-23,Ward 23,toronto_council_44_wards,vote,final,complete,False,5,20751,51524,22511,composite_municipal_ballot,Toronto City Clerk,Elections — Official Results,data/interim/results/2010/2010_Toronto_Poll_by_Poll_Councillor.xls,1,0.4369031907460601
con_be2d96cb623553cdbd79b303f9576bda,evt_5a786c1da7ec5e758036205f04351fc5,toronto_city_council,councillor,dst_cbc5fa1093f05782bf1df8718d039d95,ward-4,Ward 4,toronto_council_44_wards,vote,final,complete,False,3,20871,36854,21646,composite_municipal_ballot,Toronto City Clerk,Elections — Official Results,data/interim/results/2010/2010_Toronto_Poll_by_Poll_Councillor.xls,1,0.5873446572963587
con_bf589c2ec43c513aa964b64309534ac6,evt_5a786c1da7ec5e758036205f04351fc5,toronto_city_council,councillor,dst_d2fdd91105a954ff92061f42e11db647,ward-35,Ward 35,toronto_council_44_wards,vote,final,complete,False,10,16437,34699,17131,composite_municipal_ballot,Toronto City Clerk,Elections — Official Results,data/interim/results/2010/2010_Toronto_Poll_by_Poll_Councillor.xls,1,0.4937029885587481
con_662d709bee42574392549fc786efea0d,evt_5a786c1da7ec5e758036205f04351fc5,toronto_city_council,councillor,dst_d3b1245f009c5cb48950c9825eb219ee,ward-34,Ward 34,toronto_council_44_wards,vote,final,complete,False,3,16367,33210,16902,composite_municipal_ballot,Toronto City Clerk,Elections — Official Results,data/interim/results/2010/2010_Toronto_Poll_by_Poll_Councillor.xls,1,0.5089430894308943
con_8c969ca3bbbb537382be9d4ed8dd7697,evt_5a786c1da7ec5e758036205f04351fc5,toronto_city_council,councillor,dst_d3c79eda632d5af2beb7343ee879dff7,ward-20,Ward 20,toronto_council_44_wards,vote,final,complete,False,5,22122,50437,23959,composite_municipal_ballot,Toronto City Clerk,Elections — Official Results,data/interim/results/2010/2010_Toronto_Poll_by_Poll_Councillor.xls,1,0.4750282530681841
con_fc66f2cac25c5ea58dccc4005672bad8,evt_5a786c1da7ec5e758036205f04351fc5,toronto_city_council,councillor,dst_d6f718dc7baf5a049ce2db0a4fb65974,ward-33,Ward 33,toronto_council_44_wards,vote,final,complete,False,4,13781,32071,14572,composite_municipal_ballot,Toronto City Clerk,Elections — Official Results,data/interim/results/2010/2010_Toronto_Poll_by_Poll_Councillor.xls,1,0.4543668734994232
con_ed22821703705704bff31b43ed036014,evt_5a786c1da7ec5e758036205f04351fc5,toronto_city_council,councillor,dst_d74a992f3f3e5403b0f18e278453428c,ward-9,Ward 9,toronto_council_44_wards,vote,final,complete,False,5,12298,26798,12735,composite_municipal_ballot,Toronto City Clerk,Elections — Official Results,data/interim/results/2010/2010_Toronto_Poll_by_Poll_Councillor.xls,1,0.4752220314948877
con_cceb1911b8545151a85313ea9045fdd6,evt_5a786c1da7ec5e758036205f04351fc5,toronto_city_council,councillor,dst_db2a1e74395b5a2495c8e09b2b657457,ward-12,Ward 12,toronto_council_44_wards,vote,final,complete,False,7,13439,30979,14010,composite_municipal_ballot,Toronto City Clerk,Elections — Official Results,data/interim/results/2010/2010_Toronto_Poll_by_Poll_Councillor.xls,1,0.45224184124729655
con_5587a8b9ae37546eb39a67333b5011ed,evt_5a786c1da7ec5e758036205f04351fc5,toronto_city_council,councillor,dst_e85e355506d7551fb2e7a7e39706bb85,ward-30,Ward 30,toronto_council_44_wards,vote,final,complete,False,8,19327,36389,20118,composite_municipal_ballot,Toronto City Clerk,Elections — Official Results,data/interim/results/2010/2010_Toronto_Poll_by_Poll_Councillor.xls,1,0.552859380582044
con_5c4da484552c546aaff98277d675d594,evt_5a786c1da7ec5e758036205f04351fc5,toronto_city_council,councillor,dst_ea407e9a03df5ef2bee0d7950b9d2b8f,ward-13,Ward 13,toronto_council_44_wards,vote,final,complete,False,5,21469,38033,22325,composite_municipal_ballot,Toronto City Clerk,Elections — Official Results,data/interim/results/2010/2010_Toronto_Poll_by_Poll_Councillor.xls,1,0.5869902453132806
con_11ea4a9756fd5bc4a466dc797994b068,evt_5a786c1da7ec5e758036205f04351fc5,toronto_city_council,councillor,dst_ed645d04bcf55406ba30df00b1b967c9,ward-22,Ward 22,toronto_council_44_wards,vote,final,complete,False,4,22698,44825,24658,composite_municipal_ballot,Toronto City Clerk,Elections — Official Results,data/interim/results/2010/2010_Toronto_Poll_by_Poll_Councillor.xls,1,0.5500948131622978
con_e14c9528646b58ba89bddde54ae0f23e,evt_5a786c1da7ec5e758036205f04351fc5,toronto_city_council,councillor,dst_fdb0ec21f126579eb091e27d38a9b9c8,ward-6,Ward 6,toronto_council_44_wards,vote,final,complete,False,6,20238,42240,21077,composite_municipal_ballot,Toronto City Clerk,Elections — Official Results,data/interim/results/2010/2010_Toronto_Poll_by_Poll_Councillor.xls,1,0.49898200757575756
con_099fbf24dd655a0e8b1720fbe2215a6a,evt_5a786c1da7ec5e758036205f04351fc5,toronto_city_council,mayor,dst_269ebab087895e5790e71568164f1865,city,City of Toronto,toronto_council_44_wards,vote,final,complete,False,40,813984,1643389,827723,composite_municipal_ballot,Toronto City Clerk,Elections — Official Results,data/interim/results/2010/2010_Toronto_Poll_by_Poll_Mayor.xls,1,0.5036683341558207
con_b523c76eaefe5dca8ad46192bf49cbfb,evt_5a786c1da7ec5e758036205f04351fc5,toronto_district_school_board,trustee,dst_0ae978b8799e5a208754d9ccea58face,19,Ward 19,tdsb-trustee-wards-2010,vote,final,complete,False,4,26204,,,,Toronto City Clerk,Elections — Official Results,https://ckan0.cf.opendata.inter.prod-toronto.ca/dataset/96d35404-44d9-49d8-95bb-fb1e5489240d/resource/6fbfaab0-bb84-442a-8e4b-1c14d4c10d6d/download/2010-results.zip :: 2010_Toronto_Poll_by_Poll_Toronto_District_School_Board.xls,1,
con_62cc3e0646b45a11b5ced34d5c837cfb,evt_5a786c1da7ec5e758036205f04351fc5,toronto_district_school_board,trustee,dst_146b80ca8b755cf785d8e48e0be13a5b,7,Ward 7,tdsb-trustee-wards-2010,vote,final,complete,False,3,26007,,,,Toronto City Clerk,Elections — Official Results,https://ckan0.cf.opendata.inter.prod-toronto.ca/dataset/96d35404-44d9-49d8-95bb-fb1e5489240d/resource/6fbfaab0-bb84-442a-8e4b-1c14d4c10d6d/download/2010-results.zip :: 2010_Toronto_Poll_by_Poll_Toronto_District_School_Board.xls,1,
con_886aa386c17552c09e922be7ec9bc7f4,evt_5a786c1da7ec5e758036205f04351fc5,toronto_district_school_board,trustee,dst_16ae705663d5521a82db983868c767c9,17,Ward 17,tdsb-trustee-wards-2010,vote,final,complete,False,3,21846,,,,Toronto City Clerk,Elections — Official Results,https://ckan0.cf.opendata.inter.prod-toronto.ca/dataset/96d35404-44d9-49d8-95bb-fb1e5489240d/resource/6fbfaab0-bb84-442a-8e4b-1c14d4c10d6d/download/2010-results.zip :: 2010_Toronto_Poll_by_Poll_Toronto_District_School_Board.xls,1,
con_6873723b208d54e1bfc7d3c5159e594d,evt_5a786c1da7ec5e758036205f04351fc5,toronto_district_school_board,trustee,dst_16cc2e80a1c551f2aa05006d6fc9fa63,20,Ward 20,tdsb-trustee-wards-2010,vote,final,complete,False,3,24334,,,,Toronto City Clerk,Elections — Official Results,https://ckan0.cf.opendata.inter.prod-toronto.ca/dataset/96d35404-44d9-49d8-95bb-fb1e5489240d/resource/6fbfaab0-bb84-442a-8e4b-1c14d4c10d6d/download/2010-results.zip :: 2010_Toronto_Poll_by_Poll_Toronto_District_School_Board.xls,1,
con_df0a1a3b69b75f1c9d6710244df32d7a,evt_5a786c1da7ec5e758036205f04351fc5,toronto_catholic_district_school_board,trustee,dst_17dd26bac0b956ddbd21da3fa7be36f7,6,Ward 6,tcdsb-trustee-wards-2010,vote,final,complete,False,7,11717,,,,Toronto City Clerk,Elections — Official Results,https://ckan0.cf.opendata.inter.prod-toronto.ca/dataset/96d35404-44d9-49d8-95bb-fb1e5489240d/resource/6fbfaab0-bb84-442a-8e4b-1c14d4c10d6d/download/2010-results.zip :: 2010_Toronto_Poll_by_Poll_Toronto_Catholic_District_School_Board.xls,1,
con_be0c8c87be8b5a13812c65870a02f18e,evt_5a786c1da7ec5e758036205f04351fc5,toronto_catholic_district_school_board,trustee,dst_1ad3ebc7dcc359bd96481aa3fdc8a01f,10,Ward 10,tcdsb-trustee-wards-2010,vote,final,complete,False,5,9566,,,,Toronto City Clerk,Elections — Official Results,https://ckan0.cf.opendata.inter.prod-toronto.ca/dataset/96d35404-44d9-49d8-95bb-fb1e5489240d/resource/6fbfaab0-bb84-442a-8e4b-1c14d4c10d6d/download/2010-results.zip :: 2010_Toronto_Poll_by_Poll_Toronto_Catholic_District_School_Board.xls,1,
con_dad5b7b1b1855ed28864a3a93aa6b3ad,evt_5a786c1da7ec5e758036205f04351fc5,toronto_district_school_board,trustee,dst_231642d2a6a2535ea75a30fc4e761fcf,13,Ward 13,tdsb-trustee-wards-2010,vote,final,complete,False,2,31759,,,,Toronto City Clerk,Elections — Official Results,https://ckan0.cf.opendata.inter.prod-toronto.ca/dataset/96d35404-44d9-49d8-95bb-fb1e5489240d/resource/6fbfaab0-bb84-442a-8e4b-1c14d4c10d6d/download/2010-results.zip :: 2010_Toronto_Poll_by_Poll_Toronto_District_School_Board.xls,1,
con_03b311d9be9759f59932cb19fbeb2360,evt_5a786c1da7ec5e758036205f04351fc5,toronto_district_school_board,trustee,dst_3234828c671a5bd88983049b6665c26f,9,Ward 9,tdsb-trustee-wards-2010,vote,final,complete,False,5,15436,,,,Toronto City Clerk,Elections — Official Results,https://ckan0.cf.opendata.inter.prod-toronto.ca/dataset/96d35404-44d9-49d8-95bb-fb1e5489240d/resource/6fbfaab0-bb84-442a-8e4b-1c14d4c10d6d/download/2010-results.zip :: 2010_Toronto_Poll_by_Poll_Toronto_District_School_Board.xls,1,
con_f68afc83e65e5ed4a9b9fb43cfe0752f,evt_5a786c1da7ec5e758036205f04351fc5,toronto_district_school_board,trustee,dst_3c263289f31f56a48f4f3df5fd1e4d95,12,Ward 12,tdsb-trustee-wards-2010,vote,final,complete,False,3,28011,,,,Toronto City Clerk,Elections — Official Results,https://ckan0.cf.opendata.inter.prod-toronto.ca/dataset/96d35404-44d9-49d8-95bb-fb1e5489240d/resource/6fbfaab0-bb84-442a-8e4b-1c14d4c10d6d/download/2010-results.zip :: 2010_Toronto_Poll_by_Poll_Toronto_District_School_Board.xls,1,
con_ba86b62d233b5800af003caf3cdff5c3,evt_5a786c1da7ec5e758036205f04351fc5,toronto_district_school_board,trustee,dst_3cbe23bad68c56789e628a4b3635c6b9,11,Ward 11,tdsb-trustee-wards-2010,vote,final,complete,False,5,30768,,,,Toronto City Clerk,Elections — Official Results,https://ckan0.cf.opendata.inter.prod-toronto.ca/dataset/96d35404-44d9-49d8-95bb-fb1e5489240d/resource/6fbfaab0-bb84-442a-8e4b-1c14d4c10d6d/download/2010-results.zip :: 2010_Toronto_Poll_by_Poll_Toronto_District_School_Board.xls,1,
con_6d16a06ad8155b93aeb5a992a4ac7c4e,evt_5a786c1da7ec5e758036205f04351fc5,toronto_catholic_district_school_board,trustee,dst_45a78683d8175ed9a691fc44dafd40c1,3,Ward 3,tcdsb-trustee-wards-2010,vote,final,complete,False,3,11871,,,,Toronto City Clerk,Elections — Official Results,https://ckan0.cf.opendata.inter.prod-toronto.ca/dataset/96d35404-44d9-49d8-95bb-fb1e5489240d/resource/6fbfaab0-bb84-442a-8e4b-1c14d4c10d6d/download/2010-results.zip :: 2010_Toronto_Poll_by_Poll_Toronto_Catholic_District_School_Board.xls,1,
con_ae25152740da5dec96d86f2e02c2d379,evt_5a786c1da7ec5e758036205f04351fc5,toronto_district_school_board,trustee,dst_492e5333e78e5fd783063753e7c27e08,5,Ward 5,tdsb-trustee-wards-2010,vote,final,complete,False,6,17587,,,,Toronto City Clerk,Elections — Official Results,https://ckan0.cf.opendata.inter.prod-toronto.ca/dataset/96d35404-44d9-49d8-95bb-fb1e5489240d/resource/6fbfaab0-bb84-442a-8e4b-1c14d4c10d6d/download/2010-results.zip :: 2010_Toronto_Poll_by_Poll_Toronto_District_School_Board.xls,1,
con_2d96a5ab07bc5ad3a363b8b06b735c32,evt_5a786c1da7ec5e758036205f04351fc5,conseil_scolaire_viamonde,trustee,dst_4c6be242ee5956109f6219a3704e3aa0,2,Ward 2,viamonde-trustee-wards-2010,vote,final,complete,False,3,1153,,,,Toronto City Clerk,Elections — Official Results,https://ckan0.cf.opendata.inter.prod-toronto.ca/dataset/96d35404-44d9-49d8-95bb-fb1e5489240d/resource/6fbfaab0-bb84-442a-8e4b-1c14d4c10d6d/download/2010-results.zip :: 2010_Toronto_Poll_by_Poll_Conseil_Scolaire_De_District_Du_Centre_Sud_Ouest.xls,1,
con_242b528ed4635242bedc3f59ba8c8e88,evt_5a786c1da7ec5e758036205f04351fc5,conseil_scolaire_catholique_monavenir,trustee,dst_652a1b2efd7c5974b57c33612734aee6,4,Ward 4,monavenir-trustee-wards-2010,acclamation,final,complete,True,1,,,,,Toronto City Clerk,Elections — Official Results,https://www.toronto.ca/wp-content/uploads/2017/08/9783-election-2010-clerksofficialdeclaration.pdf,1,
con_3bebe890056c504683470e86e7fd3e72,evt_5a786c1da7ec5e758036205f04351fc5,toronto_district_school_board,trustee,dst_6f9d1ea57aa95355b8e94c2fd7924831,8,Ward 8,tdsb-trustee-wards-2010,vote,final,complete,False,3,23735,,,,Toronto City Clerk,Elections — Official Results,https://ckan0.cf.opendata.inter.prod-toronto.ca/dataset/96d35404-44d9-49d8-95bb-fb1e5489240d/resource/6fbfaab0-bb84-442a-8e4b-1c14d4c10d6d/download/2010-results.zip :: 2010_Toronto_Poll_by_Poll_Toronto_District_School_Board.xls,1,
con_c7ed109b9584522eb199feeebd43135d,evt_5a786c1da7ec5e758036205f04351fc5,toronto_catholic_district_school_board,trustee,dst_7423cab7860d5aef87f10487c4058af9,2,Ward 2,tcdsb-trustee-wards-2010,vote,final,complete,False,5,17423,,,,Toronto City Clerk,Elections — Official Results,https://ckan0.cf.opendata.inter.prod-toronto.ca/dataset/96d35404-44d9-49d8-95bb-fb1e5489240d/resource/6fbfaab0-bb84-442a-8e4b-1c14d4c10d6d/download/2010-results.zip :: 2010_Toronto_Poll_by_Poll_Toronto_Catholic_District_School_Board.xls,1,
con_c46c7637b89359df88cc1cb04aa36454,evt_5a786c1da7ec5e758036205f04351fc5,conseil_scolaire_viamonde,trustee,dst_759784817cbc594db5dc53132e4a9b72,3,Ward 3,viamonde-trustee-wards-2010,vote,final,complete,False,2,2513,,,,Toronto City Clerk,Elections — Official Results,https://ckan0.cf.opendata.inter.prod-toronto.ca/dataset/96d35404-44d9-49d8-95bb-fb1e5489240d/resource/6fbfaab0-bb84-442a-8e4b-1c14d4c10d6d/download/2010-results.zip :: 2010_Toronto_Poll_by_Poll_Conseil_Scolaire_De_District_Du_Centre_Sud_Ouest.xls,1,
con_32e2e29ee60a52dcaa11a476d4ec62d6,evt_5a786c1da7ec5e758036205f04351fc5,conseil_scolaire_catholique_monavenir,trustee,dst_75a74d20eecf5de0b5fd5d2f542fc75d,3,Ward 3,monavenir-trustee-wards-2010,acclamation,final,complete,True,1,,,,,Toronto City Clerk,Elections — Official Results,https://www.toronto.ca/wp-content/uploads/2017/08/9783-election-2010-clerksofficialdeclaration.pdf,1,
con_7e13ccde9c525c4e97147c4c2bf56ae1,evt_5a786c1da7ec5e758036205f04351fc5,toronto_catholic_district_school_board,trustee,dst_82b75aebe10e519db23f1d7df78f1056,1,Ward 1,tcdsb-trustee-wards-2010,vote,final,complete,False,4,16618,,,,Toronto City Clerk,Elections — Official Results,https://ckan0.cf.opendata.inter.prod-toronto.ca/dataset/96d35404-44d9-49d8-95bb-fb1e5489240d/resource/6fbfaab0-bb84-442a-8e4b-1c14d4c10d6d/download/2010-results.zip :: 2010_Toronto_Poll_by_Poll_Toronto_Catholic_District_School_Board.xls,1,
con_6536dcfd8d31536093c084865f743ead,evt_5a786c1da7ec5e758036205f04351fc5,toronto_district_school_board,trustee,dst_831bad63ffdd51aebe3930bb0932a68e,1,Ward 1,tdsb-trustee-wards-2010,vote,final,complete,False,4,20012,,,,Toronto City Clerk,Elections — Official Results,https://ckan0.cf.opendata.inter.prod-toronto.ca/dataset/96d35404-44d9-49d8-95bb-fb1e5489240d/resource/6fbfaab0-bb84-442a-8e4b-1c14d4c10d6d/download/2010-results.zip :: 2010_Toronto_Poll_by_Poll_Toronto_District_School_Board.xls,1,
con_c5978f3d4c615bf28e792ca842a16bde,evt_5a786c1da7ec5e758036205f04351fc5,toronto_district_school_board,trustee,dst_9278e57ce737505a8d0c52edd48b5306,3,Ward 3,tdsb-trustee-wards-2010,vote,final,complete,False,5,26643,,,,Toronto City Clerk,Elections — Official Results,https://ckan0.cf.opendata.inter.prod-toronto.ca/dataset/96d35404-44d9-49d8-95bb-fb1e5489240d/resource/6fbfaab0-bb84-442a-8e4b-1c14d4c10d6d/download/2010-results.zip :: 2010_Toronto_Poll_by_Poll_Toronto_District_School_Board.xls,1,
con_8b6e9663c33a5b4db9f5019b05f00dea,evt_5a786c1da7ec5e758036205f04351fc5,toronto_catholic_district_school_board,trustee,dst_b14eedb4bfb6586c90e1dd1859c76edd,12,Ward 12,tcdsb-trustee-wards-2010,vote,final,complete,False,5,12551,,,,Toronto City Clerk,Elections — Official Results,https://ckan0.cf.opendata.inter.prod-toronto.ca/dataset/96d35404-44d9-49d8-95bb-fb1e5489240d/resource/6fbfaab0-bb84-442a-8e4b-1c14d4c10d6d/download/2010-results.zip :: 2010_Toronto_Poll_by_Poll_Toronto_Catholic_District_School_Board.xls,1,
con_cbc0e871a7195bdbb32a1bc88a798933,evt_5a786c1da7ec5e758036205f04351fc5,toronto_district_school_board,trustee,dst_b292d7b5a5a05d64a8708f728e78e1a8,16,Ward 16,tdsb-trustee-wards-2010,vote,final,complete,False,3,30183,,,,Toronto City Clerk,Elections — Official Results,https://ckan0.cf.opendata.inter.prod-toronto.ca/dataset/96d35404-44d9-49d8-95bb-fb1e5489240d/resource/6fbfaab0-bb84-442a-8e4b-1c14d4c10d6d/download/2010-results.zip :: 2010_Toronto_Poll_by_Poll_Toronto_District_School_Board.xls,1,
con_6516caa1dab65029bbd993764d76a9b8,evt_5a786c1da7ec5e758036205f04351fc5,toronto_district_school_board,trustee,dst_bb4eeee730a85467a2a2fb77a2086713,10,Ward 10,tdsb-trustee-wards-2010,vote,final,complete,False,2,28459,,,,Toronto City Clerk,Elections — Official Results,https://ckan0.cf.opendata.inter.prod-toronto.ca/dataset/96d35404-44d9-49d8-95bb-fb1e5489240d/resource/6fbfaab0-bb84-442a-8e4b-1c14d4c10d6d/download/2010-results.zip :: 2010_Toronto_Poll_by_Poll_Toronto_District_School_Board.xls,1,
con_cfe50dfe657c56a981b3560a9972b81a,evt_5a786c1da7ec5e758036205f04351fc5,toronto_catholic_district_school_board,trustee,dst_bfffff7d4efb54cba0a3cd3c6d967a5f,7,Ward 7,tcdsb-trustee-wards-2010,vote,final,complete,False,2,11481,,,,Toronto City Clerk,Elections — Official Results,https://ckan0.cf.opendata.inter.prod-toronto.ca/dataset/96d35404-44d9-49d8-95bb-fb1e5489240d/resource/6fbfaab0-bb84-442a-8e4b-1c14d4c10d6d/download/2010-results.zip :: 2010_Toronto_Poll_by_Poll_Toronto_Catholic_District_School_Board.xls,1,
con_d3501604e9f4585f9efd9e449d8bd308,evt_5a786c1da7ec5e758036205f04351fc5,toronto_district_school_board,trustee,dst_c43b1dc08e2e52c0ab0ba20ce8ac28aa,4,Ward 4,tdsb-trustee-wards-2010,vote,final,complete,False,3,12713,,,,Toronto City Clerk,Elections — Official Results,https://ckan0.cf.opendata.inter.prod-toronto.ca/dataset/96d35404-44d9-49d8-95bb-fb1e5489240d/resource/6fbfaab0-bb84-442a-8e4b-1c14d4c10d6d/download/2010-results.zip :: 2010_Toronto_Poll_by_Poll_Toronto_District_School_Board.xls,1,
con_fe17d43da7da50c796342504fb40c2fb,evt_5a786c1da7ec5e758036205f04351fc5,toronto_district_school_board,trustee,dst_cf7c65e462d656dfa5b8b456264c1399,6,Ward 6,tdsb-trustee-wards-2010,vote,final,complete,False,2,16235,,,,Toronto City Clerk,Elections — Official Results,https://ckan0.cf.opendata.inter.prod-toronto.ca/dataset/96d35404-44d9-49d8-95bb-fb1e5489240d/resource/6fbfaab0-bb84-442a-8e4b-1c14d4c10d6d/download/2010-results.zip :: 2010_Toronto_Poll_by_Poll_Toronto_District_School_Board.xls,1,
con_1626283ec3505595a419aa5ec526eae4,evt_5a786c1da7ec5e758036205f04351fc5,toronto_catholic_district_school_board,trustee,dst_dd68aa4a3ec257f1931964f94f8186a5,8,Ward 8,tcdsb-trustee-wards-2010,vote,final,complete,False,7,11779,,,,Toronto City Clerk,Elections — Official Results,https://ckan0.cf.opendata.inter.prod-toronto.ca/dataset/96d35404-44d9-49d8-95bb-fb1e5489240d/resource/6fbfaab0-bb84-442a-8e4b-1c14d4c10d6d/download/2010-results.zip :: 2010_Toronto_Poll_by_Poll_Toronto_Catholic_District_School_Board.xls,1,
con_c7de38a84be25a25bda13b4b702d0bfe,evt_5a786c1da7ec5e758036205f04351fc5,toronto_district_school_board,trustee,dst_dde359c746b15916991e2425985fc8b5,18,Ward 18,tdsb-trustee-wards-2010,vote,final,complete,False,4,25467,,,,Toronto City Clerk,Elections — Official Results,https://ckan0.cf.opendata.inter.prod-toronto.ca/dataset/96d35404-44d9-49d8-95bb-fb1e5489240d/resource/6fbfaab0-bb84-442a-8e4b-1c14d4c10d6d/download/2010-results.zip :: 2010_Toronto_Poll_by_Poll_Toronto_District_School_Board.xls,1,
con_e8cb22c572795525a694438eba09f3df,evt_5a786c1da7ec5e758036205f04351fc5,toronto_catholic_district_school_board,trustee,dst_dfcee295ed4c5124ac875800455df164,5,Ward 5,tcdsb-trustee-wards-2010,vote,final,complete,False,11,15091,,,,Toronto City Clerk,Elections — Official Results,https://ckan0.cf.opendata.inter.prod-toronto.ca/dataset/96d35404-44d9-49d8-95bb-fb1e5489240d/resource/6fbfaab0-bb84-442a-8e4b-1c14d4c10d6d/download/2010-results.zip :: 2010_Toronto_Poll_by_Poll_Toronto_Catholic_District_School_Board.xls,1,
con_fc9873e329ef573797f8558bfd24f0d9,evt_5a786c1da7ec5e758036205f04351fc5,toronto_catholic_district_school_board,trustee,dst_e2bd4ee7ab31507899423e6669699075,9,Ward 9,tcdsb-trustee-wards-2010,vote,final,complete,False,6,12945,,,,Toronto City Clerk,Elections — Official Results,https://ckan0.cf.opendata.inter.prod-toronto.ca/dataset/96d35404-44d9-49d8-95bb-fb1e5489240d/resource/6fbfaab0-bb84-442a-8e4b-1c14d4c10d6d/download/2010-results.zip :: 2010_Toronto_Poll_by_Poll_Toronto_Catholic_District_School_Board.xls,1,
con_ed64c9863e7a5868ae416148ca162ace,evt_5a786c1da7ec5e758036205f04351fc5,toronto_district_school_board,trustee,dst_eac0c318c94e5a959f9e4d1f2b93cc59,14,Ward 14,tdsb-trustee-wards-2010,vote,final,complete,False,5,31296,,,,Toronto City Clerk,Elections — Official Results,https://ckan0.cf.opendata.inter.prod-toronto.ca/dataset/96d35404-44d9-49d8-95bb-fb1e5489240d/resource/6fbfaab0-bb84-442a-8e4b-1c14d4c10d6d/download/2010-results.zip :: 2010_Toronto_Poll_by_Poll_Toronto_District_School_Board.xls,1,
con_d1e4e4ae22c45a5fb4a89825874ea229,evt_5a786c1da7ec5e758036205f04351fc5,toronto_district_school_board,trustee,dst_ee7b44f8136d55b189a1b8c58e9a814d,15,Ward 15,tdsb-trustee-wards-2010,vote,final,complete,False,2,29419,,,,Toronto City Clerk,Elections — Official Results,https://ckan0.cf.opendata.inter.prod-toronto.ca/dataset/96d35404-44d9-49d8-95bb-fb1e5489240d/resource/6fbfaab0-bb84-442a-8e4b-1c14d4c10d6d/download/2010-results.zip :: 2010_Toronto_Poll_by_Poll_Toronto_District_School_Board.xls,1,
con_790774d313395a969575d7c30405a2e9,evt_5a786c1da7ec5e758036205f04351fc5,toronto_district_school_board,trustee,dst_ef975e23590d5e13b6db33fb8156d64b,2,Ward 2,tdsb-trustee-wards-2010,vote,final,complete,False,8,23093,,,,Toronto City Clerk,Elections — Official Results,https://ckan0.cf.opendata.inter.prod-toronto.ca/dataset/96d35404-44d9-49d8-95bb-fb1e5489240d/resource/6fbfaab0-bb84-442a-8e4b-1c14d4c10d6d/download/2010-results.zip :: 2010_Toronto_Poll_by_Poll_Toronto_District_School_Board.xls,1,
con_59f078d2093052ccae0e5979ef779eb8,evt_5a786c1da7ec5e758036205f04351fc5,toronto_district_school_board,trustee,dst_f02c60baa4d657c79d89336478d2ae2d,22,Ward 22,tdsb-trustee-wards-2010,vote,final,complete,False,7,26312,,,,Toronto City Clerk,Elections — Official Results,https://ckan0.cf.opendata.inter.prod-toronto.ca/dataset/96d35404-44d9-49d8-95bb-fb1e5489240d/resource/6fbfaab0-bb84-442a-8e4b-1c14d4c10d6d/download/2010-results.zip :: 2010_Toronto_Poll_by_Poll_Toronto_District_School_Board.xls,1,
con_7339c727ada85a6fbeefdb21922afaab,evt_5a786c1da7ec5e758036205f04351fc5,toronto_catholic_district_school_board,trustee,dst_f042cad59fe05948b75eae8a97adf294,4,Ward 4,tcdsb-trustee-wards-2010,vote,final,complete,False,8,12393,,,,Toronto City Clerk,Elections — Official Results,https://ckan0.cf.opendata.inter.prod-toronto.ca/dataset/96d35404-44d9-49d8-95bb-fb1e5489240d/resource/6fbfaab0-bb84-442a-8e4b-1c14d4c10d6d/download/2010-results.zip :: 2010_Toronto_Poll_by_Poll_Toronto_Catholic_District_School_Board.xls,1,
con_6c8449ce074353768be569dcdef224c0,evt_5a786c1da7ec5e758036205f04351fc5,conseil_scolaire_viamonde,trustee,dst_fafae29f768c5a87855ed22ba35400d3,4,Ward 4,viamonde-trustee-wards-2010,vote,final,complete,False,3,736,,,,Toronto City Clerk,Elections — Official Results,https://ckan0.cf.opendata.inter.prod-toronto.ca/dataset/96d35404-44d9-49d8-95bb-fb1e5489240d/resource/6fbfaab0-bb84-442a-8e4b-1c14d4c10d6d/download/2010-results.zip :: 2010_Toronto_Poll_by_Poll_Conseil_Scolaire_De_District_Du_Centre_Sud_Ouest.xls,1,
con_4de828112b3550489c9584869ee12fa3,evt_5a786c1da7ec5e758036205f04351fc5,toronto_catholic_district_school_board,trustee,dst_fc865468d09e5b07907c34997fe3b60c,11,Ward 11,tcdsb-trustee-wards-2010,vote,final,complete,False,4,10692,,,,Toronto City Clerk,Elections — Official Results,https://ckan0.cf.opendata.inter.prod-toronto.ca/dataset/96d35404-44d9-49d8-95bb-fb1e5489240d/resource/6fbfaab0-bb84-442a-8e4b-1c14d4c10d6d/download/2010-results.zip :: 2010_Toronto_Poll_by_Poll_Toronto_Catholic_District_School_Board.xls,1,
con_2158ebb061d45365947e2a1cf6099c30,evt_5a786c1da7ec5e758036205f04351fc5,toronto_district_school_board,trustee,dst_fd02bcc3675b569f823345ade5e50f82,21,Ward 21,tdsb-trustee-wards-2010,vote,final,complete,False,6,29380,,,,Toronto City Clerk,Elections — Official Results,https://ckan0.cf.opendata.inter.prod-toronto.ca/dataset/96d35404-44d9-49d8-95bb-fb1e5489240d/resource/6fbfaab0-bb84-442a-8e4b-1c14d4c10d6d/download/2010-results.zip :: 2010_Toronto_Poll_by_Poll_Toronto_District_School_Board.xls,1,
con_7877fd22b228598fa65e0e1ccd9b71d6,evt_8ca589beb65b56f5863df3f1f1b621fd,toronto_district_school_board,trustee,dst_b34ca3a0e79b574989b3a49900776aa5,14,Ward 14,tdsb-trustee-wards-2014,vote,final,complete,False,12,6050,,,,Toronto City Clerk,Elections — Official By-election Results,https://ckan0.cf.opendata.inter.prod-toronto.ca/dataset/97d72233-8681-4b3d-828e-4929d40d122c/resource/0190932e-d817-4d8e-8634-8a1cc8cf5a9d/download/2016-tdsb-ward-14.xlsx,1,
con_0a9ca68fb14859a1af15a3056513cb47,evt_90520bfc6b2258a4b4d4b3b4de469794,toronto_district_school_board,trustee,dst_fc11a21d112959cbac93b32ddb2028b3,11,Ward 11,tdsb-trustee-wards-2022,vote,final,complete,False,10,4591,,,,Toronto City Clerk,Elections — Official By-election Results,https://ckan0.cf.opendata.inter.prod-toronto.ca/dataset/97d72233-8681-4b3d-828e-4929d40d122c/resource/7057b4fe-f71d-469b-bf61-c366895fc62e/download/2025-tdsb-ward-11.xlsx,1,
con_c44af6fcb9ff527e8974217b3d633af1,evt_a52ef78967f05336bdb5d591fd50f122,toronto_city_council,councillor,dst_00ef04bf1da8516e8fcafe4f6798604d,ward-10,Ward 10 — Spadina-Fort York,toronto_council_25_wards,vote,final,complete,False,12,21978,95433,23293,composite_municipal_ballot,Toronto City Clerk,Elections — Official Results,data/interim/results/2022/2022_Toronto_Poll_By_Poll_Councillor.xlsx,1,0.24407699642681252
con_98fc649f10ee5100a44520c1500dfac9,evt_a52ef78967f05336bdb5d591fd50f122,toronto_city_council,councillor,dst_0839fc3522805fceb1fc4eb0bf070465,ward-24,Ward 24 — Scarborough-Guildwood,toronto_council_25_wards,vote,final,complete,False,4,16313,64080,16999,composite_municipal_ballot,Toronto City Clerk,Elections — Official Results,data/interim/results/2022/2022_Toronto_Poll_By_Poll_Councillor.xlsx,1,0.2652777777777778
con_9476d4c41a7d5fa48b97b47e28f9305d,evt_a52ef78967f05336bdb5d591fd50f122,toronto_city_council,councillor,dst_0e240cb2dab65f8db224ad8fd83d506c,ward-13,Ward 13 — Toronto Centre,toronto_council_25_wards,vote,final,complete,False,9,21568,80096,23073,composite_municipal_ballot,Toronto City Clerk,Elections — Official Results,data/interim/results/2022/2022_Toronto_Poll_By_Poll_Councillor.xlsx,1,0.2880668198162205
con_db6acf978ec15e2c9ac0230649ef0609,evt_a52ef78967f05336bdb5d591fd50f122,toronto_city_council,councillor,dst_0f93f253dfbb539ab9479b9040f2574b,ward-22,Ward 22 — Scarborough-Agincourt,toronto_council_25_wards,vote,final,complete,False,6,16831,67123,17469,composite_municipal_ballot,Toronto City Clerk,Elections — Official Results,data/interim/results/2022/2022_Toronto_Poll_By_Poll_Councillor.xlsx,1,0.26025356435201047
con_bab4f35c5b9a51da935131d5c790bddf,evt_a52ef78967f05336bdb5d591fd50f122,toronto_city_council,councillor,dst_12048d7958395aa296f47b0f7a4c315f,ward-6,Ward 6 — York Centre,toronto_council_25_wards,vote,final,complete,False,4,16574,68296,17124,composite_municipal_ballot,Toronto City Clerk,Elections — Official Results,data/interim/results/2022/2022_Toronto_Poll_By_Poll_Councillor.xlsx,1,0.25073210729764556
con_6821258c9f7f598e829c8617b8765c25,evt_a52ef78967f05336bdb5d591fd50f122,toronto_city_council,councillor,dst_13b8f4a8ddbd5f0c83aeb4276c97a385,ward-9,Ward 9 — Davenport,toronto_council_25_wards,vote,final,complete,False,9,24050,81355,24869,composite_municipal_ballot,Toronto City Clerk,Elections — Official Results,data/interim/results/2022/2022_Toronto_Poll_By_Poll_Councillor.xlsx,1,0.30568496097351117
con_af1f1cbea2a15cf4899bdd37d9fc80f7,evt_a52ef78967f05336bdb5d591fd50f122,toronto_city_council,councillor,dst_14a751bcf5d35757811c5ea6866f31b0,ward-16,Ward 16 — Don Valley East,toronto_council_25_wards,vote,final,complete,False,11,18234,61583,18785,composite_municipal_ballot,Toronto City Clerk,Elections — Official Results,data/interim/results/2022/2022_Toronto_Poll_By_Poll_Councillor.xlsx,1,0.30503548057093677
con_e3987d425526548a844f6d73b662eac3,evt_a52ef78967f05336bdb5d591fd50f122,toronto_city_council,councillor,dst_1ebfad83fbf45900a012836e069fe964,ward-25,Ward 25 — Scarborough-Rouge Park,toronto_council_25_wards,vote,final,complete,False,3,19601,73560,20048,composite_municipal_ballot,Toronto City Clerk,Elections — Official Results,data/interim/results/2022/2022_Toronto_Poll_By_Poll_Councillor.xlsx,1,0.2725394235997825
con_91f80636385c5df5b2d409f9c9b389ed,evt_a52ef78967f05336bdb5d591fd50f122,toronto_city_council,councillor,dst_262b1fe4f5215500ae024ee7e01c0912,ward-12,Ward 12 — Toronto-St. Paul's,toronto_council_25_wards,vote,final,complete,False,4,26782,83877,28153,composite_municipal_ballot,Toronto City Clerk,Elections — Official Results,data/interim/results/2022/2022_Toronto_Poll_By_Poll_Councillor.xlsx,1,0.33564624390476533
con_b7158aa7285c513f8255b4f87166c723,evt_a52ef78967f05336bdb5d591fd50f122,toronto_city_council,councillor,dst_458e8491e170588bbf807d32471358de,ward-19,Ward 19 — Beaches-East York,toronto_council_25_wards,vote,final,complete,False,7,27728,77782,28315,composite_municipal_ballot,Toronto City Clerk,Elections — Official Results,data/interim/results/2022/2022_Toronto_Poll_By_Poll_Councillor.xlsx,1,0.36403023835848913
con_a1f3f1e6009c53c7a9cbb88e7e2346c0,evt_a52ef78967f05336bdb5d591fd50f122,toronto_city_council,councillor,dst_491164fd0e3a5cdeb806be882bf66569,ward-2,Ward 2 — Etobicoke Centre,toronto_council_25_wards,vote,final,complete,False,5,25678,89491,26784,composite_municipal_ballot,Toronto City Clerk,Elections — Official Results,data/interim/results/2022/2022_Toronto_Poll_By_Poll_Councillor.xlsx,1,0.29929266630163925
con_bcc3da3d377f5fd3bb1d8a0c3ad7160b,evt_a52ef78967f05336bdb5d591fd50f122,toronto_city_council,councillor,dst_5c72aa93cccc58429c93ba95b025805f,ward-3,Ward 3 — Etobicoke-Lakeshore,toronto_council_25_wards,vote,final,complete,False,6,32883,102797,33544,composite_municipal_ballot,Toronto City Clerk,Elections — Official Results,data/interim/results/2022/2022_Toronto_Poll_By_Poll_Councillor.xlsx,1,0.3263130246991644
con_43f8a49a6b095ee8a38c2a1aa0477382,evt_a52ef78967f05336bdb5d591fd50f122,toronto_city_council,councillor,dst_6962e00ba56b58edbaaea7f0f81504f6,ward-7,Ward 7 — Humber River-Black Creek,toronto_council_25_wards,vote,final,complete,False,3,14204,66162,14616,composite_municipal_ballot,Toronto City Clerk,Elections — Official Results,data/interim/results/2022/2022_Toronto_Poll_By_Poll_Councillor.xlsx,1,0.22091230615761312
con_27e80d547d0256149213a7e90956055b,evt_a52ef78967f05336bdb5d591fd50f122,toronto_city_council,councillor,dst_697cda341b945f989c5a4ef65d14e5c1,ward-8,Ward 8 — Eglinton-Lawrence,toronto_council_25_wards,vote,final,complete,False,5,24334,79418,25082,composite_municipal_ballot,Toronto City Clerk,Elections — Official Results,data/interim/results/2022/2022_Toronto_Poll_By_Poll_Councillor.xlsx,1,0.3158226094839961
con_2c0ca30fc75e51a3acf50c4693b1cc1b,evt_a52ef78967f05336bdb5d591fd50f122,toronto_city_council,councillor,dst_6afdd28db1b85bf2a12cbb33b215efb9,ward-4,Ward 4 — Parkdale-High Park,toronto_council_25_wards,vote,final,complete,False,6,31425,83800,32223,composite_municipal_ballot,Toronto City Clerk,Elections — Official Results,data/interim/results/2022/2022_Toronto_Poll_By_Poll_Councillor.xlsx,1,0.3845226730310263
con_f8a855ebf8c250bda4eeed75246305b5,evt_a52ef78967f05336bdb5d591fd50f122,toronto_city_council,councillor,dst_6ded7539bac459f6805b028fc38406ad,ward-15,Ward 15 — Don Valley West,toronto_council_25_wards,vote,final,complete,False,4,21749,69118,22522,composite_municipal_ballot,Toronto City Clerk,Elections — Official Results,data/interim/results/2022/2022_Toronto_Poll_By_Poll_Councillor.xlsx,1,0.3258485488584739
con_037ae72c455f558590ca04bc929df4cb,evt_a52ef78967f05336bdb5d591fd50f122,toronto_city_council,councillor,dst_9288c6aab4795f139c7675b676e373d5,ward-11,Ward 11 — University-Rosedale,toronto_council_25_wards,vote,final,complete,False,14,24351,80347,25690,composite_municipal_ballot,Toronto City Clerk,Elections — Official Results,data/interim/results/2022/2022_Toronto_Poll_By_Poll_Councillor.xlsx,1,0.3197381358358122
con_a548943febc15683bb34e547001ee6e7,evt_a52ef78967f05336bdb5d591fd50f122,toronto_city_council,councillor,dst_a32de63331ab5882ba3224ac1457e939,ward-17,Ward 17 — Don Valley North,toronto_council_25_wards,vote,final,complete,False,6,17965,70517,18700,composite_municipal_ballot,Toronto City Clerk,Elections — Official Results,data/interim/results/2022/2022_Toronto_Poll_By_Poll_Councillor.xlsx,1,0.2651842818043876
con_ac0a746327ea57b39ba13add8456bbd3,evt_a52ef78967f05336bdb5d591fd50f122,toronto_city_council,councillor,dst_c08cfffa686c5648932189dbec3e91f5,ward-14,Ward 14 — Toronto-Danforth,toronto_council_25_wards,vote,final,complete,False,5,27433,79533,28406,composite_municipal_ballot,Toronto City Clerk,Elections — Official Results,data/interim/results/2022/2022_Toronto_Poll_By_Poll_Councillor.xlsx,1,0.3571599210390655
con_9e0a04dcf1245155b6f1fd50c6a83e99,evt_a52ef78967f05336bdb5d591fd50f122,toronto_city_council,councillor,dst_dffb6fdb0597573ca1a1eb3c1993c269,ward-20,Ward 20 — Scarborough Southwest,toronto_council_25_wards,vote,final,complete,False,8,23428,74104,23967,composite_municipal_ballot,Toronto City Clerk,Elections — Official Results,data/interim/results/2022/2022_Toronto_Poll_By_Poll_Councillor.xlsx,1,0.32342383676994496
con_52f50431db92559f8d4391fb2e932f16,evt_a52ef78967f05336bdb5d591fd50f122,toronto_city_council,councillor,dst_e45c4398760258f785214d7b514aafb1,ward-5,Ward 5 — York South-Weston,toronto_council_25_wards,vote,final,complete,False,3,21167,76907,21807,composite_municipal_ballot,Toronto City Clerk,Elections — Official Results,data/interim/results/2022/2022_Toronto_Poll_By_Poll_Councillor.xlsx,1,0.28355026200475897
con_c686b3ad3bd059d78db8cc44229817a0,evt_a52ef78967f05336bdb5d591fd50f122,toronto_city_council,councillor,dst_e845d931b1485ddfacb056ed66c8b3b9,ward-23,Ward 23 — Scarborough North,toronto_council_25_wards,vote,final,complete,False,3,10403,61338,15388,composite_municipal_ballot,Toronto City Clerk,Elections — Official Results,data/interim/results/2022/2022_Toronto_Poll_By_Poll_Councillor.xlsx,1,0.2508722162444162
con_8d2d5f08a1095a14abbcb526483a3aa0,evt_a52ef78967f05336bdb5d591fd50f122,toronto_city_council,councillor,dst_ecad4be4655e5612bff68d3d4de3f8e1,ward-18,Ward 18 — Willowdale,toronto_council_25_wards,vote,final,complete,False,4,19981,69996,20438,composite_municipal_ballot,Toronto City Clerk,Elections — Official Results,data/interim/results/2022/2022_Toronto_Poll_By_Poll_Councillor.xlsx,1,0.2919881136064918
con_c637e2ad153c516eb79ab5edb84161f8,evt_a52ef78967f05336bdb5d591fd50f122,toronto_city_council,councillor,dst_f1bb08a02f0c53efbe59d0a3ec00be31,ward-21,Ward 21 — Scarborough Centre,toronto_council_25_wards,vote,final,complete,False,6,18057,71240,18867,composite_municipal_ballot,Toronto City Clerk,Elections — Official Results,data/interim/results/2022/2022_Toronto_Poll_By_Poll_Councillor.xlsx,1,0.26483717012914093
con_0d314382ba1a5d62b399c1eefc717cc1,evt_a52ef78967f05336bdb5d591fd50f122,toronto_city_council,councillor,dst_f6f1ed0519d9529797756178682c5516,ward-1,Ward 1 — Etobicoke North,toronto_council_25_wards,vote,final,complete,False,16,16595,70797,16962,composite_municipal_ballot,Toronto City Clerk,Elections — Official Results,data/interim/results/2022/2022_Toronto_Poll_By_Poll_Councillor.xlsx,1,0.23958642315352346
con_778d3d5e612151bcb14703a9f987556d,evt_a52ef78967f05336bdb5d591fd50f122,toronto_city_council,mayor,dst_1ccc44a766885c22ae1ec045703dfe91,city,City of Toronto,toronto_council_25_wards,vote,final,complete,False,31,551890,1898750,563124,composite_municipal_ballot,Toronto City Clerk,Elections — Official Results,data/interim/results/2022/2022_Toronto_Poll_By_Poll_Mayor.xlsx,1,0.2965761685319289
con_b51bbe61c5785cec9d2112b56c8ab5ec,evt_a52ef78967f05336bdb5d591fd50f122,toronto_catholic_district_school_board,trustee,dst_0634e938551855bbbf4b729f525ce15f,4,Ward 4,tcdsb-trustee-wards-2022,vote,final,complete,False,3,10841,,,,Toronto City Clerk,Elections — Official Results,https://ckan0.cf.opendata.inter.prod-toronto.ca/dataset/96d35404-44d9-49d8-95bb-fb1e5489240d/resource/3ad371de-7c51-45d3-9ea4-0b4efac5fc2b/download/2022-results.zip :: 2022_Toronto_Poll_By_Poll_Toronto_Catholic_District_School_Board.xlsx,1,
con_08974f358db25192a2c8a88fc784d729,evt_a52ef78967f05336bdb5d591fd50f122,toronto_district_school_board,trustee,dst_0dc442783e9357b6b13b1e8531f0c1fd,12,Ward 12,tdsb-trustee-wards-2022,vote,final,complete,False,3,15092,,,,Toronto City Clerk,Elections — Official Results,https://ckan0.cf.opendata.inter.prod-toronto.ca/dataset/96d35404-44d9-49d8-95bb-fb1e5489240d/resource/3ad371de-7c51-45d3-9ea4-0b4efac5fc2b/download/2022-results.zip :: 2022_Toronto_Poll_By_Poll_Toronto_District_School_Board.xlsx,1,
con_a70dd05e8cb957c9a0ea85b748d51d80,evt_a52ef78967f05336bdb5d591fd50f122,conseil_scolaire_viamonde,trustee,dst_10b02c04280153c4b3adc2d5c9edfe45,4,Ward 4,viamonde-trustee-wards-2022,acclamation,final,complete,True,1,,,,,Toronto City Clerk,Elections — Official Results,https://www.toronto.ca/wp-content/uploads/2022/08/8e0d-Declaration-of-Acclamation.pdf,1,
con_5434720239ac5bd29fea88c00e9aedb0,evt_a52ef78967f05336bdb5d591fd50f122,conseil_scolaire_viamonde,trustee,dst_1618e9418aeb5de4b78f43a86f331699,2,Ward 2,viamonde-trustee-wards-2022,acclamation,final,complete,True,1,,,,,Toronto City Clerk,Elections — Official Results,https://www.toronto.ca/wp-content/uploads/2022/08/8e0d-Declaration-of-Acclamation.pdf,1,
con_d52b42c7391c587f90f072f6950fb7bb,evt_a52ef78967f05336bdb5d591fd50f122,toronto_catholic_district_school_board,trustee,dst_3045ef4b9e96535e88235c89974d4cbd,1,Ward 1,tcdsb-trustee-wards-2022,vote,final,complete,False,2,4295,,,,Toronto City Clerk,Elections — Official Results,https://ckan0.cf.opendata.inter.prod-toronto.ca/dataset/96d35404-44d9-49d8-95bb-fb1e5489240d/resource/3ad371de-7c51-45d3-9ea4-0b4efac5fc2b/download/2022-results.zip :: 2022_Toronto_Poll_By_Poll_Toronto_Catholic_District_School_Board.xlsx,1,
con_269f0ebe95185985880619b421f2ce5c,evt_a52ef78967f05336bdb5d591fd50f122,toronto_catholic_district_school_board,trustee,dst_34fd71cb06fc5c2aae395402547b3d2b,12,Ward 12,tcdsb-trustee-wards-2022,vote,final,complete,False,2,6968,,,,Toronto City Clerk,Elections — Official Results,https://ckan0.cf.opendata.inter.prod-toronto.ca/dataset/96d35404-44d9-49d8-95bb-fb1e5489240d/resource/3ad371de-7c51-45d3-9ea4-0b4efac5fc2b/download/2022-results.zip :: 2022_Toronto_Poll_By_Poll_Toronto_Catholic_District_School_Board.xlsx,1,
con_1b2f227728df5184b309e9b456593335,evt_a52ef78967f05336bdb5d591fd50f122,toronto_catholic_district_school_board,trustee,dst_390df789cc9b50e99d3eb56dae1bf5c2,3,Ward 3,tcdsb-trustee-wards-2022,vote,final,complete,False,2,5133,,,,Toronto City Clerk,Elections — Official Results,https://ckan0.cf.opendata.inter.prod-toronto.ca/dataset/96d35404-44d9-49d8-95bb-fb1e5489240d/resource/3ad371de-7c51-45d3-9ea4-0b4efac5fc2b/download/2022-results.zip :: 2022_Toronto_Poll_By_Poll_Toronto_Catholic_District_School_Board.xlsx,1,
con_c935a24d61de5c5184cc611059afae07,evt_a52ef78967f05336bdb5d591fd50f122,toronto_catholic_district_school_board,trustee,dst_3b6e1a69f94c5918b7c11e46410cc79b,7,Ward 7,tcdsb-trustee-wards-2022,vote,final,complete,False,4,6583,,,,Toronto City Clerk,Elections — Official Results,https://ckan0.cf.opendata.inter.prod-toronto.ca/dataset/96d35404-44d9-49d8-95bb-fb1e5489240d/resource/3ad371de-7c51-45d3-9ea4-0b4efac5fc2b/download/2022-results.zip :: 2022_Toronto_Poll_By_Poll_Toronto_Catholic_District_School_Board.xlsx,1,
con_37d9e07bca135c0e87cf1546e437c9ca,evt_a52ef78967f05336bdb5d591fd50f122,conseil_scolaire_catholique_monavenir,trustee,dst_3d4d32b0f49b5014b24b86f89d166a03,3,Ward 3,monavenir-trustee-wards-2022,acclamation,final,complete,True,1,,,,,Toronto City Clerk,Elections — Official Results,https://www.toronto.ca/wp-content/uploads/2022/08/8e0d-Declaration-of-Acclamation.pdf,1,
con_e4efcefcdb5f50d7b5494570c572fa82,evt_a52ef78967f05336bdb5d591fd50f122,toronto_district_school_board,trustee,dst_40ea726637f8582986eb9a585e72d9b1,13,Ward 13,tdsb-trustee-wards-2022,vote,final,complete,False,3,14316,,,,Toronto City Clerk,Elections — Official Results,https://ckan0.cf.opendata.inter.prod-toronto.ca/dataset/96d35404-44d9-49d8-95bb-fb1e5489240d/resource/3ad371de-7c51-45d3-9ea4-0b4efac5fc2b/download/2022-results.zip :: 2022_Toronto_Poll_By_Poll_Toronto_District_School_Board.xlsx,1,
con_29eff6f46ca55cac94099be4006cc523,evt_a52ef78967f05336bdb5d591fd50f122,toronto_district_school_board,trustee,dst_40f2e913de535e78b916bc911a9082db,7,Ward 7,tdsb-trustee-wards-2022,vote,final,complete,False,8,22457,,,,Toronto City Clerk,Elections — Official Results,https://ckan0.cf.opendata.inter.prod-toronto.ca/dataset/96d35404-44d9-49d8-95bb-fb1e5489240d/resource/3ad371de-7c51-45d3-9ea4-0b4efac5fc2b/download/2022-results.zip :: 2022_Toronto_Poll_By_Poll_Toronto_District_School_Board.xlsx,1,
con_7dd74204ee9455d39b079f217b8a62eb,evt_a52ef78967f05336bdb5d591fd50f122,toronto_district_school_board,trustee,dst_4e38dc8668135a92b34684b5e68ed01b,22,Ward 22,tdsb-trustee-wards-2022,vote,final,complete,False,4,14392,,,,Toronto City Clerk,Elections — Official Results,https://ckan0.cf.opendata.inter.prod-toronto.ca/dataset/96d35404-44d9-49d8-95bb-fb1e5489240d/resource/3ad371de-7c51-45d3-9ea4-0b4efac5fc2b/download/2022-results.zip :: 2022_Toronto_Poll_By_Poll_Toronto_District_School_Board.xlsx,1,
con_c75949d31d16576dbb5203f30de8a1b4,evt_a52ef78967f05336bdb5d591fd50f122,toronto_district_school_board,trustee,dst_5846ae34001c5319b5698a6fcbeda427,17,Ward 17,tdsb-trustee-wards-2022,vote,final,complete,False,12,14023,,,,Toronto City Clerk,Elections — Official Results,https://ckan0.cf.opendata.inter.prod-toronto.ca/dataset/96d35404-44d9-49d8-95bb-fb1e5489240d/resource/3ad371de-7c51-45d3-9ea4-0b4efac5fc2b/download/2022-results.zip :: 2022_Toronto_Poll_By_Poll_Toronto_District_School_Board.xlsx,1,
con_be5c73e5803d5cce8de847c71abb3370,evt_a52ef78967f05336bdb5d591fd50f122,toronto_catholic_district_school_board,trustee,dst_598f3408529456ddb0b67faf8ea4a7dc,9,Ward 9,tcdsb-trustee-wards-2022,vote,final,complete,False,7,6658,,,,Toronto City Clerk,Elections — Official Results,https://ckan0.cf.opendata.inter.prod-toronto.ca/dataset/96d35404-44d9-49d8-95bb-fb1e5489240d/resource/3ad371de-7c51-45d3-9ea4-0b4efac5fc2b/download/2022-results.zip :: 2022_Toronto_Poll_By_Poll_Toronto_Catholic_District_School_Board.xlsx,1,
con_83710555e9cd588aaa6a6353f83be3b9,evt_a52ef78967f05336bdb5d591fd50f122,toronto_catholic_district_school_board,trustee,dst_5a03bfc1deed57e7a14056de2b7e2c0b,8,Ward 8,tcdsb-trustee-wards-2022,vote,final,complete,False,3,6971,,,,Toronto City Clerk,Elections — Official Results,https://ckan0.cf.opendata.inter.prod-toronto.ca/dataset/96d35404-44d9-49d8-95bb-fb1e5489240d/resource/3ad371de-7c51-45d3-9ea4-0b4efac5fc2b/download/2022-results.zip :: 2022_Toronto_Poll_By_Poll_Toronto_Catholic_District_School_Board.xlsx,1,
con_9181511b1f1652979202a0cd1f8bcaea,evt_a52ef78967f05336bdb5d591fd50f122,toronto_district_school_board,trustee,dst_61898d116cb0507d9e293d1fc8e0975b,10,Ward 10,tdsb-trustee-wards-2022,vote,final,complete,False,7,33405,,,,Toronto City Clerk,Elections — Official Results,https://ckan0.cf.opendata.inter.prod-toronto.ca/dataset/96d35404-44d9-49d8-95bb-fb1e5489240d/resource/3ad371de-7c51-45d3-9ea4-0b4efac5fc2b/download/2022-results.zip :: 2022_Toronto_Poll_By_Poll_Toronto_District_School_Board.xlsx,1,
con_ec34b493b2095764854c258c0b155ffa,evt_a52ef78967f05336bdb5d591fd50f122,toronto_district_school_board,trustee,dst_83923f6eef7a5cc1becfbf6b242c69c9,16,Ward 16,tdsb-trustee-wards-2022,vote,final,complete,False,3,21233,,,,Toronto City Clerk,Elections — Official Results,https://ckan0.cf.opendata.inter.prod-toronto.ca/dataset/96d35404-44d9-49d8-95bb-fb1e5489240d/resource/3ad371de-7c51-45d3-9ea4-0b4efac5fc2b/download/2022-results.zip :: 2022_Toronto_Poll_By_Poll_Toronto_District_School_Board.xlsx,1,
con_1c7d01158858561a81355208345ba4cc,evt_a52ef78967f05336bdb5d591fd50f122,toronto_district_school_board,trustee,dst_869c20a68b6555959e706bf52f524c2e,15,Ward 15,tdsb-trustee-wards-2022,vote,final,complete,False,4,22755,,,,Toronto City Clerk,Elections — Official Results,https://ckan0.cf.opendata.inter.prod-toronto.ca/dataset/96d35404-44d9-49d8-95bb-fb1e5489240d/resource/3ad371de-7c51-45d3-9ea4-0b4efac5fc2b/download/2022-results.zip :: 2022_Toronto_Poll_By_Poll_Toronto_District_School_Board.xlsx,1,
con_013049b8faee59008803ab4dfa4884fe,evt_a52ef78967f05336bdb5d591fd50f122,toronto_district_school_board,trustee,dst_8d6d49712b15504a96b8c100d609828a,8,Ward 8,tdsb-trustee-wards-2022,vote,final,complete,False,7,36993,,,,Toronto City Clerk,Elections — Official Results,https://ckan0.cf.opendata.inter.prod-toronto.ca/dataset/96d35404-44d9-49d8-95bb-fb1e5489240d/resource/3ad371de-7c51-45d3-9ea4-0b4efac5fc2b/download/2022-results.zip :: 2022_Toronto_Poll_By_Poll_Toronto_District_School_Board.xlsx,1,
con_e34dc1438f265d7691fc6b79c3724bdb,evt_a52ef78967f05336bdb5d591fd50f122,toronto_catholic_district_school_board,trustee,dst_92f5ec2159f75718acc1d3dd488cd457,2,Ward 2,tcdsb-trustee-wards-2022,vote,final,complete,False,2,9769,,,,Toronto City Clerk,Elections — Official Results,https://ckan0.cf.opendata.inter.prod-toronto.ca/dataset/96d35404-44d9-49d8-95bb-fb1e5489240d/resource/3ad371de-7c51-45d3-9ea4-0b4efac5fc2b/download/2022-results.zip :: 2022_Toronto_Poll_By_Poll_Toronto_Catholic_District_School_Board.xlsx,1,
con_76868d9afe095616aa6205238453ddd8,evt_a52ef78967f05336bdb5d591fd50f122,toronto_district_school_board,trustee,dst_a68ad9ccdb3959b6aed01b5e507896d1,4,Ward 4,tdsb-trustee-wards-2022,vote,final,complete,False,5,8466,,,,Toronto City Clerk,Elections — Official Results,https://ckan0.cf.opendata.inter.prod-toronto.ca/dataset/96d35404-44d9-49d8-95bb-fb1e5489240d/resource/3ad371de-7c51-45d3-9ea4-0b4efac5fc2b/download/2022-results.zip :: 2022_Toronto_Poll_By_Poll_Toronto_District_School_Board.xlsx,1,
con_c5d679e4374a5bc2bcc53510e3f83a83,evt_a52ef78967f05336bdb5d591fd50f122,conseil_scolaire_viamonde,trustee,dst_ad7be9c81b6857b8bcb92b4670733726,3,Ward 3,viamonde-trustee-wards-2022,void,final,complete,False,,,,,,Toronto City Clerk,Elections — Official Results,https://www.toronto.ca/wp-content/uploads/2022/10/9085-FinalDeclaration-of-Results-for-the-2022-Toronto-Municipal-Election.pdf,1,
con_6dc1e488bb415ad39dbe7d6fa7db8d3e,evt_a52ef78967f05336bdb5d591fd50f122,conseil_scolaire_catholique_monavenir,trustee,dst_ade363f00012555bab136bb35280572d,4,Ward 4,monavenir-trustee-wards-2022,void,final,complete,False,,,,,,Toronto City Clerk,Elections — Official Results,https://www.toronto.ca/wp-content/uploads/2022/10/9085-FinalDeclaration-of-Results-for-the-2022-Toronto-Municipal-Election.pdf,1,
con_3ff195079da4515ba5343cc3202ad8f4,evt_a52ef78967f05336bdb5d591fd50f122,toronto_district_school_board,trustee,dst_b6bfd4c43f7751e8953dba31b399ccec,18,Ward 18,tdsb-trustee-wards-2022,vote,final,complete,False,8,18144,,,,Toronto City Clerk,Elections — Official Results,https://ckan0.cf.opendata.inter.prod-toronto.ca/dataset/96d35404-44d9-49d8-95bb-fb1e5489240d/resource/3ad371de-7c51-45d3-9ea4-0b4efac5fc2b/download/2022-results.zip :: 2022_Toronto_Poll_By_Poll_Toronto_District_School_Board.xlsx,1,
con_3fecd89f4e4451b08bdbd1c9236e5a44,evt_a52ef78967f05336bdb5d591fd50f122,toronto_district_school_board,trustee,dst_ba93caba5626553c84e2e1b889b9bc49,2,Ward 2,tdsb-trustee-wards-2022,vote,final,complete,False,4,14224,,,,Toronto City Clerk,Elections — Official Results,https://ckan0.cf.opendata.inter.prod-toronto.ca/dataset/96d35404-44d9-49d8-95bb-fb1e5489240d/resource/3ad371de-7c51-45d3-9ea4-0b4efac5fc2b/download/2022-results.zip :: 2022_Toronto_Poll_By_Poll_Toronto_District_School_Board.xlsx,1,
con_aece718216a551319d7c025ae097d5fc,evt_a52ef78967f05336bdb5d591fd50f122,toronto_catholic_district_school_board,trustee,dst_c06de183b89b5731baedf04cff7d4f09,5,Ward 5,tcdsb-trustee-wards-2022,vote,final,complete,False,4,11329,,,,Toronto City Clerk,Elections — Official Results,https://ckan0.cf.opendata.inter.prod-toronto.ca/dataset/96d35404-44d9-49d8-95bb-fb1e5489240d/resource/3ad371de-7c51-45d3-9ea4-0b4efac5fc2b/download/2022-results.zip :: 2022_Toronto_Poll_By_Poll_Toronto_Catholic_District_School_Board.xlsx,1,
con_1721d74f9a01556f9497ff2fdd6f66c6,evt_a52ef78967f05336bdb5d591fd50f122,toronto_district_school_board,trustee,dst_cf84cbb28ca853829df3680f5b546241,6,Ward 6,tdsb-trustee-wards-2022,vote,final,complete,False,7,12971,,,,Toronto City Clerk,Elections — Official Results,https://ckan0.cf.opendata.inter.prod-toronto.ca/dataset/96d35404-44d9-49d8-95bb-fb1e5489240d/resource/3ad371de-7c51-45d3-9ea4-0b4efac5fc2b/download/2022-results.zip :: 2022_Toronto_Poll_By_Poll_Toronto_District_School_Board.xlsx,1,
con_6416117a71045bfbb98fdbadeac07e04,evt_a52ef78967f05336bdb5d591fd50f122,toronto_district_school_board,trustee,dst_d0b7bb0c05a054f4b5c48c6c2ded98b0,1,Ward 1,tdsb-trustee-wards-2022,vote,final,complete,False,7,11379,,,,Toronto City Clerk,Elections — Official Results,https://ckan0.cf.opendata.inter.prod-toronto.ca/dataset/96d35404-44d9-49d8-95bb-fb1e5489240d/resource/3ad371de-7c51-45d3-9ea4-0b4efac5fc2b/download/2022-results.zip :: 2022_Toronto_Poll_By_Poll_Toronto_District_School_Board.xlsx,1,
con_2a04f9d29ed253f9921933eebbde17d9,evt_a52ef78967f05336bdb5d591fd50f122,toronto_catholic_district_school_board,trustee,dst_d14001c0f2825347a52bf9f9d8b07c0a,11,Ward 11,tcdsb-trustee-wards-2022,vote,final,complete,False,4,11332,,,,Toronto City Clerk,Elections — Official Results,https://ckan0.cf.opendata.inter.prod-toronto.ca/dataset/96d35404-44d9-49d8-95bb-fb1e5489240d/resource/3ad371de-7c51-45d3-9ea4-0b4efac5fc2b/download/2022-results.zip :: 2022_Toronto_Poll_By_Poll_Toronto_Catholic_District_School_Board.xlsx,1,
con_d203202355e75e308f3fe0eca40bfc8d,evt_a52ef78967f05336bdb5d591fd50f122,toronto_catholic_district_school_board,trustee,dst_d44a2a5f027e555883cbde35d30ed53d,10,Ward 10,tcdsb-trustee-wards-2022,vote,final,complete,False,3,6885,,,,Toronto City Clerk,Elections — Official Results,https://ckan0.cf.opendata.inter.prod-toronto.ca/dataset/96d35404-44d9-49d8-95bb-fb1e5489240d/resource/3ad371de-7c51-45d3-9ea4-0b4efac5fc2b/download/2022-results.zip :: 2022_Toronto_Poll_By_Poll_Toronto_Catholic_District_School_Board.xlsx,1,
con_5a608a4ea898547bb425a700ddeb82a2,evt_a52ef78967f05336bdb5d591fd50f122,toronto_district_school_board,trustee,dst_d7208c3855185105b084bb8193c1a5b7,21,Ward 21,tdsb-trustee-wards-2022,vote,final,complete,False,5,11478,,,,Toronto City Clerk,Elections — Official Results,https://ckan0.cf.opendata.inter.prod-toronto.ca/dataset/96d35404-44d9-49d8-95bb-fb1e5489240d/resource/3ad371de-7c51-45d3-9ea4-0b4efac5fc2b/download/2022-results.zip :: 2022_Toronto_Poll_By_Poll_Toronto_District_School_Board.xlsx,1,
con_d31f5ba65ba95ec1a3cc55e1e15f0339,evt_a52ef78967f05336bdb5d591fd50f122,toronto_district_school_board,trustee,dst_dc91116616d05c87a2928da9ffe89936,14,Ward 14,tdsb-trustee-wards-2022,vote,final,complete,False,7,13827,,,,Toronto City Clerk,Elections — Official Results,https://ckan0.cf.opendata.inter.prod-toronto.ca/dataset/96d35404-44d9-49d8-95bb-fb1e5489240d/resource/3ad371de-7c51-45d3-9ea4-0b4efac5fc2b/download/2022-results.zip :: 2022_Toronto_Poll_By_Poll_Toronto_District_School_Board.xlsx,1,
con_038acabab79452e380489d3aba2d55c1,evt_a52ef78967f05336bdb5d591fd50f122,toronto_district_school_board,trustee,dst_e21ff120bb535cf1881e9e83839e4fa6,20,Ward 20,tdsb-trustee-wards-2022,vote,final,complete,False,4,12981,,,,Toronto City Clerk,Elections — Official Results,https://ckan0.cf.opendata.inter.prod-toronto.ca/dataset/96d35404-44d9-49d8-95bb-fb1e5489240d/resource/3ad371de-7c51-45d3-9ea4-0b4efac5fc2b/download/2022-results.zip :: 2022_Toronto_Poll_By_Poll_Toronto_District_School_Board.xlsx,1,
con_551d94cafc7a52c0ac816e5b9933885b,evt_a52ef78967f05336bdb5d591fd50f122,toronto_district_school_board,trustee,dst_e52c91eb0e6a5fadb5ec60f9f86d71ac,5,Ward 5,tdsb-trustee-wards-2022,vote,final,complete,False,9,11165,,,,Toronto City Clerk,Elections — Official Results,https://ckan0.cf.opendata.inter.prod-toronto.ca/dataset/96d35404-44d9-49d8-95bb-fb1e5489240d/resource/3ad371de-7c51-45d3-9ea4-0b4efac5fc2b/download/2022-results.zip :: 2022_Toronto_Poll_By_Poll_Toronto_District_School_Board.xlsx,1,
con_ace78f5109555185bf6ec9998159f6e0,evt_a52ef78967f05336bdb5d591fd50f122,toronto_catholic_district_school_board,trustee,dst_ecc950ea494f51fea35c5383b4cc3d0f,6,Ward 6,tcdsb-trustee-wards-2022,vote,final,complete,False,4,3820,,,,Toronto City Clerk,Elections — Official Results,https://ckan0.cf.opendata.inter.prod-toronto.ca/dataset/96d35404-44d9-49d8-95bb-fb1e5489240d/resource/3ad371de-7c51-45d3-9ea4-0b4efac5fc2b/download/2022-results.zip :: 2022_Toronto_Poll_By_Poll_Toronto_Catholic_District_School_Board.xlsx,1,
con_6fdba608259a567ab7c631df47e778f2,evt_a52ef78967f05336bdb5d591fd50f122,toronto_district_school_board,trustee,dst_f1d76629b41e5a06856ad6591386ed33,3,Ward 3,tdsb-trustee-wards-2022,vote,final,complete,False,5,22318,,,,Toronto City Clerk,Elections — Official Results,https://ckan0.cf.opendata.inter.prod-toronto.ca/dataset/96d35404-44d9-49d8-95bb-fb1e5489240d/resource/3ad371de-7c51-45d3-9ea4-0b4efac5fc2b/download/2022-results.zip :: 2022_Toronto_Poll_By_Poll_Toronto_District_School_Board.xlsx,1,
con_38c090f1eff45d4593c8b3ff3fded6d2,evt_a52ef78967f05336bdb5d591fd50f122,toronto_district_school_board,trustee,dst_f93fe030b7f15cacb27a8faf1ceecfa9,9,Ward 9,tdsb-trustee-wards-2022,vote,final,complete,False,8,32740,,,,Toronto City Clerk,Elections — Official Results,https://ckan0.cf.opendata.inter.prod-toronto.ca/dataset/96d35404-44d9-49d8-95bb-fb1e5489240d/resource/3ad371de-7c51-45d3-9ea4-0b4efac5fc2b/download/2022-results.zip :: 2022_Toronto_Poll_By_Poll_Toronto_District_School_Board.xlsx,1,
con_deb16bc2cf6c582e9f5958dc0c74c80e,evt_a52ef78967f05336bdb5d591fd50f122,toronto_district_school_board,trustee,dst_fc11a21d112959cbac93b32ddb2028b3,11,Ward 11,tdsb-trustee-wards-2022,vote,final,complete,False,3,16691,,,,Toronto City Clerk,Elections — Official Results,https://ckan0.cf.opendata.inter.prod-toronto.ca/dataset/96d35404-44d9-49d8-95bb-fb1e5489240d/resource/3ad371de-7c51-45d3-9ea4-0b4efac5fc2b/download/2022-results.zip :: 2022_Toronto_Poll_By_Poll_Toronto_District_School_Board.xlsx,1,
con_b63c56ace9d75cdaa2ea1163d3e326bb,evt_a52ef78967f05336bdb5d591fd50f122,toronto_district_school_board,trustee,dst_fe45d23876205d20819a6db122307434,19,Ward 19,tdsb-trustee-wards-2022,vote,final,complete,False,6,12380,,,,Toronto City Clerk,Elections — Official Results,https://ckan0.cf.opendata.inter.prod-toronto.ca/dataset/96d35404-44d9-49d8-95bb-fb1e5489240d/resource/3ad371de-7c51-45d3-9ea4-0b4efac5fc2b/download/2022-results.zip :: 2022_Toronto_Poll_By_Poll_Toronto_District_School_Board.xlsx,1,
con_1391c9af5ed3541fbcf75d53df25d354,evt_a87f3eb9595a59af890e07aadd93c89c,toronto_catholic_district_school_board,trustee,dst_dd68aa4a3ec257f1931964f94f8186a5,8,Ward 8,tcdsb-trustee-wards-2010,vote,final,complete,False,10,2805,,,,Toronto City Clerk,Elections — Official By-election Results,https://ckan0.cf.opendata.inter.prod-toronto.ca/dataset/97d72233-8681-4b3d-828e-4929d40d122c/resource/a75d576c-f315-4c90-b5c9-1ca7d9f8b51f/download/2012-tcdsb-ward-8.xls,1,
con_0a56b73a0cea5c9db15fd352d1015125,evt_ae45ae96069c5f2aacddabffa8135f7f,toronto_district_school_board,trustee,dst_8f33fc473822520598b9de6464be15a0,1,Ward 1,tdsb-trustee-wards-2014,vote,final,complete,False,14,8986,,,,Toronto City Clerk,Elections — Official By-election Results,https://ckan0.cf.opendata.inter.prod-toronto.ca/dataset/97d72233-8681-4b3d-828e-4929d40d122c/resource/836c4152-0603-4fd4-8ab4-a53cf386bc43/download/2016-tdsb-ward-1-.xlsx,1,
con_ca1753a2e9eb53b396a948ee50167f03,evt_af73d490abf95ffdae38ca2c830e51f4,toronto_city_council,councillor,dst_6ded7539bac459f6805b028fc38406ad,ward-15,Ward 15 — Don Valley West,toronto_council_25_wards,vote,final,complete,False,16,23555,74942,23555,composite_municipal_ballot,Toronto City Clerk,Elections — Official By-election Results,data/raw/byelection/2024-councillor-ward-15-poll-by-poll.xlsx,1,0.31430973286007846
con_bb2bdc05e1365857b524a0a6596b48d5,evt_b8284a5341635f79babdf7ddc512c2f6,toronto_city_council,councillor,dst_65a81c104a8c5c0194e7fee5f09545d3,ward-42,Ward 42,toronto_council_44_wards,vote,final,complete,False,32,10432,46405,10432,composite_municipal_ballot,Toronto City Clerk,Elections — Official By-election Results,data/raw/byelection/2017-councillor-ward-42.xlsx,1,0.22480336170671264
con_c8883aeeac29529eada91aebc451242b,evt_ca435dada07f5ed9b041b7c3d24de732,toronto_city_council,councillor,dst_1ebfad83fbf45900a012836e069fe964,ward-25,Ward 25 — Scarborough-Rouge Park,toronto_council_25_wards,vote,final,complete,False,20,19260,77990,19284,composite_municipal_ballot,Toronto City Clerk,Elections — Official By-election Results,data/raw/byelection/2025-councillor-ward25-poll-by-poll.xlsx,1,0.24726246954737788
con_6131490bb0d75b1ba4033e2284df71f8,evt_d89f777f34365c37b114ca39fb376591,toronto_city_council,councillor,dst_0c7514aa1b09538184e94ea59745d5e1,ward-2,Ward 2,toronto_council_44_wards,vote,final,complete,False,3,13352,37961,13907,composite_municipal_ballot,Toronto City Clerk,Elections — Official Results,data/interim/results/2003/2003 Results/2003_Toronto_Poll_by_Poll_Councillor.xls,1,0.3663496746661047
con_845cf9eb2c1b5ed6b35801d45f86cd82,evt_d89f777f34365c37b114ca39fb376591,toronto_city_council,councillor,dst_0d7e9e08fea05cf28d47a0f262ad8f3f,ward-7,Ward 7,toronto_council_44_wards,acclamation,final,complete,True,1,,31643,10081,composite_municipal_ballot,Toronto City Clerk,Elections — Official Results,data/interim/results/2003/2003 Results/2003_Toronto_Poll_by_Poll_Councillor.xls,1,0.31858546914009417
con_7b92b7a12bbf5240a728cbe9d42aa420,evt_d89f777f34365c37b114ca39fb376591,toronto_city_council,councillor,dst_1b5001335c0158b28e0c461fc8d32fd5,ward-43,Ward 43,toronto_council_44_wards,vote,final,complete,False,2,11887,36771,12898,composite_municipal_ballot,Toronto City Clerk,Elections — Official Results,data/interim/results/2003/2003 Results/2003_Toronto_Poll_by_Poll_Councillor.xls,1,0.3507655489380218
con_9d346093453659cba5591e6e2efd506a,evt_d89f777f34365c37b114ca39fb376591,toronto_city_council,councillor,dst_2aa643147fbb50b881bb6298e0f13436,ward-37,Ward 37,toronto_council_44_wards,vote,final,complete,False,7,15494,43570,16258,composite_municipal_ballot,Toronto City Clerk,Elections — Official Results,data/interim/results/2003/2003 Results/2003_Toronto_Poll_by_Poll_Councillor.xls,1,0.3731466605462474
con_47f9c6bba0165404a3fec5492a0940b3,evt_d89f777f34365c37b114ca39fb376591,toronto_city_council,councillor,dst_31b0d3246c42553fa0cefe70cff58cf4,ward-25,Ward 25,toronto_council_44_wards,vote,final,complete,False,8,18662,43865,20661,composite_municipal_ballot,Toronto City Clerk,Elections — Official Results,data/interim/results/2003/2003 Results/2003_Toronto_Poll_by_Poll_Councillor.xls,1,0.4710133363729625
con_6d24ced99da9539aaaad476a9a2747f4,evt_d89f777f34365c37b114ca39fb376591,toronto_city_council,councillor,dst_329ba69c22385385882d1cb28a72bd3b,ward-32,Ward 32,toronto_council_44_wards,vote,final,complete,False,7,19302,45220,20304,composite_municipal_ballot,Toronto City Clerk,Elections — Official Results,data/interim/results/2003/2003 Results/2003_Toronto_Poll_by_Poll_Councillor.xls,1,0.44900486510393633
con_d3ecc496be285eebb80559abe5d5f9f1,evt_d89f777f34365c37b114ca39fb376591,toronto_city_council,councillor,dst_37dc3c9d918c5bf7a3d55d4188015db0,ward-36,Ward 36,toronto_council_44_wards,vote,final,complete,False,2,14969,38343,15991,composite_municipal_ballot,Toronto City Clerk,Elections — Official Results,data/interim/results/2003/2003 Results/2003_Toronto_Poll_by_Poll_Councillor.xls,1,0.417051352267689
con_6beb6fc4da14503aa70fa94b8fe0b600,evt_d89f777f34365c37b114ca39fb376591,toronto_city_council,councillor,dst_388c245b76105b2ab99da1f16784e7b8,ward-8,Ward 8,toronto_council_44_wards,vote,final,complete,False,2,8890,31089,9299,composite_municipal_ballot,Toronto City Clerk,Elections — Official Results,data/interim/results/2003/2003 Results/2003_Toronto_Poll_by_Poll_Councillor.xls,1,0.2991090096175496
con_95ddf0ee07b85a9da9038f871eeefaba,evt_d89f777f34365c37b114ca39fb376591,toronto_city_council,councillor,dst_3b4e2345db0d588992443168b5ca4a7b,ward-21,Ward 21,toronto_council_44_wards,vote,final,complete,False,6,16569,39940,17553,composite_municipal_ballot,Toronto City Clerk,Elections — Official Results,data/interim/results/2003/2003 Results/2003_Toronto_Poll_by_Poll_Councillor.xls,1,0.4394842263395093
con_ec88bd40dff858e695ae9533199be499,evt_d89f777f34365c37b114ca39fb376591,toronto_city_council,councillor,dst_3c9bf8c508835550a695467bd818fd5e,ward-29,Ward 29,toronto_council_44_wards,vote,final,complete,False,3,15039,36351,15898,composite_municipal_ballot,Toronto City Clerk,Elections — Official Results,data/interim/results/2003/2003 Results/2003_Toronto_Poll_by_Poll_Councillor.xls,1,0.43734697807488104
con_61eed2bcd6ce5343bea274fe8a8028bc,evt_d89f777f34365c37b114ca39fb376591,toronto_city_council,councillor,dst_48f26a0b1b85566c934f7ab1a668978d,ward-38,Ward 38,toronto_council_44_wards,vote,final,complete,False,6,13495,40530,14246,composite_municipal_ballot,Toronto City Clerk,Elections — Official Results,data/interim/results/2003/2003 Results/2003_Toronto_Poll_by_Poll_Councillor.xls,1,0.351492721440908
con_ae44722023c153d7a460278c9b621435,evt_d89f777f34365c37b114ca39fb376591,toronto_city_council,councillor,dst_49374cc451b65963a30ef206383a4114,ward-26,Ward 26,toronto_council_44_wards,vote,final,complete,False,3,15701,39956,16645,composite_municipal_ballot,Toronto City Clerk,Elections — Official Results,data/interim/results/2003/2003 Results/2003_Toronto_Poll_by_Poll_Councillor.xls,1,0.4165832415657223
con_727f839c8adc5531bd874edb6b663c05,evt_d89f777f34365c37b114ca39fb376591,toronto_city_council,councillor,dst_49a6ee138ca85b318452ec2f5c1befd3,ward-28,Ward 28,toronto_council_44_wards,vote,final,complete,False,9,16764,48030,18259,composite_municipal_ballot,Toronto City Clerk,Elections — Official Results,data/interim/results/2003/2003 Results/2003_Toronto_Poll_by_Poll_Councillor.xls,1,0.38015823443681035
con_6d7f00a8037754c0a6f34579bee44966,evt_d89f777f34365c37b114ca39fb376591,toronto_city_council,councillor,dst_5c19646c134d58c5b8859bba3379c5e7,ward-1,Ward 1,toronto_council_44_wards,vote,final,complete,False,9,11222,37919,11533,composite_municipal_ballot,Toronto City Clerk,Elections — Official Results,data/interim/results/2003/2003 Results/2003_Toronto_Poll_by_Poll_Councillor.xls,1,0.30414831614757776
con_d69bc70f79a45bf397b2a657aa858e50,evt_d89f777f34365c37b114ca39fb376591,toronto_city_council,councillor,dst_5f3aaa13834b5789bb51c95425758d51,ward-15,Ward 15,toronto_council_44_wards,vote,final,complete,False,6,14471,43963,15322,composite_municipal_ballot,Toronto City Clerk,Elections — Official Results,data/interim/results/2003/2003 Results/2003_Toronto_Poll_by_Poll_Councillor.xls,1,0.3485203466551418
con_5f814673ab4050e5b50e46685dbfbecb,evt_d89f777f34365c37b114ca39fb376591,toronto_city_council,councillor,dst_65a81c104a8c5c0194e7fee5f09545d3,ward-42,Ward 42,toronto_council_44_wards,vote,final,complete,False,3,11861,41042,12115,composite_municipal_ballot,Toronto City Clerk,Elections — Official Results,data/interim/results/2003/2003 Results/2003_Toronto_Poll_by_Poll_Councillor.xls,1,0.2951854198138492
con_4b3374ab9039564fa8ed1cedf493a0e3,evt_d89f777f34365c37b114ca39fb376591,toronto_city_council,councillor,dst_6dbcacb473285d91bc3f4bd0e06d4d63,ward-18,Ward 18,toronto_council_44_wards,vote,final,complete,False,6,11250,32648,11712,composite_municipal_ballot,Toronto City Clerk,Elections — Official Results,data/interim/results/2003/2003 Results/2003_Toronto_Poll_by_Poll_Councillor.xls,1,0.35873560401862287
con_3c1699cb4b0257ae8cf61da26db0c160,evt_d89f777f34365c37b114ca39fb376591,toronto_city_council,councillor,dst_70f47265fe9155489a0e1f3af81f7a94,ward-24,Ward 24,toronto_council_44_wards,acclamation,final,complete,True,1,,46383,16562,composite_municipal_ballot,Toronto City Clerk,Elections — Official Results,data/interim/results/2003/2003 Results/2003_Toronto_Poll_by_Poll_Councillor.xls,1,0.3570704784080374
con_90b9ffb191415b13a8c7f334ef771513,evt_d89f777f34365c37b114ca39fb376591,toronto_city_council,councillor,dst_75067961943e50e7bc3befec65166ee1,ward-40,Ward 40,toronto_council_44_wards,vote,final,complete,False,3,14023,40858,14690,composite_municipal_ballot,Toronto City Clerk,Elections — Official Results,data/interim/results/2003/2003 Results/2003_Toronto_Poll_by_Poll_Councillor.xls,1,0.3595379117920603
con_18fc5604e3b45ef08d8af9b0813a1918,evt_d89f777f34365c37b114ca39fb376591,toronto_city_council,councillor,dst_837f66e6bedf5a759e23b36ee0594137,ward-10,Ward 10,toronto_council_44_wards,vote,final,complete,False,2,13492,42704,14846,composite_municipal_ballot,Toronto City Clerk,Elections — Official Results,data/interim/results/2003/2003 Results/2003_Toronto_Poll_by_Poll_Councillor.xls,1,0.3476489321843387
con_46f4af62ff4956f5b31ebec2e77229fa,evt_d89f777f34365c37b114ca39fb376591,toronto_city_council,councillor,dst_839fe99c6fcd5019b4848ab42a1f25e0,ward-31,Ward 31,toronto_council_44_wards,vote,final,complete,False,4,16504,40002,17089,composite_municipal_ballot,Toronto City Clerk,Elections — Official Results,data/interim/results/2003/2003 Results/2003_Toronto_Poll_by_Poll_Councillor.xls,1,0.4272036398180091
con_c49857c2f0a6591fa165be262c38930c,evt_d89f777f34365c37b114ca39fb376591,toronto_city_council,councillor,dst_87d79f1462925e15ab3b2530ba681b50,ward-39,Ward 39,toronto_council_44_wards,vote,final,complete,False,2,12197,38951,12870,composite_municipal_ballot,Toronto City Clerk,Elections — Official Results,data/interim/results/2003/2003 Results/2003_Toronto_Poll_by_Poll_Councillor.xls,1,0.3304151369669585
con_d100fd7c171150b8b18125987b174c3d,evt_d89f777f34365c37b114ca39fb376591,toronto_city_council,councillor,dst_91f46887d24056d4b7ca558724be9305,ward-14,Ward 14,toronto_council_44_wards,vote,final,complete,False,8,14168,40771,15149,composite_municipal_ballot,Toronto City Clerk,Elections — Official Results,data/interim/results/2003/2003 Results/2003_Toronto_Poll_by_Poll_Councillor.xls,1,0.37156312084569915
con_abe0e1350e7856ad9a70ffdc75dd84f2,evt_d89f777f34365c37b114ca39fb376591,toronto_city_council,councillor,dst_9203cbbfeedb5dc2a34e5767ba3dfc5d,ward-44,Ward 44,toronto_council_44_wards,vote,final,complete,False,4,17118,44586,17718,composite_municipal_ballot,Toronto City Clerk,Elections — Official Results,data/interim/results/2003/2003 Results/2003_Toronto_Poll_by_Poll_Councillor.xls,1,0.3973893150316243
con_02e530a81bf75a6bbf6b4ca0a9ea6738,evt_d89f777f34365c37b114ca39fb376591,toronto_city_council,councillor,dst_93654977fd595afda3b103483ea4f59e,ward-41,Ward 41,toronto_council_44_wards,vote,final,complete,False,2,13469,46268,14263,composite_municipal_ballot,Toronto City Clerk,Elections — Official Results,data/interim/results/2003/2003 Results/2003_Toronto_Poll_by_Poll_Councillor.xls,1,0.30826921414368463
con_ab103b8f3a915dd0b0131abea73fad5c,evt_d89f777f34365c37b114ca39fb376591,toronto_city_council,councillor,dst_9613494c01b95010bd5287ef1669e3c3,ward-11,Ward 11,toronto_council_44_wards,vote,final,complete,False,2,12591,41871,13670,composite_municipal_ballot,Toronto City Clerk,Elections — Official Results,data/interim/results/2003/2003 Results/2003_Toronto_Poll_by_Poll_Councillor.xls,1,0.3264789472427217
con_be3ee1a1a31f533885cbb71a268beda9,evt_d89f777f34365c37b114ca39fb376591,toronto_city_council,councillor,dst_9a2b60e0545d5eba9361d07a574fe57e,ward-17,Ward 17,toronto_council_44_wards,vote,final,complete,False,5,11394,35279,11925,composite_municipal_ballot,Toronto City Clerk,Elections — Official Results,data/interim/results/2003/2003 Results/2003_Toronto_Poll_by_Poll_Councillor.xls,1,0.3380197851413022
con_a060705663a15882b307108144aa8720,evt_d89f777f34365c37b114ca39fb376591,toronto_city_council,councillor,dst_a4d41f4016cf53f6b3565eb145e14fc6,ward-16,Ward 16,toronto_council_44_wards,vote,final,complete,False,5,18889,39851,20310,composite_municipal_ballot,Toronto City Clerk,Elections — Official Results,data/interim/results/2003/2003 Results/2003_Toronto_Poll_by_Poll_Councillor.xls,1,0.5096484404406414
con_7eba7d2b2ccb57e5aa6ab13c307b2517,evt_d89f777f34365c37b114ca39fb376591,toronto_city_council,councillor,dst_adf63b57f77c58829d8e38b24d68ac03,ward-3,Ward 3,toronto_council_44_wards,vote,final,complete,False,4,17241,40679,18205,composite_municipal_ballot,Toronto City Clerk,Elections — Official Results,data/interim/results/2003/2003 Results/2003_Toronto_Poll_by_Poll_Councillor.xls,1,0.44752820865802995
con_802f842541d15d899e8f6acf3b86ae45,evt_d89f777f34365c37b114ca39fb376591,toronto_city_council,councillor,dst_bfe0a089e5f957399386ea186d3306ac,ward-5,Ward 5,toronto_council_44_wards,vote,final,complete,False,2,17818,45031,20156,composite_municipal_ballot,Toronto City Clerk,Elections — Official Results,data/interim/results/2003/2003 Results/2003_Toronto_Poll_by_Poll_Councillor.xls,1,0.4476027625413604
con_d9eeb6c962c854b58be1e179e2168cb1,evt_d89f777f34365c37b114ca39fb376591,toronto_city_council,councillor,dst_c54d7cc2856d5e38bc39e904803b5e87,ward-19,Ward 19,toronto_council_44_wards,vote,final,complete,False,3,13774,41117,15130,composite_municipal_ballot,Toronto City Clerk,Elections — Official Results,data/interim/results/2003/2003 Results/2003_Toronto_Poll_by_Poll_Councillor.xls,1,0.36797431719240214
con_b5ffb866cf475caca42769d641deb4a7,evt_d89f777f34365c37b114ca39fb376591,toronto_city_council,councillor,dst_cadba85ade8a575b894e47378c335a90,ward-27,Ward 27,toronto_council_44_wards,vote,final,complete,False,6,19971,60833,23758,composite_municipal_ballot,Toronto City Clerk,Elections — Official Results,data/interim/results/2003/2003 Results/2003_Toronto_Poll_by_Poll_Councillor.xls,1,0.39054460572386696
con_744dd2f798b8521e8de9693750f474d2,evt_d89f777f34365c37b114ca39fb376591,toronto_city_council,councillor,dst_cb8f4d514c36567389345a10287e90a0,ward-23,Ward 23,toronto_council_44_wards,vote,final,complete,False,2,16593,52285,18739,composite_municipal_ballot,Toronto City Clerk,Elections — Official Results,data/interim/results/2003/2003 Results/2003_Toronto_Poll_by_Poll_Councillor.xls,1,0.3584010710528832
con_2317176dbf5e5a4fab7fd65b16359ebd,evt_d89f777f34365c37b114ca39fb376591,toronto_city_council,councillor,dst_cbc5fa1093f05782bf1df8718d039d95,ward-4,Ward 4,toronto_council_44_wards,vote,final,complete,False,4,18976,40570,19558,composite_municipal_ballot,Toronto City Clerk,Elections — Official Results,data/interim/results/2003/2003 Results/2003_Toronto_Poll_by_Poll_Councillor.xls,1,0.4820803549420754
con_b9bda7a65c8a5e03a69746d0072f95c1,evt_d89f777f34365c37b114ca39fb376591,toronto_city_council,councillor,dst_d2fdd91105a954ff92061f42e11db647,ward-35,Ward 35,toronto_council_44_wards,vote,final,complete,False,7,11875,38409,12605,composite_municipal_ballot,Toronto City Clerk,Elections — Official Results,data/interim/results/2003/2003 Results/2003_Toronto_Poll_by_Poll_Councillor.xls,1,0.32817829154625217
con_bf4b3cd94fcd50ba8d2259a6df440a17,evt_d89f777f34365c37b114ca39fb376591,toronto_city_council,councillor,dst_d3b1245f009c5cb48950c9825eb219ee,ward-34,Ward 34,toronto_council_44_wards,vote,final,complete,False,4,13800,39339,14869,composite_municipal_ballot,Toronto City Clerk,Elections — Official Results,data/interim/results/2003/2003 Results/2003_Toronto_Poll_by_Poll_Councillor.xls,1,0.37797097028394216
con_2befcc6536315440902962b270ad7f70,evt_d89f777f34365c37b114ca39fb376591,toronto_city_council,councillor,dst_d3c79eda632d5af2beb7343ee879dff7,ward-20,Ward 20,toronto_council_44_wards,vote,final,complete,False,5,17492,53112,18783,composite_municipal_ballot,Toronto City Clerk,Elections — Official Results,data/interim/results/2003/2003 Results/2003_Toronto_Poll_by_Poll_Councillor.xls,1,0.35364889290555807
con_f3e797bac18a5e45a723ff263eafb93e,evt_d89f777f34365c37b114ca39fb376591,toronto_city_council,councillor,dst_d6f718dc7baf5a049ce2db0a4fb65974,ward-33,Ward 33,toronto_council_44_wards,vote,final,complete,False,8,12973,38320,13789,composite_municipal_ballot,Toronto City Clerk,Elections — Official Results,data/interim/results/2003/2003 Results/2003_Toronto_Poll_by_Poll_Councillor.xls,1,0.3598382045929019
con_3a262cc7bf83579eae79ce2032ea06d1,evt_d89f777f34365c37b114ca39fb376591,toronto_city_council,councillor,dst_d74a992f3f3e5403b0f18e278453428c,ward-9,Ward 9,toronto_council_44_wards,vote,final,complete,False,5,10647,30845,11136,composite_municipal_ballot,Toronto City Clerk,Elections — Official Results,data/interim/results/2003/2003 Results/2003_Toronto_Poll_by_Poll_Councillor.xls,1,0.3610309612579024
con_04a4bbe5ef575c72b4ec49d601f24b71,evt_d89f777f34365c37b114ca39fb376591,toronto_city_council,councillor,dst_db2a1e74395b5a2495c8e09b2b657457,ward-12,Ward 12,toronto_council_44_wards,vote,final,complete,False,2,11035,35666,12129,composite_municipal_ballot,Toronto City Clerk,Elections — Official Results,data/interim/results/2003/2003 Results/2003_Toronto_Poll_by_Poll_Councillor.xls,1,0.34007177704256153
con_d18675753b8f580c8834170f374d1e7c,evt_d89f777f34365c37b114ca39fb376591,toronto_city_council,councillor,dst_e85e355506d7551fb2e7a7e39706bb85,ward-30,Ward 30,toronto_council_44_wards,vote,final,complete,False,8,16372,41805,17242,composite_municipal_ballot,Toronto City Clerk,Elections — Official Results,data/interim/results/2003/2003 Results/2003_Toronto_Poll_by_Poll_Councillor.xls,1,0.4124387035043655
con_28b9bf4109765f57a3a7923479b37af9,evt_d89f777f34365c37b114ca39fb376591,toronto_city_council,councillor,dst_ea407e9a03df5ef2bee0d7950b9d2b8f,ward-13,Ward 13,toronto_council_44_wards,vote,final,complete,False,6,19903,43055,20893,composite_municipal_ballot,Toronto City Clerk,Elections — Official Results,data/interim/results/2003/2003 Results/2003_Toronto_Poll_by_Poll_Councillor.xls,1,0.4852630356520729
con_88f5ccc6b744588da3d07590c5dca974,evt_d89f777f34365c37b114ca39fb376591,toronto_city_council,councillor,dst_ed645d04bcf55406ba30df00b1b967c9,ward-22,Ward 22,toronto_council_44_wards,vote,final,complete,False,2,20970,51179,23466,composite_municipal_ballot,Toronto City Clerk,Elections — Official Results,data/interim/results/2003/2003 Results/2003_Toronto_Poll_by_Poll_Councillor.xls,1,0.45850837257468885
con_99b9fbf5df5f504eb0906d1c2b113d63,evt_d89f777f34365c37b114ca39fb376591,toronto_city_council,councillor,dst_fdb0ec21f126579eb091e27d38a9b9c8,ward-6,Ward 6,toronto_council_44_wards,vote,final,complete,False,10,16464,46529,17251,composite_municipal_ballot,Toronto City Clerk,Elections — Official Results,data/interim/results/2003/2003 Results/2003_Toronto_Poll_by_Poll_Councillor.xls,1,0.3707580218788283
con_945161409a0450f29e351ff3f263f815,evt_d89f777f34365c37b114ca39fb376591,toronto_city_council,mayor,dst_269ebab087895e5790e71568164f1865,city,City of Toronto,toronto_council_44_wards,vote,final,complete,False,44,692085,1825139,699483,composite_municipal_ballot,Toronto City Clerk,Elections — Official Results,data/interim/results/2003/2003 Results/2003_Toronto_Poll_by_Poll_Mayor.xls,1,0.3832491662278873
con_fa21dd5764645e91b9e1864344c68d9c,evt_d89f777f34365c37b114ca39fb376591,toronto_district_school_board,trustee,dst_00f6c233ec3653a1b0a67358ebd7bc8c,11,Ward 11,tdsb-trustee-wards-2003,acclamation,final,complete,True,1,,,,,Toronto City Clerk,Elections — Official Results,https://www.toronto.ca/wp-content/uploads/2017/08/9868-election-2003-clerkofficialdeclaration.pdf,1,
con_5907146e74ba5f598e384b5a15e7ad3d,evt_d89f777f34365c37b114ca39fb376591,toronto_district_school_board,trustee,dst_09abde88e6505bc29ed8933ed6bd3680,3,Ward 3,tdsb-trustee-wards-2003,vote,final,complete,False,2,20045,,,,Toronto City Clerk,Elections — Official Results,https://ckan0.cf.opendata.inter.prod-toronto.ca/dataset/96d35404-44d9-49d8-95bb-fb1e5489240d/resource/1ed53c9d-a316-465e-96ce-e72be74f8aa9/download/2003-results.zip :: 2003_Toronto_Poll_by_Poll_Toronto_District_School_Board.xls,1,
con_c8fff694643a54f88cf4aa8ff24b253b,evt_d89f777f34365c37b114ca39fb376591,conseil_scolaire_catholique_monavenir,trustee,dst_0c2083630245554b9fc3799d36b0ca71,4,Ward 4,monavenir-trustee-wards-2003,vote,final,complete,False,3,1476,,,,Toronto City Clerk,Elections — Official Results,https://ckan0.cf.opendata.inter.prod-toronto.ca/dataset/96d35404-44d9-49d8-95bb-fb1e5489240d/resource/1ed53c9d-a316-465e-96ce-e72be74f8aa9/download/2003-results.zip :: 2003_Toronto_Poll_by_Poll_Conseil_Scolaire_De_District_Catholique_Centre_Sud.xls,1,
con_fed50d5cea495c23a4ba74beace6839d,evt_d89f777f34365c37b114ca39fb376591,toronto_catholic_district_school_board,trustee,dst_0e2c3a0a417a5ebe844abce39ec22424,7,Ward 7,tcdsb-trustee-wards-2003,vote,final,complete,False,4,9365,,,,Toronto City Clerk,Elections — Official Results,https://ckan0.cf.opendata.inter.prod-toronto.ca/dataset/96d35404-44d9-49d8-95bb-fb1e5489240d/resource/1ed53c9d-a316-465e-96ce-e72be74f8aa9/download/2003-results.zip :: 2003_Toronto_Poll_by_Poll_Toronto_Catholic_District_School_Board.xls,1,
con_aba1e5f3c3655cb4b077c07e3e9521e2,evt_d89f777f34365c37b114ca39fb376591,toronto_district_school_board,trustee,dst_10e95d496863569781ec7cacebd31a4d,17,Ward 17,tdsb-trustee-wards-2003,vote,final,complete,False,3,18591,,,,Toronto City Clerk,Elections — Official Results,https://ckan0.cf.opendata.inter.prod-toronto.ca/dataset/96d35404-44d9-49d8-95bb-fb1e5489240d/resource/1ed53c9d-a316-465e-96ce-e72be74f8aa9/download/2003-results.zip :: 2003_Toronto_Poll_by_Poll_Toronto_District_School_Board.xls,1,
con_6713774b4e4755ceb86d1b063cc5dd38,evt_d89f777f34365c37b114ca39fb376591,conseil_scolaire_viamonde,trustee,dst_14ec349e17cb5484a51230881ca40886,2,Ward 2,viamonde-trustee-wards-2003,acclamation,final,complete,True,1,,,,,Toronto City Clerk,Elections — Official Results,https://www.toronto.ca/wp-content/uploads/2017/08/9868-election-2003-clerkofficialdeclaration.pdf,1,
con_aa1e4e4020615e6fad56af27d8658011,evt_d89f777f34365c37b114ca39fb376591,toronto_catholic_district_school_board,trustee,dst_19a70cb213aa5bd1a94d88802fa8a3bb,9,Ward 9,tcdsb-trustee-wards-2003,vote,final,complete,False,4,10680,,,,Toronto City Clerk,Elections — Official Results,https://ckan0.cf.opendata.inter.prod-toronto.ca/dataset/96d35404-44d9-49d8-95bb-fb1e5489240d/resource/1ed53c9d-a316-465e-96ce-e72be74f8aa9/download/2003-results.zip :: 2003_Toronto_Poll_by_Poll_Toronto_Catholic_District_School_Board.xls,1,
con_241ed8cc851e5f8cb26113ec2097113a,evt_d89f777f34365c37b114ca39fb376591,toronto_district_school_board,trustee,dst_21993fa9cda35651809b3ec3d6cf09b0,5,Ward 5,tdsb-trustee-wards-2003,vote,final,complete,False,3,13939,,,,Toronto City Clerk,Elections — Official Results,https://ckan0.cf.opendata.inter.prod-toronto.ca/dataset/96d35404-44d9-49d8-95bb-fb1e5489240d/resource/1ed53c9d-a316-465e-96ce-e72be74f8aa9/download/2003-results.zip :: 2003_Toronto_Poll_by_Poll_Toronto_District_School_Board.xls,1,
con_cadd17e4f5535d96808b3857bd6e1752,evt_d89f777f34365c37b114ca39fb376591,toronto_district_school_board,trustee,dst_28d92c45d3e85b88a7aa27937d20992f,2,Ward 2,tdsb-trustee-wards-2003,vote,final,complete,False,2,20632,,,,Toronto City Clerk,Elections — Official Results,https://ckan0.cf.opendata.inter.prod-toronto.ca/dataset/96d35404-44d9-49d8-95bb-fb1e5489240d/resource/1ed53c9d-a316-465e-96ce-e72be74f8aa9/download/2003-results.zip :: 2003_Toronto_Poll_by_Poll_Toronto_District_School_Board.xls,1,
con_ea8753d5f337512c8eb7582d67432df2,evt_d89f777f34365c37b114ca39fb376591,toronto_district_school_board,trustee,dst_29b96e0063a35011aa658023afd33221,4,Ward 4,tdsb-trustee-wards-2003,vote,final,complete,False,3,9336,,,,Toronto City Clerk,Elections — Official Results,https://ckan0.cf.opendata.inter.prod-toronto.ca/dataset/96d35404-44d9-49d8-95bb-fb1e5489240d/resource/1ed53c9d-a316-465e-96ce-e72be74f8aa9/download/2003-results.zip :: 2003_Toronto_Poll_by_Poll_Toronto_District_School_Board.xls,1,
con_0147555121d7598fa20356326a150cf2,evt_d89f777f34365c37b114ca39fb376591,toronto_district_school_board,trustee,dst_401b329b769255318d78a69a8ffb0117,16,Ward 16,tdsb-trustee-wards-2003,vote,final,complete,False,2,26514,,,,Toronto City Clerk,Elections — Official Results,https://ckan0.cf.opendata.inter.prod-toronto.ca/dataset/96d35404-44d9-49d8-95bb-fb1e5489240d/resource/1ed53c9d-a316-465e-96ce-e72be74f8aa9/download/2003-results.zip :: 2003_Toronto_Poll_by_Poll_Toronto_District_School_Board.xls,1,
con_2e8b557dfd225abbbe7ef23ead7d0aaf,evt_d89f777f34365c37b114ca39fb376591,toronto_catholic_district_school_board,trustee,dst_439ca566838d5ab2b9d0c13fdbb894ed,11,Ward 11,tcdsb-trustee-wards-2003,vote,final,complete,False,4,9537,,,,Toronto City Clerk,Elections — Official Results,https://ckan0.cf.opendata.inter.prod-toronto.ca/dataset/96d35404-44d9-49d8-95bb-fb1e5489240d/resource/1ed53c9d-a316-465e-96ce-e72be74f8aa9/download/2003-results.zip :: 2003_Toronto_Poll_by_Poll_Toronto_Catholic_District_School_Board.xls,1,
con_41c71b9cfb77501e811223be92f5c9b7,evt_d89f777f34365c37b114ca39fb376591,toronto_district_school_board,trustee,dst_6a7e8a2c360c5852998c9adfe3b77639,19,Ward 19,tdsb-trustee-wards-2003,vote,final,complete,False,3,20261,,,,Toronto City Clerk,Elections — Official Results,https://ckan0.cf.opendata.inter.prod-toronto.ca/dataset/96d35404-44d9-49d8-95bb-fb1e5489240d/resource/1ed53c9d-a316-465e-96ce-e72be74f8aa9/download/2003-results.zip :: 2003_Toronto_Poll_by_Poll_Toronto_District_School_Board.xls,1,
con_51c3bd3374455589a81473c01759f9d6,evt_d89f777f34365c37b114ca39fb376591,toronto_district_school_board,trustee,dst_6e35baef257b5790a6abd5a3e92664fc,22,Ward 22,tdsb-trustee-wards-2003,vote,final,complete,False,3,19762,,,,Toronto City Clerk,Elections — Official Results,https://ckan0.cf.opendata.inter.prod-toronto.ca/dataset/96d35404-44d9-49d8-95bb-fb1e5489240d/resource/1ed53c9d-a316-465e-96ce-e72be74f8aa9/download/2003-results.zip :: 2003_Toronto_Poll_by_Poll_Toronto_District_School_Board.xls,1,
con_bf19ddf794fe520d8092d0c8d475e65a,evt_d89f777f34365c37b114ca39fb376591,toronto_district_school_board,trustee,dst_7203fe4b4e1a5425b808bf2372d5c665,10,Ward 10,tdsb-trustee-wards-2003,vote,final,complete,False,2,21836,,,,Toronto City Clerk,Elections — Official Results,https://ckan0.cf.opendata.inter.prod-toronto.ca/dataset/96d35404-44d9-49d8-95bb-fb1e5489240d/resource/1ed53c9d-a316-465e-96ce-e72be74f8aa9/download/2003-results.zip :: 2003_Toronto_Poll_by_Poll_Toronto_District_School_Board.xls,1,
con_11372ac1c7bc51a78cd7ec38e809413f,evt_d89f777f34365c37b114ca39fb376591,conseil_scolaire_viamonde,trustee,dst_8893ef8d41ce5d4aa4878773acc2b54c,3,Ward 3,viamonde-trustee-wards-2003,acclamation,final,complete,True,1,,,,,Toronto City Clerk,Elections — Official Results,https://www.toronto.ca/wp-content/uploads/2017/08/9868-election-2003-clerkofficialdeclaration.pdf,1,
con_1b5e01b3deb25965b196e5a02eff632d,evt_d89f777f34365c37b114ca39fb376591,toronto_catholic_district_school_board,trustee,dst_8f26e7ebdfa55fc6a11365e80fc4d7e7,10,Ward 10,tcdsb-trustee-wards-2003,vote,final,complete,False,2,8774,,,,Toronto City Clerk,Elections — Official Results,https://ckan0.cf.opendata.inter.prod-toronto.ca/dataset/96d35404-44d9-49d8-95bb-fb1e5489240d/resource/1ed53c9d-a316-465e-96ce-e72be74f8aa9/download/2003-results.zip :: 2003_Toronto_Poll_by_Poll_Toronto_Catholic_District_School_Board.xls,1,
con_73c59c3fe8dc55cea06dd5b2ad7148ef,evt_d89f777f34365c37b114ca39fb376591,toronto_catholic_district_school_board,trustee,dst_916f76277a425e14bd99d81893cd6a8a,1,Ward 1,tcdsb-trustee-wards-2003,vote,final,complete,False,5,12299,,,,Toronto City Clerk,Elections — Official Results,https://ckan0.cf.opendata.inter.prod-toronto.ca/dataset/96d35404-44d9-49d8-95bb-fb1e5489240d/resource/1ed53c9d-a316-465e-96ce-e72be74f8aa9/download/2003-results.zip :: 2003_Toronto_Poll_by_Poll_Toronto_Catholic_District_School_Board.xls,1,
con_66e52b12dd1454a4a50759695358e4a7,evt_d89f777f34365c37b114ca39fb376591,toronto_district_school_board,trustee,dst_918be2a195ee544bbe5ba3f8da758839,12,Ward 12,tdsb-trustee-wards-2003,vote,final,complete,False,3,20740,,,,Toronto City Clerk,Elections — Official Results,https://ckan0.cf.opendata.inter.prod-toronto.ca/dataset/96d35404-44d9-49d8-95bb-fb1e5489240d/resource/1ed53c9d-a316-465e-96ce-e72be74f8aa9/download/2003-results.zip :: 2003_Toronto_Poll_by_Poll_Toronto_District_School_Board.xls,1,
con_e3446f09048f54459ebb9b46f3730b0f,evt_d89f777f34365c37b114ca39fb376591,toronto_district_school_board,trustee,dst_9576527d069955aeab39eaab07c1975c,8,Ward 8,tdsb-trustee-wards-2003,vote,final,complete,False,3,21565,,,,Toronto City Clerk,Elections — Official Results,https://ckan0.cf.opendata.inter.prod-toronto.ca/dataset/96d35404-44d9-49d8-95bb-fb1e5489240d/resource/1ed53c9d-a316-465e-96ce-e72be74f8aa9/download/2003-results.zip :: 2003_Toronto_Poll_by_Poll_Toronto_District_School_Board.xls,1,
con_7c333ce4e339581b95e1ddaa17a026ea,evt_d89f777f34365c37b114ca39fb376591,toronto_district_school_board,trustee,dst_962e5f37979c5ed3ae8b29ce6cbae5e5,9,Ward 9,tdsb-trustee-wards-2003,vote,final,complete,False,6,12468,,,,Toronto City Clerk,Elections — Official Results,https://ckan0.cf.opendata.inter.prod-toronto.ca/dataset/96d35404-44d9-49d8-95bb-fb1e5489240d/resource/1ed53c9d-a316-465e-96ce-e72be74f8aa9/download/2003-results.zip :: 2003_Toronto_Poll_by_Poll_Toronto_District_School_Board.xls,1,
con_88c45099d6645ef5bfa1f163aa5b8b9b,evt_d89f777f34365c37b114ca39fb376591,toronto_catholic_district_school_board,trustee,dst_9a37c59a743e5a22aaac42e40bb498b8,3,Ward 3,tcdsb-trustee-wards-2003,vote,final,complete,False,3,10055,,,,Toronto City Clerk,Elections — Official Results,https://ckan0.cf.opendata.inter.prod-toronto.ca/dataset/96d35404-44d9-49d8-95bb-fb1e5489240d/resource/1ed53c9d-a316-465e-96ce-e72be74f8aa9/download/2003-results.zip :: 2003_Toronto_Poll_by_Poll_Toronto_Catholic_District_School_Board.xls,1,
con_2dc36aaa0f525ca2bae93e61ba95d325,evt_d89f777f34365c37b114ca39fb376591,toronto_catholic_district_school_board,trustee,dst_a2186158aa125c6d8aeb92f187d1b696,5,Ward 5,tcdsb-trustee-wards-2003,vote,final,complete,False,5,12759,,,,Toronto City Clerk,Elections — Official Results,https://ckan0.cf.opendata.inter.prod-toronto.ca/dataset/96d35404-44d9-49d8-95bb-fb1e5489240d/resource/1ed53c9d-a316-465e-96ce-e72be74f8aa9/download/2003-results.zip :: 2003_Toronto_Poll_by_Poll_Toronto_Catholic_District_School_Board.xls,1,
con_473984fa241157de9d00f768d9ba13c7,evt_d89f777f34365c37b114ca39fb376591,toronto_district_school_board,trustee,dst_a46953af6cf55ccbb426196579f65413,15,Ward 15,tdsb-trustee-wards-2003,vote,final,complete,False,2,24732,,,,Toronto City Clerk,Elections — Official Results,https://ckan0.cf.opendata.inter.prod-toronto.ca/dataset/96d35404-44d9-49d8-95bb-fb1e5489240d/resource/1ed53c9d-a316-465e-96ce-e72be74f8aa9/download/2003-results.zip :: 2003_Toronto_Poll_by_Poll_Toronto_District_School_Board.xls,1,
con_765dd5b0273b57ababdc73693e926f5d,evt_d89f777f34365c37b114ca39fb376591,toronto_district_school_board,trustee,dst_a90fdd0a32045feaa43183b025034f17,20,Ward 20,tdsb-trustee-wards-2003,vote,final,complete,False,3,17992,,,,Toronto City Clerk,Elections — Official Results,https://ckan0.cf.opendata.inter.prod-toronto.ca/dataset/96d35404-44d9-49d8-95bb-fb1e5489240d/resource/1ed53c9d-a316-465e-96ce-e72be74f8aa9/download/2003-results.zip :: 2003_Toronto_Poll_by_Poll_Toronto_District_School_Board.xls,1,
con_7e98ba98d8ad5941aea197ab93965a4f,evt_d89f777f34365c37b114ca39fb376591,toronto_district_school_board,trustee,dst_aab1274f4d0f5597aeabb41ae0cff036,7,Ward 7,tdsb-trustee-wards-2003,acclamation,final,complete,True,1,,,,,Toronto City Clerk,Elections — Official Results,https://www.toronto.ca/wp-content/uploads/2017/08/9868-election-2003-clerkofficialdeclaration.pdf,1,
con_738103e63d225817841801456038230d,evt_d89f777f34365c37b114ca39fb376591,toronto_catholic_district_school_board,trustee,dst_ad174cdf8a0959b5b77a8d5fcab67ec5,8,Ward 8,tcdsb-trustee-wards-2003,vote,final,complete,False,3,8310,,,,Toronto City Clerk,Elections — Official Results,https://ckan0.cf.opendata.inter.prod-toronto.ca/dataset/96d35404-44d9-49d8-95bb-fb1e5489240d/resource/1ed53c9d-a316-465e-96ce-e72be74f8aa9/download/2003-results.zip :: 2003_Toronto_Poll_by_Poll_Toronto_Catholic_District_School_Board.xls,1,
con_82ba402a10b2572ab85dda10b3583734,evt_d89f777f34365c37b114ca39fb376591,toronto_district_school_board,trustee,dst_b4ed0342b0ee5ee4bb63c61c605a48e3,14,Ward 14,tdsb-trustee-wards-2003,acclamation,final,complete,True,1,,,,,Toronto City Clerk,Elections — Official Results,https://www.toronto.ca/wp-content/uploads/2017/08/9868-election-2003-clerkofficialdeclaration.pdf,1,
con_7329ffd1ab2352bfb13ee26bf5000d2f,evt_d89f777f34365c37b114ca39fb376591,toronto_district_school_board,trustee,dst_b553c718924a5c8bad4b0d89caac1bdf,21,Ward 21,tdsb-trustee-wards-2003,vote,final,complete,False,3,17627,,,,Toronto City Clerk,Elections — Official Results,https://ckan0.cf.opendata.inter.prod-toronto.ca/dataset/96d35404-44d9-49d8-95bb-fb1e5489240d/resource/1ed53c9d-a316-465e-96ce-e72be74f8aa9/download/2003-results.zip :: 2003_Toronto_Poll_by_Poll_Toronto_District_School_Board.xls,1,
con_8d2fd207fc7e5e8b964b4acc3f72f632,evt_d89f777f34365c37b114ca39fb376591,toronto_district_school_board,trustee,dst_b99025b2809551f29dc579529c15e620,18,Ward 18,tdsb-trustee-wards-2003,vote,final,complete,False,3,18258,,,,Toronto City Clerk,Elections — Official Results,https://ckan0.cf.opendata.inter.prod-toronto.ca/dataset/96d35404-44d9-49d8-95bb-fb1e5489240d/resource/1ed53c9d-a316-465e-96ce-e72be74f8aa9/download/2003-results.zip :: 2003_Toronto_Poll_by_Poll_Toronto_District_School_Board.xls,1,
con_515788f410195c4083c58ccc9a0ae828,evt_d89f777f34365c37b114ca39fb376591,toronto_catholic_district_school_board,trustee,dst_bcdc72aa1283518697a486421c3f7d60,4,Ward 4,tcdsb-trustee-wards-2003,vote,final,complete,False,3,10101,,,,Toronto City Clerk,Elections — Official Results,https://ckan0.cf.opendata.inter.prod-toronto.ca/dataset/96d35404-44d9-49d8-95bb-fb1e5489240d/resource/1ed53c9d-a316-465e-96ce-e72be74f8aa9/download/2003-results.zip :: 2003_Toronto_Poll_by_Poll_Toronto_Catholic_District_School_Board.xls,1,
con_5a5b7a7590755fdca6ae6e14a686a600,evt_d89f777f34365c37b114ca39fb376591,toronto_catholic_district_school_board,trustee,dst_c8e6fa276d775da3874601c461c2645f,12,Ward 12,tcdsb-trustee-wards-2003,acclamation,final,complete,True,1,,,,,Toronto City Clerk,Elections — Official Results,https://www.toronto.ca/wp-content/uploads/2017/08/9868-election-2003-clerkofficialdeclaration.pdf,1,
con_56f62dd50fb9526488f53daf8256c2f7,evt_d89f777f34365c37b114ca39fb376591,toronto_catholic_district_school_board,trustee,dst_e8895a53e4555f3a816ba32db138743c,2,Ward 2,tcdsb-trustee-wards-2003,vote,final,complete,False,5,13981,,,,Toronto City Clerk,Elections — Official Results,https://ckan0.cf.opendata.inter.prod-toronto.ca/dataset/96d35404-44d9-49d8-95bb-fb1e5489240d/resource/1ed53c9d-a316-465e-96ce-e72be74f8aa9/download/2003-results.zip :: 2003_Toronto_Poll_by_Poll_Toronto_Catholic_District_School_Board.xls,1,
con_77116f014d2856c986a40937f8747e3f,evt_d89f777f34365c37b114ca39fb376591,conseil_scolaire_viamonde,trustee,dst_eb8704c911c55423bb1b21dc93802f96,4,Ward 4,viamonde-trustee-wards-2003,acclamation,final,complete,True,1,,,,,Toronto City Clerk,Elections — Official Results,https://www.toronto.ca/wp-content/uploads/2017/08/9868-election-2003-clerkofficialdeclaration.pdf,1,
con_c017d80b45625ab8b9535bd2436b7045,evt_d89f777f34365c37b114ca39fb376591,toronto_catholic_district_school_board,trustee,dst_ed6107b84c595fce9cc0cb271799dc1e,6,Ward 6,tcdsb-trustee-wards-2003,vote,final,complete,False,2,9307,,,,Toronto City Clerk,Elections — Official Results,https://ckan0.cf.opendata.inter.prod-toronto.ca/dataset/96d35404-44d9-49d8-95bb-fb1e5489240d/resource/1ed53c9d-a316-465e-96ce-e72be74f8aa9/download/2003-results.zip :: 2003_Toronto_Poll_by_Poll_Toronto_Catholic_District_School_Board.xls,1,
con_fa53f2b87b6a5559a321ea3b57782dc1,evt_d89f777f34365c37b114ca39fb376591,toronto_district_school_board,trustee,dst_ee36eac0a4925fae9e1f73776a5ec7c3,13,Ward 13,tdsb-trustee-wards-2003,vote,final,complete,False,2,26270,,,,Toronto City Clerk,Elections — Official Results,https://ckan0.cf.opendata.inter.prod-toronto.ca/dataset/96d35404-44d9-49d8-95bb-fb1e5489240d/resource/1ed53c9d-a316-465e-96ce-e72be74f8aa9/download/2003-results.zip :: 2003_Toronto_Poll_by_Poll_Toronto_District_School_Board.xls,1,
con_d1cf94d3909853cbb27ac95aa0d33409,evt_d89f777f34365c37b114ca39fb376591,toronto_district_school_board,trustee,dst_f39a1652f35353039008529066437995,6,Ward 6,tdsb-trustee-wards-2003,acclamation,final,complete,True,1,,,,,Toronto City Clerk,Elections — Official Results,https://www.toronto.ca/wp-content/uploads/2017/08/9868-election-2003-clerkofficialdeclaration.pdf,1,
con_794109ee5cd7504ea8254a971b6edfeb,evt_d89f777f34365c37b114ca39fb376591,conseil_scolaire_catholique_monavenir,trustee,dst_fb8c043921575435b459b4d56162736e,3,Ward 3,monavenir-trustee-wards-2003,acclamation,final,complete,True,1,,,,,Toronto City Clerk,Elections — Official Results,https://www.toronto.ca/wp-content/uploads/2017/08/9868-election-2003-clerkofficialdeclaration.pdf,1,
con_6e155ca695f1500f838227763eeb0bf8,evt_d89f777f34365c37b114ca39fb376591,toronto_district_school_board,trustee,dst_fdb9032867d15ed8aa30dfbbd9510a0b,1,Ward 1,tdsb-trustee-wards-2003,vote,final,complete,False,2,14890,,,,Toronto City Clerk,Elections — Official Results,https://ckan0.cf.opendata.inter.prod-toronto.ca/dataset/96d35404-44d9-49d8-95bb-fb1e5489240d/resource/1ed53c9d-a316-465e-96ce-e72be74f8aa9/download/2003-results.zip :: 2003_Toronto_Poll_by_Poll_Toronto_District_School_Board.xls,1,
con_2865d31031005dd897904c3f07e4d039,evt_e4fe1909276b5fbd91057022b350fff3,toronto_city_council,councillor,dst_00ef04bf1da8516e8fcafe4f6798604d,ward-10,Ward 10 — Spadina-Fort York,toronto_council_25_wards,vote,final,complete,False,14,28884,87872,30623,composite_municipal_ballot,Toronto City Clerk,Elections — Official Results,data/interim/results/2018/2018_Toronto_Poll_By_Poll_Councillor.xlsx,1,0.3484955389657684
con_7e6cf2fd75ba560a900bb024e72fe99c,evt_e4fe1909276b5fbd91057022b350fff3,toronto_city_council,councillor,dst_0839fc3522805fceb1fc4eb0bf070465,ward-24,Ward 24 — Scarborough-Guildwood,toronto_council_25_wards,vote,final,complete,False,9,22646,63860,23343,composite_municipal_ballot,Toronto City Clerk,Elections — Official Results,data/interim/results/2018/2018_Toronto_Poll_By_Poll_Councillor.xlsx,1,0.3655339805825243
con_3a43982e2a0450b2a3f4c5241f6965d8,evt_e4fe1909276b5fbd91057022b350fff3,toronto_city_council,councillor,dst_0e240cb2dab65f8db224ad8fd83d506c,ward-13,Ward 13 — Toronto Centre,toronto_council_25_wards,vote,final,complete,False,19,31249,74460,32120,composite_municipal_ballot,Toronto City Clerk,Elections — Official Results,data/interim/results/2018/2018_Toronto_Poll_By_Poll_Councillor.xlsx,1,0.43137254901960786
con_c555f2e9b45051a8b960bdbb0ac6080a,evt_e4fe1909276b5fbd91057022b350fff3,toronto_city_council,councillor,dst_0f93f253dfbb539ab9479b9040f2574b,ward-22,Ward 22 — Scarborough-Agincourt,toronto_council_25_wards,vote,final,complete,False,7,26907,67550,27314,composite_municipal_ballot,Toronto City Clerk,Elections — Official Results,data/interim/results/2018/2018_Toronto_Poll_By_Poll_Councillor.xlsx,1,0.40435233160621764
con_849867f583195ad38c77941612883bd9,evt_e4fe1909276b5fbd91057022b350fff3,toronto_city_council,councillor,dst_12048d7958395aa296f47b0f7a4c315f,ward-6,Ward 6 — York Centre,toronto_council_25_wards,vote,final,complete,False,4,24279,66759,24762,composite_municipal_ballot,Toronto City Clerk,Elections — Official Results,data/interim/results/2018/2018_Toronto_Poll_By_Poll_Councillor.xlsx,1,0.370916280950883
con_55f5230db0d85c499ce7cea0ce379f5f,evt_e4fe1909276b5fbd91057022b350fff3,toronto_city_council,councillor,dst_13b8f4a8ddbd5f0c83aeb4276c97a385,ward-9,Ward 9 — Davenport,toronto_council_25_wards,vote,final,complete,False,4,31355,80563,32331,composite_municipal_ballot,Toronto City Clerk,Elections — Official Results,data/interim/results/2018/2018_Toronto_Poll_By_Poll_Councillor.xlsx,1,0.4013132579471966
con_147dca9e3758595d8766dc52d11a65f4,evt_e4fe1909276b5fbd91057022b350fff3,toronto_city_council,councillor,dst_14a751bcf5d35757811c5ea6866f31b0,ward-16,Ward 16 — Don Valley East,toronto_council_25_wards,vote,final,complete,False,8,24017,61537,24566,composite_municipal_ballot,Toronto City Clerk,Elections — Official Results,data/interim/results/2018/2018_Toronto_Poll_By_Poll_Councillor.xlsx,1,0.39920698116580267
con_eeda9883ca2d57148405d41f7f5a80a4,evt_e4fe1909276b5fbd91057022b350fff3,toronto_city_council,councillor,dst_1ebfad83fbf45900a012836e069fe964,ward-25,Ward 25 — Scarborough-Rouge Park,toronto_council_25_wards,vote,final,complete,False,11,28907,74228,29454,composite_municipal_ballot,Toronto City Clerk,Elections — Official Results,data/interim/results/2018/2018_Toronto_Poll_By_Poll_Councillor.xlsx,1,0.3968044403729051
con_8b4a03ef5a3c55c4ab20662c886b31a7,evt_e4fe1909276b5fbd91057022b350fff3,toronto_city_council,councillor,dst_262b1fe4f5215500ae024ee7e01c0912,ward-12,Ward 12 — Toronto-St. Paul's,toronto_council_25_wards,vote,final,complete,False,6,39475,83163,40296,composite_municipal_ballot,Toronto City Clerk,Elections — Official Results,data/interim/results/2018/2018_Toronto_Poll_By_Poll_Councillor.xlsx,1,0.484542404675156
con_45eb3e143f1b5492b4652498c957ed6b,evt_e4fe1909276b5fbd91057022b350fff3,toronto_city_council,councillor,dst_458e8491e170588bbf807d32471358de,ward-19,Ward 19 — Beaches-East York,toronto_council_25_wards,vote,final,complete,False,16,37048,78046,37798,composite_municipal_ballot,Toronto City Clerk,Elections — Official Results,data/interim/results/2018/2018_Toronto_Poll_By_Poll_Councillor.xlsx,1,0.4843041283345719
con_3fc9df4b254c5eb6a2a7fb629a124bfb,evt_e4fe1909276b5fbd91057022b350fff3,toronto_city_council,councillor,dst_491164fd0e3a5cdeb806be882bf66569,ward-2,Ward 2 — Etobicoke Centre,toronto_council_25_wards,vote,final,complete,False,5,37915,89856,38621,composite_municipal_ballot,Toronto City Clerk,Elections — Official Results,data/interim/results/2018/2018_Toronto_Poll_By_Poll_Councillor.xlsx,1,0.4298099180911681
con_612115bf42b450d3aeb63bb430d3aec9,evt_e4fe1909276b5fbd91057022b350fff3,toronto_city_council,councillor,dst_5c72aa93cccc58429c93ba95b025805f,ward-3,Ward 3 — Etobicoke-Lakeshore,toronto_council_25_wards,vote,final,complete,False,10,40408,98426,41471,composite_municipal_ballot,Toronto City Clerk,Elections — Official Results,data/interim/results/2018/2018_Toronto_Poll_By_Poll_Councillor.xlsx,1,0.4213419218499177
con_990816d2030b592787bdf4a19382627f,evt_e4fe1909276b5fbd91057022b350fff3,toronto_city_council,councillor,dst_6962e00ba56b58edbaaea7f0f81504f6,ward-7,Ward 7 — Humber River-Black Creek,toronto_council_25_wards,vote,final,complete,False,8,22652,66624,23041,composite_municipal_ballot,Toronto City Clerk,Elections — Official Results,data/interim/results/2018/2018_Toronto_Poll_By_Poll_Councillor.xlsx,1,0.3458363352545629
con_caa23fae586656b2bab11ee711073a2c,evt_e4fe1909276b5fbd91057022b350fff3,toronto_city_council,councillor,dst_697cda341b945f989c5a4ef65d14e5c1,ward-8,Ward 8 — Eglinton-Lawrence,toronto_council_25_wards,vote,final,complete,False,10,34096,79611,35003,composite_municipal_ballot,Toronto City Clerk,Elections — Official Results,data/interim/results/2018/2018_Toronto_Poll_By_Poll_Councillor.xlsx,1,0.439675421738202
con_f961284da53f5a38ba3a20e7e998ef4f,evt_e4fe1909276b5fbd91057022b350fff3,toronto_city_council,councillor,dst_6afdd28db1b85bf2a12cbb33b215efb9,ward-4,Ward 4 — Parkdale-High Park,toronto_council_25_wards,vote,final,complete,False,10,37903,83919,39051,composite_municipal_ballot,Toronto City Clerk,Elections — Official Results,data/interim/results/2018/2018_Toronto_Poll_By_Poll_Councillor.xlsx,1,0.46534157938011655
con_6a1f4d7470675d869b3b11aede0812f2,evt_e4fe1909276b5fbd91057022b350fff3,toronto_city_council,councillor,dst_6ded7539bac459f6805b028fc38406ad,ward-15,Ward 15 — Don Valley West,toronto_council_25_wards,vote,final,complete,False,5,32955,69380,33660,composite_municipal_ballot,Toronto City Clerk,Elections — Official Results,data/interim/results/2018/2018_Toronto_Poll_By_Poll_Councillor.xlsx,1,0.4851542231190545
con_810611751acb5e86ab30b3277e7e6dad,evt_e4fe1909276b5fbd91057022b350fff3,toronto_city_council,councillor,dst_9288c6aab4795f139c7675b676e373d5,ward-11,Ward 11 — University-Rosedale,toronto_council_25_wards,vote,final,complete,False,7,32157,82108,34323,composite_municipal_ballot,Toronto City Clerk,Elections — Official Results,data/interim/results/2018/2018_Toronto_Poll_By_Poll_Councillor.xlsx,1,0.418022604374726
con_7a4043e26d4256e78ee3861fb81e718a,evt_e4fe1909276b5fbd91057022b350fff3,toronto_city_council,councillor,dst_a32de63331ab5882ba3224ac1457e939,ward-17,Ward 17 — Don Valley North,toronto_council_25_wards,vote,final,complete,False,9,26099,68397,26736,composite_municipal_ballot,Toronto City Clerk,Elections — Official Results,data/interim/results/2018/2018_Toronto_Poll_By_Poll_Councillor.xlsx,1,0.3908943374709417
con_1b8d99f619f758efb737805a20bcf6fb,evt_e4fe1909276b5fbd91057022b350fff3,toronto_city_council,councillor,dst_c08cfffa686c5648932189dbec3e91f5,ward-14,Ward 14 — Toronto-Danforth,toronto_council_25_wards,vote,final,complete,False,10,38959,80212,39484,composite_municipal_ballot,Toronto City Clerk,Elections — Official Results,data/interim/results/2018/2018_Toronto_Poll_By_Poll_Councillor.xlsx,1,0.4922455492943699
con_6fd864aec40c5bbc9f3eb32d2e9e4379,evt_e4fe1909276b5fbd91057022b350fff3,toronto_city_council,councillor,dst_dffb6fdb0597573ca1a1eb3c1993c269,ward-20,Ward 20 — Scarborough Southwest,toronto_council_25_wards,vote,final,complete,False,10,29405,73582,30030,composite_municipal_ballot,Toronto City Clerk,Elections — Official Results,data/interim/results/2018/2018_Toronto_Poll_By_Poll_Councillor.xlsx,1,0.4081161153542986
con_ac347f98e5715159b3adecf8debcbde8,evt_e4fe1909276b5fbd91057022b350fff3,toronto_city_council,councillor,dst_e45c4398760258f785214d7b514aafb1,ward-5,Ward 5 — York South-Weston,toronto_council_25_wards,vote,final,complete,False,11,26180,75271,26802,composite_municipal_ballot,Toronto City Clerk,Elections — Official Results,data/interim/results/2018/2018_Toronto_Poll_By_Poll_Councillor.xlsx,1,0.3560733881574577
con_c85783d7c9a4550bae21b8e14f2ff992,evt_e4fe1909276b5fbd91057022b350fff3,toronto_city_council,councillor,dst_e845d931b1485ddfacb056ed66c8b3b9,ward-23,Ward 23 — Scarborough North,toronto_council_25_wards,vote,final,complete,False,11,20688,62773,21376,composite_municipal_ballot,Toronto City Clerk,Elections — Official Results,data/interim/results/2018/2018_Toronto_Poll_By_Poll_Councillor.xlsx,1,0.34052857120099406
con_4def6d4e85f85950babb9030e4eae0cb,evt_e4fe1909276b5fbd91057022b350fff3,toronto_city_council,councillor,dst_ecad4be4655e5612bff68d3d4de3f8e1,ward-18,Ward 18 — Willowdale,toronto_council_25_wards,vote,final,complete,False,18,26088,69445,26522,composite_municipal_ballot,Toronto City Clerk,Elections — Official Results,data/interim/results/2018/2018_Toronto_Poll_By_Poll_Councillor.xlsx,1,0.38191374469004247
con_16fad19349255393a28639cd62e83ae3,evt_e4fe1909276b5fbd91057022b350fff3,toronto_city_council,councillor,dst_f1bb08a02f0c53efbe59d0a3ec00be31,ward-21,Ward 21 — Scarborough Centre,toronto_council_25_wards,vote,final,complete,False,11,23956,70092,24724,composite_municipal_ballot,Toronto City Clerk,Elections — Official Results,data/interim/results/2018/2018_Toronto_Poll_By_Poll_Councillor.xlsx,1,0.3527364035838612
con_922d425132ad5243b459c0ca40a6dcd9,evt_e4fe1909276b5fbd91057022b350fff3,toronto_city_council,councillor,dst_f6f1ed0519d9529797756178682c5516,ward-1,Ward 1 — Etobicoke North,toronto_council_25_wards,vote,final,complete,False,9,25199,72637,25593,composite_municipal_ballot,Toronto City Clerk,Elections — Official Results,data/interim/results/2018/2018_Toronto_Poll_By_Poll_Councillor.xlsx,1,0.35234109338216063
con_b93d69f083ed511ab264f38cc1d8b94c,evt_e4fe1909276b5fbd91057022b350fff3,toronto_city_council,mayor,dst_1ccc44a766885c22ae1ec045703dfe91,city,City of Toronto,toronto_council_25_wards,vote,final,complete,False,35,755493,1880371,769044,composite_municipal_ballot,Toronto City Clerk,Elections — Official Results,data/interim/results/2018/2018_Toronto_Poll_By_Poll_Mayor.xlsx,1,0.40898524812390746
con_a0a8ff10c3a859c2949520a5bfc9bb45,evt_e4fe1909276b5fbd91057022b350fff3,toronto_catholic_district_school_board,trustee,dst_008ce02792495e16b654481263c09200,10,Ward 10,tcdsb-trustee-wards-2018,vote,final,complete,False,7,9073,,,,Toronto City Clerk,Elections — Official Results,https://ckan0.cf.opendata.inter.prod-toronto.ca/dataset/96d35404-44d9-49d8-95bb-fb1e5489240d/resource/2fcd5f20-90f5-4dd0-88eb-22e978b9bf89/download/2018-results.zip :: 2018_Toronto_Poll_By_Poll_Toronto_Catholic_District_School_Board.xlsx,1,
con_1b7f9de2f5205e6fbf798fc09878f312,evt_e4fe1909276b5fbd91057022b350fff3,toronto_district_school_board,trustee,dst_0545db6b91ac5ba3817ea536babfabbe,17,Ward 17,tdsb-trustee-wards-2018,vote,final,complete,False,5,18049,,,,Toronto City Clerk,Elections — Official Results,https://ckan0.cf.opendata.inter.prod-toronto.ca/dataset/96d35404-44d9-49d8-95bb-fb1e5489240d/resource/2fcd5f20-90f5-4dd0-88eb-22e978b9bf89/download/2018-results.zip :: 2018_Toronto_Poll_By_Poll_Toronto_District_School_Board.xlsx,1,
con_3096624d08995389b5e2ed6a1b0db383,evt_e4fe1909276b5fbd91057022b350fff3,toronto_district_school_board,trustee,dst_06d21ec09b1c5dc999189934a1d871eb,13,Ward 13,tdsb-trustee-wards-2018,vote,final,complete,False,5,20217,,,,Toronto City Clerk,Elections — Official Results,https://ckan0.cf.opendata.inter.prod-toronto.ca/dataset/96d35404-44d9-49d8-95bb-fb1e5489240d/resource/2fcd5f20-90f5-4dd0-88eb-22e978b9bf89/download/2018-results.zip :: 2018_Toronto_Poll_By_Poll_Toronto_District_School_Board.xlsx,1,
con_fcc405761f925ac1a7702357faadc59f,evt_e4fe1909276b5fbd91057022b350fff3,conseil_scolaire_viamonde,trustee,dst_0b924bcdf5365057b792509c196b45c8,4,Ward 4,viamonde-trustee-wards-2018,vote,final,complete,False,2,1443,,,,Toronto City Clerk,Elections — Official Results,https://ckan0.cf.opendata.inter.prod-toronto.ca/dataset/96d35404-44d9-49d8-95bb-fb1e5489240d/resource/2fcd5f20-90f5-4dd0-88eb-22e978b9bf89/download/2018-results.zip :: 2018_Toronto_Poll_By_Poll_Conseil_scolaire_Viamonde.xlsx,1,
con_a3aae863390e59f6b1b0244bb7a43613,evt_e4fe1909276b5fbd91057022b350fff3,toronto_catholic_district_school_board,trustee,dst_24ef8e07c2275d748c405b1e714b438a,6,Ward 6,tcdsb-trustee-wards-2018,vote,final,complete,False,3,6134,,,,Toronto City Clerk,Elections — Official Results,https://ckan0.cf.opendata.inter.prod-toronto.ca/dataset/96d35404-44d9-49d8-95bb-fb1e5489240d/resource/2fcd5f20-90f5-4dd0-88eb-22e978b9bf89/download/2018-results.zip :: 2018_Toronto_Poll_By_Poll_Toronto_Catholic_District_School_Board.xlsx,1,
con_f08f5e07e4f75212841b3cdd2dad8c3a,evt_e4fe1909276b5fbd91057022b350fff3,toronto_district_school_board,trustee,dst_281bb99c76705d6ca1c403bc941b20c9,1,Ward 1,tdsb-trustee-wards-2018,vote,final,complete,False,10,17546,,,,Toronto City Clerk,Elections — Official Results,https://ckan0.cf.opendata.inter.prod-toronto.ca/dataset/96d35404-44d9-49d8-95bb-fb1e5489240d/resource/2fcd5f20-90f5-4dd0-88eb-22e978b9bf89/download/2018-results.zip :: 2018_Toronto_Poll_By_Poll_Toronto_District_School_Board.xlsx,1,
con_f1d1d68b424056de9394c867aae1d8bc,evt_e4fe1909276b5fbd91057022b350fff3,toronto_catholic_district_school_board,trustee,dst_2b3a67db16d45f37b370ff5d8ffe98e7,1,Ward 1,tcdsb-trustee-wards-2018,vote,final,complete,False,4,6364,,,,Toronto City Clerk,Elections — Official Results,https://ckan0.cf.opendata.inter.prod-toronto.ca/dataset/96d35404-44d9-49d8-95bb-fb1e5489240d/resource/2fcd5f20-90f5-4dd0-88eb-22e978b9bf89/download/2018-results.zip :: 2018_Toronto_Poll_By_Poll_Toronto_Catholic_District_School_Board.xlsx,1,
con_82ada9bbe26157e4bcade1365d47ae00,evt_e4fe1909276b5fbd91057022b350fff3,conseil_scolaire_viamonde,trustee,dst_2b86da9d74d55ab6a69b622bfa9f8881,3,Ward 3,viamonde-trustee-wards-2018,vote,final,complete,False,2,2246,,,,Toronto City Clerk,Elections — Official Results,https://ckan0.cf.opendata.inter.prod-toronto.ca/dataset/96d35404-44d9-49d8-95bb-fb1e5489240d/resource/2fcd5f20-90f5-4dd0-88eb-22e978b9bf89/download/2018-results.zip :: 2018_Toronto_Poll_By_Poll_Conseil_scolaire_Viamonde.xlsx,1,
con_9f71b78fa83355d799d2c73359af7c46,evt_e4fe1909276b5fbd91057022b350fff3,toronto_catholic_district_school_board,trustee,dst_2d61e862a9665714b747cbc0cbdb7089,3,Ward 3,tcdsb-trustee-wards-2018,vote,final,complete,False,3,8374,,,,Toronto City Clerk,Elections — Official Results,https://ckan0.cf.opendata.inter.prod-toronto.ca/dataset/96d35404-44d9-49d8-95bb-fb1e5489240d/resource/2fcd5f20-90f5-4dd0-88eb-22e978b9bf89/download/2018-results.zip :: 2018_Toronto_Poll_By_Poll_Toronto_Catholic_District_School_Board.xlsx,1,
con_49637b2fdcb35931b422ff2cbd9b269f,evt_e4fe1909276b5fbd91057022b350fff3,toronto_district_school_board,trustee,dst_338fdbae8c185660baefe690e1afa729,7,Ward 7,tdsb-trustee-wards-2018,vote,final,complete,False,2,28059,,,,Toronto City Clerk,Elections — Official Results,https://ckan0.cf.opendata.inter.prod-toronto.ca/dataset/96d35404-44d9-49d8-95bb-fb1e5489240d/resource/2fcd5f20-90f5-4dd0-88eb-22e978b9bf89/download/2018-results.zip :: 2018_Toronto_Poll_By_Poll_Toronto_District_School_Board.xlsx,1,
con_bddb59e29a045558b7b9da7a53d85c85,evt_e4fe1909276b5fbd91057022b350fff3,toronto_district_school_board,trustee,dst_3e2f7bb9f0e756b4a127cdda67c6066e,20,Ward 20,tdsb-trustee-wards-2018,vote,final,complete,False,4,19836,,,,Toronto City Clerk,Elections — Official Results,https://ckan0.cf.opendata.inter.prod-toronto.ca/dataset/96d35404-44d9-49d8-95bb-fb1e5489240d/resource/2fcd5f20-90f5-4dd0-88eb-22e978b9bf89/download/2018-results.zip :: 2018_Toronto_Poll_By_Poll_Toronto_District_School_Board.xlsx,1,
con_c40aee3692805c2b88a5034071b32db5,evt_e4fe1909276b5fbd91057022b350fff3,conseil_scolaire_viamonde,trustee,dst_44fb90bf39df530abdf63fbfbb45ac2a,2,Ward 2,viamonde-trustee-wards-2018,vote,final,complete,False,4,1208,,,,Toronto City Clerk,Elections — Official Results,https://ckan0.cf.opendata.inter.prod-toronto.ca/dataset/96d35404-44d9-49d8-95bb-fb1e5489240d/resource/2fcd5f20-90f5-4dd0-88eb-22e978b9bf89/download/2018-results.zip :: 2018_Toronto_Poll_By_Poll_Conseil_scolaire_Viamonde.xlsx,1,
con_80beb96442bf56f0820c91bade939a44,evt_e4fe1909276b5fbd91057022b350fff3,toronto_district_school_board,trustee,dst_4bb09556ae595b1c8098c7bb7463ce7d,18,Ward 18,tdsb-trustee-wards-2018,vote,final,complete,False,10,22708,,,,Toronto City Clerk,Elections — Official Results,https://ckan0.cf.opendata.inter.prod-toronto.ca/dataset/96d35404-44d9-49d8-95bb-fb1e5489240d/resource/2fcd5f20-90f5-4dd0-88eb-22e978b9bf89/download/2018-results.zip :: 2018_Toronto_Poll_By_Poll_Toronto_District_School_Board.xlsx,1,
con_73647222ccc256f79636484629afb61d,evt_e4fe1909276b5fbd91057022b350fff3,toronto_district_school_board,trustee,dst_509142e0fa9458b4ad845dee381c5149,8,Ward 8,tdsb-trustee-wards-2018,vote,final,complete,False,7,50916,,,,Toronto City Clerk,Elections — Official Results,https://ckan0.cf.opendata.inter.prod-toronto.ca/dataset/96d35404-44d9-49d8-95bb-fb1e5489240d/resource/2fcd5f20-90f5-4dd0-88eb-22e978b9bf89/download/2018-results.zip :: 2018_Toronto_Poll_By_Poll_Toronto_District_School_Board.xlsx,1,
con_d9b31992979e56f9b8a764fc035f3168,evt_e4fe1909276b5fbd91057022b350fff3,toronto_district_school_board,trustee,dst_769448c4eb195acba5cd86bc4e2ccb90,12,Ward 12,tdsb-trustee-wards-2018,vote,final,complete,False,3,18969,,,,Toronto City Clerk,Elections — Official Results,https://ckan0.cf.opendata.inter.prod-toronto.ca/dataset/96d35404-44d9-49d8-95bb-fb1e5489240d/resource/2fcd5f20-90f5-4dd0-88eb-22e978b9bf89/download/2018-results.zip :: 2018_Toronto_Poll_By_Poll_Toronto_District_School_Board.xlsx,1,
con_3b7399da01a358e2a5687d3ef3301aab,evt_e4fe1909276b5fbd91057022b350fff3,toronto_catholic_district_school_board,trustee,dst_8de538d86e0b5b1f838541d6c4949e84,5,Ward 5,tcdsb-trustee-wards-2018,vote,final,complete,False,5,15513,,,,Toronto City Clerk,Elections — Official Results,https://ckan0.cf.opendata.inter.prod-toronto.ca/dataset/96d35404-44d9-49d8-95bb-fb1e5489240d/resource/2fcd5f20-90f5-4dd0-88eb-22e978b9bf89/download/2018-results.zip :: 2018_Toronto_Poll_By_Poll_Toronto_Catholic_District_School_Board.xlsx,1,
con_5a79ea04ed435f38b36f5fc08c189322,evt_e4fe1909276b5fbd91057022b350fff3,toronto_district_school_board,trustee,dst_938aa32092f9504a96b18e500032d4ff,11,Ward 11,tdsb-trustee-wards-2018,vote,final,complete,False,8,25713,,,,Toronto City Clerk,Elections — Official Results,https://ckan0.cf.opendata.inter.prod-toronto.ca/dataset/96d35404-44d9-49d8-95bb-fb1e5489240d/resource/2fcd5f20-90f5-4dd0-88eb-22e978b9bf89/download/2018-results.zip :: 2018_Toronto_Poll_By_Poll_Toronto_District_School_Board.xlsx,1,
con_fd08750fa3f85465bbb79c717dc8a506,evt_e4fe1909276b5fbd91057022b350fff3,toronto_district_school_board,trustee,dst_9ee79a0fb9c253e4adf6576126d9e67b,2,Ward 2,tdsb-trustee-wards-2018,vote,final,complete,False,7,21547,,,,Toronto City Clerk,Elections — Official Results,https://ckan0.cf.opendata.inter.prod-toronto.ca/dataset/96d35404-44d9-49d8-95bb-fb1e5489240d/resource/2fcd5f20-90f5-4dd0-88eb-22e978b9bf89/download/2018-results.zip :: 2018_Toronto_Poll_By_Poll_Toronto_District_School_Board.xlsx,1,
con_0e1829a9646e558d854913d06b99cb8a,evt_e4fe1909276b5fbd91057022b350fff3,toronto_district_school_board,trustee,dst_a042e6935ea75aa6b45bb0952a8b5bdb,14,Ward 14,tdsb-trustee-wards-2018,vote,final,complete,False,7,17985,,,,Toronto City Clerk,Elections — Official Results,https://ckan0.cf.opendata.inter.prod-toronto.ca/dataset/96d35404-44d9-49d8-95bb-fb1e5489240d/resource/2fcd5f20-90f5-4dd0-88eb-22e978b9bf89/download/2018-results.zip :: 2018_Toronto_Poll_By_Poll_Toronto_District_School_Board.xlsx,1,
con_79590525e8a254958375f61ab5c21942,evt_e4fe1909276b5fbd91057022b350fff3,toronto_district_school_board,trustee,dst_a14b3a7d53085d1282413fa1af9d9c8e,4,Ward 4,tdsb-trustee-wards-2018,vote,final,complete,False,6,13027,,,,Toronto City Clerk,Elections — Official Results,https://ckan0.cf.opendata.inter.prod-toronto.ca/dataset/96d35404-44d9-49d8-95bb-fb1e5489240d/resource/2fcd5f20-90f5-4dd0-88eb-22e978b9bf89/download/2018-results.zip :: 2018_Toronto_Poll_By_Poll_Toronto_District_School_Board.xlsx,1,
con_9764c9fc31425a43bc9e1bad9d2ed6c9,evt_e4fe1909276b5fbd91057022b350fff3,conseil_scolaire_catholique_monavenir,trustee,dst_b0332b2ba50c5050a8b1601ed1610df5,4,Ward 4,monavenir-trustee-wards-2018,vote,final,complete,False,4,1495,,,,Toronto City Clerk,Elections — Official Results,https://ckan0.cf.opendata.inter.prod-toronto.ca/dataset/96d35404-44d9-49d8-95bb-fb1e5489240d/resource/2fcd5f20-90f5-4dd0-88eb-22e978b9bf89/download/2018-results.zip :: 2018_Toronto_Poll_By_Poll_Conseil_scolaire_catholique_MonAvenir.xlsx,1,
con_596c8e4df426521ea2fcd7dcf9f18280,evt_e4fe1909276b5fbd91057022b350fff3,toronto_catholic_district_school_board,trustee,dst_b38901c5b0df55f18736f53b50192cef,9,Ward 9,tcdsb-trustee-wards-2018,vote,final,complete,False,7,9715,,,,Toronto City Clerk,Elections — Official Results,https://ckan0.cf.opendata.inter.prod-toronto.ca/dataset/96d35404-44d9-49d8-95bb-fb1e5489240d/resource/2fcd5f20-90f5-4dd0-88eb-22e978b9bf89/download/2018-results.zip :: 2018_Toronto_Poll_By_Poll_Toronto_Catholic_District_School_Board.xlsx,1,
con_0357839fe09a50d3b98b7dce2777959a,evt_e4fe1909276b5fbd91057022b350fff3,toronto_catholic_district_school_board,trustee,dst_b7c32a84dee358de9c1fc168c9dbd980,4,Ward 4,tcdsb-trustee-wards-2018,vote,final,complete,False,3,13704,,,,Toronto City Clerk,Elections — Official Results,https://ckan0.cf.opendata.inter.prod-toronto.ca/dataset/96d35404-44d9-49d8-95bb-fb1e5489240d/resource/2fcd5f20-90f5-4dd0-88eb-22e978b9bf89/download/2018-results.zip :: 2018_Toronto_Poll_By_Poll_Toronto_Catholic_District_School_Board.xlsx,1,
con_33ac1224176f52d4be6313cddd39120f,evt_e4fe1909276b5fbd91057022b350fff3,toronto_district_school_board,trustee,dst_bb020063d4c25fdcbb1a7de448193ad0,21,Ward 21,tdsb-trustee-wards-2018,vote,final,complete,False,6,15930,,,,Toronto City Clerk,Elections — Official Results,https://ckan0.cf.opendata.inter.prod-toronto.ca/dataset/96d35404-44d9-49d8-95bb-fb1e5489240d/resource/2fcd5f20-90f5-4dd0-88eb-22e978b9bf89/download/2018-results.zip :: 2018_Toronto_Poll_By_Poll_Toronto_District_School_Board.xlsx,1,
con_efadb254ab4650aba7c5d1c0fe057c57,evt_e4fe1909276b5fbd91057022b350fff3,toronto_district_school_board,trustee,dst_bbfa706f5b1a510eb40588a1c5e635e1,10,Ward 10,tdsb-trustee-wards-2018,vote,final,complete,False,13,46398,,,,Toronto City Clerk,Elections — Official Results,https://ckan0.cf.opendata.inter.prod-toronto.ca/dataset/96d35404-44d9-49d8-95bb-fb1e5489240d/resource/2fcd5f20-90f5-4dd0-88eb-22e978b9bf89/download/2018-results.zip :: 2018_Toronto_Poll_By_Poll_Toronto_District_School_Board.xlsx,1,
con_3a6487243da55baeae61fb155fa68a05,evt_e4fe1909276b5fbd91057022b350fff3,toronto_catholic_district_school_board,trustee,dst_c300ba9edc235ef1940778b92feee438,11,Ward 11,tcdsb-trustee-wards-2018,vote,final,complete,False,5,16205,,,,Toronto City Clerk,Elections — Official Results,https://ckan0.cf.opendata.inter.prod-toronto.ca/dataset/96d35404-44d9-49d8-95bb-fb1e5489240d/resource/2fcd5f20-90f5-4dd0-88eb-22e978b9bf89/download/2018-results.zip :: 2018_Toronto_Poll_By_Poll_Toronto_Catholic_District_School_Board.xlsx,1,
con_d224a73e784d5e61b1a5eada835fd7df,evt_e4fe1909276b5fbd91057022b350fff3,toronto_district_school_board,trustee,dst_c63a529f91b058d6a605e4eb759a570a,9,Ward 9,tdsb-trustee-wards-2018,vote,final,complete,False,13,40068,,,,Toronto City Clerk,Elections — Official Results,https://ckan0.cf.opendata.inter.prod-toronto.ca/dataset/96d35404-44d9-49d8-95bb-fb1e5489240d/resource/2fcd5f20-90f5-4dd0-88eb-22e978b9bf89/download/2018-results.zip :: 2018_Toronto_Poll_By_Poll_Toronto_District_School_Board.xlsx,1,
con_80ed2f19153a580a952b84a1d70560c7,evt_e4fe1909276b5fbd91057022b350fff3,toronto_catholic_district_school_board,trustee,dst_cd816734f7105170bcb648d4d7a308d1,12,Ward 12,tcdsb-trustee-wards-2018,vote,final,complete,False,5,9093,,,,Toronto City Clerk,Elections — Official Results,https://ckan0.cf.opendata.inter.prod-toronto.ca/dataset/96d35404-44d9-49d8-95bb-fb1e5489240d/resource/2fcd5f20-90f5-4dd0-88eb-22e978b9bf89/download/2018-results.zip :: 2018_Toronto_Poll_By_Poll_Toronto_Catholic_District_School_Board.xlsx,1,
con_fa6733e5a0fe545cb856538947614d99,evt_e4fe1909276b5fbd91057022b350fff3,conseil_scolaire_catholique_monavenir,trustee,dst_d2798dd2c9825ed4b334a9d189804ed4,3,Ward 3,monavenir-trustee-wards-2018,vote,final,complete,False,3,1667,,,,Toronto City Clerk,Elections — Official Results,https://ckan0.cf.opendata.inter.prod-toronto.ca/dataset/96d35404-44d9-49d8-95bb-fb1e5489240d/resource/2fcd5f20-90f5-4dd0-88eb-22e978b9bf89/download/2018-results.zip :: 2018_Toronto_Poll_By_Poll_Conseil_scolaire_catholique_MonAvenir.xlsx,1,
con_854840f755795716b1435758e5e2e372,evt_e4fe1909276b5fbd91057022b350fff3,toronto_catholic_district_school_board,trustee,dst_d3ec995ec0e554f9b27279530e21df1a,8,Ward 8,tcdsb-trustee-wards-2018,vote,final,complete,False,4,9591,,,,Toronto City Clerk,Elections — Official Results,https://ckan0.cf.opendata.inter.prod-toronto.ca/dataset/96d35404-44d9-49d8-95bb-fb1e5489240d/resource/2fcd5f20-90f5-4dd0-88eb-22e978b9bf89/download/2018-results.zip :: 2018_Toronto_Poll_By_Poll_Toronto_Catholic_District_School_Board.xlsx,1,
con_e40c8612054659ca94f3b246e66f557c,evt_e4fe1909276b5fbd91057022b350fff3,toronto_district_school_board,trustee,dst_d8987495511d52fb8108b6ca5300535e,15,Ward 15,tdsb-trustee-wards-2018,vote,final,complete,False,3,32345,,,,Toronto City Clerk,Elections — Official Results,https://ckan0.cf.opendata.inter.prod-toronto.ca/dataset/96d35404-44d9-49d8-95bb-fb1e5489240d/resource/2fcd5f20-90f5-4dd0-88eb-22e978b9bf89/download/2018-results.zip :: 2018_Toronto_Poll_By_Poll_Toronto_District_School_Board.xlsx,1,
con_b4442b56e425529d9ef659add9264836,evt_e4fe1909276b5fbd91057022b350fff3,toronto_district_school_board,trustee,dst_d8b15c9d769a5fe8827ddaaf78b4bc30,16,Ward 16,tdsb-trustee-wards-2018,vote,final,complete,False,5,28383,,,,Toronto City Clerk,Elections — Official Results,https://ckan0.cf.opendata.inter.prod-toronto.ca/dataset/96d35404-44d9-49d8-95bb-fb1e5489240d/resource/2fcd5f20-90f5-4dd0-88eb-22e978b9bf89/download/2018-results.zip :: 2018_Toronto_Poll_By_Poll_Toronto_District_School_Board.xlsx,1,
con_171008f9849e572fb649940a4510bb92,evt_e4fe1909276b5fbd91057022b350fff3,toronto_catholic_district_school_board,trustee,dst_d9853e0274bf5fe680141b36f189aec4,2,Ward 2,tcdsb-trustee-wards-2018,vote,final,complete,False,5,13261,,,,Toronto City Clerk,Elections — Official Results,https://ckan0.cf.opendata.inter.prod-toronto.ca/dataset/96d35404-44d9-49d8-95bb-fb1e5489240d/resource/2fcd5f20-90f5-4dd0-88eb-22e978b9bf89/download/2018-results.zip :: 2018_Toronto_Poll_By_Poll_Toronto_Catholic_District_School_Board.xlsx,1,
con_7b112dc3f93354f1abab58cc035fec14,evt_e4fe1909276b5fbd91057022b350fff3,toronto_catholic_district_school_board,trustee,dst_dbc80ec1727e59e29071bbf9318db8c9,7,Ward 7,tcdsb-trustee-wards-2018,vote,final,complete,False,2,9269,,,,Toronto City Clerk,Elections — Official Results,https://ckan0.cf.opendata.inter.prod-toronto.ca/dataset/96d35404-44d9-49d8-95bb-fb1e5489240d/resource/2fcd5f20-90f5-4dd0-88eb-22e978b9bf89/download/2018-results.zip :: 2018_Toronto_Poll_By_Poll_Toronto_Catholic_District_School_Board.xlsx,1,
con_296e8ca2405053eabc18830fc97d920c,evt_e4fe1909276b5fbd91057022b350fff3,toronto_district_school_board,trustee,dst_ddb9e1681474573d8d5faaecc318a421,22,Ward 22,tdsb-trustee-wards-2018,vote,final,complete,False,10,21360,,,,Toronto City Clerk,Elections — Official Results,https://ckan0.cf.opendata.inter.prod-toronto.ca/dataset/96d35404-44d9-49d8-95bb-fb1e5489240d/resource/2fcd5f20-90f5-4dd0-88eb-22e978b9bf89/download/2018-results.zip :: 2018_Toronto_Poll_By_Poll_Toronto_District_School_Board.xlsx,1,
con_5c513b345eed54a19a174556fe61c314,evt_e4fe1909276b5fbd91057022b350fff3,toronto_district_school_board,trustee,dst_e22f2a79d28f5002abf31ecdfb7d9030,3,Ward 3,tdsb-trustee-wards-2018,vote,final,complete,False,10,27289,,,,Toronto City Clerk,Elections — Official Results,https://ckan0.cf.opendata.inter.prod-toronto.ca/dataset/96d35404-44d9-49d8-95bb-fb1e5489240d/resource/2fcd5f20-90f5-4dd0-88eb-22e978b9bf89/download/2018-results.zip :: 2018_Toronto_Poll_By_Poll_Toronto_District_School_Board.xlsx,1,
con_1e75ba4d04dc58adad18155d45605f90,evt_e4fe1909276b5fbd91057022b350fff3,toronto_district_school_board,trustee,dst_e746e46e642250d1aab9b501fe8ba3bd,6,Ward 6,tdsb-trustee-wards-2018,vote,final,complete,False,5,15597,,,,Toronto City Clerk,Elections — Official Results,https://ckan0.cf.opendata.inter.prod-toronto.ca/dataset/96d35404-44d9-49d8-95bb-fb1e5489240d/resource/2fcd5f20-90f5-4dd0-88eb-22e978b9bf89/download/2018-results.zip :: 2018_Toronto_Poll_By_Poll_Toronto_District_School_Board.xlsx,1,
con_01ed625783e85ca59f4258b04906185a,evt_e4fe1909276b5fbd91057022b350fff3,toronto_district_school_board,trustee,dst_f1fd1fff07a058bbb8c02b9308d70b1a,5,Ward 5,tdsb-trustee-wards-2018,vote,final,complete,False,8,15565,,,,Toronto City Clerk,Elections — Official Results,https://ckan0.cf.opendata.inter.prod-toronto.ca/dataset/96d35404-44d9-49d8-95bb-fb1e5489240d/resource/2fcd5f20-90f5-4dd0-88eb-22e978b9bf89/download/2018-results.zip :: 2018_Toronto_Poll_By_Poll_Toronto_District_School_Board.xlsx,1,
con_57fdf4c7bc4654abb687544ec0639674,evt_e4fe1909276b5fbd91057022b350fff3,toronto_district_school_board,trustee,dst_f871b1d4f64e5479beaf2d0dcc97d8ad,19,Ward 19,tdsb-trustee-wards-2018,vote,final,complete,False,9,16940,,,,Toronto City Clerk,Elections — Official Results,https://ckan0.cf.opendata.inter.prod-toronto.ca/dataset/96d35404-44d9-49d8-95bb-fb1e5489240d/resource/2fcd5f20-90f5-4dd0-88eb-22e978b9bf89/download/2018-results.zip :: 2018_Toronto_Poll_By_Poll_Toronto_District_School_Board.xlsx,1,
con_e0aab60f6a3e50d59f1f09a1742a2ddd,evt_eabc9f0a14165449acd2f9a1e7d557ce,toronto_city_council,mayor,dst_1ccc44a766885c22ae1ec045703dfe91,city,City of Toronto,toronto_council_25_wards,vote,final,complete,False,102,724638,1947242,724638,composite_municipal_ballot,Toronto City Clerk,Elections — Official By-election Results,data/raw/byelection/2023_office_of_the_mayor.xlsx,1,0.3721355640439144
con_eccf9644aa2c598fa731d009a96fcf64,evt_ee5715a80b5a532c8b778d94f6b7c9b8,toronto_city_council,councillor,dst_dffb6fdb0597573ca1a1eb3c1993c269,ward-20,Ward 20 — Scarborough Southwest,toronto_council_25_wards,vote,final,complete,False,23,16950,78906,16974,composite_municipal_ballot,Toronto City Clerk,Elections — Official By-election Results,data/raw/byelection/2023-office-of-the-councillor-ward-20-poll-by-poll.xlsx,1,0.21511672116188882
con_102b32eadfcb5a4a80646e78fdf78f2b,on-2003-general,ontario_legislative_assembly,mpp,dst_0a8d2a9d4ed35e829926b3feba9ef26f,091,Trinity—Spadina,ontario-1999-103,vote,final,complete,False,6,40554,78790,41007,provincial_electoral_district,Elections Ontario,Official election results reports,https://results.elections.on.ca/api/report-groups/5/report-outputs/521/csv;https://results.elections.on.ca/api/report-groups/5/report-outputs/514/csv;https://results.elections.on.ca/api/report-groups/5/report-outputs/519/csv,1,0.5204594491686763
con_c023224f934152008517373a5cb060cc,on-2003-general,ontario_legislative_assembly,mpp,dst_146835b0119b5032819fdfd3b404bb2a,075,Scarborough East,ontario-1999-103,vote,final,complete,False,5,42324,71930,42592,provincial_electoral_district,Elections Ontario,Official election results reports,https://results.elections.on.ca/api/report-groups/5/report-outputs/521/csv;https://results.elections.on.ca/api/report-groups/5/report-outputs/514/csv;https://results.elections.on.ca/api/report-groups/5/report-outputs/519/csv,1,0.5921312387042958
con_2a7077f089ee51d4becffe7914461cfa,on-2003-general,ontario_legislative_assembly,mpp,dst_1e03383bcef15c95ae26f28c2834bbf1,090,Toronto Centre—Rosedale,ontario-1999-103,vote,final,complete,False,6,45233,85970,45672,provincial_electoral_district,Elections Ontario,Official election results reports,https://results.elections.on.ca/api/report-groups/5/report-outputs/521/csv;https://results.elections.on.ca/api/report-groups/5/report-outputs/514/csv;https://results.elections.on.ca/api/report-groups/5/report-outputs/519/csv,1,0.5312550889845294
con_abf9db58c661551d84380bb87702a4a2,on-2003-general,ontario_legislative_assembly,mpp,dst_3dc7bd244f6c5d74afa0ec5c4941786e,077,Scarborough Southwest,ontario-1999-103,vote,final,complete,False,5,37290,68497,37590,provincial_electoral_district,Elections Ontario,Official election results reports,https://results.elections.on.ca/api/report-groups/5/report-outputs/521/csv;https://results.elections.on.ca/api/report-groups/5/report-outputs/514/csv;https://results.elections.on.ca/api/report-groups/5/report-outputs/519/csv,1,0.5487831583864987
con_709a928612995173b3aa0d0fa1c5f94e,on-2003-general,ontario_legislative_assembly,mpp,dst_3e460298e4265c0ebfd462a9677716de,017,Eglinton—Lawrence,ontario-1999-103,vote,final,complete,False,4,41732,72691,42085,provincial_electoral_district,Elections Ontario,Official election results reports,https://results.elections.on.ca/api/report-groups/5/report-outputs/521/csv;https://results.elections.on.ca/api/report-groups/5/report-outputs/514/csv;https://results.elections.on.ca/api/report-groups/5/report-outputs/519/csv,1,0.5789575050556465
con_3c777a1d5d90533a8cdbfbbdd841a2c5,on-2003-general,ontario_legislative_assembly,mpp,dst_48b998ce4b4552258fb7a504f9201dbd,076,Scarborough—Rouge River,ontario-1999-103,vote,final,complete,False,5,37552,78710,37855,provincial_electoral_district,Elections Ontario,Official election results reports,https://results.elections.on.ca/api/report-groups/5/report-outputs/521/csv;https://results.elections.on.ca/api/report-groups/5/report-outputs/514/csv;https://results.elections.on.ca/api/report-groups/5/report-outputs/519/csv,1,0.4809427010545039
con_31159f2b3ad85267b12c3b3d0c594c5d,on-2003-general,ontario_legislative_assembly,mpp,dst_4a323e68e46553c6876d936fcf958a40,081,St. Paul's,ontario-1999-103,vote,final,complete,False,5,45450,78847,45761,provincial_electoral_district,Elections Ontario,Official election results reports,https://results.elections.on.ca/api/report-groups/5/report-outputs/521/csv;https://results.elections.on.ca/api/report-groups/5/report-outputs/514/csv;https://results.elections.on.ca/api/report-groups/5/report-outputs/519/csv,1,0.5803771861960506
con_f3f932a17620528aa94355476218d056,on-2003-general,ontario_legislative_assembly,mpp,dst_4ef1e838f7185ee38a0089c30ee77903,100,York Centre,ontario-1999-103,vote,final,complete,False,4,31660,64619,32047,provincial_electoral_district,Elections Ontario,Official election results reports,https://results.elections.on.ca/api/report-groups/5/report-outputs/521/csv;https://results.elections.on.ca/api/report-groups/5/report-outputs/514/csv;https://results.elections.on.ca/api/report-groups/5/report-outputs/519/csv,1,0.49593772729383
con_00412a167b445daa9595d0d4ce3fde91,on-2003-general,ontario_legislative_assembly,mpp,dst_5bbe445bb66a5c9da49b1b14d6a7b1e5,097,Willowdale,ontario-1999-103,vote,final,complete,False,6,46466,83907,46764,provincial_electoral_district,Elections Ontario,Official election results reports,https://results.elections.on.ca/api/report-groups/5/report-outputs/521/csv;https://results.elections.on.ca/api/report-groups/5/report-outputs/514/csv;https://results.elections.on.ca/api/report-groups/5/report-outputs/519/csv,1,0.5573313311165934
con_68082782276b5a0fa3520e1c36b413d6,on-2003-general,ontario_legislative_assembly,mpp,dst_78b71c062ecc5459ba78658d651cc200,008,Toronto—Danforth,ontario-1999-103,vote,final,complete,False,6,38719,69840,39014,provincial_electoral_district,Elections Ontario,Official election results reports,https://results.elections.on.ca/api/report-groups/5/report-outputs/521/csv;https://results.elections.on.ca/api/report-groups/5/report-outputs/514/csv;https://results.elections.on.ca/api/report-groups/5/report-outputs/519/csv,1,0.5586197021764032
con_7243c06395b954dbac5930fdbb8179ed,on-2003-general,ontario_legislative_assembly,mpp,dst_8e086e65a34c5336b817d80fe90dfa0e,073,Scarborough—Agincourt,ontario-1999-103,vote,final,complete,False,5,37688,71770,37951,provincial_electoral_district,Elections Ontario,Official election results reports,https://results.elections.on.ca/api/report-groups/5/report-outputs/521/csv;https://results.elections.on.ca/api/report-groups/5/report-outputs/514/csv;https://results.elections.on.ca/api/report-groups/5/report-outputs/519/csv,1,0.5287864010032047
con_62036709c8405bc7b345c44c9db4f27f,on-2003-general,ontario_legislative_assembly,mpp,dst_9feded937df554da8c8702335ef2dbaf,102,York South—Weston,ontario-1999-103,vote,final,complete,False,5,32378,64589,32774,provincial_electoral_district,Elections Ontario,Official election results reports,https://results.elections.on.ca/api/report-groups/5/report-outputs/521/csv;https://results.elections.on.ca/api/report-groups/5/report-outputs/514/csv;https://results.elections.on.ca/api/report-groups/5/report-outputs/519/csv,1,0.5074238647447707
con_762937f2678b5606944a295c4bde147a,on-2003-general,ontario_legislative_assembly,mpp,dst_aff331b290b35f87b4697a0c7fda7916,074,Scarborough Centre,ontario-1999-103,vote,final,complete,False,7,41674,74481,42156,provincial_electoral_district,Elections Ontario,Official election results reports,https://results.elections.on.ca/api/report-groups/5/report-outputs/521/csv;https://results.elections.on.ca/api/report-groups/5/report-outputs/514/csv;https://results.elections.on.ca/api/report-groups/5/report-outputs/519/csv,1,0.5659966971442382
con_5d604f6a0187587b836e7e5898f97aba,on-2003-general,ontario_legislative_assembly,mpp,dst_b30efd93c1365ba4a052fa91a301c9a0,021,Etobicoke Centre,ontario-1999-103,vote,final,complete,False,4,44664,72114,45070,provincial_electoral_district,Elections Ontario,Official election results reports,https://results.elections.on.ca/api/report-groups/5/report-outputs/521/csv;https://results.elections.on.ca/api/report-groups/5/report-outputs/514/csv;https://results.elections.on.ca/api/report-groups/5/report-outputs/519/csv,1,0.6249826663338602
con_e4972ec278855c919690432ddeb74061,on-2003-general,ontario_legislative_assembly,mpp,dst_b67c4717cb635c1997ee7e96485beb32,064,Parkdale—High Park,ontario-1999-103,vote,final,complete,False,8,39786,73108,40162,provincial_electoral_district,Elections Ontario,Official election results reports,https://results.elections.on.ca/api/report-groups/5/report-outputs/521/csv;https://results.elections.on.ca/api/report-groups/5/report-outputs/514/csv;https://results.elections.on.ca/api/report-groups/5/report-outputs/519/csv,1,0.5493516441429118
con_6e29293d1c155bae90c9f779a24e0d12,on-2003-general,ontario_legislative_assembly,mpp,dst_bb8d4c5b94ab537ba2dfbee9e41a0bd9,023,Etobicoke North,ontario-1999-103,vote,final,complete,False,6,30989,65527,31394,provincial_electoral_district,Elections Ontario,Official election results reports,https://results.elections.on.ca/api/report-groups/5/report-outputs/521/csv;https://results.elections.on.ca/api/report-groups/5/report-outputs/514/csv;https://results.elections.on.ca/api/report-groups/5/report-outputs/519/csv,1,0.479100218230653
con_c9c2f1ba26da5afaba62cecb510b0e3d,on-2003-general,ontario_legislative_assembly,mpp,dst_bfa54f79b68655e899f27091bfbfd49e,003,Beaches—East York,ontario-1999-103,vote,final,complete,False,4,41461,75006,41728,provincial_electoral_district,Elections Ontario,Official election results reports,https://results.elections.on.ca/api/report-groups/5/report-outputs/521/csv;https://results.elections.on.ca/api/report-groups/5/report-outputs/514/csv;https://results.elections.on.ca/api/report-groups/5/report-outputs/519/csv,1,0.5563288270271711
con_b16459da620253debfa7167b76a77e0a,on-2003-general,ontario_legislative_assembly,mpp,dst_c74bf4468b2858f4b8982c65d2d33ff3,012,Davenport,ontario-1999-103,vote,final,complete,False,7,26503,54828,26901,provincial_electoral_district,Elections Ontario,Official election results reports,https://results.elections.on.ca/api/report-groups/5/report-outputs/521/csv;https://results.elections.on.ca/api/report-groups/5/report-outputs/514/csv;https://results.elections.on.ca/api/report-groups/5/report-outputs/519/csv,1,0.4906434668417597
con_8dc68fb1dff45da19697d05d9307caf8,on-2003-general,ontario_legislative_assembly,mpp,dst_dbccfb9859a55c6fa9f992c3fbfc22e4,103,York West,ontario-1999-103,vote,final,complete,False,5,23231,53454,23495,provincial_electoral_district,Elections Ontario,Official election results reports,https://results.elections.on.ca/api/report-groups/5/report-outputs/521/csv;https://results.elections.on.ca/api/report-groups/5/report-outputs/514/csv;https://results.elections.on.ca/api/report-groups/5/report-outputs/519/csv,1,0.4395367979945374
con_7b3ac2d095ac55ed9fa558ff607099af,on-2003-general,ontario_legislative_assembly,mpp,dst_de8896ecec1953e598ce1abf270369d8,013,Don Valley East,ontario-1999-103,vote,final,complete,False,6,37549,68429,37855,provincial_electoral_district,Elections Ontario,Official election results reports,https://results.elections.on.ca/api/report-groups/5/report-outputs/521/csv;https://results.elections.on.ca/api/report-groups/5/report-outputs/514/csv;https://results.elections.on.ca/api/report-groups/5/report-outputs/519/csv,1,0.5532011281766502
con_8b7ee30d9f7e56e3b562a58110554e0d,on-2003-general,ontario_legislative_assembly,mpp,dst_e8cbb39878cf58069a8008caf736d5f2,014,Don Valley West,ontario-1999-103,vote,final,complete,False,4,44661,75068,44924,provincial_electoral_district,Elections Ontario,Official election results reports,https://results.elections.on.ca/api/report-groups/5/report-outputs/521/csv;https://results.elections.on.ca/api/report-groups/5/report-outputs/514/csv;https://results.elections.on.ca/api/report-groups/5/report-outputs/519/csv,1,0.5984440773698513
con_df75bac6b20658719e55bd5952d0fa78,on-2003-general,ontario_legislative_assembly,mpp,dst_fe750437123358eb9afba22a5ba15763,022,Etobicoke—Lakeshore,ontario-1999-103,vote,final,complete,False,6,44569,75279,44806,provincial_electoral_district,Elections Ontario,Official election results reports,https://results.elections.on.ca/api/report-groups/5/report-outputs/521/csv;https://results.elections.on.ca/api/report-groups/5/report-outputs/514/csv;https://results.elections.on.ca/api/report-groups/5/report-outputs/519/csv,1,0.5951991923378366
con_28df4cd3fa02553098ce0b036dbd336e,on-2005-11-24-by-076,ontario_legislative_assembly,mpp,dst_48b998ce4b4552258fb7a504f9201dbd,076,Scarborough—Rouge River,ontario-1999-103,vote,final,complete,False,7,16504,85804,16603,provincial_electoral_district,Elections Ontario,Official election results reports,https://results.elections.on.ca/api/report-groups/4/report-outputs/510/csv;https://results.elections.on.ca/api/report-groups/4/report-outputs/503/csv;https://results.elections.on.ca/api/report-groups/4/report-outputs/508/csv,1,0.1934991375693441
con_531b4d2a3b9954aa933b7d4e16999e62,on-2006-03-30-by-008,ontario_legislative_assembly,mpp,dst_78b71c062ecc5459ba78658d651cc200,008,Toronto—Danforth,ontario-1999-103,vote,final,complete,False,8,27322,68782,27437,provincial_electoral_district,Elections Ontario,Official election results reports,https://results.elections.on.ca/api/report-groups/4/report-outputs/510/csv;https://results.elections.on.ca/api/report-groups/4/report-outputs/503/csv;https://results.elections.on.ca/api/report-groups/4/report-outputs/508/csv,1,0.39889796749149486
con_c82cac78095955ef96a0c111ffb36b7d,on-2006-09-14-by-064,ontario_legislative_assembly,mpp,dst_b67c4717cb635c1997ee7e96485beb32,064,Parkdale—High Park,ontario-1999-103,vote,final,complete,False,8,28516,73314,28712,provincial_electoral_district,Elections Ontario,Official election results reports,https://results.elections.on.ca/api/report-groups/4/report-outputs/510/csv;https://results.elections.on.ca/api/report-groups/4/report-outputs/503/csv;https://results.elections.on.ca/api/report-groups/4/report-outputs/508/csv,1,0.3916305207736585
con_491c4de6b8ec5fc0b0148c9e363bdf54,on-2007-02-08-by-102,ontario_legislative_assembly,mpp,dst_9feded937df554da8c8702335ef2dbaf,102,York South—Weston,ontario-1999-103,vote,final,complete,False,9,18831,66308,18977,provincial_electoral_district,Elections Ontario,Official election results reports,https://results.elections.on.ca/api/report-groups/4/report-outputs/510/csv;https://results.elections.on.ca/api/report-groups/4/report-outputs/503/csv;https://results.elections.on.ca/api/report-groups/4/report-outputs/508/csv,1,0.2861947276346746
con_93f0a098ef4754e386178ea5c46e4341,on-2007-general,ontario_legislative_assembly,mpp,dst_0caaa3d0d295524bbdbf889f9e71b2b4,077,St. Paul's,ontario-2007-107,vote,final,complete,False,8,44868,80718,45197,provincial_electoral_district,Elections Ontario,Official election results reports,https://results.elections.on.ca/api/report-groups/4/report-outputs/510/csv;https://results.elections.on.ca/api/report-groups/4/report-outputs/503/csv;https://results.elections.on.ca/api/report-groups/4/report-outputs/508/csv,1,0.5599370648430337
con_14236e1929435db8b1f5a97d207fda8d,on-2007-general,ontario_legislative_assembly,mpp,dst_115f53d3eca350c3b84f6db45846bcc2,094,Toronto Centre,ontario-2007-107,vote,final,complete,False,9,44981,91050,45438,provincial_electoral_district,Elections Ontario,Official election results reports,https://results.elections.on.ca/api/report-groups/4/report-outputs/510/csv;https://results.elections.on.ca/api/report-groups/4/report-outputs/503/csv;https://results.elections.on.ca/api/report-groups/4/report-outputs/508/csv,1,0.4990444810543657
con_84848f2bd2d05e09bbf14739a99c16a1,on-2007-general,ontario_legislative_assembly,mpp,dst_134a3ad2307d5f9bbc7de7d82e379b52,106,York South—Weston,ontario-2007-107,vote,final,complete,False,6,32242,70518,32675,provincial_electoral_district,Elections Ontario,Official election results reports,https://results.elections.on.ca/api/report-groups/4/report-outputs/510/csv;https://results.elections.on.ca/api/report-groups/4/report-outputs/503/csv;https://results.elections.on.ca/api/report-groups/4/report-outputs/508/csv,1,0.4633568734223886
con_e89b9d1af4e5575eb187417dce449139,on-2007-general,ontario_legislative_assembly,mpp,dst_3bee0079968e59b29864461214d85579,095,Toronto—Danforth,ontario-2007-107,vote,final,complete,False,7,39204,74479,39605,provincial_electoral_district,Elections Ontario,Official election results reports,https://results.elections.on.ca/api/report-groups/4/report-outputs/510/csv;https://results.elections.on.ca/api/report-groups/4/report-outputs/503/csv;https://results.elections.on.ca/api/report-groups/4/report-outputs/508/csv,1,0.531760630513299
con_ebf12169653e5c93b8d8248dd54878c9,on-2007-general,ontario_legislative_assembly,mpp,dst_3f32bbad1c0b5c299b819d8f0bced773,096,Trinity—Spadina,ontario-2007-107,vote,final,complete,False,8,44973,91581,45455,provincial_electoral_district,Elections Ontario,Official election results reports,https://results.elections.on.ca/api/report-groups/4/report-outputs/510/csv;https://results.elections.on.ca/api/report-groups/4/report-outputs/503/csv;https://results.elections.on.ca/api/report-groups/4/report-outputs/508/csv,1,0.496336576364093
con_7053f71304955cadaa6fa0f96f9af0e1,on-2007-general,ontario_legislative_assembly,mpp,dst_4d6fbd4575e5520c84daeb9074d3794d,015,Davenport,ontario-2007-107,vote,final,complete,False,8,29813,65934,30226,provincial_electoral_district,Elections Ontario,Official election results reports,https://results.elections.on.ca/api/report-groups/4/report-outputs/510/csv;https://results.elections.on.ca/api/report-groups/4/report-outputs/503/csv;https://results.elections.on.ca/api/report-groups/4/report-outputs/508/csv,1,0.45842812509479175
con_6dbf691cabb1567fa5efd68bb6523965,on-2007-general,ontario_legislative_assembly,mpp,dst_58ab9dd9fc295916800f52359f5983f3,082,Scarborough—Guildwood,ontario-2007-107,vote,final,complete,False,6,33936,66909,34312,provincial_electoral_district,Elections Ontario,Official election results reports,https://results.elections.on.ca/api/report-groups/4/report-outputs/510/csv;https://results.elections.on.ca/api/report-groups/4/report-outputs/503/csv;https://results.elections.on.ca/api/report-groups/4/report-outputs/508/csv,1,0.5128159141520573
con_fa0d3a964d5454b3a5895fae33233e08,on-2007-general,ontario_legislative_assembly,mpp,dst_6a40f492123c5272963a2bce94c8e1ce,081,Scarborough Centre,ontario-2007-107,vote,final,complete,False,6,33123,69729,33512,provincial_electoral_district,Elections Ontario,Official election results reports,https://results.elections.on.ca/api/report-groups/4/report-outputs/510/csv;https://results.elections.on.ca/api/report-groups/4/report-outputs/503/csv;https://results.elections.on.ca/api/report-groups/4/report-outputs/508/csv,1,0.4806034791836969
con_1acb19b351f754cabaf961661dbeed03,on-2007-general,ontario_legislative_assembly,mpp,dst_815ad534273451928b8aac68b26c7cad,024,Etobicoke—Lakeshore,ontario-2007-107,vote,final,complete,False,6,43962,82728,44359,provincial_electoral_district,Elections Ontario,Official election results reports,https://results.elections.on.ca/api/report-groups/4/report-outputs/510/csv;https://results.elections.on.ca/api/report-groups/4/report-outputs/503/csv;https://results.elections.on.ca/api/report-groups/4/report-outputs/508/csv,1,0.5362029784353544
con_8ac747dda9485264896ffc4543db0c51,on-2007-general,ontario_legislative_assembly,mpp,dst_82751d52b72d5276a06cf25b9d170322,068,Parkdale—High Park,ontario-2007-107,vote,final,complete,False,6,40694,71333,40970,provincial_electoral_district,Elections Ontario,Official election results reports,https://results.elections.on.ca/api/report-groups/4/report-outputs/510/csv;https://results.elections.on.ca/api/report-groups/4/report-outputs/503/csv;https://results.elections.on.ca/api/report-groups/4/report-outputs/508/csv,1,0.5743484782639171
con_85724f29e3465c8689bf53ea0a41b009,on-2007-general,ontario_legislative_assembly,mpp,dst_84631c439c095f0da9af8336062e8ab5,107,York West,ontario-2007-107,vote,final,complete,False,6,24200,55355,24602,provincial_electoral_district,Elections Ontario,Official election results reports,https://results.elections.on.ca/api/report-groups/4/report-outputs/510/csv;https://results.elections.on.ca/api/report-groups/4/report-outputs/503/csv;https://results.elections.on.ca/api/report-groups/4/report-outputs/508/csv,1,0.4444404299521272
con_c7d03413d3dc59638b82a7861ae9a73e,on-2007-general,ontario_legislative_assembly,mpp,dst_849dd4e924cf515da92315d753dbfc8e,080,Scarborough—Agincourt,ontario-2007-107,vote,final,complete,False,5,33646,74026,34058,provincial_electoral_district,Elections Ontario,Official election results reports,https://results.elections.on.ca/api/report-groups/4/report-outputs/510/csv;https://results.elections.on.ca/api/report-groups/4/report-outputs/503/csv;https://results.elections.on.ca/api/report-groups/4/report-outputs/508/csv,1,0.46008159295382706
con_c98e9c539bac50ea9280ded2a79e3de3,on-2007-general,ontario_legislative_assembly,mpp,dst_85c97b7570435349b2a6509a06b5fc8c,083,Scarborough—Rouge River,ontario-2007-107,vote,final,complete,False,6,34289,83086,34746,provincial_electoral_district,Elections Ontario,Official election results reports,https://results.elections.on.ca/api/report-groups/4/report-outputs/510/csv;https://results.elections.on.ca/api/report-groups/4/report-outputs/503/csv;https://results.elections.on.ca/api/report-groups/4/report-outputs/508/csv,1,0.4181931974099126
con_e177060b2f4057e2b204b55e93cde040,on-2007-general,ontario_legislative_assembly,mpp,dst_9d44b274735f502a8f34417baaf9d6ef,025,Etobicoke North,ontario-2007-107,vote,final,complete,False,5,27616,62196,28104,provincial_electoral_district,Elections Ontario,Official election results reports,https://results.elections.on.ca/api/report-groups/4/report-outputs/510/csv;https://results.elections.on.ca/api/report-groups/4/report-outputs/503/csv;https://results.elections.on.ca/api/report-groups/4/report-outputs/508/csv,1,0.45186185606791435
con_189348223b3f518a80b44f08aef1262d,on-2007-general,ontario_legislative_assembly,mpp,dst_a30596120ac351c895db31301f5be934,005,Beaches—East York,ontario-2007-107,vote,final,complete,False,7,39539,73386,39900,provincial_electoral_district,Elections Ontario,Official election results reports,https://results.elections.on.ca/api/report-groups/4/report-outputs/510/csv;https://results.elections.on.ca/api/report-groups/4/report-outputs/503/csv;https://results.elections.on.ca/api/report-groups/4/report-outputs/508/csv,1,0.5437004333251574
con_aa44331119af5e95a20a3c798aab6647,on-2007-general,ontario_legislative_assembly,mpp,dst_a3ead91d6560506e92a15df59da92508,101,Willowdale,ontario-2007-107,vote,final,complete,False,7,44349,90598,44851,provincial_electoral_district,Elections Ontario,Official election results reports,https://results.elections.on.ca/api/report-groups/4/report-outputs/510/csv;https://results.elections.on.ca/api/report-groups/4/report-outputs/503/csv;https://results.elections.on.ca/api/report-groups/4/report-outputs/508/csv,1,0.4950550784785536
con_7fae42daedfa57229ad030a4b88c566a,on-2007-general,ontario_legislative_assembly,mpp,dst_bbbfe77ead88539e8cc8bfb4ca43a6d7,020,Eglinton—Lawrence,ontario-2007-107,vote,final,complete,False,8,40253,73117,40671,provincial_electoral_district,Elections Ontario,Official election results reports,https://results.elections.on.ca/api/report-groups/4/report-outputs/510/csv;https://results.elections.on.ca/api/report-groups/4/report-outputs/503/csv;https://results.elections.on.ca/api/report-groups/4/report-outputs/508/csv,1,0.5562454695898355
con_066ba77fa61d549db11a10a423c33325,on-2007-general,ontario_legislative_assembly,mpp,dst_c3d8ce50e3cd55fe9b4b2bbc90cc3e6e,016,Don Valley East,ontario-2007-107,vote,final,complete,False,7,35355,69646,35729,provincial_electoral_district,Elections Ontario,Official election results reports,https://results.elections.on.ca/api/report-groups/4/report-outputs/510/csv;https://results.elections.on.ca/api/report-groups/4/report-outputs/503/csv;https://results.elections.on.ca/api/report-groups/4/report-outputs/508/csv,1,0.5130086437124889
con_051858ed39d25ef0b6fe5712a304ac3f,on-2007-general,ontario_legislative_assembly,mpp,dst_d33de5b4757e5083abf2e07cb88b096d,104,York Centre,ontario-2007-107,vote,final,complete,False,5,34162,70935,34811,provincial_electoral_district,Elections Ontario,Official election results reports,https://results.elections.on.ca/api/report-groups/4/report-outputs/510/csv;https://results.elections.on.ca/api/report-groups/4/report-outputs/503/csv;https://results.elections.on.ca/api/report-groups/4/report-outputs/508/csv,1,0.49074504828363996
con_7622c498a3b55f47a9a18500e33fe184,on-2007-general,ontario_legislative_assembly,mpp,dst_d6b6a7c394c5532b94c3c7e498284844,084,Scarborough Southwest,ontario-2007-107,vote,final,complete,False,6,32747,66624,33112,provincial_electoral_district,Elections Ontario,Official election results reports,https://results.elections.on.ca/api/report-groups/4/report-outputs/510/csv;https://results.elections.on.ca/api/report-groups/4/report-outputs/503/csv;https://results.elections.on.ca/api/report-groups/4/report-outputs/508/csv,1,0.4969980787704131
con_5fa3712ed1125dec854c8d23eebe5370,on-2007-general,ontario_legislative_assembly,mpp,dst_ee677e2faa4d5ba7be1ddee079c8f10f,023,Etobicoke Centre,ontario-2007-107,vote,final,complete,False,4,45810,77733,46177,provincial_electoral_district,Elections Ontario,Official election results reports,https://results.elections.on.ca/api/report-groups/4/report-outputs/510/csv;https://results.elections.on.ca/api/report-groups/4/report-outputs/503/csv;https://results.elections.on.ca/api/report-groups/4/report-outputs/508/csv,1,0.5940462866478844
con_08307c61288e5f22b3917feb0ae05dc8,on-2007-general,ontario_legislative_assembly,mpp,dst_f4c8af3f16775eb5984390ab9a41ff59,017,Don Valley West,ontario-2007-107,vote,final,complete,False,5,45759,77804,46059,provincial_electoral_district,Elections Ontario,Official election results reports,https://results.elections.on.ca/api/report-groups/4/report-outputs/510/csv;https://results.elections.on.ca/api/report-groups/4/report-outputs/503/csv;https://results.elections.on.ca/api/report-groups/4/report-outputs/508/csv,1,0.5919875584802838
con_fde39bf04f5659cd8689131e8a40c0aa,on-2009-09-17-by-077,ontario_legislative_assembly,mpp,dst_0caaa3d0d295524bbdbf889f9e71b2b4,077,St. Paul's,ontario-2007-107,vote,final,complete,False,10,27711,83183,27830,provincial_electoral_district,Elections Ontario,Official election results reports,https://results.elections.on.ca/api/report-groups/3/report-outputs/499/csv;https://results.elections.on.ca/api/report-groups/3/report-outputs/492/csv;https://results.elections.on.ca/api/report-groups/3/report-outputs/497/csv,1,0.33456355264897875
con_4ac09cf96af650c0afc05db39bb555a1,on-2010-02-04-by-094,ontario_legislative_assembly,mpp,dst_115f53d3eca350c3b84f6db45846bcc2,094,Toronto Centre,ontario-2007-107,vote,final,complete,False,8,26053,96846,26162,provincial_electoral_district,Elections Ontario,Official election results reports,https://results.elections.on.ca/api/report-groups/3/report-outputs/499/csv;https://results.elections.on.ca/api/report-groups/3/report-outputs/492/csv;https://results.elections.on.ca/api/report-groups/3/report-outputs/497/csv,1,0.2701402226214815
con_ef0d8b13a79d537ab51dec916ea76ca3,on-2011-general,ontario_legislative_assembly,mpp,dst_0caaa3d0d295524bbdbf889f9e71b2b4,077,St. Paul's,ontario-2007-107,vote,final,complete,False,8,42897,85451,43074,provincial_electoral_district,Elections Ontario,Official election results reports,https://results.elections.on.ca/api/report-groups/3/report-outputs/499/csv;https://results.elections.on.ca/api/report-groups/3/report-outputs/492/csv;https://results.elections.on.ca/api/report-groups/3/report-outputs/497/csv,1,0.5040783606979439
con_59e85b8d9baa5700aa4daf2077f538c9,on-2011-general,ontario_legislative_assembly,mpp,dst_115f53d3eca350c3b84f6db45846bcc2,094,Toronto Centre,ontario-2007-107,vote,final,complete,False,10,45936,95466,46222,provincial_electoral_district,Elections Ontario,Official election results reports,https://results.elections.on.ca/api/report-groups/3/report-outputs/499/csv;https://results.elections.on.ca/api/report-groups/3/report-outputs/492/csv;https://results.elections.on.ca/api/report-groups/3/report-outputs/497/csv,1,0.48417237550541553
con_1d6b48f174775f86a068b218962fe7ae,on-2011-general,ontario_legislative_assembly,mpp,dst_134a3ad2307d5f9bbc7de7d82e379b52,106,York South—Weston,ontario-2007-107,vote,final,complete,False,6,30987,69580,31214,provincial_electoral_district,Elections Ontario,Official election results reports,https://results.elections.on.ca/api/report-groups/3/report-outputs/499/csv;https://results.elections.on.ca/api/report-groups/3/report-outputs/492/csv;https://results.elections.on.ca/api/report-groups/3/report-outputs/497/csv,1,0.44860592124173615
con_1b7406c8628f519cb5d260f1fae74208,on-2011-general,ontario_legislative_assembly,mpp,dst_3bee0079968e59b29864461214d85579,095,Toronto—Danforth,ontario-2007-107,vote,final,complete,False,9,37148,75815,37374,provincial_electoral_district,Elections Ontario,Official election results reports,https://results.elections.on.ca/api/report-groups/3/report-outputs/499/csv;https://results.elections.on.ca/api/report-groups/3/report-outputs/492/csv;https://results.elections.on.ca/api/report-groups/3/report-outputs/497/csv,1,0.4929631339444701
con_71ef752a73df536582bdc7065a5556c9,on-2011-general,ontario_legislative_assembly,mpp,dst_3f32bbad1c0b5c299b819d8f0bced773,096,Trinity—Spadina,ontario-2007-107,vote,final,complete,False,8,46906,109565,47111,provincial_electoral_district,Elections Ontario,Official election results reports,https://results.elections.on.ca/api/report-groups/3/report-outputs/499/csv;https://results.elections.on.ca/api/report-groups/3/report-outputs/492/csv;https://results.elections.on.ca/api/report-groups/3/report-outputs/497/csv,1,0.42998220234563955
con_9a8dbe45985757be9e2a9a0f91ac0cfe,on-2011-general,ontario_legislative_assembly,mpp,dst_4d6fbd4575e5520c84daeb9074d3794d,015,Davenport,ontario-2007-107,vote,final,complete,False,9,31279,68998,31457,provincial_electoral_district,Elections Ontario,Official election results reports,https://results.elections.on.ca/api/report-groups/3/report-outputs/499/csv;https://results.elections.on.ca/api/report-groups/3/report-outputs/492/csv;https://results.elections.on.ca/api/report-groups/3/report-outputs/497/csv,1,0.455911765558422
con_e39efa72b3d2579da11f6c3511f625e5,on-2011-general,ontario_legislative_assembly,mpp,dst_58ab9dd9fc295916800f52359f5983f3,082,Scarborough—Guildwood,ontario-2007-107,vote,final,complete,False,6,31894,67408,32117,provincial_electoral_district,Elections Ontario,Official election results reports,https://results.elections.on.ca/api/report-groups/3/report-outputs/499/csv;https://results.elections.on.ca/api/report-groups/3/report-outputs/492/csv;https://results.elections.on.ca/api/report-groups/3/report-outputs/497/csv,1,0.4764568003797769
con_f0d710a316065711937ec7b1851e7813,on-2011-general,ontario_legislative_assembly,mpp,dst_6a40f492123c5272963a2bce94c8e1ce,081,Scarborough Centre,ontario-2007-107,vote,final,complete,False,5,31388,70958,31568,provincial_electoral_district,Elections Ontario,Official election results reports,https://results.elections.on.ca/api/report-groups/3/report-outputs/499/csv;https://results.elections.on.ca/api/report-groups/3/report-outputs/492/csv;https://results.elections.on.ca/api/report-groups/3/report-outputs/497/csv,1,0.44488288846923535
con_6529bd8bd0095131b64919590dcfe9a1,on-2011-general,ontario_legislative_assembly,mpp,dst_815ad534273451928b8aac68b26c7cad,024,Etobicoke—Lakeshore,ontario-2007-107,vote,final,complete,False,9,43448,87390,43703,provincial_electoral_district,Elections Ontario,Official election results reports,https://results.elections.on.ca/api/report-groups/3/report-outputs/499/csv;https://results.elections.on.ca/api/report-groups/3/report-outputs/492/csv;https://results.elections.on.ca/api/report-groups/3/report-outputs/497/csv,1,0.5000915436548804
con_e624d4ddafb653f0b68f93ea3dabc1dd,on-2011-general,ontario_legislative_assembly,mpp,dst_82751d52b72d5276a06cf25b9d170322,068,Parkdale—High Park,ontario-2007-107,vote,final,complete,False,10,39752,77163,39959,provincial_electoral_district,Elections Ontario,Official election results reports,https://results.elections.on.ca/api/report-groups/3/report-outputs/499/csv;https://results.elections.on.ca/api/report-groups/3/report-outputs/492/csv;https://results.elections.on.ca/api/report-groups/3/report-outputs/497/csv,1,0.5178518201728808
con_69389f13c642547783e58a3f613fefdf,on-2011-general,ontario_legislative_assembly,mpp,dst_84631c439c095f0da9af8336062e8ab5,107,York West,ontario-2007-107,vote,final,complete,False,7,22688,58255,22858,provincial_electoral_district,Elections Ontario,Official election results reports,https://results.elections.on.ca/api/report-groups/3/report-outputs/499/csv;https://results.elections.on.ca/api/report-groups/3/report-outputs/492/csv;https://results.elections.on.ca/api/report-groups/3/report-outputs/497/csv,1,0.3923783366234658
con_c38869134dc5548397c32580c26c6a87,on-2011-general,ontario_legislative_assembly,mpp,dst_849dd4e924cf515da92315d753dbfc8e,080,Scarborough—Agincourt,ontario-2007-107,vote,final,complete,False,7,31816,73583,32062,provincial_electoral_district,Elections Ontario,Official election results reports,https://results.elections.on.ca/api/report-groups/3/report-outputs/499/csv;https://results.elections.on.ca/api/report-groups/3/report-outputs/492/csv;https://results.elections.on.ca/api/report-groups/3/report-outputs/497/csv,1,0.4357256431512714
con_797b0bc4efe45017aae06eb8d8399e7a,on-2011-general,ontario_legislative_assembly,mpp,dst_85c97b7570435349b2a6509a06b5fc8c,083,Scarborough—Rouge River,ontario-2007-107,vote,final,complete,False,7,36390,85338,36605,provincial_electoral_district,Elections Ontario,Official election results reports,https://results.elections.on.ca/api/report-groups/3/report-outputs/499/csv;https://results.elections.on.ca/api/report-groups/3/report-outputs/492/csv;https://results.elections.on.ca/api/report-groups/3/report-outputs/497/csv,1,0.4289413860179521
con_014dbc30e6e95178852bf6b5a59cf5e3,on-2011-general,ontario_legislative_assembly,mpp,dst_9d44b274735f502a8f34417baaf9d6ef,025,Etobicoke North,ontario-2007-107,vote,final,complete,False,7,24931,62472,25082,provincial_electoral_district,Elections Ontario,Official election results reports,https://results.elections.on.ca/api/report-groups/3/report-outputs/499/csv;https://results.elections.on.ca/api/report-groups/3/report-outputs/492/csv;https://results.elections.on.ca/api/report-groups/3/report-outputs/497/csv,1,0.40149186835702394
con_372421da623c55ddb67753bcb3364e74,on-2011-general,ontario_legislative_assembly,mpp,dst_a30596120ac351c895db31301f5be934,005,Beaches—East York,ontario-2007-107,vote,final,complete,False,6,38285,74450,38447,provincial_electoral_district,Elections Ontario,Official election results reports,https://results.elections.on.ca/api/report-groups/3/report-outputs/499/csv;https://results.elections.on.ca/api/report-groups/3/report-outputs/492/csv;https://results.elections.on.ca/api/report-groups/3/report-outputs/497/csv,1,0.5164137004701141
con_022eee5142f458ebbedf618a25ced224,on-2011-general,ontario_legislative_assembly,mpp,dst_a3ead91d6560506e92a15df59da92508,101,Willowdale,ontario-2007-107,vote,final,complete,False,5,43239,95694,43442,provincial_electoral_district,Elections Ontario,Official election results reports,https://results.elections.on.ca/api/report-groups/3/report-outputs/499/csv;https://results.elections.on.ca/api/report-groups/3/report-outputs/492/csv;https://results.elections.on.ca/api/report-groups/3/report-outputs/497/csv,1,0.4539678558739315
con_1b59691d90c25192880ce429454d67c4,on-2011-general,ontario_legislative_assembly,mpp,dst_bbbfe77ead88539e8cc8bfb4ca43a6d7,020,Eglinton—Lawrence,ontario-2007-107,vote,final,complete,False,7,38324,74309,38496,provincial_electoral_district,Elections Ontario,Official election results reports,https://results.elections.on.ca/api/report-groups/3/report-outputs/499/csv;https://results.elections.on.ca/api/report-groups/3/report-outputs/492/csv;https://results.elections.on.ca/api/report-groups/3/report-outputs/497/csv,1,0.5180529949265903
con_83209bd3d1605758a666542a641e534d,on-2011-general,ontario_legislative_assembly,mpp,dst_c3d8ce50e3cd55fe9b4b2bbc90cc3e6e,016,Don Valley East,ontario-2007-107,vote,final,complete,False,6,32010,69851,32185,provincial_electoral_district,Elections Ontario,Official election results reports,https://results.elections.on.ca/api/report-groups/3/report-outputs/499/csv;https://results.elections.on.ca/api/report-groups/3/report-outputs/492/csv;https://results.elections.on.ca/api/report-groups/3/report-outputs/497/csv,1,0.46076648866873776
con_1ad2f668796b58758cb06cd37c3c6488,on-2011-general,ontario_legislative_assembly,mpp,dst_d33de5b4757e5083abf2e07cb88b096d,104,York Centre,ontario-2007-107,vote,final,complete,False,7,32395,71531,32720,provincial_electoral_district,Elections Ontario,Official election results reports,https://results.elections.on.ca/api/report-groups/3/report-outputs/499/csv;https://results.elections.on.ca/api/report-groups/3/report-outputs/492/csv;https://results.elections.on.ca/api/report-groups/3/report-outputs/497/csv,1,0.45742405390669777
con_8c3bbc0b081d5a74980e903c08a5ed19,on-2011-general,ontario_legislative_assembly,mpp,dst_d6b6a7c394c5532b94c3c7e498284844,084,Scarborough Southwest,ontario-2007-107,vote,final,complete,False,5,33077,69553,33232,provincial_electoral_district,Elections Ontario,Official election results reports,https://results.elections.on.ca/api/report-groups/3/report-outputs/499/csv;https://results.elections.on.ca/api/report-groups/3/report-outputs/492/csv;https://results.elections.on.ca/api/report-groups/3/report-outputs/497/csv,1,0.47779391255589265
con_e62e179c240f5ed8af3c3b596262088b,on-2011-general,ontario_legislative_assembly,mpp,dst_ee677e2faa4d5ba7be1ddee079c8f10f,023,Etobicoke Centre,ontario-2007-107,vote,final,complete,False,7,42569,81413,42842,provincial_electoral_district,Elections Ontario,Official election results reports,https://results.elections.on.ca/api/report-groups/3/report-outputs/499/csv;https://results.elections.on.ca/api/report-groups/3/report-outputs/492/csv;https://results.elections.on.ca/api/report-groups/3/report-outputs/497/csv,1,0.5262304545957034
con_3ba7b601f21452e8ab1b1fd799c365c5,on-2011-general,ontario_legislative_assembly,mpp,dst_f4c8af3f16775eb5984390ab9a41ff59,017,Don Valley West,ontario-2007-107,vote,final,complete,False,7,41917,82533,42035,provincial_electoral_district,Elections Ontario,Official election results reports,https://results.elections.on.ca/api/report-groups/3/report-outputs/499/csv;https://results.elections.on.ca/api/report-groups/3/report-outputs/492/csv;https://results.elections.on.ca/api/report-groups/3/report-outputs/497/csv,1,0.5093114269443738
con_c53572627c575ab0b997e2635306abc8,on-2013-08-01-by-024,ontario_legislative_assembly,mpp,dst_815ad534273451928b8aac68b26c7cad,024,Etobicoke—Lakeshore,ontario-2007-107,vote,final,complete,False,8,34295,90927,34509,provincial_electoral_district,Elections Ontario,Official election results reports,https://results.elections.on.ca/api/report-groups/2/report-outputs/488/csv;https://results.elections.on.ca/api/report-groups/2/report-outputs/481/csv;https://results.elections.on.ca/api/report-groups/2/report-outputs/486/csv,1,0.379524233725956
con_03474c3b16555cf0a72ab6a0d75924bb,on-2013-08-01-by-082,ontario_legislative_assembly,mpp,dst_58ab9dd9fc295916800f52359f5983f3,082,Scarborough—Guildwood,ontario-2007-107,vote,final,complete,False,10,24693,69425,24873,provincial_electoral_district,Elections Ontario,Official election results reports,https://results.elections.on.ca/api/report-groups/2/report-outputs/488/csv;https://results.elections.on.ca/api/report-groups/2/report-outputs/481/csv;https://results.elections.on.ca/api/report-groups/2/report-outputs/486/csv,1,0.35827151602448687
con_42452ee1c0a652f19f1350522267136b,on-2014-general,ontario_legislative_assembly,mpp,dst_0caaa3d0d295524bbdbf889f9e71b2b4,077,St. Paul's,ontario-2007-107,vote,final,complete,False,6,50261,88905,50772,provincial_electoral_district,Elections Ontario,Official election results reports,https://results.elections.on.ca/api/report-groups/2/report-outputs/488/csv;https://results.elections.on.ca/api/report-groups/2/report-outputs/481/csv;https://results.elections.on.ca/api/report-groups/2/report-outputs/486/csv,1,0.5710814914796694
con_eab59ea6987751f0bc3a32f7e3ba47cb,on-2014-general,ontario_legislative_assembly,mpp,dst_115f53d3eca350c3b84f6db45846bcc2,094,Toronto Centre,ontario-2007-107,vote,final,complete,False,11,51195,101741,51741,provincial_electoral_district,Elections Ontario,Official election results reports,https://results.elections.on.ca/api/report-groups/2/report-outputs/488/csv;https://results.elections.on.ca/api/report-groups/2/report-outputs/481/csv;https://results.elections.on.ca/api/report-groups/2/report-outputs/486/csv,1,0.5085560393548324
con_03339cee57f558a086ed015f8fbb14fe,on-2014-general,ontario_legislative_assembly,mpp,dst_134a3ad2307d5f9bbc7de7d82e379b52,106,York South—Weston,ontario-2007-107,vote,final,complete,False,6,32748,71860,33152,provincial_electoral_district,Elections Ontario,Official election results reports,https://results.elections.on.ca/api/report-groups/2/report-outputs/488/csv;https://results.elections.on.ca/api/report-groups/2/report-outputs/481/csv;https://results.elections.on.ca/api/report-groups/2/report-outputs/486/csv,1,0.46134149735596996
con_c22e8834810a50139184aa5954859093,on-2014-general,ontario_legislative_assembly,mpp,dst_3bee0079968e59b29864461214d85579,095,Toronto—Danforth,ontario-2007-107,vote,final,complete,False,10,43017,78787,43570,provincial_electoral_district,Elections Ontario,Official election results reports,https://results.elections.on.ca/api/report-groups/2/report-outputs/488/csv;https://results.elections.on.ca/api/report-groups/2/report-outputs/481/csv;https://results.elections.on.ca/api/report-groups/2/report-outputs/486/csv,1,0.5530100143424677
con_e71047247ce156948a61df30b79f95de,on-2014-general,ontario_legislative_assembly,mpp,dst_3f32bbad1c0b5c299b819d8f0bced773,096,Trinity—Spadina,ontario-2007-107,vote,final,complete,False,7,57434,117804,58112,provincial_electoral_district,Elections Ontario,Official election results reports,https://results.elections.on.ca/api/report-groups/2/report-outputs/488/csv;https://results.elections.on.ca/api/report-groups/2/report-outputs/481/csv;https://results.elections.on.ca/api/report-groups/2/report-outputs/486/csv,1,0.4932939458762011
con_b9934a18f64a546397962715d831578a,on-2014-general,ontario_legislative_assembly,mpp,dst_4d6fbd4575e5520c84daeb9074d3794d,015,Davenport,ontario-2007-107,vote,final,complete,False,8,35674,72851,36107,provincial_electoral_district,Elections Ontario,Official election results reports,https://results.elections.on.ca/api/report-groups/2/report-outputs/488/csv;https://results.elections.on.ca/api/report-groups/2/report-outputs/481/csv;https://results.elections.on.ca/api/report-groups/2/report-outputs/486/csv,1,0.49562806275823257
con_679187b4c8f657aa9e1f4a36c7b60fa4,on-2014-general,ontario_legislative_assembly,mpp,dst_58ab9dd9fc295916800f52359f5983f3,082,Scarborough—Guildwood,ontario-2007-107,vote,final,complete,False,7,34711,71311,35110,provincial_electoral_district,Elections Ontario,Official election results reports,https://results.elections.on.ca/api/report-groups/2/report-outputs/488/csv;https://results.elections.on.ca/api/report-groups/2/report-outputs/481/csv;https://results.elections.on.ca/api/report-groups/2/report-outputs/486/csv,1,0.4923504087728401
con_7ee4ea6178a45101bec1a5ed8b7fd6fc,on-2014-general,ontario_legislative_assembly,mpp,dst_6a40f492123c5272963a2bce94c8e1ce,081,Scarborough Centre,ontario-2007-107,vote,final,complete,False,4,35220,74190,35675,provincial_electoral_district,Elections Ontario,Official election results reports,https://results.elections.on.ca/api/report-groups/2/report-outputs/488/csv;https://results.elections.on.ca/api/report-groups/2/report-outputs/481/csv;https://results.elections.on.ca/api/report-groups/2/report-outputs/486/csv,1,0.4808599541717213
con_56f2ed6d0ca758aa9e0476ab8a9f3212,on-2014-general,ontario_legislative_assembly,mpp,dst_815ad534273451928b8aac68b26c7cad,024,Etobicoke—Lakeshore,ontario-2007-107,vote,final,complete,False,8,51193,96304,51741,provincial_electoral_district,Elections Ontario,Official election results reports,https://results.elections.on.ca/api/report-groups/2/report-outputs/488/csv;https://results.elections.on.ca/api/report-groups/2/report-outputs/481/csv;https://results.elections.on.ca/api/report-groups/2/report-outputs/486/csv,1,0.5372674032231267
con_d55e3456da7252d0bd18c7539868dac7,on-2014-general,ontario_legislative_assembly,mpp,dst_82751d52b72d5276a06cf25b9d170322,068,Parkdale—High Park,ontario-2007-107,vote,final,complete,False,7,45093,80122,45576,provincial_electoral_district,Elections Ontario,Official election results reports,https://results.elections.on.ca/api/report-groups/2/report-outputs/488/csv;https://results.elections.on.ca/api/report-groups/2/report-outputs/481/csv;https://results.elections.on.ca/api/report-groups/2/report-outputs/486/csv,1,0.5688325303911534
con_93649f0d9a985ce3ae0a3371d34f3c83,on-2014-general,ontario_legislative_assembly,mpp,dst_84631c439c095f0da9af8336062e8ab5,107,York West,ontario-2007-107,vote,final,complete,False,6,25494,61054,25791,provincial_electoral_district,Elections Ontario,Official election results reports,https://results.elections.on.ca/api/report-groups/2/report-outputs/488/csv;https://results.elections.on.ca/api/report-groups/2/report-outputs/481/csv;https://results.elections.on.ca/api/report-groups/2/report-outputs/486/csv,1,0.42242932485996004
con_75636026b4495494883128af937b5b65,on-2014-general,ontario_legislative_assembly,mpp,dst_849dd4e924cf515da92315d753dbfc8e,080,Scarborough—Agincourt,ontario-2007-107,vote,final,complete,False,5,34772,76549,35242,provincial_electoral_district,Elections Ontario,Official election results reports,https://results.elections.on.ca/api/report-groups/2/report-outputs/488/csv;https://results.elections.on.ca/api/report-groups/2/report-outputs/481/csv;https://results.elections.on.ca/api/report-groups/2/report-outputs/486/csv,1,0.460384851533005
con_4bd440a99ad055c0b7f8a6b51c7a4dd7,on-2014-general,ontario_legislative_assembly,mpp,dst_85c97b7570435349b2a6509a06b5fc8c,083,Scarborough—Rouge River,ontario-2007-107,vote,final,complete,False,5,41583,88592,42062,provincial_electoral_district,Elections Ontario,Official election results reports,https://results.elections.on.ca/api/report-groups/2/report-outputs/488/csv;https://results.elections.on.ca/api/report-groups/2/report-outputs/481/csv;https://results.elections.on.ca/api/report-groups/2/report-outputs/486/csv,1,0.47478327614231536
con_3a91b6e033b65499b1051ca993ba22a3,on-2014-general,ontario_legislative_assembly,mpp,dst_9d44b274735f502a8f34417baaf9d6ef,025,Etobicoke North,ontario-2007-107,vote,final,complete,False,6,27098,64284,27458,provincial_electoral_district,Elections Ontario,Official election results reports,https://results.elections.on.ca/api/report-groups/2/report-outputs/488/csv;https://results.elections.on.ca/api/report-groups/2/report-outputs/481/csv;https://results.elections.on.ca/api/report-groups/2/report-outputs/486/csv,1,0.4271358347333707
con_9a7f741b48eb530a9df4484ec5329879,on-2014-general,ontario_legislative_assembly,mpp,dst_a30596120ac351c895db31301f5be934,005,Beaches—East York,ontario-2007-107,vote,final,complete,False,6,42948,77381,43442,provincial_electoral_district,Elections Ontario,Official election results reports,https://results.elections.on.ca/api/report-groups/2/report-outputs/488/csv;https://results.elections.on.ca/api/report-groups/2/report-outputs/481/csv;https://results.elections.on.ca/api/report-groups/2/report-outputs/486/csv,1,0.5614039622129463
con_b508134236d950e49f66506ffb8290bc,on-2014-general,ontario_legislative_assembly,mpp,dst_a3ead91d6560506e92a15df59da92508,101,Willowdale,ontario-2007-107,vote,final,complete,False,4,46219,99726,46753,provincial_electoral_district,Elections Ontario,Official election results reports,https://results.elections.on.ca/api/report-groups/2/report-outputs/488/csv;https://results.elections.on.ca/api/report-groups/2/report-outputs/481/csv;https://results.elections.on.ca/api/report-groups/2/report-outputs/486/csv,1,0.4688145518721296
con_228a68e8815e51f3b9978023d8c246c8,on-2014-general,ontario_legislative_assembly,mpp,dst_bbbfe77ead88539e8cc8bfb4ca43a6d7,020,Eglinton—Lawrence,ontario-2007-107,vote,final,complete,False,6,41706,77946,42080,provincial_electoral_district,Elections Ontario,Official election results reports,https://results.elections.on.ca/api/report-groups/2/report-outputs/488/csv;https://results.elections.on.ca/api/report-groups/2/report-outputs/481/csv;https://results.elections.on.ca/api/report-groups/2/report-outputs/486/csv,1,0.5398609293613528
con_af1587a2d8205f1cb41cf9424f94d58e,on-2014-general,ontario_legislative_assembly,mpp,dst_c3d8ce50e3cd55fe9b4b2bbc90cc3e6e,016,Don Valley East,ontario-2007-107,vote,final,complete,False,5,34548,73070,34963,provincial_electoral_district,Elections Ontario,Official election results reports,https://results.elections.on.ca/api/report-groups/2/report-outputs/488/csv;https://results.elections.on.ca/api/report-groups/2/report-outputs/481/csv;https://results.elections.on.ca/api/report-groups/2/report-outputs/486/csv,1,0.47848638292048723
con_cf003dc747245fb38489f65017736e19,on-2014-general,ontario_legislative_assembly,mpp,dst_d33de5b4757e5083abf2e07cb88b096d,104,York Centre,ontario-2007-107,vote,final,complete,False,5,35361,76714,35857,provincial_electoral_district,Elections Ontario,Official election results reports,https://results.elections.on.ca/api/report-groups/2/report-outputs/488/csv;https://results.elections.on.ca/api/report-groups/2/report-outputs/481/csv;https://results.elections.on.ca/api/report-groups/2/report-outputs/486/csv,1,0.46741142425111454
con_a3a82f9e510c51c0b1dc94d44ba3c9db,on-2014-general,ontario_legislative_assembly,mpp,dst_d6b6a7c394c5532b94c3c7e498284844,084,Scarborough Southwest,ontario-2007-107,vote,final,complete,False,6,36673,74333,37102,provincial_electoral_district,Elections Ontario,Official election results reports,https://results.elections.on.ca/api/report-groups/2/report-outputs/488/csv;https://results.elections.on.ca/api/report-groups/2/report-outputs/481/csv;https://results.elections.on.ca/api/report-groups/2/report-outputs/486/csv,1,0.49913228310440855
con_f731d9de48205490b95e90a0536937c7,on-2014-general,ontario_legislative_assembly,mpp,dst_ee677e2faa4d5ba7be1ddee079c8f10f,023,Etobicoke Centre,ontario-2007-107,vote,final,complete,False,8,47432,85192,48112,provincial_electoral_district,Elections Ontario,Official election results reports,https://results.elections.on.ca/api/report-groups/2/report-outputs/488/csv;https://results.elections.on.ca/api/report-groups/2/report-outputs/481/csv;https://results.elections.on.ca/api/report-groups/2/report-outputs/486/csv,1,0.564747863649169
con_8ff1d9a6322a573e910896d562d21fd9,on-2014-general,ontario_legislative_assembly,mpp,dst_f4c8af3f16775eb5984390ab9a41ff59,017,Don Valley West,ontario-2007-107,vote,final,complete,False,9,45980,86092,46400,provincial_electoral_district,Elections Ontario,Official election results reports,https://results.elections.on.ca/api/report-groups/2/report-outputs/488/csv;https://results.elections.on.ca/api/report-groups/2/report-outputs/481/csv;https://results.elections.on.ca/api/report-groups/2/report-outputs/486/csv,1,0.5389583236537657
con_714af2d3d99a50629e28bf9b41e722d4,on-2016-09-01-by-083,ontario_legislative_assembly,mpp,dst_85c97b7570435349b2a6509a06b5fc8c,083,Scarborough—Rouge River,ontario-2007-107,vote,final,complete,False,11,25113,90118,25243,provincial_electoral_district,Elections Ontario,Official election results reports,https://results.elections.on.ca/api/report-groups/1/report-outputs/932/csv;https://results.elections.on.ca/api/report-groups/1/report-outputs/925/csv;https://results.elections.on.ca/api/report-groups/1/report-outputs/930/csv,1,0.28011052176035867
con_e219d03b88a65f25947f9925271b93d8,on-2018-general,ontario_legislative_assembly,mpp,dst_03717e89d29e545dab102ee92e664ccd,111,Toronto—St. Paul's,ontario-2018-124,vote,final,complete,False,6,52402,87216,52949,provincial_electoral_district,Elections Ontario,Official election results reports,https://results.elections.on.ca/api/report-groups/1/report-outputs/932/csv;https://results.elections.on.ca/api/report-groups/1/report-outputs/925/csv;https://results.elections.on.ca/api/report-groups/1/report-outputs/930/csv,1,0.6071019079068061
con_a4d8b458c99e50b1a4df848652aa171b,on-2018-general,ontario_legislative_assembly,mpp,dst_0633eb74c4b85280abe203290c5c616b,094,Scarborough Centre,ontario-2018-124,vote,final,complete,False,6,39704,75493,40151,provincial_electoral_district,Elections Ontario,Official election results reports,https://results.elections.on.ca/api/report-groups/1/report-outputs/932/csv;https://results.elections.on.ca/api/report-groups/1/report-outputs/925/csv;https://results.elections.on.ca/api/report-groups/1/report-outputs/930/csv,1,0.5318506351582266
con_5e6fe85334375e86b6cdaa3185e71a91,on-2018-general,ontario_legislative_assembly,mpp,dst_206af7c7d4b6573f9244ac3252682992,041,Humber River—Black Creek,ontario-2018-124,vote,final,complete,False,7,30929,66289,31326,provincial_electoral_district,Elections Ontario,Official election results reports,https://results.elections.on.ca/api/report-groups/1/report-outputs/932/csv;https://results.elections.on.ca/api/report-groups/1/report-outputs/925/csv;https://results.elections.on.ca/api/report-groups/1/report-outputs/930/csv,1,0.47256709257946267
con_04024150fecf5bf9ace1c8e137bddedd,on-2018-general,ontario_legislative_assembly,mpp,dst_26f9b7b8a28a524f897cea3f940cbabe,110,Toronto—Danforth,ontario-2018-124,vote,final,complete,False,8,51269,84072,51772,provincial_electoral_district,Elections Ontario,Official election results reports,https://results.elections.on.ca/api/report-groups/1/report-outputs/932/csv;https://results.elections.on.ca/api/report-groups/1/report-outputs/925/csv;https://results.elections.on.ca/api/report-groups/1/report-outputs/930/csv,1,0.6158055000475783
con_350a00d14a3f523aaa4ff9e49c5e8b24,on-2018-general,ontario_legislative_assembly,mpp,dst_2cbf818bc67f5a5f877ca38678ed9710,112,University—Rosedale,ontario-2018-124,vote,final,complete,False,9,49412,88097,49892,provincial_electoral_district,Elections Ontario,Official election results reports,https://results.elections.on.ca/api/report-groups/1/report-outputs/932/csv;https://results.elections.on.ca/api/report-groups/1/report-outputs/925/csv;https://results.elections.on.ca/api/report-groups/1/report-outputs/930/csv,1,0.5663302950157213
con_01f9088a7aab51d58bb3ae0b19bc6fa6,on-2018-general,ontario_legislative_assembly,mpp,dst_4e001527449c5feaad2527a547beeb8e,093,Scarborough—Agincourt,ontario-2018-124,vote,final,complete,False,9,36871,72558,37256,provincial_electoral_district,Elections Ontario,Official election results reports,https://results.elections.on.ca/api/report-groups/1/report-outputs/932/csv;https://results.elections.on.ca/api/report-groups/1/report-outputs/925/csv;https://results.elections.on.ca/api/report-groups/1/report-outputs/930/csv,1,0.5134650899969679
con_d55ee64365fa54fb8217ad0596da5635,on-2018-general,ontario_legislative_assembly,mpp,dst_56c8e9533c235124b26eada765193820,117,Willowdale,ontario-2018-124,vote,final,complete,False,6,40646,81313,41079,provincial_electoral_district,Elections Ontario,Official election results reports,https://results.elections.on.ca/api/report-groups/1/report-outputs/932/csv;https://results.elections.on.ca/api/report-groups/1/report-outputs/925/csv;https://results.elections.on.ca/api/report-groups/1/report-outputs/930/csv,1,0.5051959711239286
con_020c75b7f18455208dccb555338de735,on-2018-general,ontario_legislative_assembly,mpp,dst_577d8042fb21525fbc20f7347ab8e488,007,Beaches—East York,ontario-2018-124,vote,final,complete,False,11,49914,82386,50384,provincial_electoral_district,Elections Ontario,Official election results reports,https://results.elections.on.ca/api/report-groups/1/report-outputs/932/csv;https://results.elections.on.ca/api/report-groups/1/report-outputs/925/csv;https://results.elections.on.ca/api/report-groups/1/report-outputs/930/csv,1,0.6115602165416454
con_defeceffd4355719ad3b40a9b7a889da,on-2018-general,ontario_legislative_assembly,mpp,dst_73b2957848575f0b82d39a9ebe81e6c6,021,Don Valley North,ontario-2018-124,vote,final,complete,False,6,40607,76211,41010,provincial_electoral_district,Elections Ontario,Official election results reports,https://results.elections.on.ca/api/report-groups/1/report-outputs/932/csv;https://results.elections.on.ca/api/report-groups/1/report-outputs/925/csv;https://results.elections.on.ca/api/report-groups/1/report-outputs/930/csv,1,0.5381112962695674
con_fea49c607fbd501f8a774c8af20d3bda,on-2018-general,ontario_legislative_assembly,mpp,dst_77571e13e9d655fcb4d20a732f60ec5a,019,Davenport,ontario-2018-124,vote,final,complete,False,9,45819,82924,46289,provincial_electoral_district,Elections Ontario,Official election results reports,https://results.elections.on.ca/api/report-groups/1/report-outputs/932/csv;https://results.elections.on.ca/api/report-groups/1/report-outputs/925/csv;https://results.elections.on.ca/api/report-groups/1/report-outputs/930/csv,1,0.5582099271622208
con_4078d64b893750af99f9616c8babe99d,on-2018-general,ontario_legislative_assembly,mpp,dst_7cba76a13c7258f9934f96e9c9332c91,109,Toronto Centre,ontario-2018-124,vote,final,complete,False,10,44148,82044,44552,provincial_electoral_district,Elections Ontario,Official election results reports,https://results.elections.on.ca/api/report-groups/1/report-outputs/932/csv;https://results.elections.on.ca/api/report-groups/1/report-outputs/925/csv;https://results.elections.on.ca/api/report-groups/1/report-outputs/930/csv,1,0.5430256935303008
con_6d66a602fab951d2a602a7c9ba305cbc,on-2018-general,ontario_legislative_assembly,mpp,dst_7f3aeb0d097d5496845dc69a60e2e024,030,Etobicoke North,ontario-2018-124,vote,final,complete,False,5,36306,72580,36713,provincial_electoral_district,Elections Ontario,Official election results reports,https://results.elections.on.ca/api/report-groups/1/report-outputs/932/csv;https://results.elections.on.ca/api/report-groups/1/report-outputs/925/csv;https://results.elections.on.ca/api/report-groups/1/report-outputs/930/csv,1,0.505828051804905
con_5330cf3435ab5beebb89c0524ef94bd0,on-2018-general,ontario_legislative_assembly,mpp,dst_8bcaf4f49bfd55f2bab7e9ce2f128fd2,122,York South—Weston,ontario-2018-124,vote,final,complete,False,5,37298,76772,37747,provincial_electoral_district,Elections Ontario,Official election results reports,https://results.elections.on.ca/api/report-groups/1/report-outputs/932/csv;https://results.elections.on.ca/api/report-groups/1/report-outputs/925/csv;https://results.elections.on.ca/api/report-groups/1/report-outputs/930/csv,1,0.4916766529463867
con_9faa608456bc58ddac8461c22e86efeb,on-2018-general,ontario_legislative_assembly,mpp,dst_98ff07ac149750088a356bb6d05173ff,022,Don Valley West,ontario-2018-124,vote,final,complete,False,6,45777,75391,46192,provincial_electoral_district,Elections Ontario,Official election results reports,https://results.elections.on.ca/api/report-groups/1/report-outputs/932/csv;https://results.elections.on.ca/api/report-groups/1/report-outputs/925/csv;https://results.elections.on.ca/api/report-groups/1/report-outputs/930/csv,1,0.6126991285431949
con_098642e21edd5dc8828538f617988fd4,on-2018-general,ontario_legislative_assembly,mpp,dst_99f2ac1d3a9a5a1590d519c4ef7c84e3,120,York Centre,ontario-2018-124,vote,final,complete,False,7,36761,70520,37317,provincial_electoral_district,Elections Ontario,Official election results reports,https://results.elections.on.ca/api/report-groups/1/report-outputs/932/csv;https://results.elections.on.ca/api/report-groups/1/report-outputs/925/csv;https://results.elections.on.ca/api/report-groups/1/report-outputs/930/csv,1,0.5291690300623937
con_4c7b81f3621b5718bb5b4cc08a540b66,on-2018-general,ontario_legislative_assembly,mpp,dst_a362943345ae5b3eb28a0df96fe50b91,098,Scarborough Southwest,ontario-2018-124,vote,final,complete,False,8,43443,78329,43894,provincial_electoral_district,Elections Ontario,Official election results reports,https://results.elections.on.ca/api/report-groups/1/report-outputs/932/csv;https://results.elections.on.ca/api/report-groups/1/report-outputs/925/csv;https://results.elections.on.ca/api/report-groups/1/report-outputs/930/csv,1,0.5603799359113483
con_f8807b4ac38f57dca8f13793b2229daa,on-2018-general,ontario_legislative_assembly,mpp,dst_aed6be3b8ec653c089be0939f9a28694,025,Eglinton—Lawrence,ontario-2018-124,vote,final,complete,False,6,49527,83202,50011,provincial_electoral_district,Elections Ontario,Official election results reports,https://results.elections.on.ca/api/report-groups/1/report-outputs/932/csv;https://results.elections.on.ca/api/report-groups/1/report-outputs/925/csv;https://results.elections.on.ca/api/report-groups/1/report-outputs/930/csv,1,0.6010793009783418
con_7aaa49c81aff57c0b771051a13d4f478,on-2018-general,ontario_legislative_assembly,mpp,dst_bec089852a36580a994ccab45e0c906b,096,Scarborough North,ontario-2018-124,vote,final,complete,False,5,34113,67775,34401,provincial_electoral_district,Elections Ontario,Official election results reports,https://results.elections.on.ca/api/report-groups/1/report-outputs/932/csv;https://results.elections.on.ca/api/report-groups/1/report-outputs/925/csv;https://results.elections.on.ca/api/report-groups/1/report-outputs/930/csv,1,0.507576540022132
con_0f7490fd32ae56f59b95128d62249417,on-2018-general,ontario_legislative_assembly,mpp,dst_c8719fc218515eaaba7e47cbbe712714,020,Don Valley East,ontario-2018-124,vote,final,complete,False,6,36217,66192,36554,provincial_electoral_district,Elections Ontario,Official election results reports,https://results.elections.on.ca/api/report-groups/1/report-outputs/932/csv;https://results.elections.on.ca/api/report-groups/1/report-outputs/925/csv;https://results.elections.on.ca/api/report-groups/1/report-outputs/930/csv,1,0.5522419627749577
con_3ca6dba64b335382a786d532609298e2,on-2018-general,ontario_legislative_assembly,mpp,dst_ceb44bd46736557e819a5161fdf2458d,029,Etobicoke—Lakeshore,ontario-2018-124,vote,final,complete,False,6,58993,101606,59547,provincial_electoral_district,Elections Ontario,Official election results reports,https://results.elections.on.ca/api/report-groups/1/report-outputs/932/csv;https://results.elections.on.ca/api/report-groups/1/report-outputs/925/csv;https://results.elections.on.ca/api/report-groups/1/report-outputs/930/csv,1,0.5860579099659469
con_803dfa287c985c6186a4855548d0361a,on-2018-general,ontario_legislative_assembly,mpp,dst_d51ef5cacc3c575cb40e90080f014617,083,Parkdale—High Park,ontario-2018-124,vote,final,complete,False,6,54549,88131,55023,provincial_electoral_district,Elections Ontario,Official election results reports,https://results.elections.on.ca/api/report-groups/1/report-outputs/932/csv;https://results.elections.on.ca/api/report-groups/1/report-outputs/925/csv;https://results.elections.on.ca/api/report-groups/1/report-outputs/930/csv,1,0.6243319603771658
con_069a297d7f3a566b8c8cd1a92c2b692d,on-2018-general,ontario_legislative_assembly,mpp,dst_ef485447e78d5f1aba0375247327da79,097,Scarborough—Rouge Park,ontario-2018-124,vote,final,complete,False,6,42015,76313,42387,provincial_electoral_district,Elections Ontario,Official election results reports,https://results.elections.on.ca/api/report-groups/1/report-outputs/932/csv;https://results.elections.on.ca/api/report-groups/1/report-outputs/925/csv;https://results.elections.on.ca/api/report-groups/1/report-outputs/930/csv,1,0.5554361642184162
con_e03b40c3e2c25ffd8dd31e0623638c6a,on-2018-general,ontario_legislative_assembly,mpp,dst_f859722e9b2a59ee915f9aa0b247fd16,101,Spadina—Fort York,ontario-2018-124,vote,final,complete,False,7,49731,93622,50146,provincial_electoral_district,Elections Ontario,Official election results reports,https://results.elections.on.ca/api/report-groups/1/report-outputs/932/csv;https://results.elections.on.ca/api/report-groups/1/report-outputs/925/csv;https://results.elections.on.ca/api/report-groups/1/report-outputs/930/csv,1,0.5356219691952746
con_1447b808f0175c7f886ee58eaca3c679,on-2018-general,ontario_legislative_assembly,mpp,dst_fbb91282b87850498b033699527216cd,028,Etobicoke Centre,ontario-2018-124,vote,final,complete,False,7,56825,92715,57398,provincial_electoral_district,Elections Ontario,Official election results reports,https://results.elections.on.ca/api/report-groups/1/report-outputs/932/csv;https://results.elections.on.ca/api/report-groups/1/report-outputs/925/csv;https://results.elections.on.ca/api/report-groups/1/report-outputs/930/csv,1,0.6190799762713692
con_50c16e2afa935c61823e7771e1f6c175,on-2018-general,ontario_legislative_assembly,mpp,dst_fe960514ec145803955c7b14d593e4dc,095,Scarborough—Guildwood,ontario-2018-124,vote,final,complete,False,9,35905,68662,36342,provincial_electoral_district,Elections Ontario,Official election results reports,https://results.elections.on.ca/api/report-groups/1/report-outputs/932/csv;https://results.elections.on.ca/api/report-groups/1/report-outputs/925/csv;https://results.elections.on.ca/api/report-groups/1/report-outputs/930/csv,1,0.5292883982406571
con_f9d9dbc330be55dbaa2fc67c368c66b0,on-2022-general,ontario_legislative_assembly,mpp,dst_03717e89d29e545dab102ee92e664ccd,111,Toronto—St. Paul's,ontario-2018-124,vote,final,complete,False,8,42179,88424,42507,provincial_electoral_district,Elections Ontario,Official election results reports,https://results.elections.on.ca/api/report-groups/45/report-outputs/1050/csv;https://results.elections.on.ca/api/report-groups/45/report-outputs/1043/csv;https://results.elections.on.ca/api/report-groups/45/report-outputs/1048/csv,1,0.48071790464127384
con_bf2037ee37ab599098299360a541cf93,on-2022-general,ontario_legislative_assembly,mpp,dst_0633eb74c4b85280abe203290c5c616b,094,Scarborough Centre,ontario-2018-124,vote,final,complete,False,10,31869,77858,32120,provincial_electoral_district,Elections Ontario,Official election results reports,https://results.elections.on.ca/api/report-groups/45/report-outputs/1050/csv;https://results.elections.on.ca/api/report-groups/45/report-outputs/1043/csv;https://results.elections.on.ca/api/report-groups/45/report-outputs/1048/csv,1,0.4125459169256852
con_90cb7ce5f66451b4823adae7c340d4e8,on-2022-general,ontario_legislative_assembly,mpp,dst_206af7c7d4b6573f9244ac3252682992,041,Humber River—Black Creek,ontario-2018-124,vote,final,complete,False,7,23078,70632,23415,provincial_electoral_district,Elections Ontario,Official election results reports,https://results.elections.on.ca/api/report-groups/45/report-outputs/1050/csv;https://results.elections.on.ca/api/report-groups/45/report-outputs/1043/csv;https://results.elections.on.ca/api/report-groups/45/report-outputs/1048/csv,1,0.33150696568127763
con_94e20c7caf075bc98e9b4a871cb22ce8,on-2022-general,ontario_legislative_assembly,mpp,dst_26f9b7b8a28a524f897cea3f940cbabe,110,Toronto—Danforth,ontario-2018-124,vote,final,complete,False,8,41324,84085,41568,provincial_electoral_district,Elections Ontario,Official election results reports,https://results.elections.on.ca/api/report-groups/45/report-outputs/1050/csv;https://results.elections.on.ca/api/report-groups/45/report-outputs/1043/csv;https://results.elections.on.ca/api/report-groups/45/report-outputs/1048/csv,1,0.4943569007551882
con_1b6e8c10c0165f9d9e7e002f4bc72c07,on-2022-general,ontario_legislative_assembly,mpp,dst_2cbf818bc67f5a5f877ca38678ed9710,112,University—Rosedale,ontario-2018-124,vote,final,complete,False,6,37181,86500,37370,provincial_electoral_district,Elections Ontario,Official election results reports,https://results.elections.on.ca/api/report-groups/45/report-outputs/1050/csv;https://results.elections.on.ca/api/report-groups/45/report-outputs/1043/csv;https://results.elections.on.ca/api/report-groups/45/report-outputs/1048/csv,1,0.4320231213872832
con_ecdd2f1a234e5982a1c7cc235815f32d,on-2022-general,ontario_legislative_assembly,mpp,dst_4e001527449c5feaad2527a547beeb8e,093,Scarborough—Agincourt,ontario-2018-124,vote,final,complete,False,6,28636,73032,28795,provincial_electoral_district,Elections Ontario,Official election results reports,https://results.elections.on.ca/api/report-groups/45/report-outputs/1050/csv;https://results.elections.on.ca/api/report-groups/45/report-outputs/1043/csv;https://results.elections.on.ca/api/report-groups/45/report-outputs/1048/csv,1,0.39427922006791544
con_bfd5cf6ad0255e55a67451dab3f169d1,on-2022-general,ontario_legislative_assembly,mpp,dst_56c8e9533c235124b26eada765193820,117,Willowdale,ontario-2018-124,vote,final,complete,False,11,31583,79942,31845,provincial_electoral_district,Elections Ontario,Official election results reports,https://results.elections.on.ca/api/report-groups/45/report-outputs/1050/csv;https://results.elections.on.ca/api/report-groups/45/report-outputs/1043/csv;https://results.elections.on.ca/api/report-groups/45/report-outputs/1048/csv,1,0.3983513046959045
con_a56a9af218bc54a39a19116e0c0f4144,on-2022-general,ontario_legislative_assembly,mpp,dst_577d8042fb21525fbc20f7347ab8e488,007,Beaches—East York,ontario-2018-124,vote,final,complete,False,9,40648,82279,40791,provincial_electoral_district,Elections Ontario,Official election results reports,https://results.elections.on.ca/api/report-groups/45/report-outputs/1050/csv;https://results.elections.on.ca/api/report-groups/45/report-outputs/1043/csv;https://results.elections.on.ca/api/report-groups/45/report-outputs/1048/csv,1,0.4957644113321747
con_d13b48c8030c5a21bed6d3d1696e6847,on-2022-general,ontario_legislative_assembly,mpp,dst_73b2957848575f0b82d39a9ebe81e6c6,021,Don Valley North,ontario-2018-124,vote,final,complete,False,5,31728,78300,31913,provincial_electoral_district,Elections Ontario,Official election results reports,https://results.elections.on.ca/api/report-groups/45/report-outputs/1050/csv;https://results.elections.on.ca/api/report-groups/45/report-outputs/1043/csv;https://results.elections.on.ca/api/report-groups/45/report-outputs/1048/csv,1,0.40757343550447
con_95cda55bca9456498542fff0f8fefe5d,on-2022-general,ontario_legislative_assembly,mpp,dst_77571e13e9d655fcb4d20a732f60ec5a,019,Davenport,ontario-2018-124,vote,final,complete,False,10,35473,82547,35745,provincial_electoral_district,Elections Ontario,Official election results reports,https://results.elections.on.ca/api/report-groups/45/report-outputs/1050/csv;https://results.elections.on.ca/api/report-groups/45/report-outputs/1043/csv;https://results.elections.on.ca/api/report-groups/45/report-outputs/1048/csv,1,0.43302603365355496
con_09806b89a22a58299f37fa83d3c6c5c2,on-2022-general,ontario_legislative_assembly,mpp,dst_7cba76a13c7258f9934f96e9c9332c91,109,Toronto Centre,ontario-2018-124,vote,final,complete,False,8,34921,88268,35145,provincial_electoral_district,Elections Ontario,Official election results reports,https://results.elections.on.ca/api/report-groups/45/report-outputs/1050/csv;https://results.elections.on.ca/api/report-groups/45/report-outputs/1043/csv;https://results.elections.on.ca/api/report-groups/45/report-outputs/1048/csv,1,0.3981624144650383
con_fd623dc06a7a51f7ab991b4a526d1338,on-2022-general,ontario_legislative_assembly,mpp,dst_7f3aeb0d097d5496845dc69a60e2e024,030,Etobicoke North,ontario-2018-124,vote,final,complete,False,7,25103,74449,25301,provincial_electoral_district,Elections Ontario,Official election results reports,https://results.elections.on.ca/api/report-groups/45/report-outputs/1050/csv;https://results.elections.on.ca/api/report-groups/45/report-outputs/1043/csv;https://results.elections.on.ca/api/report-groups/45/report-outputs/1048/csv,1,0.33984338271837095
con_edb3a610c39858f4b725cfd5e0a26147,on-2022-general,ontario_legislative_assembly,mpp,dst_8bcaf4f49bfd55f2bab7e9ce2f128fd2,122,York South—Weston,ontario-2018-124,vote,final,complete,False,7,30432,80567,30703,provincial_electoral_district,Elections Ontario,Official election results reports,https://results.elections.on.ca/api/report-groups/45/report-outputs/1050/csv;https://results.elections.on.ca/api/report-groups/45/report-outputs/1043/csv;https://results.elections.on.ca/api/report-groups/45/report-outputs/1048/csv,1,0.3810865490833716
con_7765ff5b89595dffabb024924847111b,on-2022-general,ontario_legislative_assembly,mpp,dst_98ff07ac149750088a356bb6d05173ff,022,Don Valley West,ontario-2018-124,vote,final,complete,False,9,36760,74921,36978,provincial_electoral_district,Elections Ontario,Official election results reports,https://results.elections.on.ca/api/report-groups/45/report-outputs/1050/csv;https://results.elections.on.ca/api/report-groups/45/report-outputs/1043/csv;https://results.elections.on.ca/api/report-groups/45/report-outputs/1048/csv,1,0.49355988307684096
con_878bfe94fa605416858b5d07398d10b5,on-2022-general,ontario_legislative_assembly,mpp,dst_99f2ac1d3a9a5a1590d519c4ef7c84e3,120,York Centre,ontario-2018-124,vote,final,complete,False,9,28128,73101,28467,provincial_electoral_district,Elections Ontario,Official election results reports,https://results.elections.on.ca/api/report-groups/45/report-outputs/1050/csv;https://results.elections.on.ca/api/report-groups/45/report-outputs/1043/csv;https://results.elections.on.ca/api/report-groups/45/report-outputs/1048/csv,1,0.3894201173718554
con_cec86dd13d5e5d1dbb26fd9b649bc7fe,on-2022-general,ontario_legislative_assembly,mpp,dst_a362943345ae5b3eb28a0df96fe50b91,098,Scarborough Southwest,ontario-2018-124,vote,final,complete,False,8,35326,80222,35573,provincial_electoral_district,Elections Ontario,Official election results reports,https://results.elections.on.ca/api/report-groups/45/report-outputs/1050/csv;https://results.elections.on.ca/api/report-groups/45/report-outputs/1043/csv;https://results.elections.on.ca/api/report-groups/45/report-outputs/1048/csv,1,0.4434319762658622
con_eb8ec0295e625af4acd2412a25f16ea5,on-2022-general,ontario_legislative_assembly,mpp,dst_aed6be3b8ec653c089be0939f9a28694,025,Eglinton—Lawrence,ontario-2018-124,vote,final,complete,False,10,39258,84513,39485,provincial_electoral_district,Elections Ontario,Official election results reports,https://results.elections.on.ca/api/report-groups/45/report-outputs/1050/csv;https://results.elections.on.ca/api/report-groups/45/report-outputs/1043/csv;https://results.elections.on.ca/api/report-groups/45/report-outputs/1048/csv,1,0.4672062286275484
con_40b9dacf28b15b21ba812be51b45de0b,on-2022-general,ontario_legislative_assembly,mpp,dst_bec089852a36580a994ccab45e0c906b,096,Scarborough North,ontario-2018-124,vote,final,complete,False,7,26177,67032,26318,provincial_electoral_district,Elections Ontario,Official election results reports,https://results.elections.on.ca/api/report-groups/45/report-outputs/1050/csv;https://results.elections.on.ca/api/report-groups/45/report-outputs/1043/csv;https://results.elections.on.ca/api/report-groups/45/report-outputs/1048/csv,1,0.39261845088912756
con_6621c15dd1145e26841e3a4f0d761535,on-2022-general,ontario_legislative_assembly,mpp,dst_c8719fc218515eaaba7e47cbbe712714,020,Don Valley East,ontario-2018-124,vote,final,complete,False,10,28076,66841,28323,provincial_electoral_district,Elections Ontario,Official election results reports,https://results.elections.on.ca/api/report-groups/45/report-outputs/1050/csv;https://results.elections.on.ca/api/report-groups/45/report-outputs/1043/csv;https://results.elections.on.ca/api/report-groups/45/report-outputs/1048/csv,1,0.423736927933454
con_8183b75ffb835503b01aea7096c2a075,on-2022-general,ontario_legislative_assembly,mpp,dst_ceb44bd46736557e819a5161fdf2458d,029,Etobicoke—Lakeshore,ontario-2018-124,vote,final,complete,False,7,47966,106499,48221,provincial_electoral_district,Elections Ontario,Official election results reports,https://results.elections.on.ca/api/report-groups/45/report-outputs/1050/csv;https://results.elections.on.ca/api/report-groups/45/report-outputs/1043/csv;https://results.elections.on.ca/api/report-groups/45/report-outputs/1048/csv,1,0.45278359421215225
con_f63eb00c6c0a526cac6fb5b2f7c646f7,on-2022-general,ontario_legislative_assembly,mpp,dst_d51ef5cacc3c575cb40e90080f014617,083,Parkdale—High Park,ontario-2018-124,vote,final,complete,False,8,42664,85352,42892,provincial_electoral_district,Elections Ontario,Official election results reports,https://results.elections.on.ca/api/report-groups/45/report-outputs/1050/csv;https://results.elections.on.ca/api/report-groups/45/report-outputs/1043/csv;https://results.elections.on.ca/api/report-groups/45/report-outputs/1048/csv,1,0.5025306964101602
con_9cfe30b8803e54409e6523c85ffd1d94,on-2022-general,ontario_legislative_assembly,mpp,dst_ef485447e78d5f1aba0375247327da79,097,Scarborough—Rouge Park,ontario-2018-124,vote,final,complete,False,7,35312,78567,35447,provincial_electoral_district,Elections Ontario,Official election results reports,https://results.elections.on.ca/api/report-groups/45/report-outputs/1050/csv;https://results.elections.on.ca/api/report-groups/45/report-outputs/1043/csv;https://results.elections.on.ca/api/report-groups/45/report-outputs/1048/csv,1,0.45116906589280487
con_ab2a49f34d265a958e755ea0586718f4,on-2022-general,ontario_legislative_assembly,mpp,dst_f859722e9b2a59ee915f9aa0b247fd16,101,Spadina—Fort York,ontario-2018-124,vote,final,complete,False,6,33857,99220,34087,provincial_electoral_district,Elections Ontario,Official election results reports,https://results.elections.on.ca/api/report-groups/45/report-outputs/1050/csv;https://results.elections.on.ca/api/report-groups/45/report-outputs/1043/csv;https://results.elections.on.ca/api/report-groups/45/report-outputs/1048/csv,1,0.3435496875629913
con_5826d911b483569987f219905f17e15c,on-2022-general,ontario_legislative_assembly,mpp,dst_fbb91282b87850498b033699527216cd,028,Etobicoke Centre,ontario-2018-124,vote,final,complete,False,8,45351,94024,45645,provincial_electoral_district,Elections Ontario,Official election results reports,https://results.elections.on.ca/api/report-groups/45/report-outputs/1050/csv;https://results.elections.on.ca/api/report-groups/45/report-outputs/1043/csv;https://results.elections.on.ca/api/report-groups/45/report-outputs/1048/csv,1,0.4854611588530588
con_7a65792ee59b5513b720fd17b208054d,on-2022-general,ontario_legislative_assembly,mpp,dst_fe960514ec145803955c7b14d593e4dc,095,Scarborough—Guildwood,ontario-2018-124,vote,final,complete,False,7,28949,70153,29205,provincial_electoral_district,Elections Ontario,Official election results reports,https://results.elections.on.ca/api/report-groups/45/report-outputs/1050/csv;https://results.elections.on.ca/api/report-groups/45/report-outputs/1043/csv;https://results.elections.on.ca/api/report-groups/45/report-outputs/1048/csv,1,0.4163043633201716
con_a49c573207e75f34ac84f8983aba8605,on-2023-07-27-by-095,ontario_legislative_assembly,mpp,dst_fe960514ec145803955c7b14d593e4dc,095,Scarborough—Guildwood,ontario-2018-124,vote,final,complete,False,12,15430,70893,15509,provincial_electoral_district,Elections Ontario,Official election results reports,https://results.elections.on.ca/api/report-groups/48/report-outputs/1096/csv;https://results.elections.on.ca/api/report-groups/48/report-outputs/1089/csv;https://results.elections.on.ca/api/report-groups/48/report-outputs/1094/csv,1,0.2187663097908115
con_3f1fde2f279059d78959cbc6f9d8a078,on-2025-general,ontario_legislative_assembly,mpp,dst_03717e89d29e545dab102ee92e664ccd,111,Toronto—St. Paul's,ontario-2018-124,vote,final,complete,False,4,42699,91639,42984,provincial_electoral_district,Elections Ontario,Official election results reports,https://results.elections.on.ca/api/report-groups/48/report-outputs/1096/csv;https://results.elections.on.ca/api/report-groups/48/report-outputs/1089/csv;https://results.elections.on.ca/api/report-groups/48/report-outputs/1094/csv,1,0.46905793384912536
con_c8fc504a97e4578ead5ce98390437291,on-2025-general,ontario_legislative_assembly,mpp,dst_0633eb74c4b85280abe203290c5c616b,094,Scarborough Centre,ontario-2018-124,vote,final,complete,False,6,30338,79287,30648,provincial_electoral_district,Elections Ontario,Official election results reports,https://results.elections.on.ca/api/report-groups/48/report-outputs/1096/csv;https://results.elections.on.ca/api/report-groups/48/report-outputs/1089/csv;https://results.elections.on.ca/api/report-groups/48/report-outputs/1094/csv,1,0.38654508305270724
con_f51fad7cdca1501b853592743b66e676,on-2025-general,ontario_legislative_assembly,mpp,dst_206af7c7d4b6573f9244ac3252682992,041,Humber River—Black Creek,ontario-2018-124,vote,final,complete,False,5,24876,72740,25204,provincial_electoral_district,Elections Ontario,Official election results reports,https://results.elections.on.ca/api/report-groups/48/report-outputs/1096/csv;https://results.elections.on.ca/api/report-groups/48/report-outputs/1089/csv;https://results.elections.on.ca/api/report-groups/48/report-outputs/1094/csv,1,0.3464943634863899
con_27ec2e9e92e65ef4900b7b1edd80536a,on-2025-general,ontario_legislative_assembly,mpp,dst_26f9b7b8a28a524f897cea3f940cbabe,110,Toronto—Danforth,ontario-2018-124,vote,final,complete,False,5,42399,85825,42705,provincial_electoral_district,Elections Ontario,Official election results reports,https://results.elections.on.ca/api/report-groups/48/report-outputs/1096/csv;https://results.elections.on.ca/api/report-groups/48/report-outputs/1089/csv;https://results.elections.on.ca/api/report-groups/48/report-outputs/1094/csv,1,0.49758228954267403
con_d82a74c5fff75944bdb2c450d9789a53,on-2025-general,ontario_legislative_assembly,mpp,dst_2cbf818bc67f5a5f877ca38678ed9710,112,University—Rosedale,ontario-2018-124,vote,final,complete,False,5,39365,89216,39660,provincial_electoral_district,Elections Ontario,Official election results reports,https://results.elections.on.ca/api/report-groups/48/report-outputs/1096/csv;https://results.elections.on.ca/api/report-groups/48/report-outputs/1089/csv;https://results.elections.on.ca/api/report-groups/48/report-outputs/1094/csv,1,0.44453909612625536
con_2a5ade27abea59a0b888b34d3b4fd09d,on-2025-general,ontario_legislative_assembly,mpp,dst_4e001527449c5feaad2527a547beeb8e,093,Scarborough—Agincourt,ontario-2018-124,vote,final,complete,False,6,27271,73529,27459,provincial_electoral_district,Elections Ontario,Official election results reports,https://results.elections.on.ca/api/report-groups/48/report-outputs/1096/csv;https://results.elections.on.ca/api/report-groups/48/report-outputs/1089/csv;https://results.elections.on.ca/api/report-groups/48/report-outputs/1094/csv,1,0.3734444912891512
con_136a92df3c50500bb6d857cf2ddc3be6,on-2025-general,ontario_legislative_assembly,mpp,dst_56c8e9533c235124b26eada765193820,117,Willowdale,ontario-2018-124,vote,final,complete,False,6,31273,84081,31555,provincial_electoral_district,Elections Ontario,Official election results reports,https://results.elections.on.ca/api/report-groups/48/report-outputs/1096/csv;https://results.elections.on.ca/api/report-groups/48/report-outputs/1089/csv;https://results.elections.on.ca/api/report-groups/48/report-outputs/1094/csv,1,0.3752928723492822
con_6a1b06f9fda25ae3b5f1fc59ba4f732d,on-2025-general,ontario_legislative_assembly,mpp,dst_577d8042fb21525fbc20f7347ab8e488,007,Beaches—East York,ontario-2018-124,vote,final,complete,False,8,42104,84615,42282,provincial_electoral_district,Elections Ontario,Official election results reports,https://results.elections.on.ca/api/report-groups/48/report-outputs/1096/csv;https://results.elections.on.ca/api/report-groups/48/report-outputs/1089/csv;https://results.elections.on.ca/api/report-groups/48/report-outputs/1094/csv,1,0.4996986349937954
con_e5c281875c895d27acb15ef4f5e577e9,on-2025-general,ontario_legislative_assembly,mpp,dst_73b2957848575f0b82d39a9ebe81e6c6,021,Don Valley North,ontario-2018-124,vote,final,complete,False,6,30556,80903,30775,provincial_electoral_district,Elections Ontario,Official election results reports,https://results.elections.on.ca/api/report-groups/48/report-outputs/1096/csv;https://results.elections.on.ca/api/report-groups/48/report-outputs/1089/csv;https://results.elections.on.ca/api/report-groups/48/report-outputs/1094/csv,1,0.38039380492688774
con_ea58d9f5888651d4b805fa7526a7a920,on-2025-general,ontario_legislative_assembly,mpp,dst_77571e13e9d655fcb4d20a732f60ec5a,019,Davenport,ontario-2018-124,vote,final,complete,False,5,38803,84624,39076,provincial_electoral_district,Elections Ontario,Official election results reports,https://results.elections.on.ca/api/report-groups/48/report-outputs/1096/csv;https://results.elections.on.ca/api/report-groups/48/report-outputs/1089/csv;https://results.elections.on.ca/api/report-groups/48/report-outputs/1094/csv,1,0.4617602571374551
con_bb89a1a7b4b8540a9daaf086fdb7c115,on-2025-general,ontario_legislative_assembly,mpp,dst_7cba76a13c7258f9934f96e9c9332c91,109,Toronto Centre,ontario-2018-124,vote,final,complete,False,7,39135,92620,39444,provincial_electoral_district,Elections Ontario,Official election results reports,https://results.elections.on.ca/api/report-groups/48/report-outputs/1096/csv;https://results.elections.on.ca/api/report-groups/48/report-outputs/1089/csv;https://results.elections.on.ca/api/report-groups/48/report-outputs/1094/csv,1,0.4258691427337508
con_a3f87864e2dd570789fb7f0a16b83236,on-2025-general,ontario_legislative_assembly,mpp,dst_7f3aeb0d097d5496845dc69a60e2e024,030,Etobicoke North,ontario-2018-124,vote,final,complete,False,6,25970,76734,26182,provincial_electoral_district,Elections Ontario,Official election results reports,https://results.elections.on.ca/api/report-groups/48/report-outputs/1096/csv;https://results.elections.on.ca/api/report-groups/48/report-outputs/1089/csv;https://results.elections.on.ca/api/report-groups/48/report-outputs/1094/csv,1,0.3412046811061589
con_de22a5bf139c52e4b0b86f3b781fc6fc,on-2025-general,ontario_legislative_assembly,mpp,dst_8bcaf4f49bfd55f2bab7e9ce2f128fd2,122,York South—Weston,ontario-2018-124,vote,final,complete,False,6,31636,82710,31923,provincial_electoral_district,Elections Ontario,Official election results reports,https://results.elections.on.ca/api/report-groups/48/report-outputs/1096/csv;https://results.elections.on.ca/api/report-groups/48/report-outputs/1089/csv;https://results.elections.on.ca/api/report-groups/48/report-outputs/1094/csv,1,0.38596300326441785
con_7f703e3386ea5ab58415a35580b5bf1d,on-2025-general,ontario_legislative_assembly,mpp,dst_98ff07ac149750088a356bb6d05173ff,022,Don Valley West,ontario-2018-124,vote,final,complete,False,6,32074,76018,32251,provincial_electoral_district,Elections Ontario,Official election results reports,https://results.elections.on.ca/api/report-groups/48/report-outputs/1096/csv;https://results.elections.on.ca/api/report-groups/48/report-outputs/1089/csv;https://results.elections.on.ca/api/report-groups/48/report-outputs/1094/csv,1,0.4242547817622142
con_5a64d67dacea55b4ae9aacf106aba182,on-2025-general,ontario_legislative_assembly,mpp,dst_99f2ac1d3a9a5a1590d519c4ef7c84e3,120,York Centre,ontario-2018-124,vote,final,complete,False,8,30369,76907,30714,provincial_electoral_district,Elections Ontario,Official election results reports,https://results.elections.on.ca/api/report-groups/48/report-outputs/1096/csv;https://results.elections.on.ca/api/report-groups/48/report-outputs/1089/csv;https://results.elections.on.ca/api/report-groups/48/report-outputs/1094/csv,1,0.39936546738268297
con_2c63a1460fa059c8a562cddf31c12288,on-2025-general,ontario_legislative_assembly,mpp,dst_a362943345ae5b3eb28a0df96fe50b91,098,Scarborough Southwest,ontario-2018-124,vote,final,complete,False,4,33937,81880,34172,provincial_electoral_district,Elections Ontario,Official election results reports,https://results.elections.on.ca/api/report-groups/48/report-outputs/1096/csv;https://results.elections.on.ca/api/report-groups/48/report-outputs/1089/csv;https://results.elections.on.ca/api/report-groups/48/report-outputs/1094/csv,1,0.41734245236932094
con_3aec41b71c1f5836be717e57348019dd,on-2025-general,ontario_legislative_assembly,mpp,dst_aed6be3b8ec653c089be0939f9a28694,025,Eglinton—Lawrence,ontario-2018-124,vote,final,complete,False,3,40335,86989,40646,provincial_electoral_district,Elections Ontario,Official election results reports,https://results.elections.on.ca/api/report-groups/48/report-outputs/1096/csv;https://results.elections.on.ca/api/report-groups/48/report-outputs/1089/csv;https://results.elections.on.ca/api/report-groups/48/report-outputs/1094/csv,1,0.4672544804515513
con_5444f81a045f5765b864e722ded47bad,on-2025-general,ontario_legislative_assembly,mpp,dst_bec089852a36580a994ccab45e0c906b,096,Scarborough North,ontario-2018-124,vote,final,complete,False,4,24598,66842,24732,provincial_electoral_district,Elections Ontario,Official election results reports,https://results.elections.on.ca/api/report-groups/48/report-outputs/1096/csv;https://results.elections.on.ca/api/report-groups/48/report-outputs/1089/csv;https://results.elections.on.ca/api/report-groups/48/report-outputs/1094/csv,1,0.37000688190060144
con_4af8828c50c751269fed2546665fc79c,on-2025-general,ontario_legislative_assembly,mpp,dst_c8719fc218515eaaba7e47cbbe712714,020,Don Valley East,ontario-2018-124,vote,final,complete,False,5,27301,68774,27564,provincial_electoral_district,Elections Ontario,Official election results reports,https://results.elections.on.ca/api/report-groups/48/report-outputs/1096/csv;https://results.elections.on.ca/api/report-groups/48/report-outputs/1089/csv;https://results.elections.on.ca/api/report-groups/48/report-outputs/1094/csv,1,0.4007909965975514
con_a3c117a0425153b0a7bb2c44d83aa73f,on-2025-general,ontario_legislative_assembly,mpp,dst_ceb44bd46736557e819a5161fdf2458d,029,Etobicoke—Lakeshore,ontario-2018-124,vote,final,complete,False,7,51924,111858,52289,provincial_electoral_district,Elections Ontario,Official election results reports,https://results.elections.on.ca/api/report-groups/48/report-outputs/1096/csv;https://results.elections.on.ca/api/report-groups/48/report-outputs/1089/csv;https://results.elections.on.ca/api/report-groups/48/report-outputs/1094/csv,1,0.4674587423340306
con_bbae1f6b727a5aa2a7ca5bda34b8549c,on-2025-general,ontario_legislative_assembly,mpp,dst_d51ef5cacc3c575cb40e90080f014617,083,Parkdale—High Park,ontario-2018-124,vote,final,complete,False,6,45220,87683,45434,provincial_electoral_district,Elections Ontario,Official election results reports,https://results.elections.on.ca/api/report-groups/48/report-outputs/1096/csv;https://results.elections.on.ca/api/report-groups/48/report-outputs/1089/csv;https://results.elections.on.ca/api/report-groups/48/report-outputs/1094/csv,1,0.5181620154419899
con_9bb0bfbc1ad35f26a9d8520d2a3e1083,on-2025-general,ontario_legislative_assembly,mpp,dst_ef485447e78d5f1aba0375247327da79,097,Scarborough—Rouge Park,ontario-2018-124,vote,final,complete,False,6,33269,78813,33444,provincial_electoral_district,Elections Ontario,Official election results reports,https://results.elections.on.ca/api/report-groups/48/report-outputs/1096/csv;https://results.elections.on.ca/api/report-groups/48/report-outputs/1089/csv;https://results.elections.on.ca/api/report-groups/48/report-outputs/1094/csv,1,0.42434623729587756
con_6bf8bc49110c5ab2bb2a6fdb9309199b,on-2025-general,ontario_legislative_assembly,mpp,dst_f859722e9b2a59ee915f9aa0b247fd16,101,Spadina—Fort York,ontario-2018-124,vote,final,complete,False,5,45424,109204,45816,provincial_electoral_district,Elections Ontario,Official election results reports,https://results.elections.on.ca/api/report-groups/48/report-outputs/1096/csv;https://results.elections.on.ca/api/report-groups/48/report-outputs/1089/csv;https://results.elections.on.ca/api/report-groups/48/report-outputs/1094/csv,1,0.41954507160909854
con_a2a4493df32f59658f2d12f55e19ee33,on-2025-general,ontario_legislative_assembly,mpp,dst_fbb91282b87850498b033699527216cd,028,Etobicoke Centre,ontario-2018-124,vote,final,complete,False,8,46279,96769,46559,provincial_electoral_district,Elections Ontario,Official election results reports,https://results.elections.on.ca/api/report-groups/48/report-outputs/1096/csv;https://results.elections.on.ca/api/report-groups/48/report-outputs/1089/csv;https://results.elections.on.ca/api/report-groups/48/report-outputs/1094/csv,1,0.4811354876045014
con_3c20505339f05f2dbe9d2c3b78da7e0b,on-2025-general,ontario_legislative_assembly,mpp,dst_fe960514ec145803955c7b14d593e4dc,095,Scarborough—Guildwood,ontario-2018-124,vote,final,complete,False,7,27074,70700,27311,provincial_electoral_district,Elections Ontario,Official election results reports,https://results.elections.on.ca/api/report-groups/48/report-outputs/1096/csv;https://results.elections.on.ca/api/report-groups/48/report-outputs/1089/csv;https://results.elections.on.ca/api/report-groups/48/report-outputs/1094/csv,1,0.3862942008486563
