endorser_id,contest_id,coverage_state,assessed_through,coverage_basis
edr_5c1c75b89db75f0a85c5f1dcc9d06149,con_004711e5bbda5d169a7774d906befd21,partially_searched,2026-08-22,Audited exact-entity/site and archive search; no complete slate or choice source recovered.
edr_5c1c75b89db75f0a85c5f1dcc9d06149,con_02e530a81bf75a6bbf6b4ca0a9ea6738,partially_searched,2026-08-22,Audited exact-entity/site and archive search; no complete slate or choice source recovered.
edr_5c1c75b89db75f0a85c5f1dcc9d06149,con_037ae72c455f558590ca04bc929df4cb,partially_searched,2026-08-22,Audited exact-entity/site and archive search; no complete slate or choice source recovered.
edr_5c1c75b89db75f0a85c5f1dcc9d06149,con_0408bfe48f1059ecbe918aec119f10a3,partially_searched,2026-08-21,current election searched through 2026-08-21
edr_5c1c75b89db75f0a85c5f1dcc9d06149,con_04a4bbe5ef575c72b4ec49d601f24b71,partially_searched,2026-08-22,Audited exact-entity/site and archive search; no complete slate or choice source recovered.
edr_5c1c75b89db75f0a85c5f1dcc9d06149,con_099fbf24dd655a0e8b1720fbe2215a6a,partially_searched,2026-08-22,Audited exact-entity/site and archive search; no complete slate or choice source recovered.
edr_5c1c75b89db75f0a85c5f1dcc9d06149,con_09d3330e921d5e53ae19007709e75bf9,partially_searched,2026-08-22,Audited exact-entity/site and archive search; no complete slate or choice source recovered.
edr_5c1c75b89db75f0a85c5f1dcc9d06149,con_0a880ce7b6ad5bdaa2e2dc7b19601aa8,partially_searched,2026-08-22,Audited exact-entity/site and archive search; no complete slate or choice source recovered.
edr_5c1c75b89db75f0a85c5f1dcc9d06149,con_0b8c9e853efa5e3da86b0f1eff65589e,partially_searched,2026-08-22,Audited exact-entity/site and archive search; no complete slate or choice source recovered.
edr_5c1c75b89db75f0a85c5f1dcc9d06149,con_0d00ed8759a1559c82329352d94a7812,partially_searched,2026-08-21,current election searched through 2026-08-21
edr_5c1c75b89db75f0a85c5f1dcc9d06149,con_0d314382ba1a5d62b399c1eefc717cc1,partially_searched,2026-08-22,Audited exact-entity/site and archive search; no complete slate or choice source recovered.
edr_5c1c75b89db75f0a85c5f1dcc9d06149,con_0dc4d6b99efa5f32a8f36b24d080bb2d,partially_searched,2026-08-22,Audited exact-entity/site and archive search; no complete slate or choice source recovered.
edr_5c1c75b89db75f0a85c5f1dcc9d06149,con_107ad5f6c01f5d4389c8194358534375,partially_searched,2026-08-22,Audited exact-entity/site and archive search; no complete slate or choice source recovered.
edr_5c1c75b89db75f0a85c5f1dcc9d06149,con_11ea4a9756fd5bc4a466dc797994b068,partially_searched,2026-08-22,Audited exact-entity/site and archive search; no complete slate or choice source recovered.
edr_5c1c75b89db75f0a85c5f1dcc9d06149,con_13660de4bc485cc68e0744199d21cb46,partially_searched,2026-08-22,Audited exact-entity/site and archive search; no complete slate or choice source recovered.
edr_5c1c75b89db75f0a85c5f1dcc9d06149,con_147dca9e3758595d8766dc52d11a65f4,partially_searched,2026-08-22,Audited exact-entity/site and archive search; no complete slate or choice source recovered.
edr_5c1c75b89db75f0a85c5f1dcc9d06149,con_14cf7e0c0e4c578d9a2a0777404c36b1,partially_searched,2026-08-21,current election searched through 2026-08-21
edr_5c1c75b89db75f0a85c5f1dcc9d06149,con_16fad19349255393a28639cd62e83ae3,partially_searched,2026-08-22,Audited exact-entity/site and archive search; no complete slate or choice source recovered.
edr_5c1c75b89db75f0a85c5f1dcc9d06149,con_17593cee737354878c920526a9fa7afd,partially_searched,2026-08-22,Audited exact-entity/site and archive search; no complete slate or choice source recovered.
edr_5c1c75b89db75f0a85c5f1dcc9d06149,con_17c2e1a7404c5641823443ca7a6dcc10,partially_searched,2026-08-22,Audited exact-entity/site and archive search; no complete slate or choice source recovered.
edr_5c1c75b89db75f0a85c5f1dcc9d06149,con_17f69fde16cb514bb16fb6e361c07fff,partially_searched,2026-08-22,Audited exact-entity/site and archive search; no complete slate or choice source recovered.
edr_5c1c75b89db75f0a85c5f1dcc9d06149,con_18fc5604e3b45ef08d8af9b0813a1918,partially_searched,2026-08-22,Audited exact-entity/site and archive search; no complete slate or choice source recovered.
edr_5c1c75b89db75f0a85c5f1dcc9d06149,con_1969b3b6667f56549d1f35b90f606cbf,partially_searched,2026-08-22,Audited exact-entity/site and archive search; no complete slate or choice source recovered.
edr_5c1c75b89db75f0a85c5f1dcc9d06149,con_1a46b115b13d55619bcaf30903c183e3,partially_searched,2026-08-22,Audited exact-entity/site and archive search; no complete slate or choice source recovered.
edr_5c1c75b89db75f0a85c5f1dcc9d06149,con_1b8d99f619f758efb737805a20bcf6fb,partially_searched,2026-08-22,Audited exact-entity/site and archive search; no complete slate or choice source recovered.
edr_5c1c75b89db75f0a85c5f1dcc9d06149,con_1c0aff783cfb5ac995b40930229ffd15,partially_searched,2026-08-22,Audited exact-entity/site and archive search; no complete slate or choice source recovered.
edr_5c1c75b89db75f0a85c5f1dcc9d06149,con_1cf871058a8c5bc9a34c7dbdf6edca83,partially_searched,2026-08-22,Audited exact-entity/site and archive search; no complete slate or choice source recovered.
edr_5c1c75b89db75f0a85c5f1dcc9d06149,con_1e16e8a3edc55c77847b36d881fb8fe7,partially_searched,2026-08-22,Audited exact-entity/site and archive search; no complete slate or choice source recovered.
edr_5c1c75b89db75f0a85c5f1dcc9d06149,con_1fa443b3390f5d6691f7994877cf55c8,partially_searched,2026-08-22,Audited exact-entity/site and archive search; no complete slate or choice source recovered.
edr_5c1c75b89db75f0a85c5f1dcc9d06149,con_20589f7261325cd892231ed42321b3cf,partially_searched,2026-08-22,Audited exact-entity/site and archive search; no complete slate or choice source recovered.
edr_5c1c75b89db75f0a85c5f1dcc9d06149,con_2070d155d42250abac2e50baf8c6bf39,partially_searched,2026-08-22,Audited exact-entity/site and archive search; no complete slate or choice source recovered.
edr_5c1c75b89db75f0a85c5f1dcc9d06149,con_218bbbaab66c59bc8d0d747f3ae2fb3c,partially_searched,2026-08-22,Audited exact-entity/site and archive search; no complete slate or choice source recovered.
edr_5c1c75b89db75f0a85c5f1dcc9d06149,con_222bdce34cf75bbeb159589e8f46045b,partially_searched,2026-08-22,Audited exact-entity/site and archive search; no complete slate or choice source recovered.
edr_5c1c75b89db75f0a85c5f1dcc9d06149,con_2317176dbf5e5a4fab7fd65b16359ebd,partially_searched,2026-08-22,Audited exact-entity/site and archive search; no complete slate or choice source recovered.
edr_5c1c75b89db75f0a85c5f1dcc9d06149,con_25e09708c7c756b38cca57f2cf9f3b1e,partially_searched,2026-08-21,current election searched through 2026-08-21
edr_5c1c75b89db75f0a85c5f1dcc9d06149,con_25f46be8b0a857faa602e39531d4ed0c,partially_searched,2026-08-21,current election searched through 2026-08-21
edr_5c1c75b89db75f0a85c5f1dcc9d06149,con_272ca0eaeab656b89a5038bc74ad9988,partially_searched,2026-08-22,Audited exact-entity/site and archive search; no complete slate or choice source recovered.
edr_5c1c75b89db75f0a85c5f1dcc9d06149,con_27e80d547d0256149213a7e90956055b,partially_searched,2026-08-22,Audited exact-entity/site and archive search; no complete slate or choice source recovered.
edr_5c1c75b89db75f0a85c5f1dcc9d06149,con_2865d31031005dd897904c3f07e4d039,partially_searched,2026-08-22,Audited exact-entity/site and archive search; no complete slate or choice source recovered.
edr_5c1c75b89db75f0a85c5f1dcc9d06149,con_28b9bf4109765f57a3a7923479b37af9,partially_searched,2026-08-22,Audited exact-entity/site and archive search; no complete slate or choice source recovered.
edr_5c1c75b89db75f0a85c5f1dcc9d06149,con_29e8a0598b6d5fe18984bfe68b9d27f7,partially_searched,2026-08-21,current election searched through 2026-08-21
edr_5c1c75b89db75f0a85c5f1dcc9d06149,con_2befcc6536315440902962b270ad7f70,partially_searched,2026-08-22,Audited exact-entity/site and archive search; no complete slate or choice source recovered.
edr_5c1c75b89db75f0a85c5f1dcc9d06149,con_2bf1297cee4b5750992138d9da3c0dc0,partially_searched,2026-08-21,current election searched through 2026-08-21
edr_5c1c75b89db75f0a85c5f1dcc9d06149,con_2c0ca30fc75e51a3acf50c4693b1cc1b,partially_searched,2026-08-22,Audited exact-entity/site and archive search; no complete slate or choice source recovered.
edr_5c1c75b89db75f0a85c5f1dcc9d06149,con_2c70fd784be55c4794f8294a723dedb9,partially_searched,2026-08-22,Audited exact-entity/site and archive search; no complete slate or choice source recovered.
edr_5c1c75b89db75f0a85c5f1dcc9d06149,con_2c97298461635376899e36569d2c7be3,partially_searched,2026-08-22,Audited exact-entity/site and archive search; no complete slate or choice source recovered.
edr_5c1c75b89db75f0a85c5f1dcc9d06149,con_2ce79e4f63945b9b90a05c245e9382fc,partially_searched,2026-08-22,Audited exact-entity/site and archive search; no complete slate or choice source recovered.
edr_5c1c75b89db75f0a85c5f1dcc9d06149,con_2cf721e86d7a55de8cf53a0ae3f6413c,partially_searched,2026-08-22,Audited exact-entity/site and archive search; no complete slate or choice source recovered.
edr_5c1c75b89db75f0a85c5f1dcc9d06149,con_2d92299c561559d99eccb92c22f4eb47,partially_searched,2026-08-22,Audited exact-entity/site and archive search; no complete slate or choice source recovered.
edr_5c1c75b89db75f0a85c5f1dcc9d06149,con_2f43675e2c5c59b796fafde036252ed1,partially_searched,2026-08-22,Audited exact-entity/site and archive search; no complete slate or choice source recovered.
edr_5c1c75b89db75f0a85c5f1dcc9d06149,con_2f8a0c46b37950fd9149d9b62f1f0142,partially_searched,2026-08-22,Audited exact-entity/site and archive search; no complete slate or choice source recovered.
edr_5c1c75b89db75f0a85c5f1dcc9d06149,con_31d375f206cb5fe1955efa73ae9da43e,partially_searched,2026-08-22,Audited exact-entity/site and archive search; no complete slate or choice source recovered.
edr_5c1c75b89db75f0a85c5f1dcc9d06149,con_33da03ca4a1159089c55d78f4edd2bf3,partially_searched,2026-08-22,Audited exact-entity/site and archive search; no complete slate or choice source recovered.
edr_5c1c75b89db75f0a85c5f1dcc9d06149,con_34196d04855f52249d03362a5469c3c0,partially_searched,2026-08-21,current election searched through 2026-08-21
edr_5c1c75b89db75f0a85c5f1dcc9d06149,con_350f0c58a79a574d926206857445b2d9,partially_searched,2026-08-22,Audited exact-entity/site and archive search; no complete slate or choice source recovered.
edr_5c1c75b89db75f0a85c5f1dcc9d06149,con_35fc512b3ae2545fa6ff408778ae144d,partially_searched,2026-08-21,current election searched through 2026-08-21
edr_5c1c75b89db75f0a85c5f1dcc9d06149,con_368b196a6cf154a88c9f1275824dc99e,partially_searched,2026-08-21,current election searched through 2026-08-21
edr_5c1c75b89db75f0a85c5f1dcc9d06149,con_387d212e18c453e2a8eb298de5c374ff,partially_searched,2026-08-22,Audited exact-entity/site and archive search; no complete slate or choice source recovered.
edr_5c1c75b89db75f0a85c5f1dcc9d06149,con_393178f4fb765cd0bbeaa13d06dca32c,partially_searched,2026-08-22,Audited exact-entity/site and archive search; no complete slate or choice source recovered.
edr_5c1c75b89db75f0a85c5f1dcc9d06149,con_398774c449785307baa3822c581963e9,partially_searched,2026-08-22,Audited exact-entity/site and archive search; no complete slate or choice source recovered.
edr_5c1c75b89db75f0a85c5f1dcc9d06149,con_3a262cc7bf83579eae79ce2032ea06d1,partially_searched,2026-08-22,Audited exact-entity/site and archive search; no complete slate or choice source recovered.
edr_5c1c75b89db75f0a85c5f1dcc9d06149,con_3a43982e2a0450b2a3f4c5241f6965d8,partially_searched,2026-08-22,Audited exact-entity/site and archive search; no complete slate or choice source recovered.
edr_5c1c75b89db75f0a85c5f1dcc9d06149,con_3ae0da024263524d8e13691dbeeadc88,partially_searched,2026-08-22,Audited exact-entity/site and archive search; no complete slate or choice source recovered.
edr_5c1c75b89db75f0a85c5f1dcc9d06149,con_3c1699cb4b0257ae8cf61da26db0c160,partially_searched,2026-08-22,Audited exact-entity/site and archive search; no complete slate or choice source recovered.
edr_5c1c75b89db75f0a85c5f1dcc9d06149,con_3fc9df4b254c5eb6a2a7fb629a124bfb,partially_searched,2026-08-22,Audited exact-entity/site and archive search; no complete slate or choice source recovered.
edr_5c1c75b89db75f0a85c5f1dcc9d06149,con_3fd9226a06995ec78201f807f175b930,partially_searched,2026-08-22,Audited exact-entity/site and archive search; no complete slate or choice source recovered.
edr_5c1c75b89db75f0a85c5f1dcc9d06149,con_419d313f6cfc5451ba26ad4687222e83,partially_searched,2026-08-21,current election searched through 2026-08-21
edr_5c1c75b89db75f0a85c5f1dcc9d06149,con_43b57e74c0a454db9f5ed346b6fc7095,partially_searched,2026-08-22,Audited exact-entity/site and archive search; no complete slate or choice source recovered.
edr_5c1c75b89db75f0a85c5f1dcc9d06149,con_43f8a49a6b095ee8a38c2a1aa0477382,partially_searched,2026-08-22,Audited exact-entity/site and archive search; no complete slate or choice source recovered.
edr_5c1c75b89db75f0a85c5f1dcc9d06149,con_45eb3e143f1b5492b4652498c957ed6b,partially_searched,2026-08-22,Audited exact-entity/site and archive search; no complete slate or choice source recovered.
edr_5c1c75b89db75f0a85c5f1dcc9d06149,con_46f4af62ff4956f5b31ebec2e77229fa,partially_searched,2026-08-22,Audited exact-entity/site and archive search; no complete slate or choice source recovered.
edr_5c1c75b89db75f0a85c5f1dcc9d06149,con_46f7b754b02b57d0a651c417f9f0471d,partially_searched,2026-08-22,Audited exact-entity/site and archive search; no complete slate or choice source recovered.
edr_5c1c75b89db75f0a85c5f1dcc9d06149,con_47f9c6bba0165404a3fec5492a0940b3,partially_searched,2026-08-22,Audited exact-entity/site and archive search; no complete slate or choice source recovered.
edr_5c1c75b89db75f0a85c5f1dcc9d06149,con_4977aa6e0a865d788ed7ebf871e4027c,partially_searched,2026-08-22,Audited exact-entity/site and archive search; no complete slate or choice source recovered.
edr_5c1c75b89db75f0a85c5f1dcc9d06149,con_4a5af0945c9a5a01ae50e3a5ea61b3fb,partially_searched,2026-08-22,Audited exact-entity/site and archive search; no complete slate or choice source recovered.
edr_5c1c75b89db75f0a85c5f1dcc9d06149,con_4b3374ab9039564fa8ed1cedf493a0e3,partially_searched,2026-08-22,Audited exact-entity/site and archive search; no complete slate or choice source recovered.
edr_5c1c75b89db75f0a85c5f1dcc9d06149,con_4b6815e8c2e155d881aba7f21ad5b69b,partially_searched,2026-08-21,current election searched through 2026-08-21
edr_5c1c75b89db75f0a85c5f1dcc9d06149,con_4def6d4e85f85950babb9030e4eae0cb,partially_searched,2026-08-22,Audited exact-entity/site and archive search; no complete slate or choice source recovered.
edr_5c1c75b89db75f0a85c5f1dcc9d06149,con_4e3ebb6b13cb5d2396519f9df6fbdf4b,partially_searched,2026-08-22,Audited exact-entity/site and archive search; no complete slate or choice source recovered.
edr_5c1c75b89db75f0a85c5f1dcc9d06149,con_4e432b136b83537fb08e7e8485f4949c,partially_searched,2026-08-22,Audited exact-entity/site and archive search; no complete slate or choice source recovered.
edr_5c1c75b89db75f0a85c5f1dcc9d06149,con_4ead7aa21a905ad7bd1838cb33f37045,partially_searched,2026-08-22,Audited exact-entity/site and archive search; no complete slate or choice source recovered.
edr_5c1c75b89db75f0a85c5f1dcc9d06149,con_5161ebd9ab2b5c55bfcd6eef433082c9,partially_searched,2026-08-22,Audited exact-entity/site and archive search; no complete slate or choice source recovered.
edr_5c1c75b89db75f0a85c5f1dcc9d06149,con_5212e699e2ab537eaf63c23b0952d1a1,partially_searched,2026-08-21,current election searched through 2026-08-21
edr_5c1c75b89db75f0a85c5f1dcc9d06149,con_52f50431db92559f8d4391fb2e932f16,partially_searched,2026-08-22,Audited exact-entity/site and archive search; no complete slate or choice source recovered.
edr_5c1c75b89db75f0a85c5f1dcc9d06149,con_53468b4ee3c7510aba4d708f584951a9,comprehensive_source_found,2026-08-21,explicit choice source recovered
edr_5c1c75b89db75f0a85c5f1dcc9d06149,con_5394ec9f2261502eb1947c064bfdaf8a,partially_searched,2026-08-21,current election searched through 2026-08-21
edr_5c1c75b89db75f0a85c5f1dcc9d06149,con_54d4d8b5d91f5df5ba8bfdf9c61296af,partially_searched,2026-08-22,Audited exact-entity/site and archive search; no complete slate or choice source recovered.
edr_5c1c75b89db75f0a85c5f1dcc9d06149,con_5587a8b9ae37546eb39a67333b5011ed,partially_searched,2026-08-22,Audited exact-entity/site and archive search; no complete slate or choice source recovered.
edr_5c1c75b89db75f0a85c5f1dcc9d06149,con_55f5230db0d85c499ce7cea0ce379f5f,partially_searched,2026-08-22,Audited exact-entity/site and archive search; no complete slate or choice source recovered.
edr_5c1c75b89db75f0a85c5f1dcc9d06149,con_579cae8a3fa455a7a3e68d1b1900fffa,partially_searched,2026-08-22,Audited exact-entity/site and archive search; no complete slate or choice source recovered.
edr_5c1c75b89db75f0a85c5f1dcc9d06149,con_59aa1ee85e2d51ca8dee4338d37665c2,partially_searched,2026-08-22,Audited exact-entity/site and archive search; no complete slate or choice source recovered.
edr_5c1c75b89db75f0a85c5f1dcc9d06149,con_59bfad1b37305c63a378a4614deb11ae,partially_searched,2026-08-22,Audited exact-entity/site and archive search; no complete slate or choice source recovered.
edr_5c1c75b89db75f0a85c5f1dcc9d06149,con_5ae0589c69375400b18fd5960241eeac,partially_searched,2026-08-21,current election searched through 2026-08-21
edr_5c1c75b89db75f0a85c5f1dcc9d06149,con_5babda81dd6351a28a423340a03b5d8a,partially_searched,2026-08-22,Audited exact-entity/site and archive search; no complete slate or choice source recovered.
edr_5c1c75b89db75f0a85c5f1dcc9d06149,con_5c4da484552c546aaff98277d675d594,partially_searched,2026-08-22,Audited exact-entity/site and archive search; no complete slate or choice source recovered.
edr_5c1c75b89db75f0a85c5f1dcc9d06149,con_5c8144ae39615a3189a3691c99c5ea4e,partially_searched,2026-08-22,Audited exact-entity/site and archive search; no complete slate or choice source recovered.
edr_5c1c75b89db75f0a85c5f1dcc9d06149,con_5cb64f68c501559d960b05fb29843745,partially_searched,2026-08-22,Audited exact-entity/site and archive search; no complete slate or choice source recovered.
edr_5c1c75b89db75f0a85c5f1dcc9d06149,con_5d8609e7e7f4584ea28ad032690bdae8,partially_searched,2026-08-22,Audited exact-entity/site and archive search; no complete slate or choice source recovered.
edr_5c1c75b89db75f0a85c5f1dcc9d06149,con_5f814673ab4050e5b50e46685dbfbecb,partially_searched,2026-08-22,Audited exact-entity/site and archive search; no complete slate or choice source recovered.
edr_5c1c75b89db75f0a85c5f1dcc9d06149,con_610d1afaa15d592eb956835f8fd51600,partially_searched,2026-08-22,Audited exact-entity/site and archive search; no complete slate or choice source recovered.
edr_5c1c75b89db75f0a85c5f1dcc9d06149,con_612115bf42b450d3aeb63bb430d3aec9,partially_searched,2026-08-22,Audited exact-entity/site and archive search; no complete slate or choice source recovered.
edr_5c1c75b89db75f0a85c5f1dcc9d06149,con_6131490bb0d75b1ba4033e2284df71f8,partially_searched,2026-08-22,Audited exact-entity/site and archive search; no complete slate or choice source recovered.
edr_5c1c75b89db75f0a85c5f1dcc9d06149,con_61eed2bcd6ce5343bea274fe8a8028bc,partially_searched,2026-08-22,Audited exact-entity/site and archive search; no complete slate or choice source recovered.
edr_5c1c75b89db75f0a85c5f1dcc9d06149,con_622c2ee026875ae4ac60200b1559e8f6,partially_searched,2026-08-22,Audited exact-entity/site and archive search; no complete slate or choice source recovered.
edr_5c1c75b89db75f0a85c5f1dcc9d06149,con_6240f694b6ce5307a2126a9103153475,partially_searched,2026-08-22,Audited exact-entity/site and archive search; no complete slate or choice source recovered.
edr_5c1c75b89db75f0a85c5f1dcc9d06149,con_636fab9611ed540ebff54ad772a1827d,partially_searched,2026-08-22,Audited exact-entity/site and archive search; no complete slate or choice source recovered.
edr_5c1c75b89db75f0a85c5f1dcc9d06149,con_639f022801275cedb8f9b4fe82711ae3,partially_searched,2026-08-22,Audited exact-entity/site and archive search; no complete slate or choice source recovered.
edr_5c1c75b89db75f0a85c5f1dcc9d06149,con_643801dc921651c3a1ef5d96772fb13d,partially_searched,2026-08-22,Audited exact-entity/site and archive search; no complete slate or choice source recovered.
edr_5c1c75b89db75f0a85c5f1dcc9d06149,con_6629fd920f2b5a8d9b7959fafdd04a1a,partially_searched,2026-08-22,Audited exact-entity/site and archive search; no complete slate or choice source recovered.
edr_5c1c75b89db75f0a85c5f1dcc9d06149,con_662d709bee42574392549fc786efea0d,partially_searched,2026-08-22,Audited exact-entity/site and archive search; no complete slate or choice source recovered.
edr_5c1c75b89db75f0a85c5f1dcc9d06149,con_67daf6d284a75ecc8b775a05a871a58e,partially_searched,2026-08-21,current election searched through 2026-08-21
edr_5c1c75b89db75f0a85c5f1dcc9d06149,con_680464772a025da6aa5eaf650cefb52a,partially_searched,2026-08-22,Audited exact-entity/site and archive search; no complete slate or choice source recovered.
edr_5c1c75b89db75f0a85c5f1dcc9d06149,con_6821258c9f7f598e829c8617b8765c25,partially_searched,2026-08-22,Audited exact-entity/site and archive search; no complete slate or choice source recovered.
edr_5c1c75b89db75f0a85c5f1dcc9d06149,con_6a1f4d7470675d869b3b11aede0812f2,partially_searched,2026-08-22,Audited exact-entity/site and archive search; no complete slate or choice source recovered.
edr_5c1c75b89db75f0a85c5f1dcc9d06149,con_6ba310e4ba695121835a4fde58144a47,partially_searched,2026-08-21,current election searched through 2026-08-21
edr_5c1c75b89db75f0a85c5f1dcc9d06149,con_6beb6fc4da14503aa70fa94b8fe0b600,partially_searched,2026-08-22,Audited exact-entity/site and archive search; no complete slate or choice source recovered.
edr_5c1c75b89db75f0a85c5f1dcc9d06149,con_6c708130eaa15c9080cc3cd3a207f63b,partially_searched,2026-08-22,Audited exact-entity/site and archive search; no complete slate or choice source recovered.
edr_5c1c75b89db75f0a85c5f1dcc9d06149,con_6d24ced99da9539aaaad476a9a2747f4,partially_searched,2026-08-22,Audited exact-entity/site and archive search; no complete slate or choice source recovered.
edr_5c1c75b89db75f0a85c5f1dcc9d06149,con_6d7f00a8037754c0a6f34579bee44966,partially_searched,2026-08-22,Audited exact-entity/site and archive search; no complete slate or choice source recovered.
edr_5c1c75b89db75f0a85c5f1dcc9d06149,con_6efbf1ffbfee5e2cb5f5fab52dd98a91,partially_searched,2026-08-21,current election searched through 2026-08-21
edr_5c1c75b89db75f0a85c5f1dcc9d06149,con_6fd864aec40c5bbc9f3eb32d2e9e4379,partially_searched,2026-08-22,Audited exact-entity/site and archive search; no complete slate or choice source recovered.
edr_5c1c75b89db75f0a85c5f1dcc9d06149,con_719e754cd3eb5a8abbc6e78d6413ff60,partially_searched,2026-08-21,current election searched through 2026-08-21
edr_5c1c75b89db75f0a85c5f1dcc9d06149,con_727f839c8adc5531bd874edb6b663c05,partially_searched,2026-08-22,Audited exact-entity/site and archive search; no complete slate or choice source recovered.
edr_5c1c75b89db75f0a85c5f1dcc9d06149,con_744dd2f798b8521e8de9693750f474d2,partially_searched,2026-08-22,Audited exact-entity/site and archive search; no complete slate or choice source recovered.
edr_5c1c75b89db75f0a85c5f1dcc9d06149,con_76db9d7d1989548fadeac8b8116dc357,partially_searched,2026-08-22,Audited exact-entity/site and archive search; no complete slate or choice source recovered.
edr_5c1c75b89db75f0a85c5f1dcc9d06149,con_778d3d5e612151bcb14703a9f987556d,partially_searched,2026-08-22,Audited exact-entity/site and archive search; no complete slate or choice source recovered.
edr_5c1c75b89db75f0a85c5f1dcc9d06149,con_77f42d0ca0a15c57a01b5579fef4625a,partially_searched,2026-08-22,Audited exact-entity/site and archive search; no complete slate or choice source recovered.
edr_5c1c75b89db75f0a85c5f1dcc9d06149,con_79a0aa63063d5dd6a5a2ed28c29ecec1,partially_searched,2026-08-22,Audited exact-entity/site and archive search; no complete slate or choice source recovered.
edr_5c1c75b89db75f0a85c5f1dcc9d06149,con_7a4043e26d4256e78ee3861fb81e718a,partially_searched,2026-08-22,Audited exact-entity/site and archive search; no complete slate or choice source recovered.
edr_5c1c75b89db75f0a85c5f1dcc9d06149,con_7acbde45d7355dbeb5327c8eff9039ed,partially_searched,2026-08-22,Audited exact-entity/site and archive search; no complete slate or choice source recovered.
edr_5c1c75b89db75f0a85c5f1dcc9d06149,con_7b92b7a12bbf5240a728cbe9d42aa420,partially_searched,2026-08-22,Audited exact-entity/site and archive search; no complete slate or choice source recovered.
edr_5c1c75b89db75f0a85c5f1dcc9d06149,con_7bbdc7e302705fee987b1ebca87ef16d,partially_searched,2026-08-22,Audited exact-entity/site and archive search; no complete slate or choice source recovered.
edr_5c1c75b89db75f0a85c5f1dcc9d06149,con_7d07021e53b35a609a75560232a15fd1,partially_searched,2026-08-22,Audited exact-entity/site and archive search; no complete slate or choice source recovered.
edr_5c1c75b89db75f0a85c5f1dcc9d06149,con_7e6cf2fd75ba560a900bb024e72fe99c,partially_searched,2026-08-22,Audited exact-entity/site and archive search; no complete slate or choice source recovered.
edr_5c1c75b89db75f0a85c5f1dcc9d06149,con_7eba7d2b2ccb57e5aa6ab13c307b2517,partially_searched,2026-08-22,Audited exact-entity/site and archive search; no complete slate or choice source recovered.
edr_5c1c75b89db75f0a85c5f1dcc9d06149,con_7ee43d0beaab558c9788d151bbd8d067,partially_searched,2026-08-22,Audited exact-entity/site and archive search; no complete slate or choice source recovered.
edr_5c1c75b89db75f0a85c5f1dcc9d06149,con_802f842541d15d899e8f6acf3b86ae45,partially_searched,2026-08-22,Audited exact-entity/site and archive search; no complete slate or choice source recovered.
edr_5c1c75b89db75f0a85c5f1dcc9d06149,con_810611751acb5e86ab30b3277e7e6dad,partially_searched,2026-08-22,Audited exact-entity/site and archive search; no complete slate or choice source recovered.
edr_5c1c75b89db75f0a85c5f1dcc9d06149,con_8283f00fca6855af9a0a63e550482bda,partially_searched,2026-08-22,Audited exact-entity/site and archive search; no complete slate or choice source recovered.
edr_5c1c75b89db75f0a85c5f1dcc9d06149,con_82f64d71deda5204bf8ba5ab710c21e6,partially_searched,2026-08-22,Audited exact-entity/site and archive search; no complete slate or choice source recovered.
edr_5c1c75b89db75f0a85c5f1dcc9d06149,con_8322c67bf27e5374a4da8de81ef663fc,partially_searched,2026-08-21,current election searched through 2026-08-21
edr_5c1c75b89db75f0a85c5f1dcc9d06149,con_834d568760e15dcdb0b423512c33fe9c,partially_searched,2026-08-22,Audited exact-entity/site and archive search; no complete slate or choice source recovered.
edr_5c1c75b89db75f0a85c5f1dcc9d06149,con_83ded5c17ed75ca788f320a13b17dd08,partially_searched,2026-08-22,Audited exact-entity/site and archive search; no complete slate or choice source recovered.
edr_5c1c75b89db75f0a85c5f1dcc9d06149,con_845cf9eb2c1b5ed6b35801d45f86cd82,partially_searched,2026-08-22,Audited exact-entity/site and archive search; no complete slate or choice source recovered.
edr_5c1c75b89db75f0a85c5f1dcc9d06149,con_849867f583195ad38c77941612883bd9,partially_searched,2026-08-22,Audited exact-entity/site and archive search; no complete slate or choice source recovered.
edr_5c1c75b89db75f0a85c5f1dcc9d06149,con_86779f733e9f58e78227d4c49c260033,partially_searched,2026-08-22,Audited exact-entity/site and archive search; no complete slate or choice source recovered.
edr_5c1c75b89db75f0a85c5f1dcc9d06149,con_86a1f5b3235452b4a3cb3b3297e4dd51,partially_searched,2026-08-22,Audited exact-entity/site and archive search; no complete slate or choice source recovered.
edr_5c1c75b89db75f0a85c5f1dcc9d06149,con_88a17b76344c50ba9a3a118dd558c185,partially_searched,2026-08-22,Audited exact-entity/site and archive search; no complete slate or choice source recovered.
edr_5c1c75b89db75f0a85c5f1dcc9d06149,con_88f5ccc6b744588da3d07590c5dca974,partially_searched,2026-08-22,Audited exact-entity/site and archive search; no complete slate or choice source recovered.
edr_5c1c75b89db75f0a85c5f1dcc9d06149,con_899c01be1cc951dfb79010a2fbd8ad10,partially_searched,2026-08-22,Audited exact-entity/site and archive search; no complete slate or choice source recovered.
edr_5c1c75b89db75f0a85c5f1dcc9d06149,con_8a8efa738bef57fc9329489f768529c9,partially_searched,2026-08-22,Audited exact-entity/site and archive search; no complete slate or choice source recovered.
edr_5c1c75b89db75f0a85c5f1dcc9d06149,con_8b4a03ef5a3c55c4ab20662c886b31a7,partially_searched,2026-08-22,Audited exact-entity/site and archive search; no complete slate or choice source recovered.
edr_5c1c75b89db75f0a85c5f1dcc9d06149,con_8c969ca3bbbb537382be9d4ed8dd7697,partially_searched,2026-08-22,Audited exact-entity/site and archive search; no complete slate or choice source recovered.
edr_5c1c75b89db75f0a85c5f1dcc9d06149,con_8d2d5f08a1095a14abbcb526483a3aa0,partially_searched,2026-08-22,Audited exact-entity/site and archive search; no complete slate or choice source recovered.
edr_5c1c75b89db75f0a85c5f1dcc9d06149,con_90b9ffb191415b13a8c7f334ef771513,partially_searched,2026-08-22,Audited exact-entity/site and archive search; no complete slate or choice source recovered.
edr_5c1c75b89db75f0a85c5f1dcc9d06149,con_91f80636385c5df5b2d409f9c9b389ed,partially_searched,2026-08-22,Audited exact-entity/site and archive search; no complete slate or choice source recovered.
edr_5c1c75b89db75f0a85c5f1dcc9d06149,con_922d425132ad5243b459c0ca40a6dcd9,partially_searched,2026-08-22,Audited exact-entity/site and archive search; no complete slate or choice source recovered.
edr_5c1c75b89db75f0a85c5f1dcc9d06149,con_9250eb2b2609550597520e68352ac56a,comprehensive_source_found,2026-08-21,explicit choice source recovered
edr_5c1c75b89db75f0a85c5f1dcc9d06149,con_945161409a0450f29e351ff3f263f815,partially_searched,2026-08-22,Audited exact-entity/site and archive search; no complete slate or choice source recovered.
edr_5c1c75b89db75f0a85c5f1dcc9d06149,con_9473b9c31bb55e62ac4432451881acf1,partially_searched,2026-08-22,Audited exact-entity/site and archive search; no complete slate or choice source recovered.
edr_5c1c75b89db75f0a85c5f1dcc9d06149,con_9476d4c41a7d5fa48b97b47e28f9305d,partially_searched,2026-08-22,Audited exact-entity/site and archive search; no complete slate or choice source recovered.
edr_5c1c75b89db75f0a85c5f1dcc9d06149,con_95ce62f8d45154c7836ec0372d2a416e,partially_searched,2026-08-22,Audited exact-entity/site and archive search; no complete slate or choice source recovered.
edr_5c1c75b89db75f0a85c5f1dcc9d06149,con_95ddf0ee07b85a9da9038f871eeefaba,partially_searched,2026-08-22,Audited exact-entity/site and archive search; no complete slate or choice source recovered.
edr_5c1c75b89db75f0a85c5f1dcc9d06149,con_98fc649f10ee5100a44520c1500dfac9,partially_searched,2026-08-22,Audited exact-entity/site and archive search; no complete slate or choice source recovered.
edr_5c1c75b89db75f0a85c5f1dcc9d06149,con_990816d2030b592787bdf4a19382627f,partially_searched,2026-08-22,Audited exact-entity/site and archive search; no complete slate or choice source recovered.
edr_5c1c75b89db75f0a85c5f1dcc9d06149,con_99b9fbf5df5f504eb0906d1c2b113d63,partially_searched,2026-08-22,Audited exact-entity/site and archive search; no complete slate or choice source recovered.
edr_5c1c75b89db75f0a85c5f1dcc9d06149,con_9d346093453659cba5591e6e2efd506a,partially_searched,2026-08-22,Audited exact-entity/site and archive search; no complete slate or choice source recovered.
edr_5c1c75b89db75f0a85c5f1dcc9d06149,con_9e0a04dcf1245155b6f1fd50c6a83e99,partially_searched,2026-08-22,Audited exact-entity/site and archive search; no complete slate or choice source recovered.
edr_5c1c75b89db75f0a85c5f1dcc9d06149,con_a060705663a15882b307108144aa8720,partially_searched,2026-08-22,Audited exact-entity/site and archive search; no complete slate or choice source recovered.
edr_5c1c75b89db75f0a85c5f1dcc9d06149,con_a160a05c9e3e5dd7b972cd5c16d456b0,partially_searched,2026-08-22,Audited exact-entity/site and archive search; no complete slate or choice source recovered.
edr_5c1c75b89db75f0a85c5f1dcc9d06149,con_a1f3f1e6009c53c7a9cbb88e7e2346c0,partially_searched,2026-08-22,Audited exact-entity/site and archive search; no complete slate or choice source recovered.
edr_5c1c75b89db75f0a85c5f1dcc9d06149,con_a3ad5138021a51309ade19f0cbc4ebe1,partially_searched,2026-08-22,Audited exact-entity/site and archive search; no complete slate or choice source recovered.
edr_5c1c75b89db75f0a85c5f1dcc9d06149,con_a46853faf8a85598b55614ee5bfc99e2,partially_searched,2026-08-22,Audited exact-entity/site and archive search; no complete slate or choice source recovered.
edr_5c1c75b89db75f0a85c5f1dcc9d06149,con_a548943febc15683bb34e547001ee6e7,partially_searched,2026-08-22,Audited exact-entity/site and archive search; no complete slate or choice source recovered.
edr_5c1c75b89db75f0a85c5f1dcc9d06149,con_a62a387b9ca8511db50248d4738f3eea,partially_searched,2026-08-22,Audited exact-entity/site and archive search; no complete slate or choice source recovered.
edr_5c1c75b89db75f0a85c5f1dcc9d06149,con_ab103b8f3a915dd0b0131abea73fad5c,partially_searched,2026-08-22,Audited exact-entity/site and archive search; no complete slate or choice source recovered.
edr_5c1c75b89db75f0a85c5f1dcc9d06149,con_abe0e1350e7856ad9a70ffdc75dd84f2,partially_searched,2026-08-22,Audited exact-entity/site and archive search; no complete slate or choice source recovered.
edr_5c1c75b89db75f0a85c5f1dcc9d06149,con_ac0a746327ea57b39ba13add8456bbd3,partially_searched,2026-08-22,Audited exact-entity/site and archive search; no complete slate or choice source recovered.
edr_5c1c75b89db75f0a85c5f1dcc9d06149,con_ac347f98e5715159b3adecf8debcbde8,partially_searched,2026-08-22,Audited exact-entity/site and archive search; no complete slate or choice source recovered.
edr_5c1c75b89db75f0a85c5f1dcc9d06149,con_ae44722023c153d7a460278c9b621435,partially_searched,2026-08-22,Audited exact-entity/site and archive search; no complete slate or choice source recovered.
edr_5c1c75b89db75f0a85c5f1dcc9d06149,con_af1f1cbea2a15cf4899bdd37d9fc80f7,partially_searched,2026-08-22,Audited exact-entity/site and archive search; no complete slate or choice source recovered.
edr_5c1c75b89db75f0a85c5f1dcc9d06149,con_b123ac953da1590ebb8bca29f5eb3bdc,partially_searched,2026-08-22,Audited exact-entity/site and archive search; no complete slate or choice source recovered.
edr_5c1c75b89db75f0a85c5f1dcc9d06149,con_b1ec123602ab559c939e1aa02badcd71,partially_searched,2026-08-22,Audited exact-entity/site and archive search; no complete slate or choice source recovered.
edr_5c1c75b89db75f0a85c5f1dcc9d06149,con_b4c70c0c6f465c4091dce97cbbd286b3,partially_searched,2026-08-22,Audited exact-entity/site and archive search; no complete slate or choice source recovered.
edr_5c1c75b89db75f0a85c5f1dcc9d06149,con_b592d84a34965294a78c84c50bab4ddb,partially_searched,2026-08-22,Audited exact-entity/site and archive search; no complete slate or choice source recovered.
edr_5c1c75b89db75f0a85c5f1dcc9d06149,con_b5ffb866cf475caca42769d641deb4a7,partially_searched,2026-08-22,Audited exact-entity/site and archive search; no complete slate or choice source recovered.
edr_5c1c75b89db75f0a85c5f1dcc9d06149,con_b6bdff47e14a590897fb7531e91999d1,partially_searched,2026-08-22,Audited exact-entity/site and archive search; no complete slate or choice source recovered.
edr_5c1c75b89db75f0a85c5f1dcc9d06149,con_b7158aa7285c513f8255b4f87166c723,partially_searched,2026-08-22,Audited exact-entity/site and archive search; no complete slate or choice source recovered.
edr_5c1c75b89db75f0a85c5f1dcc9d06149,con_b93d69f083ed511ab264f38cc1d8b94c,comprehensive_source_found,2026-08-21,explicit choice source recovered
edr_5c1c75b89db75f0a85c5f1dcc9d06149,con_b9bda7a65c8a5e03a69746d0072f95c1,partially_searched,2026-08-22,Audited exact-entity/site and archive search; no complete slate or choice source recovered.
edr_5c1c75b89db75f0a85c5f1dcc9d06149,con_bab4f35c5b9a51da935131d5c790bddf,partially_searched,2026-08-22,Audited exact-entity/site and archive search; no complete slate or choice source recovered.
edr_5c1c75b89db75f0a85c5f1dcc9d06149,con_bb2bdc05e1365857b524a0a6596b48d5,partially_searched,2026-08-22,Audited exact-entity/site and archive search; no complete slate or choice source recovered.
edr_5c1c75b89db75f0a85c5f1dcc9d06149,con_bcc3da3d377f5fd3bb1d8a0c3ad7160b,partially_searched,2026-08-22,Audited exact-entity/site and archive search; no complete slate or choice source recovered.
edr_5c1c75b89db75f0a85c5f1dcc9d06149,con_bd42720679895e8eb848ffc148979026,partially_searched,2026-08-21,current election searched through 2026-08-21
edr_5c1c75b89db75f0a85c5f1dcc9d06149,con_bdb4bceb8d3d535e9d9284d19bf99bb0,partially_searched,2026-08-22,Audited exact-entity/site and archive search; no complete slate or choice source recovered.
edr_5c1c75b89db75f0a85c5f1dcc9d06149,con_be2d96cb623553cdbd79b303f9576bda,partially_searched,2026-08-22,Audited exact-entity/site and archive search; no complete slate or choice source recovered.
edr_5c1c75b89db75f0a85c5f1dcc9d06149,con_be3ee1a1a31f533885cbb71a268beda9,partially_searched,2026-08-22,Audited exact-entity/site and archive search; no complete slate or choice source recovered.
edr_5c1c75b89db75f0a85c5f1dcc9d06149,con_bf4b3cd94fcd50ba8d2259a6df440a17,partially_searched,2026-08-22,Audited exact-entity/site and archive search; no complete slate or choice source recovered.
edr_5c1c75b89db75f0a85c5f1dcc9d06149,con_bf589c2ec43c513aa964b64309534ac6,partially_searched,2026-08-22,Audited exact-entity/site and archive search; no complete slate or choice source recovered.
edr_5c1c75b89db75f0a85c5f1dcc9d06149,con_c44af6fcb9ff527e8974217b3d633af1,partially_searched,2026-08-22,Audited exact-entity/site and archive search; no complete slate or choice source recovered.
edr_5c1c75b89db75f0a85c5f1dcc9d06149,con_c49857c2f0a6591fa165be262c38930c,partially_searched,2026-08-22,Audited exact-entity/site and archive search; no complete slate or choice source recovered.
edr_5c1c75b89db75f0a85c5f1dcc9d06149,con_c4de914fc9f15a3cab65125ee118d9c8,partially_searched,2026-08-22,Audited exact-entity/site and archive search; no complete slate or choice source recovered.
edr_5c1c75b89db75f0a85c5f1dcc9d06149,con_c555f2e9b45051a8b960bdbb0ac6080a,partially_searched,2026-08-22,Audited exact-entity/site and archive search; no complete slate or choice source recovered.
edr_5c1c75b89db75f0a85c5f1dcc9d06149,con_c57f0385335559e696305e7d4e632b40,partially_searched,2026-08-22,Audited exact-entity/site and archive search; no complete slate or choice source recovered.
edr_5c1c75b89db75f0a85c5f1dcc9d06149,con_c59d97019dab554698aea8cb6eeb469a,partially_searched,2026-08-22,Audited exact-entity/site and archive search; no complete slate or choice source recovered.
edr_5c1c75b89db75f0a85c5f1dcc9d06149,con_c637e2ad153c516eb79ab5edb84161f8,partially_searched,2026-08-22,Audited exact-entity/site and archive search; no complete slate or choice source recovered.
edr_5c1c75b89db75f0a85c5f1dcc9d06149,con_c686b3ad3bd059d78db8cc44229817a0,partially_searched,2026-08-22,Audited exact-entity/site and archive search; no complete slate or choice source recovered.
edr_5c1c75b89db75f0a85c5f1dcc9d06149,con_c713b29e028a582893ad021c4a2b8546,partially_searched,2026-08-22,Audited exact-entity/site and archive search; no complete slate or choice source recovered.
edr_5c1c75b89db75f0a85c5f1dcc9d06149,con_c760f9c404835bb595e5671cf893c340,partially_searched,2026-08-22,Audited exact-entity/site and archive search; no complete slate or choice source recovered.
edr_5c1c75b89db75f0a85c5f1dcc9d06149,con_c85783d7c9a4550bae21b8e14f2ff992,partially_searched,2026-08-22,Audited exact-entity/site and archive search; no complete slate or choice source recovered.
edr_5c1c75b89db75f0a85c5f1dcc9d06149,con_c8883aeeac29529eada91aebc451242b,partially_searched,2026-08-22,Audited exact-entity/site and archive search; no complete slate or choice source recovered.
edr_5c1c75b89db75f0a85c5f1dcc9d06149,con_c8a9dfe07ee5545eb20e21d12773c57e,partially_searched,2026-08-22,Audited exact-entity/site and archive search; no complete slate or choice source recovered.
edr_5c1c75b89db75f0a85c5f1dcc9d06149,con_c90c50ce5e7c59dbaf6f3fb8efe575fd,partially_searched,2026-08-22,Audited exact-entity/site and archive search; no complete slate or choice source recovered.
edr_5c1c75b89db75f0a85c5f1dcc9d06149,con_ca1753a2e9eb53b396a948ee50167f03,partially_searched,2026-08-22,Audited exact-entity/site and archive search; no complete slate or choice source recovered.
edr_5c1c75b89db75f0a85c5f1dcc9d06149,con_caa23fae586656b2bab11ee711073a2c,partially_searched,2026-08-22,Audited exact-entity/site and archive search; no complete slate or choice source recovered.
edr_5c1c75b89db75f0a85c5f1dcc9d06149,con_cb4eea0a3dc657cc990d4fa53b4ae76f,partially_searched,2026-08-21,current election searched through 2026-08-21
edr_5c1c75b89db75f0a85c5f1dcc9d06149,con_cceb1911b8545151a85313ea9045fdd6,partially_searched,2026-08-22,Audited exact-entity/site and archive search; no complete slate or choice source recovered.
edr_5c1c75b89db75f0a85c5f1dcc9d06149,con_ced450846b2e53ec8391a1a85ae3e75f,partially_searched,2026-08-21,current election searched through 2026-08-21
edr_5c1c75b89db75f0a85c5f1dcc9d06149,con_d0cb7c26d6e55def83cde1da2c9bc8c5,partially_searched,2026-08-22,Audited exact-entity/site and archive search; no complete slate or choice source recovered.
edr_5c1c75b89db75f0a85c5f1dcc9d06149,con_d100fd7c171150b8b18125987b174c3d,partially_searched,2026-08-22,Audited exact-entity/site and archive search; no complete slate or choice source recovered.
edr_5c1c75b89db75f0a85c5f1dcc9d06149,con_d18675753b8f580c8834170f374d1e7c,partially_searched,2026-08-22,Audited exact-entity/site and archive search; no complete slate or choice source recovered.
edr_5c1c75b89db75f0a85c5f1dcc9d06149,con_d3ecc496be285eebb80559abe5d5f9f1,partially_searched,2026-08-22,Audited exact-entity/site and archive search; no complete slate or choice source recovered.
edr_5c1c75b89db75f0a85c5f1dcc9d06149,con_d42434b7f93353e6b9eeb64711b54648,partially_searched,2026-08-22,Audited exact-entity/site and archive search; no complete slate or choice source recovered.
edr_5c1c75b89db75f0a85c5f1dcc9d06149,con_d4f2ce7b93c75f4ca9c7bc73a4ba2a30,partially_searched,2026-08-22,Audited exact-entity/site and archive search; no complete slate or choice source recovered.
edr_5c1c75b89db75f0a85c5f1dcc9d06149,con_d5af05a065045bf9adaf30847252c957,partially_searched,2026-08-22,Audited exact-entity/site and archive search; no complete slate or choice source recovered.
edr_5c1c75b89db75f0a85c5f1dcc9d06149,con_d61412ebefff5d2b8bc9183244150abf,partially_searched,2026-08-22,Audited exact-entity/site and archive search; no complete slate or choice source recovered.
edr_5c1c75b89db75f0a85c5f1dcc9d06149,con_d69bc70f79a45bf397b2a657aa858e50,partially_searched,2026-08-22,Audited exact-entity/site and archive search; no complete slate or choice source recovered.
edr_5c1c75b89db75f0a85c5f1dcc9d06149,con_d6f7b1cb92f959ab9408dbb936bcf2ff,partially_searched,2026-08-22,Audited exact-entity/site and archive search; no complete slate or choice source recovered.
edr_5c1c75b89db75f0a85c5f1dcc9d06149,con_d7ff0d7faa695e15b19ef05eaf2a93f5,not_applicable,2026-08-21,Contest predates the Endorser eligibility window
edr_5c1c75b89db75f0a85c5f1dcc9d06149,con_d8e03f953ae157089237a1febc263587,partially_searched,2026-08-22,Audited exact-entity/site and archive search; no complete slate or choice source recovered.
edr_5c1c75b89db75f0a85c5f1dcc9d06149,con_d9eeb6c962c854b58be1e179e2168cb1,partially_searched,2026-08-22,Audited exact-entity/site and archive search; no complete slate or choice source recovered.
edr_5c1c75b89db75f0a85c5f1dcc9d06149,con_da88824c2975511d9432812d4988c9d5,partially_searched,2026-08-22,Audited exact-entity/site and archive search; no complete slate or choice source recovered.
edr_5c1c75b89db75f0a85c5f1dcc9d06149,con_db6acf978ec15e2c9ac0230649ef0609,partially_searched,2026-08-22,Audited exact-entity/site and archive search; no complete slate or choice source recovered.
edr_5c1c75b89db75f0a85c5f1dcc9d06149,con_dbcfe2c3a43b5de292d63146a94cd52b,partially_searched,2026-08-21,current election searched through 2026-08-21
edr_5c1c75b89db75f0a85c5f1dcc9d06149,con_e0aab60f6a3e50d59f1f09a1742a2ddd,comprehensive_source_found,2026-08-21,explicit choice source recovered
edr_5c1c75b89db75f0a85c5f1dcc9d06149,con_e14c9528646b58ba89bddde54ae0f23e,partially_searched,2026-08-22,Audited exact-entity/site and archive search; no complete slate or choice source recovered.
edr_5c1c75b89db75f0a85c5f1dcc9d06149,con_e230d66a67245cd08a806de4208d288b,partially_searched,2026-08-22,Audited exact-entity/site and archive search; no complete slate or choice source recovered.
edr_5c1c75b89db75f0a85c5f1dcc9d06149,con_e2f423965407516280c8b3af41b9f5cf,partially_searched,2026-08-22,Audited exact-entity/site and archive search; no complete slate or choice source recovered.
edr_5c1c75b89db75f0a85c5f1dcc9d06149,con_e358c35644bd5b94b662f1e211fbc70e,partially_searched,2026-08-22,Audited exact-entity/site and archive search; no complete slate or choice source recovered.
edr_5c1c75b89db75f0a85c5f1dcc9d06149,con_e3987d425526548a844f6d73b662eac3,partially_searched,2026-08-22,Audited exact-entity/site and archive search; no complete slate or choice source recovered.
edr_5c1c75b89db75f0a85c5f1dcc9d06149,con_e3ed783f131d579d8718d34c15675901,partially_searched,2026-08-22,Audited exact-entity/site and archive search; no complete slate or choice source recovered.
edr_5c1c75b89db75f0a85c5f1dcc9d06149,con_e3f1226fd27e5ec6bf5d96a8439cc26a,partially_searched,2026-08-22,Audited exact-entity/site and archive search; no complete slate or choice source recovered.
edr_5c1c75b89db75f0a85c5f1dcc9d06149,con_e689393a84cc500bab2476e3913f093d,partially_searched,2026-08-22,Audited exact-entity/site and archive search; no complete slate or choice source recovered.
edr_5c1c75b89db75f0a85c5f1dcc9d06149,con_e7325536f8e85cffa249480df8a556a2,partially_searched,2026-08-22,Audited exact-entity/site and archive search; no complete slate or choice source recovered.
edr_5c1c75b89db75f0a85c5f1dcc9d06149,con_e78d7e5eb6975c7b98ef0efd13e5c783,partially_searched,2026-08-22,Audited exact-entity/site and archive search; no complete slate or choice source recovered.
edr_5c1c75b89db75f0a85c5f1dcc9d06149,con_e8d5ffca829d5a06ad87216dc76d6e6a,partially_searched,2026-08-22,Audited exact-entity/site and archive search; no complete slate or choice source recovered.
edr_5c1c75b89db75f0a85c5f1dcc9d06149,con_e8f16f1721ce5517977fa5bc1f660248,partially_searched,2026-08-22,Audited exact-entity/site and archive search; no complete slate or choice source recovered.
edr_5c1c75b89db75f0a85c5f1dcc9d06149,con_e93ddb13c85852b58b88208c71191394,partially_searched,2026-08-22,Audited exact-entity/site and archive search; no complete slate or choice source recovered.
edr_5c1c75b89db75f0a85c5f1dcc9d06149,con_ebbe0512549c59bc8a7a31e7ec5a59e9,partially_searched,2026-08-22,Audited exact-entity/site and archive search; no complete slate or choice source recovered.
edr_5c1c75b89db75f0a85c5f1dcc9d06149,con_ebcb4d472e005fbbadabf9f6201cbe13,partially_searched,2026-08-22,Audited exact-entity/site and archive search; no complete slate or choice source recovered.
edr_5c1c75b89db75f0a85c5f1dcc9d06149,con_ec88bd40dff858e695ae9533199be499,partially_searched,2026-08-22,Audited exact-entity/site and archive search; no complete slate or choice source recovered.
edr_5c1c75b89db75f0a85c5f1dcc9d06149,con_eccf9644aa2c598fa731d009a96fcf64,partially_searched,2026-08-22,Audited exact-entity/site and archive search; no complete slate or choice source recovered.
edr_5c1c75b89db75f0a85c5f1dcc9d06149,con_ed22821703705704bff31b43ed036014,partially_searched,2026-08-22,Audited exact-entity/site and archive search; no complete slate or choice source recovered.
edr_5c1c75b89db75f0a85c5f1dcc9d06149,con_edd7a5395e9a586bb5289cb5ed1106b3,partially_searched,2026-08-22,Audited exact-entity/site and archive search; no complete slate or choice source recovered.
edr_5c1c75b89db75f0a85c5f1dcc9d06149,con_eeda9883ca2d57148405d41f7f5a80a4,partially_searched,2026-08-22,Audited exact-entity/site and archive search; no complete slate or choice source recovered.
edr_5c1c75b89db75f0a85c5f1dcc9d06149,con_f0bbc885a5535e28bc005ca644cc4e22,partially_searched,2026-08-22,Audited exact-entity/site and archive search; no complete slate or choice source recovered.
edr_5c1c75b89db75f0a85c5f1dcc9d06149,con_f0cf1eca40845631b0bd4d4750413711,partially_searched,2026-08-22,Audited exact-entity/site and archive search; no complete slate or choice source recovered.
edr_5c1c75b89db75f0a85c5f1dcc9d06149,con_f3e797bac18a5e45a723ff263eafb93e,partially_searched,2026-08-22,Audited exact-entity/site and archive search; no complete slate or choice source recovered.
edr_5c1c75b89db75f0a85c5f1dcc9d06149,con_f449befd52f1538191ef612c9e711c45,partially_searched,2026-08-22,Audited exact-entity/site and archive search; no complete slate or choice source recovered.
edr_5c1c75b89db75f0a85c5f1dcc9d06149,con_f5117910f9d358e48dec8f0fd7c77712,partially_searched,2026-08-21,current election searched through 2026-08-21
edr_5c1c75b89db75f0a85c5f1dcc9d06149,con_f59fe6995c8b528dbd3cbfbb5c3277c8,partially_searched,2026-08-22,Audited exact-entity/site and archive search; no complete slate or choice source recovered.
edr_5c1c75b89db75f0a85c5f1dcc9d06149,con_f8a855ebf8c250bda4eeed75246305b5,partially_searched,2026-08-22,Audited exact-entity/site and archive search; no complete slate or choice source recovered.
edr_5c1c75b89db75f0a85c5f1dcc9d06149,con_f961284da53f5a38ba3a20e7e998ef4f,partially_searched,2026-08-22,Audited exact-entity/site and archive search; no complete slate or choice source recovered.
edr_5c1c75b89db75f0a85c5f1dcc9d06149,con_f97200e8b8345e4b844e990437f0b077,partially_searched,2026-08-21,current election searched through 2026-08-21
edr_5c1c75b89db75f0a85c5f1dcc9d06149,con_fc66f2cac25c5ea58dccc4005672bad8,partially_searched,2026-08-22,Audited exact-entity/site and archive search; no complete slate or choice source recovered.
edr_5c1c75b89db75f0a85c5f1dcc9d06149,con_fdb17fc50f125d17af9f8b0a22566116,not_applicable,2026-08-21,Contest predates the Endorser eligibility window
edr_5c1c75b89db75f0a85c5f1dcc9d06149,con_fed30965855757d399c6acfbd6e6d4f4,partially_searched,2026-08-22,Audited exact-entity/site and archive search; no complete slate or choice source recovered.
edr_60054ff9f17d5cb5889a78d123699005,con_004711e5bbda5d169a7774d906befd21,not_applicable,2026-08-21,Contest predates the Endorser eligibility window
edr_60054ff9f17d5cb5889a78d123699005,con_02e530a81bf75a6bbf6b4ca0a9ea6738,not_applicable,2026-08-21,Contest predates the Endorser eligibility window
edr_60054ff9f17d5cb5889a78d123699005,con_037ae72c455f558590ca04bc929df4cb,comprehensive_source_found,2026-08-21,complete slate source recovered
edr_60054ff9f17d5cb5889a78d123699005,con_0408bfe48f1059ecbe918aec119f10a3,partially_searched,2026-08-21,current election searched through 2026-08-21
edr_60054ff9f17d5cb5889a78d123699005,con_04a4bbe5ef575c72b4ec49d601f24b71,not_applicable,2026-08-21,Contest predates the Endorser eligibility window
edr_60054ff9f17d5cb5889a78d123699005,con_099fbf24dd655a0e8b1720fbe2215a6a,not_applicable,2026-08-21,Contest predates the Endorser eligibility window
edr_60054ff9f17d5cb5889a78d123699005,con_09d3330e921d5e53ae19007709e75bf9,not_applicable,2026-08-21,Contest predates the Endorser eligibility window
edr_60054ff9f17d5cb5889a78d123699005,con_0a880ce7b6ad5bdaa2e2dc7b19601aa8,not_applicable,2026-08-21,Contest predates the Endorser eligibility window
edr_60054ff9f17d5cb5889a78d123699005,con_0b8c9e853efa5e3da86b0f1eff65589e,not_applicable,2026-08-21,Contest predates the Endorser eligibility window
edr_60054ff9f17d5cb5889a78d123699005,con_0d00ed8759a1559c82329352d94a7812,partially_searched,2026-08-21,current election searched through 2026-08-21
edr_60054ff9f17d5cb5889a78d123699005,con_0d314382ba1a5d62b399c1eefc717cc1,comprehensive_source_found,2026-08-21,complete slate source recovered
edr_60054ff9f17d5cb5889a78d123699005,con_0dc4d6b99efa5f32a8f36b24d080bb2d,not_applicable,2026-08-21,Contest predates the Endorser eligibility window
edr_60054ff9f17d5cb5889a78d123699005,con_107ad5f6c01f5d4389c8194358534375,not_applicable,2026-08-21,Contest predates the Endorser eligibility window
edr_60054ff9f17d5cb5889a78d123699005,con_11ea4a9756fd5bc4a466dc797994b068,not_applicable,2026-08-21,Contest predates the Endorser eligibility window
edr_60054ff9f17d5cb5889a78d123699005,con_13660de4bc485cc68e0744199d21cb46,not_applicable,2026-08-21,Contest predates the Endorser eligibility window
edr_60054ff9f17d5cb5889a78d123699005,con_147dca9e3758595d8766dc52d11a65f4,partially_searched,2026-08-22,Action-plan search is not a complete named slate.
edr_60054ff9f17d5cb5889a78d123699005,con_14cf7e0c0e4c578d9a2a0777404c36b1,partially_searched,2026-08-21,current election searched through 2026-08-21
edr_60054ff9f17d5cb5889a78d123699005,con_16fad19349255393a28639cd62e83ae3,partially_searched,2026-08-22,Action-plan search is not a complete named slate.
edr_60054ff9f17d5cb5889a78d123699005,con_17593cee737354878c920526a9fa7afd,not_applicable,2026-08-21,Contest predates the Endorser eligibility window
edr_60054ff9f17d5cb5889a78d123699005,con_17c2e1a7404c5641823443ca7a6dcc10,not_applicable,2026-08-21,Contest predates the Endorser eligibility window
edr_60054ff9f17d5cb5889a78d123699005,con_17f69fde16cb514bb16fb6e361c07fff,not_applicable,2026-08-21,Contest predates the Endorser eligibility window
edr_60054ff9f17d5cb5889a78d123699005,con_18fc5604e3b45ef08d8af9b0813a1918,not_applicable,2026-08-21,Contest predates the Endorser eligibility window
edr_60054ff9f17d5cb5889a78d123699005,con_1969b3b6667f56549d1f35b90f606cbf,not_applicable,2026-08-21,Contest predates the Endorser eligibility window
edr_60054ff9f17d5cb5889a78d123699005,con_1a46b115b13d55619bcaf30903c183e3,not_applicable,2026-08-21,Contest predates the Endorser eligibility window
edr_60054ff9f17d5cb5889a78d123699005,con_1b8d99f619f758efb737805a20bcf6fb,partially_searched,2026-08-22,Action-plan search is not a complete named slate.
edr_60054ff9f17d5cb5889a78d123699005,con_1c0aff783cfb5ac995b40930229ffd15,not_applicable,2026-08-21,Contest predates the Endorser eligibility window
edr_60054ff9f17d5cb5889a78d123699005,con_1cf871058a8c5bc9a34c7dbdf6edca83,not_applicable,2026-08-21,Contest predates the Endorser eligibility window
edr_60054ff9f17d5cb5889a78d123699005,con_1e16e8a3edc55c77847b36d881fb8fe7,not_applicable,2026-08-21,Contest predates the Endorser eligibility window
edr_60054ff9f17d5cb5889a78d123699005,con_1fa443b3390f5d6691f7994877cf55c8,not_applicable,2026-08-21,Contest predates the Endorser eligibility window
edr_60054ff9f17d5cb5889a78d123699005,con_20589f7261325cd892231ed42321b3cf,not_applicable,2026-08-21,Contest predates the Endorser eligibility window
edr_60054ff9f17d5cb5889a78d123699005,con_2070d155d42250abac2e50baf8c6bf39,not_applicable,2026-08-21,Contest predates the Endorser eligibility window
edr_60054ff9f17d5cb5889a78d123699005,con_218bbbaab66c59bc8d0d747f3ae2fb3c,not_applicable,2026-08-21,Contest predates the Endorser eligibility window
edr_60054ff9f17d5cb5889a78d123699005,con_222bdce34cf75bbeb159589e8f46045b,not_applicable,2026-08-21,Contest predates the Endorser eligibility window
edr_60054ff9f17d5cb5889a78d123699005,con_2317176dbf5e5a4fab7fd65b16359ebd,not_applicable,2026-08-21,Contest predates the Endorser eligibility window
edr_60054ff9f17d5cb5889a78d123699005,con_25e09708c7c756b38cca57f2cf9f3b1e,partially_searched,2026-08-21,current election searched through 2026-08-21
edr_60054ff9f17d5cb5889a78d123699005,con_25f46be8b0a857faa602e39531d4ed0c,partially_searched,2026-08-21,current election searched through 2026-08-21
edr_60054ff9f17d5cb5889a78d123699005,con_272ca0eaeab656b89a5038bc74ad9988,not_applicable,2026-08-21,Contest predates the Endorser eligibility window
edr_60054ff9f17d5cb5889a78d123699005,con_27e80d547d0256149213a7e90956055b,comprehensive_source_found,2026-08-21,complete slate source recovered
edr_60054ff9f17d5cb5889a78d123699005,con_2865d31031005dd897904c3f07e4d039,partially_searched,2026-08-22,Action-plan search is not a complete named slate.
edr_60054ff9f17d5cb5889a78d123699005,con_28b9bf4109765f57a3a7923479b37af9,not_applicable,2026-08-21,Contest predates the Endorser eligibility window
edr_60054ff9f17d5cb5889a78d123699005,con_29e8a0598b6d5fe18984bfe68b9d27f7,partially_searched,2026-08-21,current election searched through 2026-08-21
edr_60054ff9f17d5cb5889a78d123699005,con_2befcc6536315440902962b270ad7f70,not_applicable,2026-08-21,Contest predates the Endorser eligibility window
edr_60054ff9f17d5cb5889a78d123699005,con_2bf1297cee4b5750992138d9da3c0dc0,partially_searched,2026-08-21,current election searched through 2026-08-21
edr_60054ff9f17d5cb5889a78d123699005,con_2c0ca30fc75e51a3acf50c4693b1cc1b,comprehensive_source_found,2026-08-21,complete slate source recovered
edr_60054ff9f17d5cb5889a78d123699005,con_2c70fd784be55c4794f8294a723dedb9,not_applicable,2026-08-21,Contest predates the Endorser eligibility window
edr_60054ff9f17d5cb5889a78d123699005,con_2c97298461635376899e36569d2c7be3,not_applicable,2026-08-21,Contest predates the Endorser eligibility window
edr_60054ff9f17d5cb5889a78d123699005,con_2ce79e4f63945b9b90a05c245e9382fc,not_applicable,2026-08-21,Contest predates the Endorser eligibility window
edr_60054ff9f17d5cb5889a78d123699005,con_2cf721e86d7a55de8cf53a0ae3f6413c,not_applicable,2026-08-21,Contest predates the Endorser eligibility window
edr_60054ff9f17d5cb5889a78d123699005,con_2d92299c561559d99eccb92c22f4eb47,not_applicable,2026-08-21,Contest predates the Endorser eligibility window
edr_60054ff9f17d5cb5889a78d123699005,con_2f43675e2c5c59b796fafde036252ed1,not_applicable,2026-08-21,Contest predates the Endorser eligibility window
edr_60054ff9f17d5cb5889a78d123699005,con_2f8a0c46b37950fd9149d9b62f1f0142,not_applicable,2026-08-21,Contest predates the Endorser eligibility window
edr_60054ff9f17d5cb5889a78d123699005,con_31d375f206cb5fe1955efa73ae9da43e,not_applicable,2026-08-21,Contest predates the Endorser eligibility window
edr_60054ff9f17d5cb5889a78d123699005,con_33da03ca4a1159089c55d78f4edd2bf3,not_applicable,2026-08-21,Contest predates the Endorser eligibility window
edr_60054ff9f17d5cb5889a78d123699005,con_34196d04855f52249d03362a5469c3c0,partially_searched,2026-08-21,current election searched through 2026-08-21
edr_60054ff9f17d5cb5889a78d123699005,con_350f0c58a79a574d926206857445b2d9,not_applicable,2026-08-21,Contest predates the Endorser eligibility window
edr_60054ff9f17d5cb5889a78d123699005,con_35fc512b3ae2545fa6ff408778ae144d,partially_searched,2026-08-21,current election searched through 2026-08-21
edr_60054ff9f17d5cb5889a78d123699005,con_368b196a6cf154a88c9f1275824dc99e,partially_searched,2026-08-21,current election searched through 2026-08-21
edr_60054ff9f17d5cb5889a78d123699005,con_387d212e18c453e2a8eb298de5c374ff,not_applicable,2026-08-21,Contest predates the Endorser eligibility window
edr_60054ff9f17d5cb5889a78d123699005,con_393178f4fb765cd0bbeaa13d06dca32c,not_applicable,2026-08-21,Contest predates the Endorser eligibility window
edr_60054ff9f17d5cb5889a78d123699005,con_398774c449785307baa3822c581963e9,not_applicable,2026-08-21,Contest predates the Endorser eligibility window
edr_60054ff9f17d5cb5889a78d123699005,con_3a262cc7bf83579eae79ce2032ea06d1,not_applicable,2026-08-21,Contest predates the Endorser eligibility window
edr_60054ff9f17d5cb5889a78d123699005,con_3a43982e2a0450b2a3f4c5241f6965d8,partially_searched,2026-08-22,Action-plan search is not a complete named slate.
edr_60054ff9f17d5cb5889a78d123699005,con_3ae0da024263524d8e13691dbeeadc88,not_applicable,2026-08-21,Contest predates the Endorser eligibility window
edr_60054ff9f17d5cb5889a78d123699005,con_3c1699cb4b0257ae8cf61da26db0c160,not_applicable,2026-08-21,Contest predates the Endorser eligibility window
edr_60054ff9f17d5cb5889a78d123699005,con_3fc9df4b254c5eb6a2a7fb629a124bfb,partially_searched,2026-08-22,Action-plan search is not a complete named slate.
edr_60054ff9f17d5cb5889a78d123699005,con_3fd9226a06995ec78201f807f175b930,not_applicable,2026-08-21,Contest predates the Endorser eligibility window
edr_60054ff9f17d5cb5889a78d123699005,con_419d313f6cfc5451ba26ad4687222e83,partially_searched,2026-08-21,current election searched through 2026-08-21
edr_60054ff9f17d5cb5889a78d123699005,con_43b57e74c0a454db9f5ed346b6fc7095,not_applicable,2026-08-21,Contest predates the Endorser eligibility window
edr_60054ff9f17d5cb5889a78d123699005,con_43f8a49a6b095ee8a38c2a1aa0477382,comprehensive_source_found,2026-08-21,complete slate source recovered
edr_60054ff9f17d5cb5889a78d123699005,con_45eb3e143f1b5492b4652498c957ed6b,partially_searched,2026-08-22,Action-plan search is not a complete named slate.
edr_60054ff9f17d5cb5889a78d123699005,con_46f4af62ff4956f5b31ebec2e77229fa,not_applicable,2026-08-21,Contest predates the Endorser eligibility window
edr_60054ff9f17d5cb5889a78d123699005,con_46f7b754b02b57d0a651c417f9f0471d,not_applicable,2026-08-21,Contest predates the Endorser eligibility window
edr_60054ff9f17d5cb5889a78d123699005,con_47f9c6bba0165404a3fec5492a0940b3,not_applicable,2026-08-21,Contest predates the Endorser eligibility window
edr_60054ff9f17d5cb5889a78d123699005,con_4977aa6e0a865d788ed7ebf871e4027c,not_applicable,2026-08-21,Contest predates the Endorser eligibility window
edr_60054ff9f17d5cb5889a78d123699005,con_4a5af0945c9a5a01ae50e3a5ea61b3fb,not_applicable,2026-08-21,Contest predates the Endorser eligibility window
edr_60054ff9f17d5cb5889a78d123699005,con_4b3374ab9039564fa8ed1cedf493a0e3,not_applicable,2026-08-21,Contest predates the Endorser eligibility window
edr_60054ff9f17d5cb5889a78d123699005,con_4b6815e8c2e155d881aba7f21ad5b69b,partially_searched,2026-08-21,current election searched through 2026-08-21
edr_60054ff9f17d5cb5889a78d123699005,con_4def6d4e85f85950babb9030e4eae0cb,partially_searched,2026-08-22,Action-plan search is not a complete named slate.
edr_60054ff9f17d5cb5889a78d123699005,con_4e3ebb6b13cb5d2396519f9df6fbdf4b,not_applicable,2026-08-21,Contest predates the Endorser eligibility window
edr_60054ff9f17d5cb5889a78d123699005,con_4e432b136b83537fb08e7e8485f4949c,not_applicable,2026-08-21,Contest predates the Endorser eligibility window
edr_60054ff9f17d5cb5889a78d123699005,con_4ead7aa21a905ad7bd1838cb33f37045,not_applicable,2026-08-21,Contest predates the Endorser eligibility window
edr_60054ff9f17d5cb5889a78d123699005,con_5161ebd9ab2b5c55bfcd6eef433082c9,not_applicable,2026-08-21,Contest predates the Endorser eligibility window
edr_60054ff9f17d5cb5889a78d123699005,con_5212e699e2ab537eaf63c23b0952d1a1,partially_searched,2026-08-21,current election searched through 2026-08-21
edr_60054ff9f17d5cb5889a78d123699005,con_52f50431db92559f8d4391fb2e932f16,comprehensive_source_found,2026-08-21,complete slate source recovered
edr_60054ff9f17d5cb5889a78d123699005,con_53468b4ee3c7510aba4d708f584951a9,comprehensive_source_found,2026-08-22,Direct first-party campaign choice recovered for this contest.
edr_60054ff9f17d5cb5889a78d123699005,con_5394ec9f2261502eb1947c064bfdaf8a,partially_searched,2026-08-21,current election searched through 2026-08-21
edr_60054ff9f17d5cb5889a78d123699005,con_54d4d8b5d91f5df5ba8bfdf9c61296af,not_applicable,2026-08-21,Contest predates the Endorser eligibility window
edr_60054ff9f17d5cb5889a78d123699005,con_5587a8b9ae37546eb39a67333b5011ed,not_applicable,2026-08-21,Contest predates the Endorser eligibility window
edr_60054ff9f17d5cb5889a78d123699005,con_55f5230db0d85c499ce7cea0ce379f5f,partially_searched,2026-08-22,Action-plan search is not a complete named slate.
edr_60054ff9f17d5cb5889a78d123699005,con_579cae8a3fa455a7a3e68d1b1900fffa,not_applicable,2026-08-21,Contest predates the Endorser eligibility window
edr_60054ff9f17d5cb5889a78d123699005,con_59aa1ee85e2d51ca8dee4338d37665c2,not_applicable,2026-08-21,Contest predates the Endorser eligibility window
edr_60054ff9f17d5cb5889a78d123699005,con_59bfad1b37305c63a378a4614deb11ae,not_applicable,2026-08-21,Contest predates the Endorser eligibility window
edr_60054ff9f17d5cb5889a78d123699005,con_5ae0589c69375400b18fd5960241eeac,partially_searched,2026-08-21,current election searched through 2026-08-21
edr_60054ff9f17d5cb5889a78d123699005,con_5babda81dd6351a28a423340a03b5d8a,not_applicable,2026-08-21,Contest predates the Endorser eligibility window
edr_60054ff9f17d5cb5889a78d123699005,con_5c4da484552c546aaff98277d675d594,not_applicable,2026-08-21,Contest predates the Endorser eligibility window
edr_60054ff9f17d5cb5889a78d123699005,con_5c8144ae39615a3189a3691c99c5ea4e,not_applicable,2026-08-21,Contest predates the Endorser eligibility window
edr_60054ff9f17d5cb5889a78d123699005,con_5cb64f68c501559d960b05fb29843745,not_applicable,2026-08-21,Contest predates the Endorser eligibility window
edr_60054ff9f17d5cb5889a78d123699005,con_5d8609e7e7f4584ea28ad032690bdae8,not_applicable,2026-08-21,Contest predates the Endorser eligibility window
edr_60054ff9f17d5cb5889a78d123699005,con_5f814673ab4050e5b50e46685dbfbecb,not_applicable,2026-08-21,Contest predates the Endorser eligibility window
edr_60054ff9f17d5cb5889a78d123699005,con_610d1afaa15d592eb956835f8fd51600,not_applicable,2026-08-21,Contest predates the Endorser eligibility window
edr_60054ff9f17d5cb5889a78d123699005,con_612115bf42b450d3aeb63bb430d3aec9,comprehensive_source_found,2026-08-22,Direct first-party campaign choice recovered for this contest.
edr_60054ff9f17d5cb5889a78d123699005,con_6131490bb0d75b1ba4033e2284df71f8,not_applicable,2026-08-21,Contest predates the Endorser eligibility window
edr_60054ff9f17d5cb5889a78d123699005,con_61eed2bcd6ce5343bea274fe8a8028bc,not_applicable,2026-08-21,Contest predates the Endorser eligibility window
edr_60054ff9f17d5cb5889a78d123699005,con_622c2ee026875ae4ac60200b1559e8f6,not_applicable,2026-08-21,Contest predates the Endorser eligibility window
edr_60054ff9f17d5cb5889a78d123699005,con_6240f694b6ce5307a2126a9103153475,not_applicable,2026-08-21,Contest predates the Endorser eligibility window
edr_60054ff9f17d5cb5889a78d123699005,con_636fab9611ed540ebff54ad772a1827d,not_applicable,2026-08-21,Contest predates the Endorser eligibility window
edr_60054ff9f17d5cb5889a78d123699005,con_639f022801275cedb8f9b4fe82711ae3,not_applicable,2026-08-21,Contest predates the Endorser eligibility window
edr_60054ff9f17d5cb5889a78d123699005,con_643801dc921651c3a1ef5d96772fb13d,not_applicable,2026-08-21,Contest predates the Endorser eligibility window
edr_60054ff9f17d5cb5889a78d123699005,con_6629fd920f2b5a8d9b7959fafdd04a1a,not_applicable,2026-08-21,Contest predates the Endorser eligibility window
edr_60054ff9f17d5cb5889a78d123699005,con_662d709bee42574392549fc786efea0d,not_applicable,2026-08-21,Contest predates the Endorser eligibility window
edr_60054ff9f17d5cb5889a78d123699005,con_67daf6d284a75ecc8b775a05a871a58e,partially_searched,2026-08-21,current election searched through 2026-08-21
edr_60054ff9f17d5cb5889a78d123699005,con_680464772a025da6aa5eaf650cefb52a,not_applicable,2026-08-21,Contest predates the Endorser eligibility window
edr_60054ff9f17d5cb5889a78d123699005,con_6821258c9f7f598e829c8617b8765c25,comprehensive_source_found,2026-08-21,complete slate source recovered
edr_60054ff9f17d5cb5889a78d123699005,con_6a1f4d7470675d869b3b11aede0812f2,partially_searched,2026-08-22,Action-plan search is not a complete named slate.
edr_60054ff9f17d5cb5889a78d123699005,con_6ba310e4ba695121835a4fde58144a47,partially_searched,2026-08-21,current election searched through 2026-08-21
edr_60054ff9f17d5cb5889a78d123699005,con_6beb6fc4da14503aa70fa94b8fe0b600,not_applicable,2026-08-21,Contest predates the Endorser eligibility window
edr_60054ff9f17d5cb5889a78d123699005,con_6c708130eaa15c9080cc3cd3a207f63b,not_applicable,2026-08-21,Contest predates the Endorser eligibility window
edr_60054ff9f17d5cb5889a78d123699005,con_6d24ced99da9539aaaad476a9a2747f4,not_applicable,2026-08-21,Contest predates the Endorser eligibility window
edr_60054ff9f17d5cb5889a78d123699005,con_6d7f00a8037754c0a6f34579bee44966,not_applicable,2026-08-21,Contest predates the Endorser eligibility window
edr_60054ff9f17d5cb5889a78d123699005,con_6efbf1ffbfee5e2cb5f5fab52dd98a91,partially_searched,2026-08-21,current election searched through 2026-08-21
edr_60054ff9f17d5cb5889a78d123699005,con_6fd864aec40c5bbc9f3eb32d2e9e4379,partially_searched,2026-08-22,Action-plan search is not a complete named slate.
edr_60054ff9f17d5cb5889a78d123699005,con_719e754cd3eb5a8abbc6e78d6413ff60,partially_searched,2026-08-21,current election searched through 2026-08-21
edr_60054ff9f17d5cb5889a78d123699005,con_727f839c8adc5531bd874edb6b663c05,not_applicable,2026-08-21,Contest predates the Endorser eligibility window
edr_60054ff9f17d5cb5889a78d123699005,con_744dd2f798b8521e8de9693750f474d2,not_applicable,2026-08-21,Contest predates the Endorser eligibility window
edr_60054ff9f17d5cb5889a78d123699005,con_76db9d7d1989548fadeac8b8116dc357,not_applicable,2026-08-21,Contest predates the Endorser eligibility window
edr_60054ff9f17d5cb5889a78d123699005,con_778d3d5e612151bcb14703a9f987556d,not_searched,,no contest-specific historical search is logged
edr_60054ff9f17d5cb5889a78d123699005,con_77f42d0ca0a15c57a01b5579fef4625a,not_applicable,2026-08-21,Contest predates the Endorser eligibility window
edr_60054ff9f17d5cb5889a78d123699005,con_79a0aa63063d5dd6a5a2ed28c29ecec1,not_applicable,2026-08-21,Contest predates the Endorser eligibility window
edr_60054ff9f17d5cb5889a78d123699005,con_7a4043e26d4256e78ee3861fb81e718a,partially_searched,2026-08-22,Action-plan search is not a complete named slate.
edr_60054ff9f17d5cb5889a78d123699005,con_7acbde45d7355dbeb5327c8eff9039ed,not_applicable,2026-08-21,Contest predates the Endorser eligibility window
edr_60054ff9f17d5cb5889a78d123699005,con_7b92b7a12bbf5240a728cbe9d42aa420,not_applicable,2026-08-21,Contest predates the Endorser eligibility window
edr_60054ff9f17d5cb5889a78d123699005,con_7bbdc7e302705fee987b1ebca87ef16d,not_applicable,2026-08-21,Contest predates the Endorser eligibility window
edr_60054ff9f17d5cb5889a78d123699005,con_7d07021e53b35a609a75560232a15fd1,not_applicable,2026-08-21,Contest predates the Endorser eligibility window
edr_60054ff9f17d5cb5889a78d123699005,con_7e6cf2fd75ba560a900bb024e72fe99c,partially_searched,2026-08-22,Action-plan search is not a complete named slate.
edr_60054ff9f17d5cb5889a78d123699005,con_7eba7d2b2ccb57e5aa6ab13c307b2517,not_applicable,2026-08-21,Contest predates the Endorser eligibility window
edr_60054ff9f17d5cb5889a78d123699005,con_7ee43d0beaab558c9788d151bbd8d067,not_applicable,2026-08-21,Contest predates the Endorser eligibility window
edr_60054ff9f17d5cb5889a78d123699005,con_802f842541d15d899e8f6acf3b86ae45,not_applicable,2026-08-21,Contest predates the Endorser eligibility window
edr_60054ff9f17d5cb5889a78d123699005,con_810611751acb5e86ab30b3277e7e6dad,partially_searched,2026-08-22,Action-plan search is not a complete named slate.
edr_60054ff9f17d5cb5889a78d123699005,con_8283f00fca6855af9a0a63e550482bda,not_applicable,2026-08-21,Contest predates the Endorser eligibility window
edr_60054ff9f17d5cb5889a78d123699005,con_82f64d71deda5204bf8ba5ab710c21e6,not_applicable,2026-08-21,Contest predates the Endorser eligibility window
edr_60054ff9f17d5cb5889a78d123699005,con_8322c67bf27e5374a4da8de81ef663fc,partially_searched,2026-08-21,current election searched through 2026-08-21
edr_60054ff9f17d5cb5889a78d123699005,con_834d568760e15dcdb0b423512c33fe9c,not_applicable,2026-08-21,Contest predates the Endorser eligibility window
edr_60054ff9f17d5cb5889a78d123699005,con_83ded5c17ed75ca788f320a13b17dd08,not_applicable,2026-08-21,Contest predates the Endorser eligibility window
edr_60054ff9f17d5cb5889a78d123699005,con_845cf9eb2c1b5ed6b35801d45f86cd82,not_applicable,2026-08-21,Contest predates the Endorser eligibility window
edr_60054ff9f17d5cb5889a78d123699005,con_849867f583195ad38c77941612883bd9,partially_searched,2026-08-22,Action-plan search is not a complete named slate.
edr_60054ff9f17d5cb5889a78d123699005,con_86779f733e9f58e78227d4c49c260033,not_applicable,2026-08-21,Contest predates the Endorser eligibility window
edr_60054ff9f17d5cb5889a78d123699005,con_86a1f5b3235452b4a3cb3b3297e4dd51,not_applicable,2026-08-21,Contest predates the Endorser eligibility window
edr_60054ff9f17d5cb5889a78d123699005,con_88a17b76344c50ba9a3a118dd558c185,not_applicable,2026-08-21,Contest predates the Endorser eligibility window
edr_60054ff9f17d5cb5889a78d123699005,con_88f5ccc6b744588da3d07590c5dca974,not_applicable,2026-08-21,Contest predates the Endorser eligibility window
edr_60054ff9f17d5cb5889a78d123699005,con_899c01be1cc951dfb79010a2fbd8ad10,not_applicable,2026-08-21,Contest predates the Endorser eligibility window
edr_60054ff9f17d5cb5889a78d123699005,con_8a8efa738bef57fc9329489f768529c9,not_applicable,2026-08-21,Contest predates the Endorser eligibility window
edr_60054ff9f17d5cb5889a78d123699005,con_8b4a03ef5a3c55c4ab20662c886b31a7,partially_searched,2026-08-22,Action-plan search is not a complete named slate.
edr_60054ff9f17d5cb5889a78d123699005,con_8c969ca3bbbb537382be9d4ed8dd7697,not_applicable,2026-08-21,Contest predates the Endorser eligibility window
edr_60054ff9f17d5cb5889a78d123699005,con_8d2d5f08a1095a14abbcb526483a3aa0,comprehensive_source_found,2026-08-21,complete slate source recovered
edr_60054ff9f17d5cb5889a78d123699005,con_90b9ffb191415b13a8c7f334ef771513,not_applicable,2026-08-21,Contest predates the Endorser eligibility window
edr_60054ff9f17d5cb5889a78d123699005,con_91f80636385c5df5b2d409f9c9b389ed,comprehensive_source_found,2026-08-21,complete slate source recovered
edr_60054ff9f17d5cb5889a78d123699005,con_922d425132ad5243b459c0ca40a6dcd9,partially_searched,2026-08-22,Action-plan search is not a complete named slate.
edr_60054ff9f17d5cb5889a78d123699005,con_9250eb2b2609550597520e68352ac56a,not_applicable,2026-08-21,Contest predates the Endorser eligibility window
edr_60054ff9f17d5cb5889a78d123699005,con_945161409a0450f29e351ff3f263f815,not_applicable,2026-08-21,Contest predates the Endorser eligibility window
edr_60054ff9f17d5cb5889a78d123699005,con_9473b9c31bb55e62ac4432451881acf1,not_applicable,2026-08-21,Contest predates the Endorser eligibility window
edr_60054ff9f17d5cb5889a78d123699005,con_9476d4c41a7d5fa48b97b47e28f9305d,comprehensive_source_found,2026-08-21,complete slate source recovered
edr_60054ff9f17d5cb5889a78d123699005,con_95ce62f8d45154c7836ec0372d2a416e,not_applicable,2026-08-21,Contest predates the Endorser eligibility window
edr_60054ff9f17d5cb5889a78d123699005,con_95ddf0ee07b85a9da9038f871eeefaba,not_applicable,2026-08-21,Contest predates the Endorser eligibility window
edr_60054ff9f17d5cb5889a78d123699005,con_98fc649f10ee5100a44520c1500dfac9,comprehensive_source_found,2026-08-21,complete slate source recovered
edr_60054ff9f17d5cb5889a78d123699005,con_990816d2030b592787bdf4a19382627f,partially_searched,2026-08-22,Action-plan search is not a complete named slate.
edr_60054ff9f17d5cb5889a78d123699005,con_99b9fbf5df5f504eb0906d1c2b113d63,not_applicable,2026-08-21,Contest predates the Endorser eligibility window
edr_60054ff9f17d5cb5889a78d123699005,con_9d346093453659cba5591e6e2efd506a,not_applicable,2026-08-21,Contest predates the Endorser eligibility window
edr_60054ff9f17d5cb5889a78d123699005,con_9e0a04dcf1245155b6f1fd50c6a83e99,comprehensive_source_found,2026-08-21,complete slate source recovered
edr_60054ff9f17d5cb5889a78d123699005,con_a060705663a15882b307108144aa8720,not_applicable,2026-08-21,Contest predates the Endorser eligibility window
edr_60054ff9f17d5cb5889a78d123699005,con_a160a05c9e3e5dd7b972cd5c16d456b0,not_applicable,2026-08-21,Contest predates the Endorser eligibility window
edr_60054ff9f17d5cb5889a78d123699005,con_a1f3f1e6009c53c7a9cbb88e7e2346c0,comprehensive_source_found,2026-08-21,complete slate source recovered
edr_60054ff9f17d5cb5889a78d123699005,con_a3ad5138021a51309ade19f0cbc4ebe1,not_applicable,2026-08-21,Contest predates the Endorser eligibility window
edr_60054ff9f17d5cb5889a78d123699005,con_a46853faf8a85598b55614ee5bfc99e2,not_applicable,2026-08-21,Contest predates the Endorser eligibility window
edr_60054ff9f17d5cb5889a78d123699005,con_a548943febc15683bb34e547001ee6e7,comprehensive_source_found,2026-08-21,complete slate source recovered
edr_60054ff9f17d5cb5889a78d123699005,con_a62a387b9ca8511db50248d4738f3eea,not_applicable,2026-08-21,Contest predates the Endorser eligibility window
edr_60054ff9f17d5cb5889a78d123699005,con_ab103b8f3a915dd0b0131abea73fad5c,not_applicable,2026-08-21,Contest predates the Endorser eligibility window
edr_60054ff9f17d5cb5889a78d123699005,con_abe0e1350e7856ad9a70ffdc75dd84f2,not_applicable,2026-08-21,Contest predates the Endorser eligibility window
edr_60054ff9f17d5cb5889a78d123699005,con_ac0a746327ea57b39ba13add8456bbd3,comprehensive_source_found,2026-08-21,complete slate source recovered
edr_60054ff9f17d5cb5889a78d123699005,con_ac347f98e5715159b3adecf8debcbde8,partially_searched,2026-08-22,Action-plan search is not a complete named slate.
edr_60054ff9f17d5cb5889a78d123699005,con_ae44722023c153d7a460278c9b621435,not_applicable,2026-08-21,Contest predates the Endorser eligibility window
edr_60054ff9f17d5cb5889a78d123699005,con_af1f1cbea2a15cf4899bdd37d9fc80f7,comprehensive_source_found,2026-08-21,complete slate source recovered
edr_60054ff9f17d5cb5889a78d123699005,con_b123ac953da1590ebb8bca29f5eb3bdc,not_applicable,2026-08-21,Contest predates the Endorser eligibility window
edr_60054ff9f17d5cb5889a78d123699005,con_b1ec123602ab559c939e1aa02badcd71,not_applicable,2026-08-21,Contest predates the Endorser eligibility window
edr_60054ff9f17d5cb5889a78d123699005,con_b4c70c0c6f465c4091dce97cbbd286b3,not_applicable,2026-08-21,Contest predates the Endorser eligibility window
edr_60054ff9f17d5cb5889a78d123699005,con_b592d84a34965294a78c84c50bab4ddb,not_applicable,2026-08-21,Contest predates the Endorser eligibility window
edr_60054ff9f17d5cb5889a78d123699005,con_b5ffb866cf475caca42769d641deb4a7,not_applicable,2026-08-21,Contest predates the Endorser eligibility window
edr_60054ff9f17d5cb5889a78d123699005,con_b6bdff47e14a590897fb7531e91999d1,not_applicable,2026-08-21,Contest predates the Endorser eligibility window
edr_60054ff9f17d5cb5889a78d123699005,con_b7158aa7285c513f8255b4f87166c723,comprehensive_source_found,2026-08-21,complete slate source recovered
edr_60054ff9f17d5cb5889a78d123699005,con_b93d69f083ed511ab264f38cc1d8b94c,partially_searched,2026-08-22,Exact-entity campaign pages checked; no direct mayoral choice recovered.
edr_60054ff9f17d5cb5889a78d123699005,con_b9bda7a65c8a5e03a69746d0072f95c1,not_applicable,2026-08-21,Contest predates the Endorser eligibility window
edr_60054ff9f17d5cb5889a78d123699005,con_bab4f35c5b9a51da935131d5c790bddf,comprehensive_source_found,2026-08-21,complete slate source recovered
edr_60054ff9f17d5cb5889a78d123699005,con_bb2bdc05e1365857b524a0a6596b48d5,not_applicable,2026-08-21,Contest predates the Endorser eligibility window
edr_60054ff9f17d5cb5889a78d123699005,con_bcc3da3d377f5fd3bb1d8a0c3ad7160b,comprehensive_source_found,2026-08-21,complete slate source recovered
edr_60054ff9f17d5cb5889a78d123699005,con_bd42720679895e8eb848ffc148979026,partially_searched,2026-08-21,current election searched through 2026-08-21
edr_60054ff9f17d5cb5889a78d123699005,con_bdb4bceb8d3d535e9d9284d19bf99bb0,not_applicable,2026-08-21,Contest predates the Endorser eligibility window
edr_60054ff9f17d5cb5889a78d123699005,con_be2d96cb623553cdbd79b303f9576bda,not_applicable,2026-08-21,Contest predates the Endorser eligibility window
edr_60054ff9f17d5cb5889a78d123699005,con_be3ee1a1a31f533885cbb71a268beda9,not_applicable,2026-08-21,Contest predates the Endorser eligibility window
edr_60054ff9f17d5cb5889a78d123699005,con_bf4b3cd94fcd50ba8d2259a6df440a17,not_applicable,2026-08-21,Contest predates the Endorser eligibility window
edr_60054ff9f17d5cb5889a78d123699005,con_bf589c2ec43c513aa964b64309534ac6,not_applicable,2026-08-21,Contest predates the Endorser eligibility window
edr_60054ff9f17d5cb5889a78d123699005,con_c44af6fcb9ff527e8974217b3d633af1,comprehensive_source_found,2026-08-21,complete slate source recovered
edr_60054ff9f17d5cb5889a78d123699005,con_c49857c2f0a6591fa165be262c38930c,not_applicable,2026-08-21,Contest predates the Endorser eligibility window
edr_60054ff9f17d5cb5889a78d123699005,con_c4de914fc9f15a3cab65125ee118d9c8,not_applicable,2026-08-21,Contest predates the Endorser eligibility window
edr_60054ff9f17d5cb5889a78d123699005,con_c555f2e9b45051a8b960bdbb0ac6080a,partially_searched,2026-08-22,Action-plan search is not a complete named slate.
edr_60054ff9f17d5cb5889a78d123699005,con_c57f0385335559e696305e7d4e632b40,not_applicable,2026-08-21,Contest predates the Endorser eligibility window
edr_60054ff9f17d5cb5889a78d123699005,con_c59d97019dab554698aea8cb6eeb469a,not_applicable,2026-08-21,Contest predates the Endorser eligibility window
edr_60054ff9f17d5cb5889a78d123699005,con_c637e2ad153c516eb79ab5edb84161f8,comprehensive_source_found,2026-08-21,complete slate source recovered
edr_60054ff9f17d5cb5889a78d123699005,con_c686b3ad3bd059d78db8cc44229817a0,comprehensive_source_found,2026-08-21,complete slate source recovered
edr_60054ff9f17d5cb5889a78d123699005,con_c713b29e028a582893ad021c4a2b8546,not_applicable,2026-08-21,Contest predates the Endorser eligibility window
edr_60054ff9f17d5cb5889a78d123699005,con_c760f9c404835bb595e5671cf893c340,not_applicable,2026-08-21,Contest predates the Endorser eligibility window
edr_60054ff9f17d5cb5889a78d123699005,con_c85783d7c9a4550bae21b8e14f2ff992,partially_searched,2026-08-22,Action-plan search is not a complete named slate.
edr_60054ff9f17d5cb5889a78d123699005,con_c8883aeeac29529eada91aebc451242b,comprehensive_source_found,2026-08-21,explicit choice source recovered
edr_60054ff9f17d5cb5889a78d123699005,con_c8a9dfe07ee5545eb20e21d12773c57e,not_applicable,2026-08-21,Contest predates the Endorser eligibility window
edr_60054ff9f17d5cb5889a78d123699005,con_c90c50ce5e7c59dbaf6f3fb8efe575fd,not_applicable,2026-08-21,Contest predates the Endorser eligibility window
edr_60054ff9f17d5cb5889a78d123699005,con_ca1753a2e9eb53b396a948ee50167f03,not_searched,,no contest-specific historical search is logged
edr_60054ff9f17d5cb5889a78d123699005,con_caa23fae586656b2bab11ee711073a2c,partially_searched,2026-08-22,Action-plan search is not a complete named slate.
edr_60054ff9f17d5cb5889a78d123699005,con_cb4eea0a3dc657cc990d4fa53b4ae76f,partially_searched,2026-08-21,current election searched through 2026-08-21
edr_60054ff9f17d5cb5889a78d123699005,con_cceb1911b8545151a85313ea9045fdd6,not_applicable,2026-08-21,Contest predates the Endorser eligibility window
edr_60054ff9f17d5cb5889a78d123699005,con_ced450846b2e53ec8391a1a85ae3e75f,partially_searched,2026-08-21,current election searched through 2026-08-21
edr_60054ff9f17d5cb5889a78d123699005,con_d0cb7c26d6e55def83cde1da2c9bc8c5,not_applicable,2026-08-21,Contest predates the Endorser eligibility window
edr_60054ff9f17d5cb5889a78d123699005,con_d100fd7c171150b8b18125987b174c3d,not_applicable,2026-08-21,Contest predates the Endorser eligibility window
edr_60054ff9f17d5cb5889a78d123699005,con_d18675753b8f580c8834170f374d1e7c,not_applicable,2026-08-21,Contest predates the Endorser eligibility window
edr_60054ff9f17d5cb5889a78d123699005,con_d3ecc496be285eebb80559abe5d5f9f1,not_applicable,2026-08-21,Contest predates the Endorser eligibility window
edr_60054ff9f17d5cb5889a78d123699005,con_d42434b7f93353e6b9eeb64711b54648,not_applicable,2026-08-21,Contest predates the Endorser eligibility window
edr_60054ff9f17d5cb5889a78d123699005,con_d4f2ce7b93c75f4ca9c7bc73a4ba2a30,not_applicable,2026-08-21,Contest predates the Endorser eligibility window
edr_60054ff9f17d5cb5889a78d123699005,con_d5af05a065045bf9adaf30847252c957,not_applicable,2026-08-21,Contest predates the Endorser eligibility window
edr_60054ff9f17d5cb5889a78d123699005,con_d61412ebefff5d2b8bc9183244150abf,not_applicable,2026-08-21,Contest predates the Endorser eligibility window
edr_60054ff9f17d5cb5889a78d123699005,con_d69bc70f79a45bf397b2a657aa858e50,not_applicable,2026-08-21,Contest predates the Endorser eligibility window
edr_60054ff9f17d5cb5889a78d123699005,con_d6f7b1cb92f959ab9408dbb936bcf2ff,not_applicable,2026-08-21,Contest predates the Endorser eligibility window
edr_60054ff9f17d5cb5889a78d123699005,con_d7ff0d7faa695e15b19ef05eaf2a93f5,not_applicable,2026-08-21,Contest predates the Endorser eligibility window
edr_60054ff9f17d5cb5889a78d123699005,con_d8e03f953ae157089237a1febc263587,not_applicable,2026-08-21,Contest predates the Endorser eligibility window
edr_60054ff9f17d5cb5889a78d123699005,con_d9eeb6c962c854b58be1e179e2168cb1,not_applicable,2026-08-21,Contest predates the Endorser eligibility window
edr_60054ff9f17d5cb5889a78d123699005,con_da88824c2975511d9432812d4988c9d5,not_applicable,2026-08-21,Contest predates the Endorser eligibility window
edr_60054ff9f17d5cb5889a78d123699005,con_db6acf978ec15e2c9ac0230649ef0609,comprehensive_source_found,2026-08-21,complete slate source recovered
edr_60054ff9f17d5cb5889a78d123699005,con_dbcfe2c3a43b5de292d63146a94cd52b,partially_searched,2026-08-21,current election searched through 2026-08-21
edr_60054ff9f17d5cb5889a78d123699005,con_e0aab60f6a3e50d59f1f09a1742a2ddd,comprehensive_source_found,2026-08-21,explicit choice source recovered
edr_60054ff9f17d5cb5889a78d123699005,con_e14c9528646b58ba89bddde54ae0f23e,not_applicable,2026-08-21,Contest predates the Endorser eligibility window
edr_60054ff9f17d5cb5889a78d123699005,con_e230d66a67245cd08a806de4208d288b,not_applicable,2026-08-21,Contest predates the Endorser eligibility window
edr_60054ff9f17d5cb5889a78d123699005,con_e2f423965407516280c8b3af41b9f5cf,not_applicable,2026-08-21,Contest predates the Endorser eligibility window
edr_60054ff9f17d5cb5889a78d123699005,con_e358c35644bd5b94b662f1e211fbc70e,not_applicable,2026-08-21,Contest predates the Endorser eligibility window
edr_60054ff9f17d5cb5889a78d123699005,con_e3987d425526548a844f6d73b662eac3,comprehensive_source_found,2026-08-21,complete slate source recovered
edr_60054ff9f17d5cb5889a78d123699005,con_e3ed783f131d579d8718d34c15675901,not_applicable,2026-08-21,Contest predates the Endorser eligibility window
edr_60054ff9f17d5cb5889a78d123699005,con_e3f1226fd27e5ec6bf5d96a8439cc26a,not_applicable,2026-08-21,Contest predates the Endorser eligibility window
edr_60054ff9f17d5cb5889a78d123699005,con_e689393a84cc500bab2476e3913f093d,not_applicable,2026-08-21,Contest predates the Endorser eligibility window
edr_60054ff9f17d5cb5889a78d123699005,con_e7325536f8e85cffa249480df8a556a2,not_applicable,2026-08-21,Contest predates the Endorser eligibility window
edr_60054ff9f17d5cb5889a78d123699005,con_e78d7e5eb6975c7b98ef0efd13e5c783,not_applicable,2026-08-21,Contest predates the Endorser eligibility window
edr_60054ff9f17d5cb5889a78d123699005,con_e8d5ffca829d5a06ad87216dc76d6e6a,not_applicable,2026-08-21,Contest predates the Endorser eligibility window
edr_60054ff9f17d5cb5889a78d123699005,con_e8f16f1721ce5517977fa5bc1f660248,not_applicable,2026-08-21,Contest predates the Endorser eligibility window
edr_60054ff9f17d5cb5889a78d123699005,con_e93ddb13c85852b58b88208c71191394,not_applicable,2026-08-21,Contest predates the Endorser eligibility window
edr_60054ff9f17d5cb5889a78d123699005,con_ebbe0512549c59bc8a7a31e7ec5a59e9,not_applicable,2026-08-21,Contest predates the Endorser eligibility window
edr_60054ff9f17d5cb5889a78d123699005,con_ebcb4d472e005fbbadabf9f6201cbe13,not_applicable,2026-08-21,Contest predates the Endorser eligibility window
edr_60054ff9f17d5cb5889a78d123699005,con_ec88bd40dff858e695ae9533199be499,not_applicable,2026-08-21,Contest predates the Endorser eligibility window
edr_60054ff9f17d5cb5889a78d123699005,con_eccf9644aa2c598fa731d009a96fcf64,partially_searched,2026-08-22,Exact-entity search logged; recovered training material is not an endorsement.
edr_60054ff9f17d5cb5889a78d123699005,con_ed22821703705704bff31b43ed036014,not_applicable,2026-08-21,Contest predates the Endorser eligibility window
edr_60054ff9f17d5cb5889a78d123699005,con_edd7a5395e9a586bb5289cb5ed1106b3,not_applicable,2026-08-21,Contest predates the Endorser eligibility window
edr_60054ff9f17d5cb5889a78d123699005,con_eeda9883ca2d57148405d41f7f5a80a4,partially_searched,2026-08-22,Action-plan search is not a complete named slate.
edr_60054ff9f17d5cb5889a78d123699005,con_f0bbc885a5535e28bc005ca644cc4e22,not_applicable,2026-08-21,Contest predates the Endorser eligibility window
edr_60054ff9f17d5cb5889a78d123699005,con_f0cf1eca40845631b0bd4d4750413711,not_applicable,2026-08-21,Contest predates the Endorser eligibility window
edr_60054ff9f17d5cb5889a78d123699005,con_f3e797bac18a5e45a723ff263eafb93e,not_applicable,2026-08-21,Contest predates the Endorser eligibility window
edr_60054ff9f17d5cb5889a78d123699005,con_f449befd52f1538191ef612c9e711c45,not_applicable,2026-08-21,Contest predates the Endorser eligibility window
edr_60054ff9f17d5cb5889a78d123699005,con_f5117910f9d358e48dec8f0fd7c77712,partially_searched,2026-08-21,current election searched through 2026-08-21
edr_60054ff9f17d5cb5889a78d123699005,con_f59fe6995c8b528dbd3cbfbb5c3277c8,not_applicable,2026-08-21,Contest predates the Endorser eligibility window
edr_60054ff9f17d5cb5889a78d123699005,con_f8a855ebf8c250bda4eeed75246305b5,comprehensive_source_found,2026-08-21,complete slate source recovered
edr_60054ff9f17d5cb5889a78d123699005,con_f961284da53f5a38ba3a20e7e998ef4f,partially_searched,2026-08-22,Action-plan search is not a complete named slate.
edr_60054ff9f17d5cb5889a78d123699005,con_f97200e8b8345e4b844e990437f0b077,partially_searched,2026-08-21,current election searched through 2026-08-21
edr_60054ff9f17d5cb5889a78d123699005,con_fc66f2cac25c5ea58dccc4005672bad8,not_applicable,2026-08-21,Contest predates the Endorser eligibility window
edr_60054ff9f17d5cb5889a78d123699005,con_fdb17fc50f125d17af9f8b0a22566116,not_applicable,2026-08-21,Contest predates the Endorser eligibility window
edr_60054ff9f17d5cb5889a78d123699005,con_fed30965855757d399c6acfbd6e6d4f4,not_applicable,2026-08-21,Contest predates the Endorser eligibility window
edr_69f1317690e6571bb2b2e9a7e9690ab8,con_004711e5bbda5d169a7774d906befd21,partially_searched,2026-08-22,Post-poll policy material is not a candidate choice.
edr_69f1317690e6571bb2b2e9a7e9690ab8,con_02e530a81bf75a6bbf6b4ca0a9ea6738,partially_searched,2026-08-22,Archive search logged; no complete slate or choice source recovered.
edr_69f1317690e6571bb2b2e9a7e9690ab8,con_037ae72c455f558590ca04bc929df4cb,comprehensive_source_found,2026-08-21,complete slate source recovered
edr_69f1317690e6571bb2b2e9a7e9690ab8,con_0408bfe48f1059ecbe918aec119f10a3,partially_searched,2026-08-21,current election searched through 2026-08-21
edr_69f1317690e6571bb2b2e9a7e9690ab8,con_04a4bbe5ef575c72b4ec49d601f24b71,partially_searched,2026-08-22,Archive search logged; no complete slate or choice source recovered.
edr_69f1317690e6571bb2b2e9a7e9690ab8,con_099fbf24dd655a0e8b1720fbe2215a6a,partially_searched,2026-08-22,Archive search logged; no complete slate or choice source recovered.
edr_69f1317690e6571bb2b2e9a7e9690ab8,con_09d3330e921d5e53ae19007709e75bf9,partially_searched,2026-08-22,Archive search logged; no complete slate or choice source recovered.
edr_69f1317690e6571bb2b2e9a7e9690ab8,con_0a880ce7b6ad5bdaa2e2dc7b19601aa8,partially_searched,2026-08-22,Archive search logged; no complete slate or choice source recovered.
edr_69f1317690e6571bb2b2e9a7e9690ab8,con_0b8c9e853efa5e3da86b0f1eff65589e,partially_searched,2026-08-22,Archive search logged; no complete slate or choice source recovered.
edr_69f1317690e6571bb2b2e9a7e9690ab8,con_0d00ed8759a1559c82329352d94a7812,partially_searched,2026-08-21,current election searched through 2026-08-21
edr_69f1317690e6571bb2b2e9a7e9690ab8,con_0d314382ba1a5d62b399c1eefc717cc1,comprehensive_source_found,2026-08-21,complete slate source recovered
edr_69f1317690e6571bb2b2e9a7e9690ab8,con_0dc4d6b99efa5f32a8f36b24d080bb2d,partially_searched,2026-08-22,Post-poll policy material is not a candidate choice.
edr_69f1317690e6571bb2b2e9a7e9690ab8,con_107ad5f6c01f5d4389c8194358534375,partially_searched,2026-08-22,Archive search logged; no complete slate or choice source recovered.
edr_69f1317690e6571bb2b2e9a7e9690ab8,con_11ea4a9756fd5bc4a466dc797994b068,partially_searched,2026-08-22,Archive search logged; no complete slate or choice source recovered.
edr_69f1317690e6571bb2b2e9a7e9690ab8,con_13660de4bc485cc68e0744199d21cb46,partially_searched,2026-08-22,Post-poll policy material is not a candidate choice.
edr_69f1317690e6571bb2b2e9a7e9690ab8,con_147dca9e3758595d8766dc52d11a65f4,partially_searched,2026-08-22,Recovered list is not evidence of a choice in this contest.
edr_69f1317690e6571bb2b2e9a7e9690ab8,con_14cf7e0c0e4c578d9a2a0777404c36b1,partially_searched,2026-08-21,current election searched through 2026-08-21
edr_69f1317690e6571bb2b2e9a7e9690ab8,con_16fad19349255393a28639cd62e83ae3,partially_searched,2026-08-22,Recovered list is not evidence of a choice in this contest.
edr_69f1317690e6571bb2b2e9a7e9690ab8,con_17593cee737354878c920526a9fa7afd,partially_searched,2026-08-22,Archive search logged; no complete slate or choice source recovered.
edr_69f1317690e6571bb2b2e9a7e9690ab8,con_17c2e1a7404c5641823443ca7a6dcc10,partially_searched,2026-08-22,Archive search logged; no complete slate or choice source recovered.
edr_69f1317690e6571bb2b2e9a7e9690ab8,con_17f69fde16cb514bb16fb6e361c07fff,partially_searched,2026-08-22,Post-poll policy material is not a candidate choice.
edr_69f1317690e6571bb2b2e9a7e9690ab8,con_18fc5604e3b45ef08d8af9b0813a1918,partially_searched,2026-08-22,Archive search logged; no complete slate or choice source recovered.
edr_69f1317690e6571bb2b2e9a7e9690ab8,con_1969b3b6667f56549d1f35b90f606cbf,partially_searched,2026-08-22,Archive search logged; no complete slate or choice source recovered.
edr_69f1317690e6571bb2b2e9a7e9690ab8,con_1a46b115b13d55619bcaf30903c183e3,partially_searched,2026-08-22,Archive search logged; no complete slate or choice source recovered.
edr_69f1317690e6571bb2b2e9a7e9690ab8,con_1b8d99f619f758efb737805a20bcf6fb,comprehensive_source_found,2026-08-22,Recovered first-party Local 113 endorsed-candidate list names this contest.
edr_69f1317690e6571bb2b2e9a7e9690ab8,con_1c0aff783cfb5ac995b40930229ffd15,partially_searched,2026-08-22,Archive search logged; no complete slate or choice source recovered.
edr_69f1317690e6571bb2b2e9a7e9690ab8,con_1cf871058a8c5bc9a34c7dbdf6edca83,partially_searched,2026-08-22,Archive search logged; no complete slate or choice source recovered.
edr_69f1317690e6571bb2b2e9a7e9690ab8,con_1e16e8a3edc55c77847b36d881fb8fe7,partially_searched,2026-08-22,Post-poll policy material is not a candidate choice.
edr_69f1317690e6571bb2b2e9a7e9690ab8,con_1fa443b3390f5d6691f7994877cf55c8,partially_searched,2026-08-22,Archive search logged; no complete slate or choice source recovered.
edr_69f1317690e6571bb2b2e9a7e9690ab8,con_20589f7261325cd892231ed42321b3cf,partially_searched,2026-08-22,Archive search logged; no complete slate or choice source recovered.
edr_69f1317690e6571bb2b2e9a7e9690ab8,con_2070d155d42250abac2e50baf8c6bf39,partially_searched,2026-08-22,Archive search logged; no complete slate or choice source recovered.
edr_69f1317690e6571bb2b2e9a7e9690ab8,con_218bbbaab66c59bc8d0d747f3ae2fb3c,partially_searched,2026-08-22,Archive search logged; no complete slate or choice source recovered.
edr_69f1317690e6571bb2b2e9a7e9690ab8,con_222bdce34cf75bbeb159589e8f46045b,partially_searched,2026-08-22,Post-poll policy material is not a candidate choice.
edr_69f1317690e6571bb2b2e9a7e9690ab8,con_2317176dbf5e5a4fab7fd65b16359ebd,partially_searched,2026-08-22,Archive search logged; no complete slate or choice source recovered.
edr_69f1317690e6571bb2b2e9a7e9690ab8,con_25e09708c7c756b38cca57f2cf9f3b1e,partially_searched,2026-08-21,current election searched through 2026-08-21
edr_69f1317690e6571bb2b2e9a7e9690ab8,con_25f46be8b0a857faa602e39531d4ed0c,partially_searched,2026-08-21,current election searched through 2026-08-21
edr_69f1317690e6571bb2b2e9a7e9690ab8,con_272ca0eaeab656b89a5038bc74ad9988,partially_searched,2026-08-22,Archive search logged; no complete slate or choice source recovered.
edr_69f1317690e6571bb2b2e9a7e9690ab8,con_27e80d547d0256149213a7e90956055b,comprehensive_source_found,2026-08-21,complete slate source recovered
edr_69f1317690e6571bb2b2e9a7e9690ab8,con_2865d31031005dd897904c3f07e4d039,comprehensive_source_found,2026-08-22,Recovered first-party Local 113 endorsed-candidate list names this contest.
edr_69f1317690e6571bb2b2e9a7e9690ab8,con_28b9bf4109765f57a3a7923479b37af9,partially_searched,2026-08-22,Archive search logged; no complete slate or choice source recovered.
edr_69f1317690e6571bb2b2e9a7e9690ab8,con_29e8a0598b6d5fe18984bfe68b9d27f7,partially_searched,2026-08-21,current election searched through 2026-08-21
edr_69f1317690e6571bb2b2e9a7e9690ab8,con_2befcc6536315440902962b270ad7f70,partially_searched,2026-08-22,Archive search logged; no complete slate or choice source recovered.
edr_69f1317690e6571bb2b2e9a7e9690ab8,con_2bf1297cee4b5750992138d9da3c0dc0,partially_searched,2026-08-21,current election searched through 2026-08-21
edr_69f1317690e6571bb2b2e9a7e9690ab8,con_2c0ca30fc75e51a3acf50c4693b1cc1b,comprehensive_source_found,2026-08-21,complete slate source recovered
edr_69f1317690e6571bb2b2e9a7e9690ab8,con_2c70fd784be55c4794f8294a723dedb9,partially_searched,2026-08-22,Archive search logged; no complete slate or choice source recovered.
edr_69f1317690e6571bb2b2e9a7e9690ab8,con_2c97298461635376899e36569d2c7be3,partially_searched,2026-08-22,Archive search logged; no complete slate or choice source recovered.
edr_69f1317690e6571bb2b2e9a7e9690ab8,con_2ce79e4f63945b9b90a05c245e9382fc,partially_searched,2026-08-22,Archive search logged; no complete slate or choice source recovered.
edr_69f1317690e6571bb2b2e9a7e9690ab8,con_2cf721e86d7a55de8cf53a0ae3f6413c,partially_searched,2026-08-22,Post-poll policy material is not a candidate choice.
edr_69f1317690e6571bb2b2e9a7e9690ab8,con_2d92299c561559d99eccb92c22f4eb47,partially_searched,2026-08-22,Post-poll policy material is not a candidate choice.
edr_69f1317690e6571bb2b2e9a7e9690ab8,con_2f43675e2c5c59b796fafde036252ed1,partially_searched,2026-08-22,Post-poll policy material is not a candidate choice.
edr_69f1317690e6571bb2b2e9a7e9690ab8,con_2f8a0c46b37950fd9149d9b62f1f0142,partially_searched,2026-08-22,Archive search logged; no complete slate or choice source recovered.
edr_69f1317690e6571bb2b2e9a7e9690ab8,con_31d375f206cb5fe1955efa73ae9da43e,partially_searched,2026-08-22,Archive search logged; no complete slate or choice source recovered.
edr_69f1317690e6571bb2b2e9a7e9690ab8,con_33da03ca4a1159089c55d78f4edd2bf3,partially_searched,2026-08-22,Archive search logged; no complete slate or choice source recovered.
edr_69f1317690e6571bb2b2e9a7e9690ab8,con_34196d04855f52249d03362a5469c3c0,partially_searched,2026-08-21,current election searched through 2026-08-21
edr_69f1317690e6571bb2b2e9a7e9690ab8,con_350f0c58a79a574d926206857445b2d9,partially_searched,2026-08-22,Post-poll policy material is not a candidate choice.
edr_69f1317690e6571bb2b2e9a7e9690ab8,con_35fc512b3ae2545fa6ff408778ae144d,partially_searched,2026-08-21,current election searched through 2026-08-21
edr_69f1317690e6571bb2b2e9a7e9690ab8,con_368b196a6cf154a88c9f1275824dc99e,partially_searched,2026-08-21,current election searched through 2026-08-21
edr_69f1317690e6571bb2b2e9a7e9690ab8,con_387d212e18c453e2a8eb298de5c374ff,partially_searched,2026-08-22,Archive search logged; no complete slate or choice source recovered.
edr_69f1317690e6571bb2b2e9a7e9690ab8,con_393178f4fb765cd0bbeaa13d06dca32c,partially_searched,2026-08-22,Archive search logged; no complete slate or choice source recovered.
edr_69f1317690e6571bb2b2e9a7e9690ab8,con_398774c449785307baa3822c581963e9,partially_searched,2026-08-22,Archive search logged; no complete slate or choice source recovered.
edr_69f1317690e6571bb2b2e9a7e9690ab8,con_3a262cc7bf83579eae79ce2032ea06d1,partially_searched,2026-08-22,Archive search logged; no complete slate or choice source recovered.
edr_69f1317690e6571bb2b2e9a7e9690ab8,con_3a43982e2a0450b2a3f4c5241f6965d8,comprehensive_source_found,2026-08-22,Recovered first-party Local 113 endorsed-candidate list names this contest.
edr_69f1317690e6571bb2b2e9a7e9690ab8,con_3ae0da024263524d8e13691dbeeadc88,partially_searched,2026-08-22,Archive search logged; no complete slate or choice source recovered.
edr_69f1317690e6571bb2b2e9a7e9690ab8,con_3c1699cb4b0257ae8cf61da26db0c160,partially_searched,2026-08-22,Archive search logged; no complete slate or choice source recovered.
edr_69f1317690e6571bb2b2e9a7e9690ab8,con_3fc9df4b254c5eb6a2a7fb629a124bfb,partially_searched,2026-08-22,Recovered list is not evidence of a choice in this contest.
edr_69f1317690e6571bb2b2e9a7e9690ab8,con_3fd9226a06995ec78201f807f175b930,partially_searched,2026-08-22,Archive search logged; no complete slate or choice source recovered.
edr_69f1317690e6571bb2b2e9a7e9690ab8,con_419d313f6cfc5451ba26ad4687222e83,partially_searched,2026-08-21,current election searched through 2026-08-21
edr_69f1317690e6571bb2b2e9a7e9690ab8,con_43b57e74c0a454db9f5ed346b6fc7095,partially_searched,2026-08-22,Archive search logged; no complete slate or choice source recovered.
edr_69f1317690e6571bb2b2e9a7e9690ab8,con_43f8a49a6b095ee8a38c2a1aa0477382,comprehensive_source_found,2026-08-21,complete slate source recovered
edr_69f1317690e6571bb2b2e9a7e9690ab8,con_45eb3e143f1b5492b4652498c957ed6b,comprehensive_source_found,2026-08-22,Recovered first-party Local 113 endorsed-candidate list names this contest.
edr_69f1317690e6571bb2b2e9a7e9690ab8,con_46f4af62ff4956f5b31ebec2e77229fa,partially_searched,2026-08-22,Archive search logged; no complete slate or choice source recovered.
edr_69f1317690e6571bb2b2e9a7e9690ab8,con_46f7b754b02b57d0a651c417f9f0471d,partially_searched,2026-08-22,Archive search logged; no complete slate or choice source recovered.
edr_69f1317690e6571bb2b2e9a7e9690ab8,con_47f9c6bba0165404a3fec5492a0940b3,partially_searched,2026-08-22,Archive search logged; no complete slate or choice source recovered.
edr_69f1317690e6571bb2b2e9a7e9690ab8,con_4977aa6e0a865d788ed7ebf871e4027c,partially_searched,2026-08-22,Archive search logged; no complete slate or choice source recovered.
edr_69f1317690e6571bb2b2e9a7e9690ab8,con_4a5af0945c9a5a01ae50e3a5ea61b3fb,partially_searched,2026-08-22,Archive search logged; no complete slate or choice source recovered.
edr_69f1317690e6571bb2b2e9a7e9690ab8,con_4b3374ab9039564fa8ed1cedf493a0e3,partially_searched,2026-08-22,Archive search logged; no complete slate or choice source recovered.
edr_69f1317690e6571bb2b2e9a7e9690ab8,con_4b6815e8c2e155d881aba7f21ad5b69b,partially_searched,2026-08-21,current election searched through 2026-08-21
edr_69f1317690e6571bb2b2e9a7e9690ab8,con_4def6d4e85f85950babb9030e4eae0cb,comprehensive_source_found,2026-08-22,Recovered first-party Local 113 endorsed-candidate list names this contest.
edr_69f1317690e6571bb2b2e9a7e9690ab8,con_4e3ebb6b13cb5d2396519f9df6fbdf4b,partially_searched,2026-08-22,Post-poll policy material is not a candidate choice.
edr_69f1317690e6571bb2b2e9a7e9690ab8,con_4e432b136b83537fb08e7e8485f4949c,partially_searched,2026-08-22,Post-poll policy material is not a candidate choice.
edr_69f1317690e6571bb2b2e9a7e9690ab8,con_4ead7aa21a905ad7bd1838cb33f37045,partially_searched,2026-08-22,Archive search logged; no complete slate or choice source recovered.
edr_69f1317690e6571bb2b2e9a7e9690ab8,con_5161ebd9ab2b5c55bfcd6eef433082c9,partially_searched,2026-08-22,Post-poll policy material is not a candidate choice.
edr_69f1317690e6571bb2b2e9a7e9690ab8,con_5212e699e2ab537eaf63c23b0952d1a1,partially_searched,2026-08-21,current election searched through 2026-08-21
edr_69f1317690e6571bb2b2e9a7e9690ab8,con_52f50431db92559f8d4391fb2e932f16,comprehensive_source_found,2026-08-21,complete slate source recovered
edr_69f1317690e6571bb2b2e9a7e9690ab8,con_53468b4ee3c7510aba4d708f584951a9,partially_searched,2026-08-22,No qualifying choice recovered.
edr_69f1317690e6571bb2b2e9a7e9690ab8,con_5394ec9f2261502eb1947c064bfdaf8a,partially_searched,2026-08-21,current election searched through 2026-08-21
edr_69f1317690e6571bb2b2e9a7e9690ab8,con_54d4d8b5d91f5df5ba8bfdf9c61296af,partially_searched,2026-08-22,Post-poll policy material is not a candidate choice.
edr_69f1317690e6571bb2b2e9a7e9690ab8,con_5587a8b9ae37546eb39a67333b5011ed,partially_searched,2026-08-22,Archive search logged; no complete slate or choice source recovered.
edr_69f1317690e6571bb2b2e9a7e9690ab8,con_55f5230db0d85c499ce7cea0ce379f5f,comprehensive_source_found,2026-08-22,Recovered first-party Local 113 endorsed-candidate list names this contest.
edr_69f1317690e6571bb2b2e9a7e9690ab8,con_579cae8a3fa455a7a3e68d1b1900fffa,partially_searched,2026-08-22,Archive search logged; no complete slate or choice source recovered.
edr_69f1317690e6571bb2b2e9a7e9690ab8,con_59aa1ee85e2d51ca8dee4338d37665c2,partially_searched,2026-08-22,Archive search logged; no complete slate or choice source recovered.
edr_69f1317690e6571bb2b2e9a7e9690ab8,con_59bfad1b37305c63a378a4614deb11ae,partially_searched,2026-08-22,Post-poll policy material is not a candidate choice.
edr_69f1317690e6571bb2b2e9a7e9690ab8,con_5ae0589c69375400b18fd5960241eeac,partially_searched,2026-08-21,current election searched through 2026-08-21
edr_69f1317690e6571bb2b2e9a7e9690ab8,con_5babda81dd6351a28a423340a03b5d8a,partially_searched,2026-08-22,Post-poll policy material is not a candidate choice.
edr_69f1317690e6571bb2b2e9a7e9690ab8,con_5c4da484552c546aaff98277d675d594,partially_searched,2026-08-22,Archive search logged; no complete slate or choice source recovered.
edr_69f1317690e6571bb2b2e9a7e9690ab8,con_5c8144ae39615a3189a3691c99c5ea4e,partially_searched,2026-08-22,Post-poll policy material is not a candidate choice.
edr_69f1317690e6571bb2b2e9a7e9690ab8,con_5cb64f68c501559d960b05fb29843745,partially_searched,2026-08-22,Post-poll policy material is not a candidate choice.
edr_69f1317690e6571bb2b2e9a7e9690ab8,con_5d8609e7e7f4584ea28ad032690bdae8,partially_searched,2026-08-22,Archive search logged; no complete slate or choice source recovered.
edr_69f1317690e6571bb2b2e9a7e9690ab8,con_5f814673ab4050e5b50e46685dbfbecb,partially_searched,2026-08-22,Archive search logged; no complete slate or choice source recovered.
edr_69f1317690e6571bb2b2e9a7e9690ab8,con_610d1afaa15d592eb956835f8fd51600,partially_searched,2026-08-22,Archive search logged; no complete slate or choice source recovered.
edr_69f1317690e6571bb2b2e9a7e9690ab8,con_612115bf42b450d3aeb63bb430d3aec9,comprehensive_source_found,2026-08-22,Recovered first-party Local 113 endorsed-candidate list names this contest.
edr_69f1317690e6571bb2b2e9a7e9690ab8,con_6131490bb0d75b1ba4033e2284df71f8,partially_searched,2026-08-22,Archive search logged; no complete slate or choice source recovered.
edr_69f1317690e6571bb2b2e9a7e9690ab8,con_61eed2bcd6ce5343bea274fe8a8028bc,partially_searched,2026-08-22,Archive search logged; no complete slate or choice source recovered.
edr_69f1317690e6571bb2b2e9a7e9690ab8,con_622c2ee026875ae4ac60200b1559e8f6,partially_searched,2026-08-22,Post-poll policy material is not a candidate choice.
edr_69f1317690e6571bb2b2e9a7e9690ab8,con_6240f694b6ce5307a2126a9103153475,partially_searched,2026-08-22,Archive search logged; no complete slate or choice source recovered.
edr_69f1317690e6571bb2b2e9a7e9690ab8,con_636fab9611ed540ebff54ad772a1827d,partially_searched,2026-08-22,Post-poll policy material is not a candidate choice.
edr_69f1317690e6571bb2b2e9a7e9690ab8,con_639f022801275cedb8f9b4fe82711ae3,partially_searched,2026-08-22,Post-poll policy material is not a candidate choice.
edr_69f1317690e6571bb2b2e9a7e9690ab8,con_643801dc921651c3a1ef5d96772fb13d,partially_searched,2026-08-22,Post-poll policy material is not a candidate choice.
edr_69f1317690e6571bb2b2e9a7e9690ab8,con_6629fd920f2b5a8d9b7959fafdd04a1a,partially_searched,2026-08-22,Post-poll policy material is not a candidate choice.
edr_69f1317690e6571bb2b2e9a7e9690ab8,con_662d709bee42574392549fc786efea0d,partially_searched,2026-08-22,Archive search logged; no complete slate or choice source recovered.
edr_69f1317690e6571bb2b2e9a7e9690ab8,con_67daf6d284a75ecc8b775a05a871a58e,partially_searched,2026-08-21,current election searched through 2026-08-21
edr_69f1317690e6571bb2b2e9a7e9690ab8,con_680464772a025da6aa5eaf650cefb52a,partially_searched,2026-08-22,Archive search logged; no complete slate or choice source recovered.
edr_69f1317690e6571bb2b2e9a7e9690ab8,con_6821258c9f7f598e829c8617b8765c25,comprehensive_source_found,2026-08-21,complete slate source recovered
edr_69f1317690e6571bb2b2e9a7e9690ab8,con_6a1f4d7470675d869b3b11aede0812f2,partially_searched,2026-08-22,Recovered list is not evidence of a choice in this contest.
edr_69f1317690e6571bb2b2e9a7e9690ab8,con_6ba310e4ba695121835a4fde58144a47,partially_searched,2026-08-21,current election searched through 2026-08-21
edr_69f1317690e6571bb2b2e9a7e9690ab8,con_6beb6fc4da14503aa70fa94b8fe0b600,partially_searched,2026-08-22,Archive search logged; no complete slate or choice source recovered.
edr_69f1317690e6571bb2b2e9a7e9690ab8,con_6c708130eaa15c9080cc3cd3a207f63b,partially_searched,2026-08-22,Post-poll policy material is not a candidate choice.
edr_69f1317690e6571bb2b2e9a7e9690ab8,con_6d24ced99da9539aaaad476a9a2747f4,partially_searched,2026-08-22,Archive search logged; no complete slate or choice source recovered.
edr_69f1317690e6571bb2b2e9a7e9690ab8,con_6d7f00a8037754c0a6f34579bee44966,partially_searched,2026-08-22,Archive search logged; no complete slate or choice source recovered.
edr_69f1317690e6571bb2b2e9a7e9690ab8,con_6efbf1ffbfee5e2cb5f5fab52dd98a91,partially_searched,2026-08-21,current election searched through 2026-08-21
edr_69f1317690e6571bb2b2e9a7e9690ab8,con_6fd864aec40c5bbc9f3eb32d2e9e4379,partially_searched,2026-08-22,Recovered list is not evidence of a choice in this contest.
edr_69f1317690e6571bb2b2e9a7e9690ab8,con_719e754cd3eb5a8abbc6e78d6413ff60,partially_searched,2026-08-21,current election searched through 2026-08-21
edr_69f1317690e6571bb2b2e9a7e9690ab8,con_727f839c8adc5531bd874edb6b663c05,partially_searched,2026-08-22,Archive search logged; no complete slate or choice source recovered.
edr_69f1317690e6571bb2b2e9a7e9690ab8,con_744dd2f798b8521e8de9693750f474d2,partially_searched,2026-08-22,Archive search logged; no complete slate or choice source recovered.
edr_69f1317690e6571bb2b2e9a7e9690ab8,con_76db9d7d1989548fadeac8b8116dc357,partially_searched,2026-08-22,Archive search logged; no complete slate or choice source recovered.
edr_69f1317690e6571bb2b2e9a7e9690ab8,con_778d3d5e612151bcb14703a9f987556d,partially_searched,2026-08-22,Existing Council slate is not mayoral evidence.
edr_69f1317690e6571bb2b2e9a7e9690ab8,con_77f42d0ca0a15c57a01b5579fef4625a,partially_searched,2026-08-22,Archive search logged; no complete slate or choice source recovered.
edr_69f1317690e6571bb2b2e9a7e9690ab8,con_79a0aa63063d5dd6a5a2ed28c29ecec1,partially_searched,2026-08-22,Post-poll policy material is not a candidate choice.
edr_69f1317690e6571bb2b2e9a7e9690ab8,con_7a4043e26d4256e78ee3861fb81e718a,comprehensive_source_found,2026-08-22,Recovered first-party Local 113 endorsed-candidate list names this contest.
edr_69f1317690e6571bb2b2e9a7e9690ab8,con_7acbde45d7355dbeb5327c8eff9039ed,partially_searched,2026-08-22,Post-poll policy material is not a candidate choice.
edr_69f1317690e6571bb2b2e9a7e9690ab8,con_7b92b7a12bbf5240a728cbe9d42aa420,partially_searched,2026-08-22,Archive search logged; no complete slate or choice source recovered.
edr_69f1317690e6571bb2b2e9a7e9690ab8,con_7bbdc7e302705fee987b1ebca87ef16d,partially_searched,2026-08-22,Archive search logged; no complete slate or choice source recovered.
edr_69f1317690e6571bb2b2e9a7e9690ab8,con_7d07021e53b35a609a75560232a15fd1,partially_searched,2026-08-22,Post-poll policy material is not a candidate choice.
edr_69f1317690e6571bb2b2e9a7e9690ab8,con_7e6cf2fd75ba560a900bb024e72fe99c,partially_searched,2026-08-22,Recovered list is not evidence of a choice in this contest.
edr_69f1317690e6571bb2b2e9a7e9690ab8,con_7eba7d2b2ccb57e5aa6ab13c307b2517,partially_searched,2026-08-22,Archive search logged; no complete slate or choice source recovered.
edr_69f1317690e6571bb2b2e9a7e9690ab8,con_7ee43d0beaab558c9788d151bbd8d067,partially_searched,2026-08-22,Post-poll policy material is not a candidate choice.
edr_69f1317690e6571bb2b2e9a7e9690ab8,con_802f842541d15d899e8f6acf3b86ae45,partially_searched,2026-08-22,Archive search logged; no complete slate or choice source recovered.
edr_69f1317690e6571bb2b2e9a7e9690ab8,con_810611751acb5e86ab30b3277e7e6dad,comprehensive_source_found,2026-08-22,Recovered first-party Local 113 endorsed-candidate list names this contest.
edr_69f1317690e6571bb2b2e9a7e9690ab8,con_8283f00fca6855af9a0a63e550482bda,partially_searched,2026-08-22,Archive search logged; no complete slate or choice source recovered.
edr_69f1317690e6571bb2b2e9a7e9690ab8,con_82f64d71deda5204bf8ba5ab710c21e6,partially_searched,2026-08-22,Post-poll policy material is not a candidate choice.
edr_69f1317690e6571bb2b2e9a7e9690ab8,con_8322c67bf27e5374a4da8de81ef663fc,partially_searched,2026-08-21,current election searched through 2026-08-21
edr_69f1317690e6571bb2b2e9a7e9690ab8,con_834d568760e15dcdb0b423512c33fe9c,partially_searched,2026-08-22,Archive search logged; no complete slate or choice source recovered.
edr_69f1317690e6571bb2b2e9a7e9690ab8,con_83ded5c17ed75ca788f320a13b17dd08,partially_searched,2026-08-22,Archive search logged; no complete slate or choice source recovered.
edr_69f1317690e6571bb2b2e9a7e9690ab8,con_845cf9eb2c1b5ed6b35801d45f86cd82,partially_searched,2026-08-22,Archive search logged; no complete slate or choice source recovered.
edr_69f1317690e6571bb2b2e9a7e9690ab8,con_849867f583195ad38c77941612883bd9,comprehensive_source_found,2026-08-22,Recovered first-party Local 113 endorsed-candidate list names this contest.
edr_69f1317690e6571bb2b2e9a7e9690ab8,con_86779f733e9f58e78227d4c49c260033,partially_searched,2026-08-22,Archive search logged; no complete slate or choice source recovered.
edr_69f1317690e6571bb2b2e9a7e9690ab8,con_86a1f5b3235452b4a3cb3b3297e4dd51,partially_searched,2026-08-22,Archive search logged; no complete slate or choice source recovered.
edr_69f1317690e6571bb2b2e9a7e9690ab8,con_88a17b76344c50ba9a3a118dd558c185,partially_searched,2026-08-22,Archive search logged; no complete slate or choice source recovered.
edr_69f1317690e6571bb2b2e9a7e9690ab8,con_88f5ccc6b744588da3d07590c5dca974,partially_searched,2026-08-22,Archive search logged; no complete slate or choice source recovered.
edr_69f1317690e6571bb2b2e9a7e9690ab8,con_899c01be1cc951dfb79010a2fbd8ad10,partially_searched,2026-08-22,Archive search logged; no complete slate or choice source recovered.
edr_69f1317690e6571bb2b2e9a7e9690ab8,con_8a8efa738bef57fc9329489f768529c9,partially_searched,2026-08-22,Archive search logged; no complete slate or choice source recovered.
edr_69f1317690e6571bb2b2e9a7e9690ab8,con_8b4a03ef5a3c55c4ab20662c886b31a7,comprehensive_source_found,2026-08-22,Recovered first-party Local 113 endorsed-candidate list names this contest.
edr_69f1317690e6571bb2b2e9a7e9690ab8,con_8c969ca3bbbb537382be9d4ed8dd7697,partially_searched,2026-08-22,Archive search logged; no complete slate or choice source recovered.
edr_69f1317690e6571bb2b2e9a7e9690ab8,con_8d2d5f08a1095a14abbcb526483a3aa0,comprehensive_source_found,2026-08-21,complete slate source recovered
edr_69f1317690e6571bb2b2e9a7e9690ab8,con_90b9ffb191415b13a8c7f334ef771513,partially_searched,2026-08-22,Archive search logged; no complete slate or choice source recovered.
edr_69f1317690e6571bb2b2e9a7e9690ab8,con_91f80636385c5df5b2d409f9c9b389ed,comprehensive_source_found,2026-08-21,complete slate source recovered
edr_69f1317690e6571bb2b2e9a7e9690ab8,con_922d425132ad5243b459c0ca40a6dcd9,partially_searched,2026-08-22,Recovered list is not evidence of a choice in this contest.
edr_69f1317690e6571bb2b2e9a7e9690ab8,con_9250eb2b2609550597520e68352ac56a,partially_searched,2026-08-22,Post-poll policy material is not a candidate choice.
edr_69f1317690e6571bb2b2e9a7e9690ab8,con_945161409a0450f29e351ff3f263f815,partially_searched,2026-08-22,Archive search logged; no complete slate or choice source recovered.
edr_69f1317690e6571bb2b2e9a7e9690ab8,con_9473b9c31bb55e62ac4432451881acf1,partially_searched,2026-08-22,Archive search logged; no complete slate or choice source recovered.
edr_69f1317690e6571bb2b2e9a7e9690ab8,con_9476d4c41a7d5fa48b97b47e28f9305d,comprehensive_source_found,2026-08-21,complete slate source recovered
edr_69f1317690e6571bb2b2e9a7e9690ab8,con_95ce62f8d45154c7836ec0372d2a416e,partially_searched,2026-08-22,Archive search logged; no complete slate or choice source recovered.
edr_69f1317690e6571bb2b2e9a7e9690ab8,con_95ddf0ee07b85a9da9038f871eeefaba,partially_searched,2026-08-22,Archive search logged; no complete slate or choice source recovered.
edr_69f1317690e6571bb2b2e9a7e9690ab8,con_98fc649f10ee5100a44520c1500dfac9,comprehensive_source_found,2026-08-21,complete slate source recovered
edr_69f1317690e6571bb2b2e9a7e9690ab8,con_990816d2030b592787bdf4a19382627f,comprehensive_source_found,2026-08-22,Recovered first-party Local 113 endorsed-candidate list names this contest.
edr_69f1317690e6571bb2b2e9a7e9690ab8,con_99b9fbf5df5f504eb0906d1c2b113d63,partially_searched,2026-08-22,Archive search logged; no complete slate or choice source recovered.
edr_69f1317690e6571bb2b2e9a7e9690ab8,con_9d346093453659cba5591e6e2efd506a,partially_searched,2026-08-22,Archive search logged; no complete slate or choice source recovered.
edr_69f1317690e6571bb2b2e9a7e9690ab8,con_9e0a04dcf1245155b6f1fd50c6a83e99,comprehensive_source_found,2026-08-21,complete slate source recovered
edr_69f1317690e6571bb2b2e9a7e9690ab8,con_a060705663a15882b307108144aa8720,partially_searched,2026-08-22,Archive search logged; no complete slate or choice source recovered.
edr_69f1317690e6571bb2b2e9a7e9690ab8,con_a160a05c9e3e5dd7b972cd5c16d456b0,partially_searched,2026-08-22,Archive search logged; no complete slate or choice source recovered.
edr_69f1317690e6571bb2b2e9a7e9690ab8,con_a1f3f1e6009c53c7a9cbb88e7e2346c0,comprehensive_source_found,2026-08-21,complete slate source recovered
edr_69f1317690e6571bb2b2e9a7e9690ab8,con_a3ad5138021a51309ade19f0cbc4ebe1,partially_searched,2026-08-22,Post-poll policy material is not a candidate choice.
edr_69f1317690e6571bb2b2e9a7e9690ab8,con_a46853faf8a85598b55614ee5bfc99e2,partially_searched,2026-08-22,Archive search logged; no complete slate or choice source recovered.
edr_69f1317690e6571bb2b2e9a7e9690ab8,con_a548943febc15683bb34e547001ee6e7,comprehensive_source_found,2026-08-21,complete slate source recovered
edr_69f1317690e6571bb2b2e9a7e9690ab8,con_a62a387b9ca8511db50248d4738f3eea,partially_searched,2026-08-22,Archive search logged; no complete slate or choice source recovered.
edr_69f1317690e6571bb2b2e9a7e9690ab8,con_ab103b8f3a915dd0b0131abea73fad5c,partially_searched,2026-08-22,Archive search logged; no complete slate or choice source recovered.
edr_69f1317690e6571bb2b2e9a7e9690ab8,con_abe0e1350e7856ad9a70ffdc75dd84f2,partially_searched,2026-08-22,Archive search logged; no complete slate or choice source recovered.
edr_69f1317690e6571bb2b2e9a7e9690ab8,con_ac0a746327ea57b39ba13add8456bbd3,comprehensive_source_found,2026-08-21,complete slate source recovered
edr_69f1317690e6571bb2b2e9a7e9690ab8,con_ac347f98e5715159b3adecf8debcbde8,comprehensive_source_found,2026-08-22,Recovered first-party Local 113 endorsed-candidate list names this contest.
edr_69f1317690e6571bb2b2e9a7e9690ab8,con_ae44722023c153d7a460278c9b621435,partially_searched,2026-08-22,Archive search logged; no complete slate or choice source recovered.
edr_69f1317690e6571bb2b2e9a7e9690ab8,con_af1f1cbea2a15cf4899bdd37d9fc80f7,comprehensive_source_found,2026-08-21,complete slate source recovered
edr_69f1317690e6571bb2b2e9a7e9690ab8,con_b123ac953da1590ebb8bca29f5eb3bdc,partially_searched,2026-08-22,Post-poll policy material is not a candidate choice.
edr_69f1317690e6571bb2b2e9a7e9690ab8,con_b1ec123602ab559c939e1aa02badcd71,partially_searched,2026-08-22,Archive search logged; no complete slate or choice source recovered.
edr_69f1317690e6571bb2b2e9a7e9690ab8,con_b4c70c0c6f465c4091dce97cbbd286b3,partially_searched,2026-08-22,Archive search logged; no complete slate or choice source recovered.
edr_69f1317690e6571bb2b2e9a7e9690ab8,con_b592d84a34965294a78c84c50bab4ddb,partially_searched,2026-08-22,Post-poll policy material is not a candidate choice.
edr_69f1317690e6571bb2b2e9a7e9690ab8,con_b5ffb866cf475caca42769d641deb4a7,partially_searched,2026-08-22,Archive search logged; no complete slate or choice source recovered.
edr_69f1317690e6571bb2b2e9a7e9690ab8,con_b6bdff47e14a590897fb7531e91999d1,partially_searched,2026-08-22,Archive search logged; no complete slate or choice source recovered.
edr_69f1317690e6571bb2b2e9a7e9690ab8,con_b7158aa7285c513f8255b4f87166c723,comprehensive_source_found,2026-08-21,complete slate source recovered
edr_69f1317690e6571bb2b2e9a7e9690ab8,con_b93d69f083ed511ab264f38cc1d8b94c,partially_searched,2026-08-22,No mayoral choice in the recovered council document.
edr_69f1317690e6571bb2b2e9a7e9690ab8,con_b9bda7a65c8a5e03a69746d0072f95c1,partially_searched,2026-08-22,Archive search logged; no complete slate or choice source recovered.
edr_69f1317690e6571bb2b2e9a7e9690ab8,con_bab4f35c5b9a51da935131d5c790bddf,comprehensive_source_found,2026-08-21,complete slate source recovered
edr_69f1317690e6571bb2b2e9a7e9690ab8,con_bb2bdc05e1365857b524a0a6596b48d5,partially_searched,2026-08-22,No qualifying choice recovered.
edr_69f1317690e6571bb2b2e9a7e9690ab8,con_bcc3da3d377f5fd3bb1d8a0c3ad7160b,comprehensive_source_found,2026-08-21,complete slate source recovered
edr_69f1317690e6571bb2b2e9a7e9690ab8,con_bd42720679895e8eb848ffc148979026,partially_searched,2026-08-21,current election searched through 2026-08-21
edr_69f1317690e6571bb2b2e9a7e9690ab8,con_bdb4bceb8d3d535e9d9284d19bf99bb0,partially_searched,2026-08-22,Archive search logged; no complete slate or choice source recovered.
edr_69f1317690e6571bb2b2e9a7e9690ab8,con_be2d96cb623553cdbd79b303f9576bda,partially_searched,2026-08-22,Archive search logged; no complete slate or choice source recovered.
edr_69f1317690e6571bb2b2e9a7e9690ab8,con_be3ee1a1a31f533885cbb71a268beda9,partially_searched,2026-08-22,Archive search logged; no complete slate or choice source recovered.
edr_69f1317690e6571bb2b2e9a7e9690ab8,con_bf4b3cd94fcd50ba8d2259a6df440a17,partially_searched,2026-08-22,Archive search logged; no complete slate or choice source recovered.
edr_69f1317690e6571bb2b2e9a7e9690ab8,con_bf589c2ec43c513aa964b64309534ac6,partially_searched,2026-08-22,Archive search logged; no complete slate or choice source recovered.
edr_69f1317690e6571bb2b2e9a7e9690ab8,con_c44af6fcb9ff527e8974217b3d633af1,comprehensive_source_found,2026-08-21,complete slate source recovered
edr_69f1317690e6571bb2b2e9a7e9690ab8,con_c49857c2f0a6591fa165be262c38930c,partially_searched,2026-08-22,Archive search logged; no complete slate or choice source recovered.
edr_69f1317690e6571bb2b2e9a7e9690ab8,con_c4de914fc9f15a3cab65125ee118d9c8,partially_searched,2026-08-22,Post-poll policy material is not a candidate choice.
edr_69f1317690e6571bb2b2e9a7e9690ab8,con_c555f2e9b45051a8b960bdbb0ac6080a,partially_searched,2026-08-22,Recovered list is not evidence of a choice in this contest.
edr_69f1317690e6571bb2b2e9a7e9690ab8,con_c57f0385335559e696305e7d4e632b40,partially_searched,2026-08-22,Post-poll policy material is not a candidate choice.
edr_69f1317690e6571bb2b2e9a7e9690ab8,con_c59d97019dab554698aea8cb6eeb469a,partially_searched,2026-08-22,Archive search logged; no complete slate or choice source recovered.
edr_69f1317690e6571bb2b2e9a7e9690ab8,con_c637e2ad153c516eb79ab5edb84161f8,comprehensive_source_found,2026-08-21,complete slate source recovered
edr_69f1317690e6571bb2b2e9a7e9690ab8,con_c686b3ad3bd059d78db8cc44229817a0,comprehensive_source_found,2026-08-21,complete slate source recovered
edr_69f1317690e6571bb2b2e9a7e9690ab8,con_c713b29e028a582893ad021c4a2b8546,partially_searched,2026-08-22,Archive search logged; no complete slate or choice source recovered.
edr_69f1317690e6571bb2b2e9a7e9690ab8,con_c760f9c404835bb595e5671cf893c340,partially_searched,2026-08-22,Archive search logged; no complete slate or choice source recovered.
edr_69f1317690e6571bb2b2e9a7e9690ab8,con_c85783d7c9a4550bae21b8e14f2ff992,comprehensive_source_found,2026-08-22,Recovered first-party Local 113 endorsed-candidate list names this contest.
edr_69f1317690e6571bb2b2e9a7e9690ab8,con_c8883aeeac29529eada91aebc451242b,partially_searched,2026-08-22,No qualifying choice recovered in this pass.
edr_69f1317690e6571bb2b2e9a7e9690ab8,con_c8a9dfe07ee5545eb20e21d12773c57e,partially_searched,2026-08-22,Post-poll policy material is not a candidate choice.
edr_69f1317690e6571bb2b2e9a7e9690ab8,con_c90c50ce5e7c59dbaf6f3fb8efe575fd,partially_searched,2026-08-22,Archive search logged; no complete slate or choice source recovered.
edr_69f1317690e6571bb2b2e9a7e9690ab8,con_ca1753a2e9eb53b396a948ee50167f03,partially_searched,2026-08-22,No qualifying choice recovered.
edr_69f1317690e6571bb2b2e9a7e9690ab8,con_caa23fae586656b2bab11ee711073a2c,partially_searched,2026-08-22,Recovered list is not evidence of a choice in this contest.
edr_69f1317690e6571bb2b2e9a7e9690ab8,con_cb4eea0a3dc657cc990d4fa53b4ae76f,partially_searched,2026-08-21,current election searched through 2026-08-21
edr_69f1317690e6571bb2b2e9a7e9690ab8,con_cceb1911b8545151a85313ea9045fdd6,partially_searched,2026-08-22,Archive search logged; no complete slate or choice source recovered.
edr_69f1317690e6571bb2b2e9a7e9690ab8,con_ced450846b2e53ec8391a1a85ae3e75f,partially_searched,2026-08-21,current election searched through 2026-08-21
edr_69f1317690e6571bb2b2e9a7e9690ab8,con_d0cb7c26d6e55def83cde1da2c9bc8c5,partially_searched,2026-08-22,Archive search logged; no complete slate or choice source recovered.
edr_69f1317690e6571bb2b2e9a7e9690ab8,con_d100fd7c171150b8b18125987b174c3d,partially_searched,2026-08-22,Archive search logged; no complete slate or choice source recovered.
edr_69f1317690e6571bb2b2e9a7e9690ab8,con_d18675753b8f580c8834170f374d1e7c,partially_searched,2026-08-22,Archive search logged; no complete slate or choice source recovered.
edr_69f1317690e6571bb2b2e9a7e9690ab8,con_d3ecc496be285eebb80559abe5d5f9f1,partially_searched,2026-08-22,Archive search logged; no complete slate or choice source recovered.
edr_69f1317690e6571bb2b2e9a7e9690ab8,con_d42434b7f93353e6b9eeb64711b54648,partially_searched,2026-08-22,Archive search logged; no complete slate or choice source recovered.
edr_69f1317690e6571bb2b2e9a7e9690ab8,con_d4f2ce7b93c75f4ca9c7bc73a4ba2a30,partially_searched,2026-08-22,Archive search logged; no complete slate or choice source recovered.
edr_69f1317690e6571bb2b2e9a7e9690ab8,con_d5af05a065045bf9adaf30847252c957,partially_searched,2026-08-22,Post-poll policy material is not a candidate choice.
edr_69f1317690e6571bb2b2e9a7e9690ab8,con_d61412ebefff5d2b8bc9183244150abf,partially_searched,2026-08-22,Post-poll policy material is not a candidate choice.
edr_69f1317690e6571bb2b2e9a7e9690ab8,con_d69bc70f79a45bf397b2a657aa858e50,partially_searched,2026-08-22,Archive search logged; no complete slate or choice source recovered.
edr_69f1317690e6571bb2b2e9a7e9690ab8,con_d6f7b1cb92f959ab9408dbb936bcf2ff,partially_searched,2026-08-22,Archive search logged; no complete slate or choice source recovered.
edr_69f1317690e6571bb2b2e9a7e9690ab8,con_d7ff0d7faa695e15b19ef05eaf2a93f5,not_applicable,2026-08-21,Contest predates the Endorser eligibility window
edr_69f1317690e6571bb2b2e9a7e9690ab8,con_d8e03f953ae157089237a1febc263587,partially_searched,2026-08-22,Post-poll policy material is not a candidate choice.
edr_69f1317690e6571bb2b2e9a7e9690ab8,con_d9eeb6c962c854b58be1e179e2168cb1,partially_searched,2026-08-22,Archive search logged; no complete slate or choice source recovered.
edr_69f1317690e6571bb2b2e9a7e9690ab8,con_da88824c2975511d9432812d4988c9d5,partially_searched,2026-08-22,Archive search logged; no complete slate or choice source recovered.
edr_69f1317690e6571bb2b2e9a7e9690ab8,con_db6acf978ec15e2c9ac0230649ef0609,comprehensive_source_found,2026-08-21,complete slate source recovered
edr_69f1317690e6571bb2b2e9a7e9690ab8,con_dbcfe2c3a43b5de292d63146a94cd52b,partially_searched,2026-08-21,current election searched through 2026-08-21
edr_69f1317690e6571bb2b2e9a7e9690ab8,con_e0aab60f6a3e50d59f1f09a1742a2ddd,comprehensive_source_found,2026-08-21,explicit choice source recovered
edr_69f1317690e6571bb2b2e9a7e9690ab8,con_e14c9528646b58ba89bddde54ae0f23e,partially_searched,2026-08-22,Archive search logged; no complete slate or choice source recovered.
edr_69f1317690e6571bb2b2e9a7e9690ab8,con_e230d66a67245cd08a806de4208d288b,partially_searched,2026-08-22,Post-poll policy material is not a candidate choice.
edr_69f1317690e6571bb2b2e9a7e9690ab8,con_e2f423965407516280c8b3af41b9f5cf,partially_searched,2026-08-22,Post-poll policy material is not a candidate choice.
edr_69f1317690e6571bb2b2e9a7e9690ab8,con_e358c35644bd5b94b662f1e211fbc70e,partially_searched,2026-08-22,Archive search logged; no complete slate or choice source recovered.
edr_69f1317690e6571bb2b2e9a7e9690ab8,con_e3987d425526548a844f6d73b662eac3,comprehensive_source_found,2026-08-21,complete slate source recovered
edr_69f1317690e6571bb2b2e9a7e9690ab8,con_e3ed783f131d579d8718d34c15675901,partially_searched,2026-08-22,No qualifying choice recovered.
edr_69f1317690e6571bb2b2e9a7e9690ab8,con_e3f1226fd27e5ec6bf5d96a8439cc26a,partially_searched,2026-08-22,Post-poll policy material is not a candidate choice.
edr_69f1317690e6571bb2b2e9a7e9690ab8,con_e689393a84cc500bab2476e3913f093d,partially_searched,2026-08-22,Archive search logged; no complete slate or choice source recovered.
edr_69f1317690e6571bb2b2e9a7e9690ab8,con_e7325536f8e85cffa249480df8a556a2,partially_searched,2026-08-22,Archive search logged; no complete slate or choice source recovered.
edr_69f1317690e6571bb2b2e9a7e9690ab8,con_e78d7e5eb6975c7b98ef0efd13e5c783,partially_searched,2026-08-22,Archive search logged; no complete slate or choice source recovered.
edr_69f1317690e6571bb2b2e9a7e9690ab8,con_e8d5ffca829d5a06ad87216dc76d6e6a,partially_searched,2026-08-22,Archive search logged; no complete slate or choice source recovered.
edr_69f1317690e6571bb2b2e9a7e9690ab8,con_e8f16f1721ce5517977fa5bc1f660248,partially_searched,2026-08-22,Post-poll policy material is not a candidate choice.
edr_69f1317690e6571bb2b2e9a7e9690ab8,con_e93ddb13c85852b58b88208c71191394,partially_searched,2026-08-22,Archive search logged; no complete slate or choice source recovered.
edr_69f1317690e6571bb2b2e9a7e9690ab8,con_ebbe0512549c59bc8a7a31e7ec5a59e9,partially_searched,2026-08-22,Archive search logged; no complete slate or choice source recovered.
edr_69f1317690e6571bb2b2e9a7e9690ab8,con_ebcb4d472e005fbbadabf9f6201cbe13,partially_searched,2026-08-22,Archive search logged; no complete slate or choice source recovered.
edr_69f1317690e6571bb2b2e9a7e9690ab8,con_ec88bd40dff858e695ae9533199be499,partially_searched,2026-08-22,Archive search logged; no complete slate or choice source recovered.
edr_69f1317690e6571bb2b2e9a7e9690ab8,con_eccf9644aa2c598fa731d009a96fcf64,comprehensive_source_found,2026-08-21,explicit choice source recovered
edr_69f1317690e6571bb2b2e9a7e9690ab8,con_ed22821703705704bff31b43ed036014,partially_searched,2026-08-22,Archive search logged; no complete slate or choice source recovered.
edr_69f1317690e6571bb2b2e9a7e9690ab8,con_edd7a5395e9a586bb5289cb5ed1106b3,partially_searched,2026-08-22,Archive search logged; no complete slate or choice source recovered.
edr_69f1317690e6571bb2b2e9a7e9690ab8,con_eeda9883ca2d57148405d41f7f5a80a4,comprehensive_source_found,2026-08-22,Recovered first-party Local 113 endorsed-candidate list names this contest.
edr_69f1317690e6571bb2b2e9a7e9690ab8,con_f0bbc885a5535e28bc005ca644cc4e22,partially_searched,2026-08-22,Archive search logged; no complete slate or choice source recovered.
edr_69f1317690e6571bb2b2e9a7e9690ab8,con_f0cf1eca40845631b0bd4d4750413711,partially_searched,2026-08-22,Archive search logged; no complete slate or choice source recovered.
edr_69f1317690e6571bb2b2e9a7e9690ab8,con_f3e797bac18a5e45a723ff263eafb93e,partially_searched,2026-08-22,Archive search logged; no complete slate or choice source recovered.
edr_69f1317690e6571bb2b2e9a7e9690ab8,con_f449befd52f1538191ef612c9e711c45,partially_searched,2026-08-22,Archive search logged; no complete slate or choice source recovered.
edr_69f1317690e6571bb2b2e9a7e9690ab8,con_f5117910f9d358e48dec8f0fd7c77712,partially_searched,2026-08-21,current election searched through 2026-08-21
edr_69f1317690e6571bb2b2e9a7e9690ab8,con_f59fe6995c8b528dbd3cbfbb5c3277c8,partially_searched,2026-08-22,Post-poll policy material is not a candidate choice.
edr_69f1317690e6571bb2b2e9a7e9690ab8,con_f8a855ebf8c250bda4eeed75246305b5,comprehensive_source_found,2026-08-21,complete slate source recovered
edr_69f1317690e6571bb2b2e9a7e9690ab8,con_f961284da53f5a38ba3a20e7e998ef4f,comprehensive_source_found,2026-08-22,Recovered first-party Local 113 endorsed-candidate list names this contest.
edr_69f1317690e6571bb2b2e9a7e9690ab8,con_f97200e8b8345e4b844e990437f0b077,partially_searched,2026-08-21,current election searched through 2026-08-21
edr_69f1317690e6571bb2b2e9a7e9690ab8,con_fc66f2cac25c5ea58dccc4005672bad8,partially_searched,2026-08-22,Archive search logged; no complete slate or choice source recovered.
edr_69f1317690e6571bb2b2e9a7e9690ab8,con_fdb17fc50f125d17af9f8b0a22566116,not_applicable,2026-08-21,Contest predates the Endorser eligibility window
edr_69f1317690e6571bb2b2e9a7e9690ab8,con_fed30965855757d399c6acfbd6e6d4f4,partially_searched,2026-08-22,Post-poll policy material is not a candidate choice.
edr_7130092faf1a5c159a3507bbd8db42ee,con_004711e5bbda5d169a7774d906befd21,source_unavailable,2026-08-21,known Star council source set is inaccessible
edr_7130092faf1a5c159a3507bbd8db42ee,con_02e530a81bf75a6bbf6b4ca0a9ea6738,partially_searched,2026-08-22,Ward 18 lead checked; only unqualified secondary attribution recovered.
edr_7130092faf1a5c159a3507bbd8db42ee,con_037ae72c455f558590ca04bc929df4cb,comprehensive_source_found,2026-08-23,Three publisher editorials form a bounded Ward 1-25 set: 22 unambiguous choices; Ward 2 and Ward 21 explicitly make no choice; Ward 16 names a two-candidate tough call without a single choice.
edr_7130092faf1a5c159a3507bbd8db42ee,con_0408bfe48f1059ecbe918aec119f10a3,partially_searched,2026-08-21,current election searched through 2026-08-21
edr_7130092faf1a5c159a3507bbd8db42ee,con_04a4bbe5ef575c72b4ec49d601f24b71,partially_searched,2026-08-22,Ward 18 lead checked; only unqualified secondary attribution recovered.
edr_7130092faf1a5c159a3507bbd8db42ee,con_099fbf24dd655a0e8b1720fbe2215a6a,comprehensive_source_found,2026-08-21,explicit choice source recovered
edr_7130092faf1a5c159a3507bbd8db42ee,con_09d3330e921d5e53ae19007709e75bf9,source_unavailable,2026-08-21,known Star council source set is inaccessible
edr_7130092faf1a5c159a3507bbd8db42ee,con_0a880ce7b6ad5bdaa2e2dc7b19601aa8,comprehensive_source_found,2026-08-21,complete slate source recovered
edr_7130092faf1a5c159a3507bbd8db42ee,con_0b8c9e853efa5e3da86b0f1eff65589e,source_unavailable,2026-08-21,known Star council source set is inaccessible
edr_7130092faf1a5c159a3507bbd8db42ee,con_0d00ed8759a1559c82329352d94a7812,partially_searched,2026-08-21,current election searched through 2026-08-21
edr_7130092faf1a5c159a3507bbd8db42ee,con_0d314382ba1a5d62b399c1eefc717cc1,comprehensive_source_found,2026-08-23,Three publisher editorials form a bounded Ward 1-25 set: 22 unambiguous choices; Ward 2 and Ward 21 explicitly make no choice; Ward 16 names a two-candidate tough call without a single choice.
edr_7130092faf1a5c159a3507bbd8db42ee,con_0dc4d6b99efa5f32a8f36b24d080bb2d,source_unavailable,2026-08-21,known Star council source set is inaccessible
edr_7130092faf1a5c159a3507bbd8db42ee,con_107ad5f6c01f5d4389c8194358534375,source_unavailable,2026-08-21,known Star council source set is inaccessible
edr_7130092faf1a5c159a3507bbd8db42ee,con_11ea4a9756fd5bc4a466dc797994b068,comprehensive_source_found,2026-08-21,complete slate source recovered
edr_7130092faf1a5c159a3507bbd8db42ee,con_13660de4bc485cc68e0744199d21cb46,source_unavailable,2026-08-21,known Star council source set is inaccessible
edr_7130092faf1a5c159a3507bbd8db42ee,con_147dca9e3758595d8766dc52d11a65f4,source_unavailable,2026-08-21,known Star council source set is inaccessible
edr_7130092faf1a5c159a3507bbd8db42ee,con_14cf7e0c0e4c578d9a2a0777404c36b1,partially_searched,2026-08-21,current election searched through 2026-08-21
edr_7130092faf1a5c159a3507bbd8db42ee,con_16fad19349255393a28639cd62e83ae3,source_unavailable,2026-08-21,known Star council source set is inaccessible
edr_7130092faf1a5c159a3507bbd8db42ee,con_17593cee737354878c920526a9fa7afd,comprehensive_source_found,2026-08-21,complete slate source recovered
edr_7130092faf1a5c159a3507bbd8db42ee,con_17c2e1a7404c5641823443ca7a6dcc10,source_unavailable,2026-08-21,known Star council source set is inaccessible
edr_7130092faf1a5c159a3507bbd8db42ee,con_17f69fde16cb514bb16fb6e361c07fff,source_unavailable,2026-08-21,known Star council source set is inaccessible
edr_7130092faf1a5c159a3507bbd8db42ee,con_18fc5604e3b45ef08d8af9b0813a1918,partially_searched,2026-08-22,Ward 18 lead checked; only unqualified secondary attribution recovered.
edr_7130092faf1a5c159a3507bbd8db42ee,con_1969b3b6667f56549d1f35b90f606cbf,source_unavailable,2026-08-21,known Star council source set is inaccessible
edr_7130092faf1a5c159a3507bbd8db42ee,con_1a46b115b13d55619bcaf30903c183e3,comprehensive_source_found,2026-08-21,complete slate source recovered
edr_7130092faf1a5c159a3507bbd8db42ee,con_1b8d99f619f758efb737805a20bcf6fb,source_unavailable,2026-08-21,known Star council source set is inaccessible
edr_7130092faf1a5c159a3507bbd8db42ee,con_1c0aff783cfb5ac995b40930229ffd15,source_unavailable,2026-08-21,known Star council source set is inaccessible
edr_7130092faf1a5c159a3507bbd8db42ee,con_1cf871058a8c5bc9a34c7dbdf6edca83,comprehensive_source_found,2026-08-21,complete slate source recovered
edr_7130092faf1a5c159a3507bbd8db42ee,con_1e16e8a3edc55c77847b36d881fb8fe7,source_unavailable,2026-08-21,known Star council source set is inaccessible
edr_7130092faf1a5c159a3507bbd8db42ee,con_1fa443b3390f5d6691f7994877cf55c8,source_unavailable,2026-08-21,known Star council source set is inaccessible
edr_7130092faf1a5c159a3507bbd8db42ee,con_20589f7261325cd892231ed42321b3cf,comprehensive_source_found,2026-08-21,complete slate source recovered
edr_7130092faf1a5c159a3507bbd8db42ee,con_2070d155d42250abac2e50baf8c6bf39,source_unavailable,2026-08-21,known Star council source set is inaccessible
edr_7130092faf1a5c159a3507bbd8db42ee,con_218bbbaab66c59bc8d0d747f3ae2fb3c,source_unavailable,2026-08-21,known Star council source set is inaccessible
edr_7130092faf1a5c159a3507bbd8db42ee,con_222bdce34cf75bbeb159589e8f46045b,source_unavailable,2026-08-21,known Star council source set is inaccessible
edr_7130092faf1a5c159a3507bbd8db42ee,con_2317176dbf5e5a4fab7fd65b16359ebd,partially_searched,2026-08-22,Ward 18 lead checked; only unqualified secondary attribution recovered.
edr_7130092faf1a5c159a3507bbd8db42ee,con_25e09708c7c756b38cca57f2cf9f3b1e,partially_searched,2026-08-21,current election searched through 2026-08-21
edr_7130092faf1a5c159a3507bbd8db42ee,con_25f46be8b0a857faa602e39531d4ed0c,partially_searched,2026-08-21,current election searched through 2026-08-21
edr_7130092faf1a5c159a3507bbd8db42ee,con_272ca0eaeab656b89a5038bc74ad9988,comprehensive_source_found,2026-08-21,complete slate source recovered
edr_7130092faf1a5c159a3507bbd8db42ee,con_27e80d547d0256149213a7e90956055b,comprehensive_source_found,2026-08-23,Three publisher editorials form a bounded Ward 1-25 set: 22 unambiguous choices; Ward 2 and Ward 21 explicitly make no choice; Ward 16 names a two-candidate tough call without a single choice.
edr_7130092faf1a5c159a3507bbd8db42ee,con_2865d31031005dd897904c3f07e4d039,source_unavailable,2026-08-21,known Star council source set is inaccessible
edr_7130092faf1a5c159a3507bbd8db42ee,con_28b9bf4109765f57a3a7923479b37af9,partially_searched,2026-08-22,Ward 18 lead checked; only unqualified secondary attribution recovered.
edr_7130092faf1a5c159a3507bbd8db42ee,con_29e8a0598b6d5fe18984bfe68b9d27f7,partially_searched,2026-08-21,current election searched through 2026-08-21
edr_7130092faf1a5c159a3507bbd8db42ee,con_2befcc6536315440902962b270ad7f70,partially_searched,2026-08-22,Ward 18 lead checked; only unqualified secondary attribution recovered.
edr_7130092faf1a5c159a3507bbd8db42ee,con_2bf1297cee4b5750992138d9da3c0dc0,partially_searched,2026-08-21,current election searched through 2026-08-21
edr_7130092faf1a5c159a3507bbd8db42ee,con_2c0ca30fc75e51a3acf50c4693b1cc1b,comprehensive_source_found,2026-08-23,Three publisher editorials form a bounded Ward 1-25 set: 22 unambiguous choices; Ward 2 and Ward 21 explicitly make no choice; Ward 16 names a two-candidate tough call without a single choice.
edr_7130092faf1a5c159a3507bbd8db42ee,con_2c70fd784be55c4794f8294a723dedb9,source_unavailable,2026-08-21,known Star council source set is inaccessible
edr_7130092faf1a5c159a3507bbd8db42ee,con_2c97298461635376899e36569d2c7be3,source_unavailable,2026-08-21,known Star council source set is inaccessible
edr_7130092faf1a5c159a3507bbd8db42ee,con_2ce79e4f63945b9b90a05c245e9382fc,comprehensive_source_found,2026-08-21,complete slate source recovered
edr_7130092faf1a5c159a3507bbd8db42ee,con_2cf721e86d7a55de8cf53a0ae3f6413c,source_unavailable,2026-08-21,known Star council source set is inaccessible
edr_7130092faf1a5c159a3507bbd8db42ee,con_2d92299c561559d99eccb92c22f4eb47,source_unavailable,2026-08-21,known Star council source set is inaccessible
edr_7130092faf1a5c159a3507bbd8db42ee,con_2f43675e2c5c59b796fafde036252ed1,source_unavailable,2026-08-21,known Star council source set is inaccessible
edr_7130092faf1a5c159a3507bbd8db42ee,con_2f8a0c46b37950fd9149d9b62f1f0142,source_unavailable,2026-08-21,known Star council source set is inaccessible
edr_7130092faf1a5c159a3507bbd8db42ee,con_31d375f206cb5fe1955efa73ae9da43e,source_unavailable,2026-08-21,known Star council source set is inaccessible
edr_7130092faf1a5c159a3507bbd8db42ee,con_33da03ca4a1159089c55d78f4edd2bf3,comprehensive_source_found,2026-08-21,complete slate source recovered
edr_7130092faf1a5c159a3507bbd8db42ee,con_34196d04855f52249d03362a5469c3c0,partially_searched,2026-08-21,current election searched through 2026-08-21
edr_7130092faf1a5c159a3507bbd8db42ee,con_350f0c58a79a574d926206857445b2d9,source_unavailable,2026-08-21,known Star council source set is inaccessible
edr_7130092faf1a5c159a3507bbd8db42ee,con_35fc512b3ae2545fa6ff408778ae144d,partially_searched,2026-08-21,current election searched through 2026-08-21
edr_7130092faf1a5c159a3507bbd8db42ee,con_368b196a6cf154a88c9f1275824dc99e,partially_searched,2026-08-21,current election searched through 2026-08-21
edr_7130092faf1a5c159a3507bbd8db42ee,con_387d212e18c453e2a8eb298de5c374ff,source_unavailable,2026-08-21,known Star council source set is inaccessible
edr_7130092faf1a5c159a3507bbd8db42ee,con_393178f4fb765cd0bbeaa13d06dca32c,source_unavailable,2026-08-21,known Star council source set is inaccessible
edr_7130092faf1a5c159a3507bbd8db42ee,con_398774c449785307baa3822c581963e9,source_unavailable,2026-08-21,known Star council source set is inaccessible
edr_7130092faf1a5c159a3507bbd8db42ee,con_3a262cc7bf83579eae79ce2032ea06d1,partially_searched,2026-08-22,Ward 18 lead checked; only unqualified secondary attribution recovered.
edr_7130092faf1a5c159a3507bbd8db42ee,con_3a43982e2a0450b2a3f4c5241f6965d8,source_unavailable,2026-08-21,known Star council source set is inaccessible
edr_7130092faf1a5c159a3507bbd8db42ee,con_3ae0da024263524d8e13691dbeeadc88,source_unavailable,2026-08-21,known Star council source set is inaccessible
edr_7130092faf1a5c159a3507bbd8db42ee,con_3c1699cb4b0257ae8cf61da26db0c160,partially_searched,2026-08-22,Ward 18 lead checked; only unqualified secondary attribution recovered.
edr_7130092faf1a5c159a3507bbd8db42ee,con_3fc9df4b254c5eb6a2a7fb629a124bfb,source_unavailable,2026-08-21,known Star council source set is inaccessible
edr_7130092faf1a5c159a3507bbd8db42ee,con_3fd9226a06995ec78201f807f175b930,comprehensive_source_found,2026-08-21,complete slate source recovered
edr_7130092faf1a5c159a3507bbd8db42ee,con_419d313f6cfc5451ba26ad4687222e83,partially_searched,2026-08-21,current election searched through 2026-08-21
edr_7130092faf1a5c159a3507bbd8db42ee,con_43b57e74c0a454db9f5ed346b6fc7095,comprehensive_source_found,2026-08-21,complete slate source recovered
edr_7130092faf1a5c159a3507bbd8db42ee,con_43f8a49a6b095ee8a38c2a1aa0477382,comprehensive_source_found,2026-08-23,Three publisher editorials form a bounded Ward 1-25 set: 22 unambiguous choices; Ward 2 and Ward 21 explicitly make no choice; Ward 16 names a two-candidate tough call without a single choice.
edr_7130092faf1a5c159a3507bbd8db42ee,con_45eb3e143f1b5492b4652498c957ed6b,source_unavailable,2026-08-21,known Star council source set is inaccessible
edr_7130092faf1a5c159a3507bbd8db42ee,con_46f4af62ff4956f5b31ebec2e77229fa,partially_searched,2026-08-22,Ward 18 lead checked; only unqualified secondary attribution recovered.
edr_7130092faf1a5c159a3507bbd8db42ee,con_46f7b754b02b57d0a651c417f9f0471d,source_unavailable,2026-08-21,known Star council source set is inaccessible
edr_7130092faf1a5c159a3507bbd8db42ee,con_47f9c6bba0165404a3fec5492a0940b3,partially_searched,2026-08-22,Ward 18 lead checked; only unqualified secondary attribution recovered.
edr_7130092faf1a5c159a3507bbd8db42ee,con_4977aa6e0a865d788ed7ebf871e4027c,comprehensive_source_found,2026-08-21,complete slate source recovered
edr_7130092faf1a5c159a3507bbd8db42ee,con_4a5af0945c9a5a01ae50e3a5ea61b3fb,source_unavailable,2026-08-21,known Star council source set is inaccessible
edr_7130092faf1a5c159a3507bbd8db42ee,con_4b3374ab9039564fa8ed1cedf493a0e3,partially_searched,2026-08-22,Ward 18 lead checked; only unqualified secondary attribution recovered.
edr_7130092faf1a5c159a3507bbd8db42ee,con_4b6815e8c2e155d881aba7f21ad5b69b,partially_searched,2026-08-21,current election searched through 2026-08-21
edr_7130092faf1a5c159a3507bbd8db42ee,con_4def6d4e85f85950babb9030e4eae0cb,source_unavailable,2026-08-21,known Star council source set is inaccessible
edr_7130092faf1a5c159a3507bbd8db42ee,con_4e3ebb6b13cb5d2396519f9df6fbdf4b,source_unavailable,2026-08-21,known Star council source set is inaccessible
edr_7130092faf1a5c159a3507bbd8db42ee,con_4e432b136b83537fb08e7e8485f4949c,source_unavailable,2026-08-21,known Star council source set is inaccessible
edr_7130092faf1a5c159a3507bbd8db42ee,con_4ead7aa21a905ad7bd1838cb33f37045,source_unavailable,2026-08-21,known Star council source set is inaccessible
edr_7130092faf1a5c159a3507bbd8db42ee,con_5161ebd9ab2b5c55bfcd6eef433082c9,source_unavailable,2026-08-21,known Star council source set is inaccessible
edr_7130092faf1a5c159a3507bbd8db42ee,con_5212e699e2ab537eaf63c23b0952d1a1,partially_searched,2026-08-21,current election searched through 2026-08-21
edr_7130092faf1a5c159a3507bbd8db42ee,con_52f50431db92559f8d4391fb2e932f16,comprehensive_source_found,2026-08-23,Three publisher editorials form a bounded Ward 1-25 set: 22 unambiguous choices; Ward 2 and Ward 21 explicitly make no choice; Ward 16 names a two-candidate tough call without a single choice.
edr_7130092faf1a5c159a3507bbd8db42ee,con_53468b4ee3c7510aba4d708f584951a9,partially_searched,2026-08-22,Ward 22 by-election search logged; no importable positive recovered.
edr_7130092faf1a5c159a3507bbd8db42ee,con_5394ec9f2261502eb1947c064bfdaf8a,partially_searched,2026-08-21,current election searched through 2026-08-21
edr_7130092faf1a5c159a3507bbd8db42ee,con_54d4d8b5d91f5df5ba8bfdf9c61296af,source_unavailable,2026-08-21,known Star council source set is inaccessible
edr_7130092faf1a5c159a3507bbd8db42ee,con_5587a8b9ae37546eb39a67333b5011ed,comprehensive_source_found,2026-08-21,complete slate source recovered
edr_7130092faf1a5c159a3507bbd8db42ee,con_55f5230db0d85c499ce7cea0ce379f5f,source_unavailable,2026-08-21,known Star council source set is inaccessible
edr_7130092faf1a5c159a3507bbd8db42ee,con_579cae8a3fa455a7a3e68d1b1900fffa,comprehensive_source_found,2026-08-21,complete slate source recovered
edr_7130092faf1a5c159a3507bbd8db42ee,con_59aa1ee85e2d51ca8dee4338d37665c2,source_unavailable,2026-08-21,known Star council source set is inaccessible
edr_7130092faf1a5c159a3507bbd8db42ee,con_59bfad1b37305c63a378a4614deb11ae,source_unavailable,2026-08-21,known Star council source set is inaccessible
edr_7130092faf1a5c159a3507bbd8db42ee,con_5ae0589c69375400b18fd5960241eeac,partially_searched,2026-08-21,current election searched through 2026-08-21
edr_7130092faf1a5c159a3507bbd8db42ee,con_5babda81dd6351a28a423340a03b5d8a,source_unavailable,2026-08-21,known Star council source set is inaccessible
edr_7130092faf1a5c159a3507bbd8db42ee,con_5c4da484552c546aaff98277d675d594,comprehensive_source_found,2026-08-21,complete slate source recovered
edr_7130092faf1a5c159a3507bbd8db42ee,con_5c8144ae39615a3189a3691c99c5ea4e,source_unavailable,2026-08-21,known Star council source set is inaccessible
edr_7130092faf1a5c159a3507bbd8db42ee,con_5cb64f68c501559d960b05fb29843745,source_unavailable,2026-08-21,known Star council source set is inaccessible
edr_7130092faf1a5c159a3507bbd8db42ee,con_5d8609e7e7f4584ea28ad032690bdae8,partially_searched,2026-08-22,Miller bibliographic lead checked; original/direct attribution not recovered.
edr_7130092faf1a5c159a3507bbd8db42ee,con_5f814673ab4050e5b50e46685dbfbecb,partially_searched,2026-08-22,Ward 18 lead checked; only unqualified secondary attribution recovered.
edr_7130092faf1a5c159a3507bbd8db42ee,con_610d1afaa15d592eb956835f8fd51600,source_unavailable,2026-08-21,known Star council source set is inaccessible
edr_7130092faf1a5c159a3507bbd8db42ee,con_612115bf42b450d3aeb63bb430d3aec9,source_unavailable,2026-08-21,known Star council source set is inaccessible
edr_7130092faf1a5c159a3507bbd8db42ee,con_6131490bb0d75b1ba4033e2284df71f8,partially_searched,2026-08-22,Ward 18 lead checked; only unqualified secondary attribution recovered.
edr_7130092faf1a5c159a3507bbd8db42ee,con_61eed2bcd6ce5343bea274fe8a8028bc,partially_searched,2026-08-22,Ward 18 lead checked; only unqualified secondary attribution recovered.
edr_7130092faf1a5c159a3507bbd8db42ee,con_622c2ee026875ae4ac60200b1559e8f6,source_unavailable,2026-08-21,known Star council source set is inaccessible
edr_7130092faf1a5c159a3507bbd8db42ee,con_6240f694b6ce5307a2126a9103153475,comprehensive_source_found,2026-08-21,complete slate source recovered
edr_7130092faf1a5c159a3507bbd8db42ee,con_636fab9611ed540ebff54ad772a1827d,source_unavailable,2026-08-21,known Star council source set is inaccessible
edr_7130092faf1a5c159a3507bbd8db42ee,con_639f022801275cedb8f9b4fe82711ae3,source_unavailable,2026-08-21,known Star council source set is inaccessible
edr_7130092faf1a5c159a3507bbd8db42ee,con_643801dc921651c3a1ef5d96772fb13d,source_unavailable,2026-08-21,known Star council source set is inaccessible
edr_7130092faf1a5c159a3507bbd8db42ee,con_6629fd920f2b5a8d9b7959fafdd04a1a,source_unavailable,2026-08-21,known Star council source set is inaccessible
edr_7130092faf1a5c159a3507bbd8db42ee,con_662d709bee42574392549fc786efea0d,comprehensive_source_found,2026-08-21,complete slate source recovered
edr_7130092faf1a5c159a3507bbd8db42ee,con_67daf6d284a75ecc8b775a05a871a58e,partially_searched,2026-08-21,current election searched through 2026-08-21
edr_7130092faf1a5c159a3507bbd8db42ee,con_680464772a025da6aa5eaf650cefb52a,comprehensive_source_found,2026-08-21,complete slate source recovered
edr_7130092faf1a5c159a3507bbd8db42ee,con_6821258c9f7f598e829c8617b8765c25,comprehensive_source_found,2026-08-23,Three publisher editorials form a bounded Ward 1-25 set: 22 unambiguous choices; Ward 2 and Ward 21 explicitly make no choice; Ward 16 names a two-candidate tough call without a single choice.
edr_7130092faf1a5c159a3507bbd8db42ee,con_6a1f4d7470675d869b3b11aede0812f2,source_unavailable,2026-08-21,known Star council source set is inaccessible
edr_7130092faf1a5c159a3507bbd8db42ee,con_6ba310e4ba695121835a4fde58144a47,partially_searched,2026-08-21,current election searched through 2026-08-21
edr_7130092faf1a5c159a3507bbd8db42ee,con_6beb6fc4da14503aa70fa94b8fe0b600,partially_searched,2026-08-22,Ward 18 lead checked; only unqualified secondary attribution recovered.
edr_7130092faf1a5c159a3507bbd8db42ee,con_6c708130eaa15c9080cc3cd3a207f63b,source_unavailable,2026-08-21,known Star council source set is inaccessible
edr_7130092faf1a5c159a3507bbd8db42ee,con_6d24ced99da9539aaaad476a9a2747f4,partially_searched,2026-08-22,Ward 18 lead checked; only unqualified secondary attribution recovered.
edr_7130092faf1a5c159a3507bbd8db42ee,con_6d7f00a8037754c0a6f34579bee44966,partially_searched,2026-08-22,Ward 18 lead checked; only unqualified secondary attribution recovered.
edr_7130092faf1a5c159a3507bbd8db42ee,con_6efbf1ffbfee5e2cb5f5fab52dd98a91,partially_searched,2026-08-21,current election searched through 2026-08-21
edr_7130092faf1a5c159a3507bbd8db42ee,con_6fd864aec40c5bbc9f3eb32d2e9e4379,source_unavailable,2026-08-21,known Star council source set is inaccessible
edr_7130092faf1a5c159a3507bbd8db42ee,con_719e754cd3eb5a8abbc6e78d6413ff60,partially_searched,2026-08-21,current election searched through 2026-08-21
edr_7130092faf1a5c159a3507bbd8db42ee,con_727f839c8adc5531bd874edb6b663c05,partially_searched,2026-08-22,Ward 18 lead checked; only unqualified secondary attribution recovered.
edr_7130092faf1a5c159a3507bbd8db42ee,con_744dd2f798b8521e8de9693750f474d2,partially_searched,2026-08-22,Ward 18 lead checked; only unqualified secondary attribution recovered.
edr_7130092faf1a5c159a3507bbd8db42ee,con_76db9d7d1989548fadeac8b8116dc357,source_unavailable,2026-08-21,known Star council source set is inaccessible
edr_7130092faf1a5c159a3507bbd8db42ee,con_778d3d5e612151bcb14703a9f987556d,comprehensive_source_found,2026-08-21,explicit choice source recovered
edr_7130092faf1a5c159a3507bbd8db42ee,con_77f42d0ca0a15c57a01b5579fef4625a,source_unavailable,2026-08-21,known Star council source set is inaccessible
edr_7130092faf1a5c159a3507bbd8db42ee,con_79a0aa63063d5dd6a5a2ed28c29ecec1,source_unavailable,2026-08-21,known Star council source set is inaccessible
edr_7130092faf1a5c159a3507bbd8db42ee,con_7a4043e26d4256e78ee3861fb81e718a,source_unavailable,2026-08-21,known Star council source set is inaccessible
edr_7130092faf1a5c159a3507bbd8db42ee,con_7acbde45d7355dbeb5327c8eff9039ed,source_unavailable,2026-08-21,known Star council source set is inaccessible
edr_7130092faf1a5c159a3507bbd8db42ee,con_7b92b7a12bbf5240a728cbe9d42aa420,partially_searched,2026-08-22,Ward 18 lead checked; only unqualified secondary attribution recovered.
edr_7130092faf1a5c159a3507bbd8db42ee,con_7bbdc7e302705fee987b1ebca87ef16d,comprehensive_source_found,2026-08-21,complete slate source recovered
edr_7130092faf1a5c159a3507bbd8db42ee,con_7d07021e53b35a609a75560232a15fd1,source_unavailable,2026-08-21,known Star council source set is inaccessible
edr_7130092faf1a5c159a3507bbd8db42ee,con_7e6cf2fd75ba560a900bb024e72fe99c,source_unavailable,2026-08-21,known Star council source set is inaccessible
edr_7130092faf1a5c159a3507bbd8db42ee,con_7eba7d2b2ccb57e5aa6ab13c307b2517,partially_searched,2026-08-22,Ward 18 lead checked; only unqualified secondary attribution recovered.
edr_7130092faf1a5c159a3507bbd8db42ee,con_7ee43d0beaab558c9788d151bbd8d067,source_unavailable,2026-08-21,known Star council source set is inaccessible
edr_7130092faf1a5c159a3507bbd8db42ee,con_802f842541d15d899e8f6acf3b86ae45,partially_searched,2026-08-22,Ward 18 lead checked; only unqualified secondary attribution recovered.
edr_7130092faf1a5c159a3507bbd8db42ee,con_810611751acb5e86ab30b3277e7e6dad,source_unavailable,2026-08-21,known Star council source set is inaccessible
edr_7130092faf1a5c159a3507bbd8db42ee,con_8283f00fca6855af9a0a63e550482bda,comprehensive_source_found,2026-08-21,complete slate source recovered
edr_7130092faf1a5c159a3507bbd8db42ee,con_82f64d71deda5204bf8ba5ab710c21e6,source_unavailable,2026-08-21,known Star council source set is inaccessible
edr_7130092faf1a5c159a3507bbd8db42ee,con_8322c67bf27e5374a4da8de81ef663fc,partially_searched,2026-08-21,current election searched through 2026-08-21
edr_7130092faf1a5c159a3507bbd8db42ee,con_834d568760e15dcdb0b423512c33fe9c,comprehensive_source_found,2026-08-21,complete slate source recovered
edr_7130092faf1a5c159a3507bbd8db42ee,con_83ded5c17ed75ca788f320a13b17dd08,source_unavailable,2026-08-21,known Star council source set is inaccessible
edr_7130092faf1a5c159a3507bbd8db42ee,con_845cf9eb2c1b5ed6b35801d45f86cd82,partially_searched,2026-08-22,Ward 18 lead checked; only unqualified secondary attribution recovered.
edr_7130092faf1a5c159a3507bbd8db42ee,con_849867f583195ad38c77941612883bd9,source_unavailable,2026-08-21,known Star council source set is inaccessible
edr_7130092faf1a5c159a3507bbd8db42ee,con_86779f733e9f58e78227d4c49c260033,source_unavailable,2026-08-21,known Star council source set is inaccessible
edr_7130092faf1a5c159a3507bbd8db42ee,con_86a1f5b3235452b4a3cb3b3297e4dd51,source_unavailable,2026-08-21,known Star council source set is inaccessible
edr_7130092faf1a5c159a3507bbd8db42ee,con_88a17b76344c50ba9a3a118dd558c185,source_unavailable,2026-08-21,known Star council source set is inaccessible
edr_7130092faf1a5c159a3507bbd8db42ee,con_88f5ccc6b744588da3d07590c5dca974,partially_searched,2026-08-22,Ward 18 lead checked; only unqualified secondary attribution recovered.
edr_7130092faf1a5c159a3507bbd8db42ee,con_899c01be1cc951dfb79010a2fbd8ad10,source_unavailable,2026-08-21,known Star council source set is inaccessible
edr_7130092faf1a5c159a3507bbd8db42ee,con_8a8efa738bef57fc9329489f768529c9,comprehensive_source_found,2026-08-21,complete slate source recovered
edr_7130092faf1a5c159a3507bbd8db42ee,con_8b4a03ef5a3c55c4ab20662c886b31a7,source_unavailable,2026-08-21,known Star council source set is inaccessible
edr_7130092faf1a5c159a3507bbd8db42ee,con_8c969ca3bbbb537382be9d4ed8dd7697,comprehensive_source_found,2026-08-21,complete slate source recovered
edr_7130092faf1a5c159a3507bbd8db42ee,con_8d2d5f08a1095a14abbcb526483a3aa0,comprehensive_source_found,2026-08-23,Three publisher editorials form a bounded Ward 1-25 set: 22 unambiguous choices; Ward 2 and Ward 21 explicitly make no choice; Ward 16 names a two-candidate tough call without a single choice.
edr_7130092faf1a5c159a3507bbd8db42ee,con_90b9ffb191415b13a8c7f334ef771513,partially_searched,2026-08-22,Ward 18 lead checked; only unqualified secondary attribution recovered.
edr_7130092faf1a5c159a3507bbd8db42ee,con_91f80636385c5df5b2d409f9c9b389ed,comprehensive_source_found,2026-08-23,Three publisher editorials form a bounded Ward 1-25 set: 22 unambiguous choices; Ward 2 and Ward 21 explicitly make no choice; Ward 16 names a two-candidate tough call without a single choice.
edr_7130092faf1a5c159a3507bbd8db42ee,con_922d425132ad5243b459c0ca40a6dcd9,source_unavailable,2026-08-21,known Star council source set is inaccessible
edr_7130092faf1a5c159a3507bbd8db42ee,con_9250eb2b2609550597520e68352ac56a,partially_searched,2026-08-22,Bounded publisher/index search logged; no importable positive recovered.
edr_7130092faf1a5c159a3507bbd8db42ee,con_945161409a0450f29e351ff3f263f815,comprehensive_source_found,2026-08-21,explicit choice source recovered
edr_7130092faf1a5c159a3507bbd8db42ee,con_9473b9c31bb55e62ac4432451881acf1,source_unavailable,2026-08-21,known Star council source set is inaccessible
edr_7130092faf1a5c159a3507bbd8db42ee,con_9476d4c41a7d5fa48b97b47e28f9305d,comprehensive_source_found,2026-08-23,Three publisher editorials form a bounded Ward 1-25 set: 22 unambiguous choices; Ward 2 and Ward 21 explicitly make no choice; Ward 16 names a two-candidate tough call without a single choice.
edr_7130092faf1a5c159a3507bbd8db42ee,con_95ce62f8d45154c7836ec0372d2a416e,source_unavailable,2026-08-21,known Star council source set is inaccessible
edr_7130092faf1a5c159a3507bbd8db42ee,con_95ddf0ee07b85a9da9038f871eeefaba,partially_searched,2026-08-22,Ward 18 lead checked; only unqualified secondary attribution recovered.
edr_7130092faf1a5c159a3507bbd8db42ee,con_98fc649f10ee5100a44520c1500dfac9,comprehensive_source_found,2026-08-23,Three publisher editorials form a bounded Ward 1-25 set: 22 unambiguous choices; Ward 2 and Ward 21 explicitly make no choice; Ward 16 names a two-candidate tough call without a single choice.
edr_7130092faf1a5c159a3507bbd8db42ee,con_990816d2030b592787bdf4a19382627f,source_unavailable,2026-08-21,known Star council source set is inaccessible
edr_7130092faf1a5c159a3507bbd8db42ee,con_99b9fbf5df5f504eb0906d1c2b113d63,partially_searched,2026-08-22,Ward 18 lead checked; only unqualified secondary attribution recovered.
edr_7130092faf1a5c159a3507bbd8db42ee,con_9d346093453659cba5591e6e2efd506a,partially_searched,2026-08-22,Ward 18 lead checked; only unqualified secondary attribution recovered.
edr_7130092faf1a5c159a3507bbd8db42ee,con_9e0a04dcf1245155b6f1fd50c6a83e99,comprehensive_source_found,2026-08-23,Three publisher editorials form a bounded Ward 1-25 set: 22 unambiguous choices; Ward 2 and Ward 21 explicitly make no choice; Ward 16 names a two-candidate tough call without a single choice.
edr_7130092faf1a5c159a3507bbd8db42ee,con_a060705663a15882b307108144aa8720,partially_searched,2026-08-22,Ward 18 lead checked; only unqualified secondary attribution recovered.
edr_7130092faf1a5c159a3507bbd8db42ee,con_a160a05c9e3e5dd7b972cd5c16d456b0,comprehensive_source_found,2026-08-21,complete slate source recovered
edr_7130092faf1a5c159a3507bbd8db42ee,con_a1f3f1e6009c53c7a9cbb88e7e2346c0,comprehensive_source_found,2026-08-23,Three publisher editorials form a bounded Ward 1-25 set: 22 unambiguous choices; Ward 2 and Ward 21 explicitly make no choice; Ward 16 names a two-candidate tough call without a single choice.
edr_7130092faf1a5c159a3507bbd8db42ee,con_a3ad5138021a51309ade19f0cbc4ebe1,source_unavailable,2026-08-21,known Star council source set is inaccessible
edr_7130092faf1a5c159a3507bbd8db42ee,con_a46853faf8a85598b55614ee5bfc99e2,comprehensive_source_found,2026-08-21,complete slate source recovered
edr_7130092faf1a5c159a3507bbd8db42ee,con_a548943febc15683bb34e547001ee6e7,comprehensive_source_found,2026-08-23,Three publisher editorials form a bounded Ward 1-25 set: 22 unambiguous choices; Ward 2 and Ward 21 explicitly make no choice; Ward 16 names a two-candidate tough call without a single choice.
edr_7130092faf1a5c159a3507bbd8db42ee,con_a62a387b9ca8511db50248d4738f3eea,comprehensive_source_found,2026-08-21,complete slate source recovered
edr_7130092faf1a5c159a3507bbd8db42ee,con_ab103b8f3a915dd0b0131abea73fad5c,partially_searched,2026-08-22,Ward 18 lead checked; only unqualified secondary attribution recovered.
edr_7130092faf1a5c159a3507bbd8db42ee,con_abe0e1350e7856ad9a70ffdc75dd84f2,partially_searched,2026-08-22,Ward 18 lead checked; only unqualified secondary attribution recovered.
edr_7130092faf1a5c159a3507bbd8db42ee,con_ac0a746327ea57b39ba13add8456bbd3,comprehensive_source_found,2026-08-23,Three publisher editorials form a bounded Ward 1-25 set: 22 unambiguous choices; Ward 2 and Ward 21 explicitly make no choice; Ward 16 names a two-candidate tough call without a single choice.
edr_7130092faf1a5c159a3507bbd8db42ee,con_ac347f98e5715159b3adecf8debcbde8,source_unavailable,2026-08-21,known Star council source set is inaccessible
edr_7130092faf1a5c159a3507bbd8db42ee,con_ae44722023c153d7a460278c9b621435,partially_searched,2026-08-22,Ward 18 lead checked; only unqualified secondary attribution recovered.
edr_7130092faf1a5c159a3507bbd8db42ee,con_af1f1cbea2a15cf4899bdd37d9fc80f7,comprehensive_source_found,2026-08-23,Three publisher editorials form a bounded Ward 1-25 set: 22 unambiguous choices; Ward 2 and Ward 21 explicitly make no choice; Ward 16 names a two-candidate tough call without a single choice.
edr_7130092faf1a5c159a3507bbd8db42ee,con_b123ac953da1590ebb8bca29f5eb3bdc,source_unavailable,2026-08-21,known Star council source set is inaccessible
edr_7130092faf1a5c159a3507bbd8db42ee,con_b1ec123602ab559c939e1aa02badcd71,source_unavailable,2026-08-21,known Star council source set is inaccessible
edr_7130092faf1a5c159a3507bbd8db42ee,con_b4c70c0c6f465c4091dce97cbbd286b3,source_unavailable,2026-08-21,known Star council source set is inaccessible
edr_7130092faf1a5c159a3507bbd8db42ee,con_b592d84a34965294a78c84c50bab4ddb,source_unavailable,2026-08-21,known Star council source set is inaccessible
edr_7130092faf1a5c159a3507bbd8db42ee,con_b5ffb866cf475caca42769d641deb4a7,partially_searched,2026-08-22,Ward 18 lead checked; only unqualified secondary attribution recovered.
edr_7130092faf1a5c159a3507bbd8db42ee,con_b6bdff47e14a590897fb7531e91999d1,comprehensive_source_found,2026-08-21,complete slate source recovered
edr_7130092faf1a5c159a3507bbd8db42ee,con_b7158aa7285c513f8255b4f87166c723,comprehensive_source_found,2026-08-23,Three publisher editorials form a bounded Ward 1-25 set: 22 unambiguous choices; Ward 2 and Ward 21 explicitly make no choice; Ward 16 names a two-candidate tough call without a single choice.
edr_7130092faf1a5c159a3507bbd8db42ee,con_b93d69f083ed511ab264f38cc1d8b94c,comprehensive_source_found,2026-08-21,explicit choice source recovered
edr_7130092faf1a5c159a3507bbd8db42ee,con_b9bda7a65c8a5e03a69746d0072f95c1,partially_searched,2026-08-22,Ward 18 lead checked; only unqualified secondary attribution recovered.
edr_7130092faf1a5c159a3507bbd8db42ee,con_bab4f35c5b9a51da935131d5c790bddf,comprehensive_source_found,2026-08-23,Three publisher editorials form a bounded Ward 1-25 set: 22 unambiguous choices; Ward 2 and Ward 21 explicitly make no choice; Ward 16 names a two-candidate tough call without a single choice.
edr_7130092faf1a5c159a3507bbd8db42ee,con_bb2bdc05e1365857b524a0a6596b48d5,partially_searched,2026-08-22,Ward 42 by-election search logged; no importable positive recovered.
edr_7130092faf1a5c159a3507bbd8db42ee,con_bcc3da3d377f5fd3bb1d8a0c3ad7160b,comprehensive_source_found,2026-08-23,Three publisher editorials form a bounded Ward 1-25 set: 22 unambiguous choices; Ward 2 and Ward 21 explicitly make no choice; Ward 16 names a two-candidate tough call without a single choice.
edr_7130092faf1a5c159a3507bbd8db42ee,con_bd42720679895e8eb848ffc148979026,partially_searched,2026-08-21,current election searched through 2026-08-21
edr_7130092faf1a5c159a3507bbd8db42ee,con_bdb4bceb8d3d535e9d9284d19bf99bb0,comprehensive_source_found,2026-08-21,complete slate source recovered
edr_7130092faf1a5c159a3507bbd8db42ee,con_be2d96cb623553cdbd79b303f9576bda,comprehensive_source_found,2026-08-21,complete slate source recovered
edr_7130092faf1a5c159a3507bbd8db42ee,con_be3ee1a1a31f533885cbb71a268beda9,partially_searched,2026-08-22,Ward 18 lead checked; only unqualified secondary attribution recovered.
edr_7130092faf1a5c159a3507bbd8db42ee,con_bf4b3cd94fcd50ba8d2259a6df440a17,partially_searched,2026-08-22,Ward 18 lead checked; only unqualified secondary attribution recovered.
edr_7130092faf1a5c159a3507bbd8db42ee,con_bf589c2ec43c513aa964b64309534ac6,comprehensive_source_found,2026-08-21,complete slate source recovered
edr_7130092faf1a5c159a3507bbd8db42ee,con_c44af6fcb9ff527e8974217b3d633af1,comprehensive_source_found,2026-08-23,Three publisher editorials form a bounded Ward 1-25 set: 22 unambiguous choices; Ward 2 and Ward 21 explicitly make no choice; Ward 16 names a two-candidate tough call without a single choice.
edr_7130092faf1a5c159a3507bbd8db42ee,con_c49857c2f0a6591fa165be262c38930c,partially_searched,2026-08-22,Ward 18 lead checked; only unqualified secondary attribution recovered.
edr_7130092faf1a5c159a3507bbd8db42ee,con_c4de914fc9f15a3cab65125ee118d9c8,source_unavailable,2026-08-21,known Star council source set is inaccessible
edr_7130092faf1a5c159a3507bbd8db42ee,con_c555f2e9b45051a8b960bdbb0ac6080a,source_unavailable,2026-08-21,known Star council source set is inaccessible
edr_7130092faf1a5c159a3507bbd8db42ee,con_c57f0385335559e696305e7d4e632b40,source_unavailable,2026-08-21,known Star council source set is inaccessible
edr_7130092faf1a5c159a3507bbd8db42ee,con_c59d97019dab554698aea8cb6eeb469a,source_unavailable,2026-08-21,known Star council source set is inaccessible
edr_7130092faf1a5c159a3507bbd8db42ee,con_c637e2ad153c516eb79ab5edb84161f8,comprehensive_source_found,2026-08-23,Three publisher editorials form a bounded Ward 1-25 set: 22 unambiguous choices; Ward 2 and Ward 21 explicitly make no choice; Ward 16 names a two-candidate tough call without a single choice.
edr_7130092faf1a5c159a3507bbd8db42ee,con_c686b3ad3bd059d78db8cc44229817a0,comprehensive_source_found,2026-08-23,Three publisher editorials form a bounded Ward 1-25 set: 22 unambiguous choices; Ward 2 and Ward 21 explicitly make no choice; Ward 16 names a two-candidate tough call without a single choice.
edr_7130092faf1a5c159a3507bbd8db42ee,con_c713b29e028a582893ad021c4a2b8546,comprehensive_source_found,2026-08-21,complete slate source recovered
edr_7130092faf1a5c159a3507bbd8db42ee,con_c760f9c404835bb595e5671cf893c340,source_unavailable,2026-08-21,known Star council source set is inaccessible
edr_7130092faf1a5c159a3507bbd8db42ee,con_c85783d7c9a4550bae21b8e14f2ff992,source_unavailable,2026-08-21,known Star council source set is inaccessible
edr_7130092faf1a5c159a3507bbd8db42ee,con_c8883aeeac29529eada91aebc451242b,partially_searched,2026-08-22,Ward 25 by-election search logged; no importable positive recovered.
edr_7130092faf1a5c159a3507bbd8db42ee,con_c8a9dfe07ee5545eb20e21d12773c57e,source_unavailable,2026-08-21,known Star council source set is inaccessible
edr_7130092faf1a5c159a3507bbd8db42ee,con_c90c50ce5e7c59dbaf6f3fb8efe575fd,source_unavailable,2026-08-21,known Star council source set is inaccessible
edr_7130092faf1a5c159a3507bbd8db42ee,con_ca1753a2e9eb53b396a948ee50167f03,partially_searched,2026-08-22,Ward 15 by-election search logged; no importable positive recovered.
edr_7130092faf1a5c159a3507bbd8db42ee,con_caa23fae586656b2bab11ee711073a2c,source_unavailable,2026-08-21,known Star council source set is inaccessible
edr_7130092faf1a5c159a3507bbd8db42ee,con_cb4eea0a3dc657cc990d4fa53b4ae76f,partially_searched,2026-08-21,current election searched through 2026-08-21
edr_7130092faf1a5c159a3507bbd8db42ee,con_cceb1911b8545151a85313ea9045fdd6,comprehensive_source_found,2026-08-21,complete slate source recovered
edr_7130092faf1a5c159a3507bbd8db42ee,con_ced450846b2e53ec8391a1a85ae3e75f,partially_searched,2026-08-21,current election searched through 2026-08-21
edr_7130092faf1a5c159a3507bbd8db42ee,con_d0cb7c26d6e55def83cde1da2c9bc8c5,source_unavailable,2026-08-21,known Star council source set is inaccessible
edr_7130092faf1a5c159a3507bbd8db42ee,con_d100fd7c171150b8b18125987b174c3d,partially_searched,2026-08-22,Ward 18 lead checked; only unqualified secondary attribution recovered.
edr_7130092faf1a5c159a3507bbd8db42ee,con_d18675753b8f580c8834170f374d1e7c,partially_searched,2026-08-22,Ward 18 lead checked; only unqualified secondary attribution recovered.
edr_7130092faf1a5c159a3507bbd8db42ee,con_d3ecc496be285eebb80559abe5d5f9f1,partially_searched,2026-08-22,Ward 18 lead checked; only unqualified secondary attribution recovered.
edr_7130092faf1a5c159a3507bbd8db42ee,con_d42434b7f93353e6b9eeb64711b54648,source_unavailable,2026-08-21,known Star council source set is inaccessible
edr_7130092faf1a5c159a3507bbd8db42ee,con_d4f2ce7b93c75f4ca9c7bc73a4ba2a30,source_unavailable,2026-08-21,known Star council source set is inaccessible
edr_7130092faf1a5c159a3507bbd8db42ee,con_d5af05a065045bf9adaf30847252c957,source_unavailable,2026-08-21,known Star council source set is inaccessible
edr_7130092faf1a5c159a3507bbd8db42ee,con_d61412ebefff5d2b8bc9183244150abf,source_unavailable,2026-08-21,known Star council source set is inaccessible
edr_7130092faf1a5c159a3507bbd8db42ee,con_d69bc70f79a45bf397b2a657aa858e50,partially_searched,2026-08-22,Ward 18 lead checked; only unqualified secondary attribution recovered.
edr_7130092faf1a5c159a3507bbd8db42ee,con_d6f7b1cb92f959ab9408dbb936bcf2ff,comprehensive_source_found,2026-08-21,complete slate source recovered
edr_7130092faf1a5c159a3507bbd8db42ee,con_d7ff0d7faa695e15b19ef05eaf2a93f5,not_applicable,2026-08-21,Contest predates the Endorser eligibility window
edr_7130092faf1a5c159a3507bbd8db42ee,con_d8e03f953ae157089237a1febc263587,source_unavailable,2026-08-21,known Star council source set is inaccessible
edr_7130092faf1a5c159a3507bbd8db42ee,con_d9eeb6c962c854b58be1e179e2168cb1,partially_searched,2026-08-22,Ward 18 lead checked; only unqualified secondary attribution recovered.
edr_7130092faf1a5c159a3507bbd8db42ee,con_da88824c2975511d9432812d4988c9d5,comprehensive_source_found,2026-08-21,complete slate source recovered
edr_7130092faf1a5c159a3507bbd8db42ee,con_db6acf978ec15e2c9ac0230649ef0609,comprehensive_source_found,2026-08-23,Three publisher editorials form a bounded Ward 1-25 set: 22 unambiguous choices; Ward 2 and Ward 21 explicitly make no choice; Ward 16 names a two-candidate tough call without a single choice.
edr_7130092faf1a5c159a3507bbd8db42ee,con_dbcfe2c3a43b5de292d63146a94cd52b,partially_searched,2026-08-21,current election searched through 2026-08-21
edr_7130092faf1a5c159a3507bbd8db42ee,con_e0aab60f6a3e50d59f1f09a1742a2ddd,comprehensive_source_found,2026-08-21,explicit choice source recovered
edr_7130092faf1a5c159a3507bbd8db42ee,con_e14c9528646b58ba89bddde54ae0f23e,comprehensive_source_found,2026-08-21,complete slate source recovered
edr_7130092faf1a5c159a3507bbd8db42ee,con_e230d66a67245cd08a806de4208d288b,source_unavailable,2026-08-21,known Star council source set is inaccessible
edr_7130092faf1a5c159a3507bbd8db42ee,con_e2f423965407516280c8b3af41b9f5cf,source_unavailable,2026-08-21,known Star council source set is inaccessible
edr_7130092faf1a5c159a3507bbd8db42ee,con_e358c35644bd5b94b662f1e211fbc70e,comprehensive_source_found,2026-08-21,complete slate source recovered
edr_7130092faf1a5c159a3507bbd8db42ee,con_e3987d425526548a844f6d73b662eac3,comprehensive_source_found,2026-08-23,Three publisher editorials form a bounded Ward 1-25 set: 22 unambiguous choices; Ward 2 and Ward 21 explicitly make no choice; Ward 16 names a two-candidate tough call without a single choice.
edr_7130092faf1a5c159a3507bbd8db42ee,con_e3ed783f131d579d8718d34c15675901,partially_searched,2026-08-22,Ward 2 by-election search logged; no importable positive recovered.
edr_7130092faf1a5c159a3507bbd8db42ee,con_e3f1226fd27e5ec6bf5d96a8439cc26a,source_unavailable,2026-08-21,known Star council source set is inaccessible
edr_7130092faf1a5c159a3507bbd8db42ee,con_e689393a84cc500bab2476e3913f093d,comprehensive_source_found,2026-08-21,complete slate source recovered
edr_7130092faf1a5c159a3507bbd8db42ee,con_e7325536f8e85cffa249480df8a556a2,source_unavailable,2026-08-21,known Star council source set is inaccessible
edr_7130092faf1a5c159a3507bbd8db42ee,con_e78d7e5eb6975c7b98ef0efd13e5c783,comprehensive_source_found,2026-08-21,complete slate source recovered
edr_7130092faf1a5c159a3507bbd8db42ee,con_e8d5ffca829d5a06ad87216dc76d6e6a,comprehensive_source_found,2026-08-21,complete slate source recovered
edr_7130092faf1a5c159a3507bbd8db42ee,con_e8f16f1721ce5517977fa5bc1f660248,source_unavailable,2026-08-21,known Star council source set is inaccessible
edr_7130092faf1a5c159a3507bbd8db42ee,con_e93ddb13c85852b58b88208c71191394,source_unavailable,2026-08-21,known Star council source set is inaccessible
edr_7130092faf1a5c159a3507bbd8db42ee,con_ebbe0512549c59bc8a7a31e7ec5a59e9,source_unavailable,2026-08-21,known Star council source set is inaccessible
edr_7130092faf1a5c159a3507bbd8db42ee,con_ebcb4d472e005fbbadabf9f6201cbe13,comprehensive_source_found,2026-08-21,complete slate source recovered
edr_7130092faf1a5c159a3507bbd8db42ee,con_ec88bd40dff858e695ae9533199be499,partially_searched,2026-08-22,Ward 18 lead checked; only unqualified secondary attribution recovered.
edr_7130092faf1a5c159a3507bbd8db42ee,con_eccf9644aa2c598fa731d009a96fcf64,partially_searched,2026-08-22,Ward 20 by-election search logged; no importable positive recovered.
edr_7130092faf1a5c159a3507bbd8db42ee,con_ed22821703705704bff31b43ed036014,comprehensive_source_found,2026-08-21,complete slate source recovered
edr_7130092faf1a5c159a3507bbd8db42ee,con_edd7a5395e9a586bb5289cb5ed1106b3,comprehensive_source_found,2026-08-21,complete slate source recovered
edr_7130092faf1a5c159a3507bbd8db42ee,con_eeda9883ca2d57148405d41f7f5a80a4,source_unavailable,2026-08-21,known Star council source set is inaccessible
edr_7130092faf1a5c159a3507bbd8db42ee,con_f0bbc885a5535e28bc005ca644cc4e22,source_unavailable,2026-08-21,known Star council source set is inaccessible
edr_7130092faf1a5c159a3507bbd8db42ee,con_f0cf1eca40845631b0bd4d4750413711,comprehensive_source_found,2026-08-21,complete slate source recovered
edr_7130092faf1a5c159a3507bbd8db42ee,con_f3e797bac18a5e45a723ff263eafb93e,partially_searched,2026-08-22,Ward 18 lead checked; only unqualified secondary attribution recovered.
edr_7130092faf1a5c159a3507bbd8db42ee,con_f449befd52f1538191ef612c9e711c45,source_unavailable,2026-08-21,known Star council source set is inaccessible
edr_7130092faf1a5c159a3507bbd8db42ee,con_f5117910f9d358e48dec8f0fd7c77712,partially_searched,2026-08-21,current election searched through 2026-08-21
edr_7130092faf1a5c159a3507bbd8db42ee,con_f59fe6995c8b528dbd3cbfbb5c3277c8,source_unavailable,2026-08-21,known Star council source set is inaccessible
edr_7130092faf1a5c159a3507bbd8db42ee,con_f8a855ebf8c250bda4eeed75246305b5,comprehensive_source_found,2026-08-23,Three publisher editorials form a bounded Ward 1-25 set: 22 unambiguous choices; Ward 2 and Ward 21 explicitly make no choice; Ward 16 names a two-candidate tough call without a single choice.
edr_7130092faf1a5c159a3507bbd8db42ee,con_f961284da53f5a38ba3a20e7e998ef4f,source_unavailable,2026-08-21,known Star council source set is inaccessible
edr_7130092faf1a5c159a3507bbd8db42ee,con_f97200e8b8345e4b844e990437f0b077,partially_searched,2026-08-21,current election searched through 2026-08-21
edr_7130092faf1a5c159a3507bbd8db42ee,con_fc66f2cac25c5ea58dccc4005672bad8,comprehensive_source_found,2026-08-21,complete slate source recovered
edr_7130092faf1a5c159a3507bbd8db42ee,con_fdb17fc50f125d17af9f8b0a22566116,not_applicable,2026-08-21,Contest predates the Endorser eligibility window
edr_7130092faf1a5c159a3507bbd8db42ee,con_fed30965855757d399c6acfbd6e6d4f4,source_unavailable,2026-08-21,known Star council source set is inaccessible
edr_7ba4ca8cc46e50b3b3184eae43467614,con_004711e5bbda5d169a7774d906befd21,partially_searched,2026-08-22,Audited exact-entity council search; no complete slate or choice source recovered.
edr_7ba4ca8cc46e50b3b3184eae43467614,con_02e530a81bf75a6bbf6b4ca0a9ea6738,partially_searched,2026-08-22,Audited exact-entity council search; no complete slate or choice source recovered.
edr_7ba4ca8cc46e50b3b3184eae43467614,con_037ae72c455f558590ca04bc929df4cb,partially_searched,2026-08-22,Audited exact-entity council search; no complete slate or choice source recovered.
edr_7ba4ca8cc46e50b3b3184eae43467614,con_0408bfe48f1059ecbe918aec119f10a3,partially_searched,2026-08-21,current election searched through 2026-08-21
edr_7ba4ca8cc46e50b3b3184eae43467614,con_04a4bbe5ef575c72b4ec49d601f24b71,partially_searched,2026-08-22,Audited exact-entity council search; no complete slate or choice source recovered.
edr_7ba4ca8cc46e50b3b3184eae43467614,con_099fbf24dd655a0e8b1720fbe2215a6a,comprehensive_source_found,2026-08-21,explicit choice source recovered
edr_7ba4ca8cc46e50b3b3184eae43467614,con_09d3330e921d5e53ae19007709e75bf9,partially_searched,2026-08-22,Audited exact-entity council search; no complete slate or choice source recovered.
edr_7ba4ca8cc46e50b3b3184eae43467614,con_0a880ce7b6ad5bdaa2e2dc7b19601aa8,partially_searched,2026-08-22,Audited exact-entity council search; no complete slate or choice source recovered.
edr_7ba4ca8cc46e50b3b3184eae43467614,con_0b8c9e853efa5e3da86b0f1eff65589e,partially_searched,2026-08-22,Audited exact-entity council search; no complete slate or choice source recovered.
edr_7ba4ca8cc46e50b3b3184eae43467614,con_0d00ed8759a1559c82329352d94a7812,partially_searched,2026-08-21,current election searched through 2026-08-21
edr_7ba4ca8cc46e50b3b3184eae43467614,con_0d314382ba1a5d62b399c1eefc717cc1,partially_searched,2026-08-22,Audited exact-entity council search; no complete slate or choice source recovered.
edr_7ba4ca8cc46e50b3b3184eae43467614,con_0dc4d6b99efa5f32a8f36b24d080bb2d,partially_searched,2026-08-22,Audited exact-entity council search; no complete slate or choice source recovered.
edr_7ba4ca8cc46e50b3b3184eae43467614,con_107ad5f6c01f5d4389c8194358534375,partially_searched,2026-08-22,Audited exact-entity council search; no complete slate or choice source recovered.
edr_7ba4ca8cc46e50b3b3184eae43467614,con_11ea4a9756fd5bc4a466dc797994b068,partially_searched,2026-08-22,Audited exact-entity council search; no complete slate or choice source recovered.
edr_7ba4ca8cc46e50b3b3184eae43467614,con_13660de4bc485cc68e0744199d21cb46,partially_searched,2026-08-22,Audited exact-entity council search; no complete slate or choice source recovered.
edr_7ba4ca8cc46e50b3b3184eae43467614,con_147dca9e3758595d8766dc52d11a65f4,partially_searched,2026-08-22,Audited exact-entity council search; no complete slate or choice source recovered.
edr_7ba4ca8cc46e50b3b3184eae43467614,con_14cf7e0c0e4c578d9a2a0777404c36b1,partially_searched,2026-08-21,current election searched through 2026-08-21
edr_7ba4ca8cc46e50b3b3184eae43467614,con_16fad19349255393a28639cd62e83ae3,partially_searched,2026-08-22,Audited exact-entity council search; no complete slate or choice source recovered.
edr_7ba4ca8cc46e50b3b3184eae43467614,con_17593cee737354878c920526a9fa7afd,partially_searched,2026-08-22,Audited exact-entity council search; no complete slate or choice source recovered.
edr_7ba4ca8cc46e50b3b3184eae43467614,con_17c2e1a7404c5641823443ca7a6dcc10,partially_searched,2026-08-22,Audited exact-entity council search; no complete slate or choice source recovered.
edr_7ba4ca8cc46e50b3b3184eae43467614,con_17f69fde16cb514bb16fb6e361c07fff,partially_searched,2026-08-22,Audited exact-entity council search; no complete slate or choice source recovered.
edr_7ba4ca8cc46e50b3b3184eae43467614,con_18fc5604e3b45ef08d8af9b0813a1918,partially_searched,2026-08-22,Audited exact-entity council search; no complete slate or choice source recovered.
edr_7ba4ca8cc46e50b3b3184eae43467614,con_1969b3b6667f56549d1f35b90f606cbf,partially_searched,2026-08-22,Audited exact-entity council search; no complete slate or choice source recovered.
edr_7ba4ca8cc46e50b3b3184eae43467614,con_1a46b115b13d55619bcaf30903c183e3,partially_searched,2026-08-22,Audited exact-entity council search; no complete slate or choice source recovered.
edr_7ba4ca8cc46e50b3b3184eae43467614,con_1b8d99f619f758efb737805a20bcf6fb,partially_searched,2026-08-22,Audited exact-entity council search; no complete slate or choice source recovered.
edr_7ba4ca8cc46e50b3b3184eae43467614,con_1c0aff783cfb5ac995b40930229ffd15,partially_searched,2026-08-22,Audited exact-entity council search; no complete slate or choice source recovered.
edr_7ba4ca8cc46e50b3b3184eae43467614,con_1cf871058a8c5bc9a34c7dbdf6edca83,partially_searched,2026-08-22,Audited exact-entity council search; no complete slate or choice source recovered.
edr_7ba4ca8cc46e50b3b3184eae43467614,con_1e16e8a3edc55c77847b36d881fb8fe7,partially_searched,2026-08-22,Audited exact-entity council search; no complete slate or choice source recovered.
edr_7ba4ca8cc46e50b3b3184eae43467614,con_1fa443b3390f5d6691f7994877cf55c8,partially_searched,2026-08-22,Audited exact-entity council search; no complete slate or choice source recovered.
edr_7ba4ca8cc46e50b3b3184eae43467614,con_20589f7261325cd892231ed42321b3cf,partially_searched,2026-08-22,Audited exact-entity council search; no complete slate or choice source recovered.
edr_7ba4ca8cc46e50b3b3184eae43467614,con_2070d155d42250abac2e50baf8c6bf39,partially_searched,2026-08-22,Audited exact-entity council search; no complete slate or choice source recovered.
edr_7ba4ca8cc46e50b3b3184eae43467614,con_218bbbaab66c59bc8d0d747f3ae2fb3c,partially_searched,2026-08-22,Audited exact-entity council search; no complete slate or choice source recovered.
edr_7ba4ca8cc46e50b3b3184eae43467614,con_222bdce34cf75bbeb159589e8f46045b,partially_searched,2026-08-22,Audited exact-entity council search; no complete slate or choice source recovered.
edr_7ba4ca8cc46e50b3b3184eae43467614,con_2317176dbf5e5a4fab7fd65b16359ebd,partially_searched,2026-08-22,Audited exact-entity council search; no complete slate or choice source recovered.
edr_7ba4ca8cc46e50b3b3184eae43467614,con_25e09708c7c756b38cca57f2cf9f3b1e,partially_searched,2026-08-21,current election searched through 2026-08-21
edr_7ba4ca8cc46e50b3b3184eae43467614,con_25f46be8b0a857faa602e39531d4ed0c,partially_searched,2026-08-21,current election searched through 2026-08-21
edr_7ba4ca8cc46e50b3b3184eae43467614,con_272ca0eaeab656b89a5038bc74ad9988,partially_searched,2026-08-22,Audited exact-entity council search; no complete slate or choice source recovered.
edr_7ba4ca8cc46e50b3b3184eae43467614,con_27e80d547d0256149213a7e90956055b,partially_searched,2026-08-22,Audited exact-entity council search; no complete slate or choice source recovered.
edr_7ba4ca8cc46e50b3b3184eae43467614,con_2865d31031005dd897904c3f07e4d039,partially_searched,2026-08-22,Audited exact-entity council search; no complete slate or choice source recovered.
edr_7ba4ca8cc46e50b3b3184eae43467614,con_28b9bf4109765f57a3a7923479b37af9,partially_searched,2026-08-22,Audited exact-entity council search; no complete slate or choice source recovered.
edr_7ba4ca8cc46e50b3b3184eae43467614,con_29e8a0598b6d5fe18984bfe68b9d27f7,partially_searched,2026-08-21,current election searched through 2026-08-21
edr_7ba4ca8cc46e50b3b3184eae43467614,con_2befcc6536315440902962b270ad7f70,partially_searched,2026-08-22,Audited exact-entity council search; no complete slate or choice source recovered.
edr_7ba4ca8cc46e50b3b3184eae43467614,con_2bf1297cee4b5750992138d9da3c0dc0,partially_searched,2026-08-21,current election searched through 2026-08-21
edr_7ba4ca8cc46e50b3b3184eae43467614,con_2c0ca30fc75e51a3acf50c4693b1cc1b,partially_searched,2026-08-22,Audited exact-entity council search; no complete slate or choice source recovered.
edr_7ba4ca8cc46e50b3b3184eae43467614,con_2c70fd784be55c4794f8294a723dedb9,partially_searched,2026-08-22,Audited exact-entity council search; no complete slate or choice source recovered.
edr_7ba4ca8cc46e50b3b3184eae43467614,con_2c97298461635376899e36569d2c7be3,partially_searched,2026-08-22,Audited exact-entity council search; no complete slate or choice source recovered.
edr_7ba4ca8cc46e50b3b3184eae43467614,con_2ce79e4f63945b9b90a05c245e9382fc,partially_searched,2026-08-22,Audited exact-entity council search; no complete slate or choice source recovered.
edr_7ba4ca8cc46e50b3b3184eae43467614,con_2cf721e86d7a55de8cf53a0ae3f6413c,partially_searched,2026-08-22,Audited exact-entity council search; no complete slate or choice source recovered.
edr_7ba4ca8cc46e50b3b3184eae43467614,con_2d92299c561559d99eccb92c22f4eb47,partially_searched,2026-08-22,Audited exact-entity council search; no complete slate or choice source recovered.
edr_7ba4ca8cc46e50b3b3184eae43467614,con_2f43675e2c5c59b796fafde036252ed1,partially_searched,2026-08-22,Audited exact-entity council search; no complete slate or choice source recovered.
edr_7ba4ca8cc46e50b3b3184eae43467614,con_2f8a0c46b37950fd9149d9b62f1f0142,partially_searched,2026-08-22,Audited exact-entity council search; no complete slate or choice source recovered.
edr_7ba4ca8cc46e50b3b3184eae43467614,con_31d375f206cb5fe1955efa73ae9da43e,partially_searched,2026-08-22,Audited exact-entity council search; no complete slate or choice source recovered.
edr_7ba4ca8cc46e50b3b3184eae43467614,con_33da03ca4a1159089c55d78f4edd2bf3,partially_searched,2026-08-22,Audited exact-entity council search; no complete slate or choice source recovered.
edr_7ba4ca8cc46e50b3b3184eae43467614,con_34196d04855f52249d03362a5469c3c0,partially_searched,2026-08-21,current election searched through 2026-08-21
edr_7ba4ca8cc46e50b3b3184eae43467614,con_350f0c58a79a574d926206857445b2d9,partially_searched,2026-08-22,Audited exact-entity council search; no complete slate or choice source recovered.
edr_7ba4ca8cc46e50b3b3184eae43467614,con_35fc512b3ae2545fa6ff408778ae144d,partially_searched,2026-08-21,current election searched through 2026-08-21
edr_7ba4ca8cc46e50b3b3184eae43467614,con_368b196a6cf154a88c9f1275824dc99e,partially_searched,2026-08-21,current election searched through 2026-08-21
edr_7ba4ca8cc46e50b3b3184eae43467614,con_387d212e18c453e2a8eb298de5c374ff,partially_searched,2026-08-22,Audited exact-entity council search; no complete slate or choice source recovered.
edr_7ba4ca8cc46e50b3b3184eae43467614,con_393178f4fb765cd0bbeaa13d06dca32c,partially_searched,2026-08-22,Audited exact-entity council search; no complete slate or choice source recovered.
edr_7ba4ca8cc46e50b3b3184eae43467614,con_398774c449785307baa3822c581963e9,partially_searched,2026-08-22,Audited exact-entity council search; no complete slate or choice source recovered.
edr_7ba4ca8cc46e50b3b3184eae43467614,con_3a262cc7bf83579eae79ce2032ea06d1,partially_searched,2026-08-22,Audited exact-entity council search; no complete slate or choice source recovered.
edr_7ba4ca8cc46e50b3b3184eae43467614,con_3a43982e2a0450b2a3f4c5241f6965d8,partially_searched,2026-08-22,Audited exact-entity council search; no complete slate or choice source recovered.
edr_7ba4ca8cc46e50b3b3184eae43467614,con_3ae0da024263524d8e13691dbeeadc88,partially_searched,2026-08-22,Audited exact-entity council search; no complete slate or choice source recovered.
edr_7ba4ca8cc46e50b3b3184eae43467614,con_3c1699cb4b0257ae8cf61da26db0c160,partially_searched,2026-08-22,Audited exact-entity council search; no complete slate or choice source recovered.
edr_7ba4ca8cc46e50b3b3184eae43467614,con_3fc9df4b254c5eb6a2a7fb629a124bfb,partially_searched,2026-08-22,Audited exact-entity council search; no complete slate or choice source recovered.
edr_7ba4ca8cc46e50b3b3184eae43467614,con_3fd9226a06995ec78201f807f175b930,partially_searched,2026-08-22,Audited exact-entity council search; no complete slate or choice source recovered.
edr_7ba4ca8cc46e50b3b3184eae43467614,con_419d313f6cfc5451ba26ad4687222e83,partially_searched,2026-08-21,current election searched through 2026-08-21
edr_7ba4ca8cc46e50b3b3184eae43467614,con_43b57e74c0a454db9f5ed346b6fc7095,partially_searched,2026-08-22,Audited exact-entity council search; no complete slate or choice source recovered.
edr_7ba4ca8cc46e50b3b3184eae43467614,con_43f8a49a6b095ee8a38c2a1aa0477382,partially_searched,2026-08-22,Audited exact-entity council search; no complete slate or choice source recovered.
edr_7ba4ca8cc46e50b3b3184eae43467614,con_45eb3e143f1b5492b4652498c957ed6b,partially_searched,2026-08-22,Audited exact-entity council search; no complete slate or choice source recovered.
edr_7ba4ca8cc46e50b3b3184eae43467614,con_46f4af62ff4956f5b31ebec2e77229fa,partially_searched,2026-08-22,Audited exact-entity council search; no complete slate or choice source recovered.
edr_7ba4ca8cc46e50b3b3184eae43467614,con_46f7b754b02b57d0a651c417f9f0471d,partially_searched,2026-08-22,Audited exact-entity council search; no complete slate or choice source recovered.
edr_7ba4ca8cc46e50b3b3184eae43467614,con_47f9c6bba0165404a3fec5492a0940b3,partially_searched,2026-08-22,Audited exact-entity council search; no complete slate or choice source recovered.
edr_7ba4ca8cc46e50b3b3184eae43467614,con_4977aa6e0a865d788ed7ebf871e4027c,partially_searched,2026-08-22,Audited exact-entity council search; no complete slate or choice source recovered.
edr_7ba4ca8cc46e50b3b3184eae43467614,con_4a5af0945c9a5a01ae50e3a5ea61b3fb,partially_searched,2026-08-22,Audited exact-entity council search; no complete slate or choice source recovered.
edr_7ba4ca8cc46e50b3b3184eae43467614,con_4b3374ab9039564fa8ed1cedf493a0e3,partially_searched,2026-08-22,Audited exact-entity council search; no complete slate or choice source recovered.
edr_7ba4ca8cc46e50b3b3184eae43467614,con_4b6815e8c2e155d881aba7f21ad5b69b,partially_searched,2026-08-21,current election searched through 2026-08-21
edr_7ba4ca8cc46e50b3b3184eae43467614,con_4def6d4e85f85950babb9030e4eae0cb,partially_searched,2026-08-22,Audited exact-entity council search; no complete slate or choice source recovered.
edr_7ba4ca8cc46e50b3b3184eae43467614,con_4e3ebb6b13cb5d2396519f9df6fbdf4b,partially_searched,2026-08-22,Audited exact-entity council search; no complete slate or choice source recovered.
edr_7ba4ca8cc46e50b3b3184eae43467614,con_4e432b136b83537fb08e7e8485f4949c,partially_searched,2026-08-22,Audited exact-entity council search; no complete slate or choice source recovered.
edr_7ba4ca8cc46e50b3b3184eae43467614,con_4ead7aa21a905ad7bd1838cb33f37045,partially_searched,2026-08-22,Audited exact-entity council search; no complete slate or choice source recovered.
edr_7ba4ca8cc46e50b3b3184eae43467614,con_5161ebd9ab2b5c55bfcd6eef433082c9,partially_searched,2026-08-22,Audited exact-entity council search; no complete slate or choice source recovered.
edr_7ba4ca8cc46e50b3b3184eae43467614,con_5212e699e2ab537eaf63c23b0952d1a1,partially_searched,2026-08-21,current election searched through 2026-08-21
edr_7ba4ca8cc46e50b3b3184eae43467614,con_52f50431db92559f8d4391fb2e932f16,partially_searched,2026-08-22,Audited exact-entity council search; no complete slate or choice source recovered.
edr_7ba4ca8cc46e50b3b3184eae43467614,con_53468b4ee3c7510aba4d708f584951a9,partially_searched,2026-08-22,Audited exact-entity council search; no complete slate or choice source recovered.
edr_7ba4ca8cc46e50b3b3184eae43467614,con_5394ec9f2261502eb1947c064bfdaf8a,partially_searched,2026-08-21,current election searched through 2026-08-21
edr_7ba4ca8cc46e50b3b3184eae43467614,con_54d4d8b5d91f5df5ba8bfdf9c61296af,partially_searched,2026-08-22,Audited exact-entity council search; no complete slate or choice source recovered.
edr_7ba4ca8cc46e50b3b3184eae43467614,con_5587a8b9ae37546eb39a67333b5011ed,partially_searched,2026-08-22,Audited exact-entity council search; no complete slate or choice source recovered.
edr_7ba4ca8cc46e50b3b3184eae43467614,con_55f5230db0d85c499ce7cea0ce379f5f,partially_searched,2026-08-22,Audited exact-entity council search; no complete slate or choice source recovered.
edr_7ba4ca8cc46e50b3b3184eae43467614,con_579cae8a3fa455a7a3e68d1b1900fffa,partially_searched,2026-08-22,Audited exact-entity council search; no complete slate or choice source recovered.
edr_7ba4ca8cc46e50b3b3184eae43467614,con_59aa1ee85e2d51ca8dee4338d37665c2,partially_searched,2026-08-22,Audited exact-entity council search; no complete slate or choice source recovered.
edr_7ba4ca8cc46e50b3b3184eae43467614,con_59bfad1b37305c63a378a4614deb11ae,partially_searched,2026-08-22,Audited exact-entity council search; no complete slate or choice source recovered.
edr_7ba4ca8cc46e50b3b3184eae43467614,con_5ae0589c69375400b18fd5960241eeac,partially_searched,2026-08-21,current election searched through 2026-08-21
edr_7ba4ca8cc46e50b3b3184eae43467614,con_5babda81dd6351a28a423340a03b5d8a,partially_searched,2026-08-22,Audited exact-entity council search; no complete slate or choice source recovered.
edr_7ba4ca8cc46e50b3b3184eae43467614,con_5c4da484552c546aaff98277d675d594,partially_searched,2026-08-22,Audited exact-entity council search; no complete slate or choice source recovered.
edr_7ba4ca8cc46e50b3b3184eae43467614,con_5c8144ae39615a3189a3691c99c5ea4e,partially_searched,2026-08-22,Audited exact-entity council search; no complete slate or choice source recovered.
edr_7ba4ca8cc46e50b3b3184eae43467614,con_5cb64f68c501559d960b05fb29843745,partially_searched,2026-08-22,Audited exact-entity council search; no complete slate or choice source recovered.
edr_7ba4ca8cc46e50b3b3184eae43467614,con_5d8609e7e7f4584ea28ad032690bdae8,partially_searched,2026-08-22,Pitfield opposition is not a positive choice.
edr_7ba4ca8cc46e50b3b3184eae43467614,con_5f814673ab4050e5b50e46685dbfbecb,partially_searched,2026-08-22,Audited exact-entity council search; no complete slate or choice source recovered.
edr_7ba4ca8cc46e50b3b3184eae43467614,con_610d1afaa15d592eb956835f8fd51600,partially_searched,2026-08-22,Audited exact-entity council search; no complete slate or choice source recovered.
edr_7ba4ca8cc46e50b3b3184eae43467614,con_612115bf42b450d3aeb63bb430d3aec9,partially_searched,2026-08-22,Audited exact-entity council search; no complete slate or choice source recovered.
edr_7ba4ca8cc46e50b3b3184eae43467614,con_6131490bb0d75b1ba4033e2284df71f8,partially_searched,2026-08-22,Audited exact-entity council search; no complete slate or choice source recovered.
edr_7ba4ca8cc46e50b3b3184eae43467614,con_61eed2bcd6ce5343bea274fe8a8028bc,partially_searched,2026-08-22,Audited exact-entity council search; no complete slate or choice source recovered.
edr_7ba4ca8cc46e50b3b3184eae43467614,con_622c2ee026875ae4ac60200b1559e8f6,partially_searched,2026-08-22,Audited exact-entity council search; no complete slate or choice source recovered.
edr_7ba4ca8cc46e50b3b3184eae43467614,con_6240f694b6ce5307a2126a9103153475,partially_searched,2026-08-22,Audited exact-entity council search; no complete slate or choice source recovered.
edr_7ba4ca8cc46e50b3b3184eae43467614,con_636fab9611ed540ebff54ad772a1827d,partially_searched,2026-08-22,Audited exact-entity council search; no complete slate or choice source recovered.
edr_7ba4ca8cc46e50b3b3184eae43467614,con_639f022801275cedb8f9b4fe82711ae3,partially_searched,2026-08-22,Audited exact-entity council search; no complete slate or choice source recovered.
edr_7ba4ca8cc46e50b3b3184eae43467614,con_643801dc921651c3a1ef5d96772fb13d,partially_searched,2026-08-22,Audited exact-entity council search; no complete slate or choice source recovered.
edr_7ba4ca8cc46e50b3b3184eae43467614,con_6629fd920f2b5a8d9b7959fafdd04a1a,partially_searched,2026-08-22,Audited exact-entity council search; no complete slate or choice source recovered.
edr_7ba4ca8cc46e50b3b3184eae43467614,con_662d709bee42574392549fc786efea0d,partially_searched,2026-08-22,Audited exact-entity council search; no complete slate or choice source recovered.
edr_7ba4ca8cc46e50b3b3184eae43467614,con_67daf6d284a75ecc8b775a05a871a58e,partially_searched,2026-08-21,current election searched through 2026-08-21
edr_7ba4ca8cc46e50b3b3184eae43467614,con_680464772a025da6aa5eaf650cefb52a,partially_searched,2026-08-22,Audited exact-entity council search; no complete slate or choice source recovered.
edr_7ba4ca8cc46e50b3b3184eae43467614,con_6821258c9f7f598e829c8617b8765c25,partially_searched,2026-08-22,Audited exact-entity council search; no complete slate or choice source recovered.
edr_7ba4ca8cc46e50b3b3184eae43467614,con_6a1f4d7470675d869b3b11aede0812f2,partially_searched,2026-08-22,Audited exact-entity council search; no complete slate or choice source recovered.
edr_7ba4ca8cc46e50b3b3184eae43467614,con_6ba310e4ba695121835a4fde58144a47,partially_searched,2026-08-21,current election searched through 2026-08-21
edr_7ba4ca8cc46e50b3b3184eae43467614,con_6beb6fc4da14503aa70fa94b8fe0b600,partially_searched,2026-08-22,Audited exact-entity council search; no complete slate or choice source recovered.
edr_7ba4ca8cc46e50b3b3184eae43467614,con_6c708130eaa15c9080cc3cd3a207f63b,partially_searched,2026-08-22,Audited exact-entity council search; no complete slate or choice source recovered.
edr_7ba4ca8cc46e50b3b3184eae43467614,con_6d24ced99da9539aaaad476a9a2747f4,partially_searched,2026-08-22,Audited exact-entity council search; no complete slate or choice source recovered.
edr_7ba4ca8cc46e50b3b3184eae43467614,con_6d7f00a8037754c0a6f34579bee44966,partially_searched,2026-08-22,Audited exact-entity council search; no complete slate or choice source recovered.
edr_7ba4ca8cc46e50b3b3184eae43467614,con_6efbf1ffbfee5e2cb5f5fab52dd98a91,partially_searched,2026-08-21,current election searched through 2026-08-21
edr_7ba4ca8cc46e50b3b3184eae43467614,con_6fd864aec40c5bbc9f3eb32d2e9e4379,partially_searched,2026-08-22,Audited exact-entity council search; no complete slate or choice source recovered.
edr_7ba4ca8cc46e50b3b3184eae43467614,con_719e754cd3eb5a8abbc6e78d6413ff60,partially_searched,2026-08-21,current election searched through 2026-08-21
edr_7ba4ca8cc46e50b3b3184eae43467614,con_727f839c8adc5531bd874edb6b663c05,partially_searched,2026-08-22,Audited exact-entity council search; no complete slate or choice source recovered.
edr_7ba4ca8cc46e50b3b3184eae43467614,con_744dd2f798b8521e8de9693750f474d2,partially_searched,2026-08-22,Audited exact-entity council search; no complete slate or choice source recovered.
edr_7ba4ca8cc46e50b3b3184eae43467614,con_76db9d7d1989548fadeac8b8116dc357,partially_searched,2026-08-22,Audited exact-entity council search; no complete slate or choice source recovered.
edr_7ba4ca8cc46e50b3b3184eae43467614,con_778d3d5e612151bcb14703a9f987556d,partially_searched,2026-08-22,No direct CUPE Ontario choice recovered.
edr_7ba4ca8cc46e50b3b3184eae43467614,con_77f42d0ca0a15c57a01b5579fef4625a,partially_searched,2026-08-22,Audited exact-entity council search; no complete slate or choice source recovered.
edr_7ba4ca8cc46e50b3b3184eae43467614,con_79a0aa63063d5dd6a5a2ed28c29ecec1,partially_searched,2026-08-22,Audited exact-entity council search; no complete slate or choice source recovered.
edr_7ba4ca8cc46e50b3b3184eae43467614,con_7a4043e26d4256e78ee3861fb81e718a,partially_searched,2026-08-22,Audited exact-entity council search; no complete slate or choice source recovered.
edr_7ba4ca8cc46e50b3b3184eae43467614,con_7acbde45d7355dbeb5327c8eff9039ed,partially_searched,2026-08-22,Audited exact-entity council search; no complete slate or choice source recovered.
edr_7ba4ca8cc46e50b3b3184eae43467614,con_7b92b7a12bbf5240a728cbe9d42aa420,partially_searched,2026-08-22,Audited exact-entity council search; no complete slate or choice source recovered.
edr_7ba4ca8cc46e50b3b3184eae43467614,con_7bbdc7e302705fee987b1ebca87ef16d,partially_searched,2026-08-22,Audited exact-entity council search; no complete slate or choice source recovered.
edr_7ba4ca8cc46e50b3b3184eae43467614,con_7d07021e53b35a609a75560232a15fd1,partially_searched,2026-08-22,Audited exact-entity council search; no complete slate or choice source recovered.
edr_7ba4ca8cc46e50b3b3184eae43467614,con_7e6cf2fd75ba560a900bb024e72fe99c,partially_searched,2026-08-22,Audited exact-entity council search; no complete slate or choice source recovered.
edr_7ba4ca8cc46e50b3b3184eae43467614,con_7eba7d2b2ccb57e5aa6ab13c307b2517,partially_searched,2026-08-22,Audited exact-entity council search; no complete slate or choice source recovered.
edr_7ba4ca8cc46e50b3b3184eae43467614,con_7ee43d0beaab558c9788d151bbd8d067,partially_searched,2026-08-22,Audited exact-entity council search; no complete slate or choice source recovered.
edr_7ba4ca8cc46e50b3b3184eae43467614,con_802f842541d15d899e8f6acf3b86ae45,partially_searched,2026-08-22,Audited exact-entity council search; no complete slate or choice source recovered.
edr_7ba4ca8cc46e50b3b3184eae43467614,con_810611751acb5e86ab30b3277e7e6dad,partially_searched,2026-08-22,Audited exact-entity council search; no complete slate or choice source recovered.
edr_7ba4ca8cc46e50b3b3184eae43467614,con_8283f00fca6855af9a0a63e550482bda,partially_searched,2026-08-22,Audited exact-entity council search; no complete slate or choice source recovered.
edr_7ba4ca8cc46e50b3b3184eae43467614,con_82f64d71deda5204bf8ba5ab710c21e6,partially_searched,2026-08-22,Audited exact-entity council search; no complete slate or choice source recovered.
edr_7ba4ca8cc46e50b3b3184eae43467614,con_8322c67bf27e5374a4da8de81ef663fc,partially_searched,2026-08-21,current election searched through 2026-08-21
edr_7ba4ca8cc46e50b3b3184eae43467614,con_834d568760e15dcdb0b423512c33fe9c,partially_searched,2026-08-22,Audited exact-entity council search; no complete slate or choice source recovered.
edr_7ba4ca8cc46e50b3b3184eae43467614,con_83ded5c17ed75ca788f320a13b17dd08,partially_searched,2026-08-22,Audited exact-entity council search; no complete slate or choice source recovered.
edr_7ba4ca8cc46e50b3b3184eae43467614,con_845cf9eb2c1b5ed6b35801d45f86cd82,partially_searched,2026-08-22,Audited exact-entity council search; no complete slate or choice source recovered.
edr_7ba4ca8cc46e50b3b3184eae43467614,con_849867f583195ad38c77941612883bd9,partially_searched,2026-08-22,Audited exact-entity council search; no complete slate or choice source recovered.
edr_7ba4ca8cc46e50b3b3184eae43467614,con_86779f733e9f58e78227d4c49c260033,partially_searched,2026-08-22,Audited exact-entity council search; no complete slate or choice source recovered.
edr_7ba4ca8cc46e50b3b3184eae43467614,con_86a1f5b3235452b4a3cb3b3297e4dd51,partially_searched,2026-08-22,Audited exact-entity council search; no complete slate or choice source recovered.
edr_7ba4ca8cc46e50b3b3184eae43467614,con_88a17b76344c50ba9a3a118dd558c185,partially_searched,2026-08-22,Audited exact-entity council search; no complete slate or choice source recovered.
edr_7ba4ca8cc46e50b3b3184eae43467614,con_88f5ccc6b744588da3d07590c5dca974,partially_searched,2026-08-22,Audited exact-entity council search; no complete slate or choice source recovered.
edr_7ba4ca8cc46e50b3b3184eae43467614,con_899c01be1cc951dfb79010a2fbd8ad10,partially_searched,2026-08-22,Audited exact-entity council search; no complete slate or choice source recovered.
edr_7ba4ca8cc46e50b3b3184eae43467614,con_8a8efa738bef57fc9329489f768529c9,partially_searched,2026-08-22,Audited exact-entity council search; no complete slate or choice source recovered.
edr_7ba4ca8cc46e50b3b3184eae43467614,con_8b4a03ef5a3c55c4ab20662c886b31a7,partially_searched,2026-08-22,Audited exact-entity council search; no complete slate or choice source recovered.
edr_7ba4ca8cc46e50b3b3184eae43467614,con_8c969ca3bbbb537382be9d4ed8dd7697,partially_searched,2026-08-22,Audited exact-entity council search; no complete slate or choice source recovered.
edr_7ba4ca8cc46e50b3b3184eae43467614,con_8d2d5f08a1095a14abbcb526483a3aa0,partially_searched,2026-08-22,Audited exact-entity council search; no complete slate or choice source recovered.
edr_7ba4ca8cc46e50b3b3184eae43467614,con_90b9ffb191415b13a8c7f334ef771513,partially_searched,2026-08-22,Audited exact-entity council search; no complete slate or choice source recovered.
edr_7ba4ca8cc46e50b3b3184eae43467614,con_91f80636385c5df5b2d409f9c9b389ed,partially_searched,2026-08-22,Audited exact-entity council search; no complete slate or choice source recovered.
edr_7ba4ca8cc46e50b3b3184eae43467614,con_922d425132ad5243b459c0ca40a6dcd9,partially_searched,2026-08-22,Audited exact-entity council search; no complete slate or choice source recovered.
edr_7ba4ca8cc46e50b3b3184eae43467614,con_9250eb2b2609550597520e68352ac56a,partially_searched,2026-08-22,No direct CUPE Ontario choice recovered.
edr_7ba4ca8cc46e50b3b3184eae43467614,con_945161409a0450f29e351ff3f263f815,partially_searched,2026-08-22,Miller remains unresolved; no exact-entity fact.
edr_7ba4ca8cc46e50b3b3184eae43467614,con_9473b9c31bb55e62ac4432451881acf1,partially_searched,2026-08-22,Audited exact-entity council search; no complete slate or choice source recovered.
edr_7ba4ca8cc46e50b3b3184eae43467614,con_9476d4c41a7d5fa48b97b47e28f9305d,partially_searched,2026-08-22,Audited exact-entity council search; no complete slate or choice source recovered.
edr_7ba4ca8cc46e50b3b3184eae43467614,con_95ce62f8d45154c7836ec0372d2a416e,partially_searched,2026-08-22,Audited exact-entity council search; no complete slate or choice source recovered.
edr_7ba4ca8cc46e50b3b3184eae43467614,con_95ddf0ee07b85a9da9038f871eeefaba,partially_searched,2026-08-22,Audited exact-entity council search; no complete slate or choice source recovered.
edr_7ba4ca8cc46e50b3b3184eae43467614,con_98fc649f10ee5100a44520c1500dfac9,partially_searched,2026-08-22,Audited exact-entity council search; no complete slate or choice source recovered.
edr_7ba4ca8cc46e50b3b3184eae43467614,con_990816d2030b592787bdf4a19382627f,partially_searched,2026-08-22,Audited exact-entity council search; no complete slate or choice source recovered.
edr_7ba4ca8cc46e50b3b3184eae43467614,con_99b9fbf5df5f504eb0906d1c2b113d63,partially_searched,2026-08-22,Audited exact-entity council search; no complete slate or choice source recovered.
edr_7ba4ca8cc46e50b3b3184eae43467614,con_9d346093453659cba5591e6e2efd506a,partially_searched,2026-08-22,Audited exact-entity council search; no complete slate or choice source recovered.
edr_7ba4ca8cc46e50b3b3184eae43467614,con_9e0a04dcf1245155b6f1fd50c6a83e99,partially_searched,2026-08-22,Audited exact-entity council search; no complete slate or choice source recovered.
edr_7ba4ca8cc46e50b3b3184eae43467614,con_a060705663a15882b307108144aa8720,partially_searched,2026-08-22,Audited exact-entity council search; no complete slate or choice source recovered.
edr_7ba4ca8cc46e50b3b3184eae43467614,con_a160a05c9e3e5dd7b972cd5c16d456b0,partially_searched,2026-08-22,Audited exact-entity council search; no complete slate or choice source recovered.
edr_7ba4ca8cc46e50b3b3184eae43467614,con_a1f3f1e6009c53c7a9cbb88e7e2346c0,partially_searched,2026-08-22,Audited exact-entity council search; no complete slate or choice source recovered.
edr_7ba4ca8cc46e50b3b3184eae43467614,con_a3ad5138021a51309ade19f0cbc4ebe1,partially_searched,2026-08-22,Audited exact-entity council search; no complete slate or choice source recovered.
edr_7ba4ca8cc46e50b3b3184eae43467614,con_a46853faf8a85598b55614ee5bfc99e2,partially_searched,2026-08-22,Audited exact-entity council search; no complete slate or choice source recovered.
edr_7ba4ca8cc46e50b3b3184eae43467614,con_a548943febc15683bb34e547001ee6e7,partially_searched,2026-08-22,Audited exact-entity council search; no complete slate or choice source recovered.
edr_7ba4ca8cc46e50b3b3184eae43467614,con_a62a387b9ca8511db50248d4738f3eea,partially_searched,2026-08-22,Audited exact-entity council search; no complete slate or choice source recovered.
edr_7ba4ca8cc46e50b3b3184eae43467614,con_ab103b8f3a915dd0b0131abea73fad5c,partially_searched,2026-08-22,Audited exact-entity council search; no complete slate or choice source recovered.
edr_7ba4ca8cc46e50b3b3184eae43467614,con_abe0e1350e7856ad9a70ffdc75dd84f2,partially_searched,2026-08-22,Audited exact-entity council search; no complete slate or choice source recovered.
edr_7ba4ca8cc46e50b3b3184eae43467614,con_ac0a746327ea57b39ba13add8456bbd3,partially_searched,2026-08-22,Audited exact-entity council search; no complete slate or choice source recovered.
edr_7ba4ca8cc46e50b3b3184eae43467614,con_ac347f98e5715159b3adecf8debcbde8,partially_searched,2026-08-22,Audited exact-entity council search; no complete slate or choice source recovered.
edr_7ba4ca8cc46e50b3b3184eae43467614,con_ae44722023c153d7a460278c9b621435,partially_searched,2026-08-22,Audited exact-entity council search; no complete slate or choice source recovered.
edr_7ba4ca8cc46e50b3b3184eae43467614,con_af1f1cbea2a15cf4899bdd37d9fc80f7,partially_searched,2026-08-22,Audited exact-entity council search; no complete slate or choice source recovered.
edr_7ba4ca8cc46e50b3b3184eae43467614,con_b123ac953da1590ebb8bca29f5eb3bdc,partially_searched,2026-08-22,Audited exact-entity council search; no complete slate or choice source recovered.
edr_7ba4ca8cc46e50b3b3184eae43467614,con_b1ec123602ab559c939e1aa02badcd71,partially_searched,2026-08-22,Audited exact-entity council search; no complete slate or choice source recovered.
edr_7ba4ca8cc46e50b3b3184eae43467614,con_b4c70c0c6f465c4091dce97cbbd286b3,partially_searched,2026-08-22,Audited exact-entity council search; no complete slate or choice source recovered.
edr_7ba4ca8cc46e50b3b3184eae43467614,con_b592d84a34965294a78c84c50bab4ddb,partially_searched,2026-08-22,Audited exact-entity council search; no complete slate or choice source recovered.
edr_7ba4ca8cc46e50b3b3184eae43467614,con_b5ffb866cf475caca42769d641deb4a7,partially_searched,2026-08-22,Audited exact-entity council search; no complete slate or choice source recovered.
edr_7ba4ca8cc46e50b3b3184eae43467614,con_b6bdff47e14a590897fb7531e91999d1,partially_searched,2026-08-22,Audited exact-entity council search; no complete slate or choice source recovered.
edr_7ba4ca8cc46e50b3b3184eae43467614,con_b7158aa7285c513f8255b4f87166c723,partially_searched,2026-08-22,Audited exact-entity council search; no complete slate or choice source recovered.
edr_7ba4ca8cc46e50b3b3184eae43467614,con_b93d69f083ed511ab264f38cc1d8b94c,partially_searched,2026-08-22,Bill 5 advocacy is not a candidate choice.
edr_7ba4ca8cc46e50b3b3184eae43467614,con_b9bda7a65c8a5e03a69746d0072f95c1,partially_searched,2026-08-22,Audited exact-entity council search; no complete slate or choice source recovered.
edr_7ba4ca8cc46e50b3b3184eae43467614,con_bab4f35c5b9a51da935131d5c790bddf,partially_searched,2026-08-22,Audited exact-entity council search; no complete slate or choice source recovered.
edr_7ba4ca8cc46e50b3b3184eae43467614,con_bb2bdc05e1365857b524a0a6596b48d5,partially_searched,2026-08-22,Audited exact-entity council search; no complete slate or choice source recovered.
edr_7ba4ca8cc46e50b3b3184eae43467614,con_bcc3da3d377f5fd3bb1d8a0c3ad7160b,partially_searched,2026-08-22,Audited exact-entity council search; no complete slate or choice source recovered.
edr_7ba4ca8cc46e50b3b3184eae43467614,con_bd42720679895e8eb848ffc148979026,partially_searched,2026-08-21,current election searched through 2026-08-21
edr_7ba4ca8cc46e50b3b3184eae43467614,con_bdb4bceb8d3d535e9d9284d19bf99bb0,partially_searched,2026-08-22,Audited exact-entity council search; no complete slate or choice source recovered.
edr_7ba4ca8cc46e50b3b3184eae43467614,con_be2d96cb623553cdbd79b303f9576bda,partially_searched,2026-08-22,Audited exact-entity council search; no complete slate or choice source recovered.
edr_7ba4ca8cc46e50b3b3184eae43467614,con_be3ee1a1a31f533885cbb71a268beda9,partially_searched,2026-08-22,Audited exact-entity council search; no complete slate or choice source recovered.
edr_7ba4ca8cc46e50b3b3184eae43467614,con_bf4b3cd94fcd50ba8d2259a6df440a17,partially_searched,2026-08-22,Audited exact-entity council search; no complete slate or choice source recovered.
edr_7ba4ca8cc46e50b3b3184eae43467614,con_bf589c2ec43c513aa964b64309534ac6,partially_searched,2026-08-22,Audited exact-entity council search; no complete slate or choice source recovered.
edr_7ba4ca8cc46e50b3b3184eae43467614,con_c44af6fcb9ff527e8974217b3d633af1,partially_searched,2026-08-22,Audited exact-entity council search; no complete slate or choice source recovered.
edr_7ba4ca8cc46e50b3b3184eae43467614,con_c49857c2f0a6591fa165be262c38930c,partially_searched,2026-08-22,Audited exact-entity council search; no complete slate or choice source recovered.
edr_7ba4ca8cc46e50b3b3184eae43467614,con_c4de914fc9f15a3cab65125ee118d9c8,partially_searched,2026-08-22,Audited exact-entity council search; no complete slate or choice source recovered.
edr_7ba4ca8cc46e50b3b3184eae43467614,con_c555f2e9b45051a8b960bdbb0ac6080a,partially_searched,2026-08-22,Audited exact-entity council search; no complete slate or choice source recovered.
edr_7ba4ca8cc46e50b3b3184eae43467614,con_c57f0385335559e696305e7d4e632b40,partially_searched,2026-08-22,Audited exact-entity council search; no complete slate or choice source recovered.
edr_7ba4ca8cc46e50b3b3184eae43467614,con_c59d97019dab554698aea8cb6eeb469a,partially_searched,2026-08-22,Audited exact-entity council search; no complete slate or choice source recovered.
edr_7ba4ca8cc46e50b3b3184eae43467614,con_c637e2ad153c516eb79ab5edb84161f8,partially_searched,2026-08-22,Audited exact-entity council search; no complete slate or choice source recovered.
edr_7ba4ca8cc46e50b3b3184eae43467614,con_c686b3ad3bd059d78db8cc44229817a0,partially_searched,2026-08-22,Audited exact-entity council search; no complete slate or choice source recovered.
edr_7ba4ca8cc46e50b3b3184eae43467614,con_c713b29e028a582893ad021c4a2b8546,partially_searched,2026-08-22,Audited exact-entity council search; no complete slate or choice source recovered.
edr_7ba4ca8cc46e50b3b3184eae43467614,con_c760f9c404835bb595e5671cf893c340,partially_searched,2026-08-22,Audited exact-entity council search; no complete slate or choice source recovered.
edr_7ba4ca8cc46e50b3b3184eae43467614,con_c85783d7c9a4550bae21b8e14f2ff992,partially_searched,2026-08-22,Audited exact-entity council search; no complete slate or choice source recovered.
edr_7ba4ca8cc46e50b3b3184eae43467614,con_c8883aeeac29529eada91aebc451242b,comprehensive_source_found,2026-08-22,Exact first-party council choice recovered.
edr_7ba4ca8cc46e50b3b3184eae43467614,con_c8a9dfe07ee5545eb20e21d12773c57e,partially_searched,2026-08-22,Audited exact-entity council search; no complete slate or choice source recovered.
edr_7ba4ca8cc46e50b3b3184eae43467614,con_c90c50ce5e7c59dbaf6f3fb8efe575fd,partially_searched,2026-08-22,Audited exact-entity council search; no complete slate or choice source recovered.
edr_7ba4ca8cc46e50b3b3184eae43467614,con_ca1753a2e9eb53b396a948ee50167f03,partially_searched,2026-08-22,Audited exact-entity council search; no complete slate or choice source recovered.
edr_7ba4ca8cc46e50b3b3184eae43467614,con_caa23fae586656b2bab11ee711073a2c,partially_searched,2026-08-22,Audited exact-entity council search; no complete slate or choice source recovered.
edr_7ba4ca8cc46e50b3b3184eae43467614,con_cb4eea0a3dc657cc990d4fa53b4ae76f,partially_searched,2026-08-21,current election searched through 2026-08-21
edr_7ba4ca8cc46e50b3b3184eae43467614,con_cceb1911b8545151a85313ea9045fdd6,partially_searched,2026-08-22,Audited exact-entity council search; no complete slate or choice source recovered.
edr_7ba4ca8cc46e50b3b3184eae43467614,con_ced450846b2e53ec8391a1a85ae3e75f,partially_searched,2026-08-21,current election searched through 2026-08-21
edr_7ba4ca8cc46e50b3b3184eae43467614,con_d0cb7c26d6e55def83cde1da2c9bc8c5,partially_searched,2026-08-22,Audited exact-entity council search; no complete slate or choice source recovered.
edr_7ba4ca8cc46e50b3b3184eae43467614,con_d100fd7c171150b8b18125987b174c3d,partially_searched,2026-08-22,Audited exact-entity council search; no complete slate or choice source recovered.
edr_7ba4ca8cc46e50b3b3184eae43467614,con_d18675753b8f580c8834170f374d1e7c,partially_searched,2026-08-22,Audited exact-entity council search; no complete slate or choice source recovered.
edr_7ba4ca8cc46e50b3b3184eae43467614,con_d3ecc496be285eebb80559abe5d5f9f1,partially_searched,2026-08-22,Audited exact-entity council search; no complete slate or choice source recovered.
edr_7ba4ca8cc46e50b3b3184eae43467614,con_d42434b7f93353e6b9eeb64711b54648,partially_searched,2026-08-22,Audited exact-entity council search; no complete slate or choice source recovered.
edr_7ba4ca8cc46e50b3b3184eae43467614,con_d4f2ce7b93c75f4ca9c7bc73a4ba2a30,partially_searched,2026-08-22,Audited exact-entity council search; no complete slate or choice source recovered.
edr_7ba4ca8cc46e50b3b3184eae43467614,con_d5af05a065045bf9adaf30847252c957,partially_searched,2026-08-22,Audited exact-entity council search; no complete slate or choice source recovered.
edr_7ba4ca8cc46e50b3b3184eae43467614,con_d61412ebefff5d2b8bc9183244150abf,partially_searched,2026-08-22,Audited exact-entity council search; no complete slate or choice source recovered.
edr_7ba4ca8cc46e50b3b3184eae43467614,con_d69bc70f79a45bf397b2a657aa858e50,partially_searched,2026-08-22,Audited exact-entity council search; no complete slate or choice source recovered.
edr_7ba4ca8cc46e50b3b3184eae43467614,con_d6f7b1cb92f959ab9408dbb936bcf2ff,partially_searched,2026-08-22,Audited exact-entity council search; no complete slate or choice source recovered.
edr_7ba4ca8cc46e50b3b3184eae43467614,con_d7ff0d7faa695e15b19ef05eaf2a93f5,not_applicable,2026-08-21,Contest predates the Endorser eligibility window
edr_7ba4ca8cc46e50b3b3184eae43467614,con_d8e03f953ae157089237a1febc263587,partially_searched,2026-08-22,Audited exact-entity council search; no complete slate or choice source recovered.
edr_7ba4ca8cc46e50b3b3184eae43467614,con_d9eeb6c962c854b58be1e179e2168cb1,partially_searched,2026-08-22,Audited exact-entity council search; no complete slate or choice source recovered.
edr_7ba4ca8cc46e50b3b3184eae43467614,con_da88824c2975511d9432812d4988c9d5,partially_searched,2026-08-22,Audited exact-entity council search; no complete slate or choice source recovered.
edr_7ba4ca8cc46e50b3b3184eae43467614,con_db6acf978ec15e2c9ac0230649ef0609,partially_searched,2026-08-22,Audited exact-entity council search; no complete slate or choice source recovered.
edr_7ba4ca8cc46e50b3b3184eae43467614,con_dbcfe2c3a43b5de292d63146a94cd52b,partially_searched,2026-08-21,current election searched through 2026-08-21
edr_7ba4ca8cc46e50b3b3184eae43467614,con_e0aab60f6a3e50d59f1f09a1742a2ddd,comprehensive_source_found,2026-08-21,explicit choice source recovered
edr_7ba4ca8cc46e50b3b3184eae43467614,con_e14c9528646b58ba89bddde54ae0f23e,partially_searched,2026-08-22,Audited exact-entity council search; no complete slate or choice source recovered.
edr_7ba4ca8cc46e50b3b3184eae43467614,con_e230d66a67245cd08a806de4208d288b,partially_searched,2026-08-22,Audited exact-entity council search; no complete slate or choice source recovered.
edr_7ba4ca8cc46e50b3b3184eae43467614,con_e2f423965407516280c8b3af41b9f5cf,partially_searched,2026-08-22,Audited exact-entity council search; no complete slate or choice source recovered.
edr_7ba4ca8cc46e50b3b3184eae43467614,con_e358c35644bd5b94b662f1e211fbc70e,partially_searched,2026-08-22,Audited exact-entity council search; no complete slate or choice source recovered.
edr_7ba4ca8cc46e50b3b3184eae43467614,con_e3987d425526548a844f6d73b662eac3,partially_searched,2026-08-22,Audited exact-entity council search; no complete slate or choice source recovered.
edr_7ba4ca8cc46e50b3b3184eae43467614,con_e3ed783f131d579d8718d34c15675901,partially_searched,2026-08-22,Audited exact-entity council search; no complete slate or choice source recovered.
edr_7ba4ca8cc46e50b3b3184eae43467614,con_e3f1226fd27e5ec6bf5d96a8439cc26a,partially_searched,2026-08-22,Audited exact-entity council search; no complete slate or choice source recovered.
edr_7ba4ca8cc46e50b3b3184eae43467614,con_e689393a84cc500bab2476e3913f093d,partially_searched,2026-08-22,Audited exact-entity council search; no complete slate or choice source recovered.
edr_7ba4ca8cc46e50b3b3184eae43467614,con_e7325536f8e85cffa249480df8a556a2,partially_searched,2026-08-22,Audited exact-entity council search; no complete slate or choice source recovered.
edr_7ba4ca8cc46e50b3b3184eae43467614,con_e78d7e5eb6975c7b98ef0efd13e5c783,partially_searched,2026-08-22,Audited exact-entity council search; no complete slate or choice source recovered.
edr_7ba4ca8cc46e50b3b3184eae43467614,con_e8d5ffca829d5a06ad87216dc76d6e6a,partially_searched,2026-08-22,Audited exact-entity council search; no complete slate or choice source recovered.
edr_7ba4ca8cc46e50b3b3184eae43467614,con_e8f16f1721ce5517977fa5bc1f660248,partially_searched,2026-08-22,Audited exact-entity council search; no complete slate or choice source recovered.
edr_7ba4ca8cc46e50b3b3184eae43467614,con_e93ddb13c85852b58b88208c71191394,partially_searched,2026-08-22,Audited exact-entity council search; no complete slate or choice source recovered.
edr_7ba4ca8cc46e50b3b3184eae43467614,con_ebbe0512549c59bc8a7a31e7ec5a59e9,partially_searched,2026-08-22,Audited exact-entity council search; no complete slate or choice source recovered.
edr_7ba4ca8cc46e50b3b3184eae43467614,con_ebcb4d472e005fbbadabf9f6201cbe13,partially_searched,2026-08-22,Audited exact-entity council search; no complete slate or choice source recovered.
edr_7ba4ca8cc46e50b3b3184eae43467614,con_ec88bd40dff858e695ae9533199be499,partially_searched,2026-08-22,Audited exact-entity council search; no complete slate or choice source recovered.
edr_7ba4ca8cc46e50b3b3184eae43467614,con_eccf9644aa2c598fa731d009a96fcf64,partially_searched,2026-08-22,Audited exact-entity council search; no complete slate or choice source recovered.
edr_7ba4ca8cc46e50b3b3184eae43467614,con_ed22821703705704bff31b43ed036014,partially_searched,2026-08-22,Audited exact-entity council search; no complete slate or choice source recovered.
edr_7ba4ca8cc46e50b3b3184eae43467614,con_edd7a5395e9a586bb5289cb5ed1106b3,partially_searched,2026-08-22,Audited exact-entity council search; no complete slate or choice source recovered.
edr_7ba4ca8cc46e50b3b3184eae43467614,con_eeda9883ca2d57148405d41f7f5a80a4,partially_searched,2026-08-22,Audited exact-entity council search; no complete slate or choice source recovered.
edr_7ba4ca8cc46e50b3b3184eae43467614,con_f0bbc885a5535e28bc005ca644cc4e22,partially_searched,2026-08-22,Audited exact-entity council search; no complete slate or choice source recovered.
edr_7ba4ca8cc46e50b3b3184eae43467614,con_f0cf1eca40845631b0bd4d4750413711,partially_searched,2026-08-22,Audited exact-entity council search; no complete slate or choice source recovered.
edr_7ba4ca8cc46e50b3b3184eae43467614,con_f3e797bac18a5e45a723ff263eafb93e,partially_searched,2026-08-22,Audited exact-entity council search; no complete slate or choice source recovered.
edr_7ba4ca8cc46e50b3b3184eae43467614,con_f449befd52f1538191ef612c9e711c45,partially_searched,2026-08-22,Audited exact-entity council search; no complete slate or choice source recovered.
edr_7ba4ca8cc46e50b3b3184eae43467614,con_f5117910f9d358e48dec8f0fd7c77712,partially_searched,2026-08-21,current election searched through 2026-08-21
edr_7ba4ca8cc46e50b3b3184eae43467614,con_f59fe6995c8b528dbd3cbfbb5c3277c8,partially_searched,2026-08-22,Audited exact-entity council search; no complete slate or choice source recovered.
edr_7ba4ca8cc46e50b3b3184eae43467614,con_f8a855ebf8c250bda4eeed75246305b5,partially_searched,2026-08-22,Audited exact-entity council search; no complete slate or choice source recovered.
edr_7ba4ca8cc46e50b3b3184eae43467614,con_f961284da53f5a38ba3a20e7e998ef4f,partially_searched,2026-08-22,Audited exact-entity council search; no complete slate or choice source recovered.
edr_7ba4ca8cc46e50b3b3184eae43467614,con_f97200e8b8345e4b844e990437f0b077,partially_searched,2026-08-21,current election searched through 2026-08-21
edr_7ba4ca8cc46e50b3b3184eae43467614,con_fc66f2cac25c5ea58dccc4005672bad8,partially_searched,2026-08-22,Audited exact-entity council search; no complete slate or choice source recovered.
edr_7ba4ca8cc46e50b3b3184eae43467614,con_fdb17fc50f125d17af9f8b0a22566116,not_applicable,2026-08-21,Contest predates the Endorser eligibility window
edr_7ba4ca8cc46e50b3b3184eae43467614,con_fed30965855757d399c6acfbd6e6d4f4,partially_searched,2026-08-22,Audited exact-entity council search; no complete slate or choice source recovered.
edr_a7c5fbf78b725c8db8ec32c4c4fc177a,con_004711e5bbda5d169a7774d906befd21,not_searched,,no contest-specific historical search is logged
edr_a7c5fbf78b725c8db8ec32c4c4fc177a,con_02e530a81bf75a6bbf6b4ca0a9ea6738,not_applicable,2026-08-21,Contest predates the Endorser eligibility window
edr_a7c5fbf78b725c8db8ec32c4c4fc177a,con_037ae72c455f558590ca04bc929df4cb,not_searched,,no contest-specific historical search is logged
edr_a7c5fbf78b725c8db8ec32c4c4fc177a,con_0408bfe48f1059ecbe918aec119f10a3,partially_searched,2026-08-21,current election searched through 2026-08-21
edr_a7c5fbf78b725c8db8ec32c4c4fc177a,con_04a4bbe5ef575c72b4ec49d601f24b71,not_applicable,2026-08-21,Contest predates the Endorser eligibility window
edr_a7c5fbf78b725c8db8ec32c4c4fc177a,con_099fbf24dd655a0e8b1720fbe2215a6a,not_searched,,no contest-specific historical search is logged
edr_a7c5fbf78b725c8db8ec32c4c4fc177a,con_09d3330e921d5e53ae19007709e75bf9,partially_searched,2026-08-22,audited limited historical search; no complete slate source recovered
edr_a7c5fbf78b725c8db8ec32c4c4fc177a,con_0a880ce7b6ad5bdaa2e2dc7b19601aa8,partially_searched,2026-08-22,audited limited historical search; no complete slate source recovered
edr_a7c5fbf78b725c8db8ec32c4c4fc177a,con_0b8c9e853efa5e3da86b0f1eff65589e,partially_searched,2026-08-22,audited limited historical search; no complete slate source recovered
edr_a7c5fbf78b725c8db8ec32c4c4fc177a,con_0d00ed8759a1559c82329352d94a7812,partially_searched,2026-08-21,current election searched through 2026-08-21
edr_a7c5fbf78b725c8db8ec32c4c4fc177a,con_0d314382ba1a5d62b399c1eefc717cc1,not_searched,,no contest-specific historical search is logged
edr_a7c5fbf78b725c8db8ec32c4c4fc177a,con_0dc4d6b99efa5f32a8f36b24d080bb2d,not_searched,,no contest-specific historical search is logged
edr_a7c5fbf78b725c8db8ec32c4c4fc177a,con_107ad5f6c01f5d4389c8194358534375,partially_searched,2026-08-22,audited limited historical search; no complete slate source recovered
edr_a7c5fbf78b725c8db8ec32c4c4fc177a,con_11ea4a9756fd5bc4a466dc797994b068,partially_searched,2026-08-22,audited limited historical search; no complete slate source recovered
edr_a7c5fbf78b725c8db8ec32c4c4fc177a,con_13660de4bc485cc68e0744199d21cb46,not_searched,,no contest-specific historical search is logged
edr_a7c5fbf78b725c8db8ec32c4c4fc177a,con_147dca9e3758595d8766dc52d11a65f4,not_searched,,no contest-specific historical search is logged
edr_a7c5fbf78b725c8db8ec32c4c4fc177a,con_14cf7e0c0e4c578d9a2a0777404c36b1,partially_searched,2026-08-21,current election searched through 2026-08-21
edr_a7c5fbf78b725c8db8ec32c4c4fc177a,con_16fad19349255393a28639cd62e83ae3,not_searched,,no contest-specific historical search is logged
edr_a7c5fbf78b725c8db8ec32c4c4fc177a,con_17593cee737354878c920526a9fa7afd,partially_searched,2026-08-22,audited limited historical search; no complete slate source recovered
edr_a7c5fbf78b725c8db8ec32c4c4fc177a,con_17c2e1a7404c5641823443ca7a6dcc10,partially_searched,2026-08-22,audited limited historical search; no complete slate source recovered
edr_a7c5fbf78b725c8db8ec32c4c4fc177a,con_17f69fde16cb514bb16fb6e361c07fff,not_searched,,no contest-specific historical search is logged
edr_a7c5fbf78b725c8db8ec32c4c4fc177a,con_18fc5604e3b45ef08d8af9b0813a1918,not_applicable,2026-08-21,Contest predates the Endorser eligibility window
edr_a7c5fbf78b725c8db8ec32c4c4fc177a,con_1969b3b6667f56549d1f35b90f606cbf,partially_searched,2026-08-22,audited limited historical search; no complete slate source recovered
edr_a7c5fbf78b725c8db8ec32c4c4fc177a,con_1a46b115b13d55619bcaf30903c183e3,partially_searched,2026-08-22,audited limited historical search; no complete slate source recovered
edr_a7c5fbf78b725c8db8ec32c4c4fc177a,con_1b8d99f619f758efb737805a20bcf6fb,not_searched,,no contest-specific historical search is logged
edr_a7c5fbf78b725c8db8ec32c4c4fc177a,con_1c0aff783cfb5ac995b40930229ffd15,partially_searched,2026-08-22,audited limited historical search; no complete slate source recovered
edr_a7c5fbf78b725c8db8ec32c4c4fc177a,con_1cf871058a8c5bc9a34c7dbdf6edca83,partially_searched,2026-08-22,audited limited historical search; no complete slate source recovered
edr_a7c5fbf78b725c8db8ec32c4c4fc177a,con_1e16e8a3edc55c77847b36d881fb8fe7,not_searched,,no contest-specific historical search is logged
edr_a7c5fbf78b725c8db8ec32c4c4fc177a,con_1fa443b3390f5d6691f7994877cf55c8,partially_searched,2026-08-22,audited limited historical search; no complete slate source recovered
edr_a7c5fbf78b725c8db8ec32c4c4fc177a,con_20589f7261325cd892231ed42321b3cf,partially_searched,2026-08-22,audited limited historical search; no complete slate source recovered
edr_a7c5fbf78b725c8db8ec32c4c4fc177a,con_2070d155d42250abac2e50baf8c6bf39,partially_searched,2026-08-22,audited limited historical search; no complete slate source recovered
edr_a7c5fbf78b725c8db8ec32c4c4fc177a,con_218bbbaab66c59bc8d0d747f3ae2fb3c,partially_searched,2026-08-22,audited limited historical search; no complete slate source recovered
edr_a7c5fbf78b725c8db8ec32c4c4fc177a,con_222bdce34cf75bbeb159589e8f46045b,not_searched,,no contest-specific historical search is logged
edr_a7c5fbf78b725c8db8ec32c4c4fc177a,con_2317176dbf5e5a4fab7fd65b16359ebd,not_applicable,2026-08-21,Contest predates the Endorser eligibility window
edr_a7c5fbf78b725c8db8ec32c4c4fc177a,con_25e09708c7c756b38cca57f2cf9f3b1e,partially_searched,2026-08-21,current election searched through 2026-08-21
edr_a7c5fbf78b725c8db8ec32c4c4fc177a,con_25f46be8b0a857faa602e39531d4ed0c,partially_searched,2026-08-21,current election searched through 2026-08-21
edr_a7c5fbf78b725c8db8ec32c4c4fc177a,con_272ca0eaeab656b89a5038bc74ad9988,partially_searched,2026-08-22,audited limited historical search; no complete slate source recovered
edr_a7c5fbf78b725c8db8ec32c4c4fc177a,con_27e80d547d0256149213a7e90956055b,not_searched,,no contest-specific historical search is logged
edr_a7c5fbf78b725c8db8ec32c4c4fc177a,con_2865d31031005dd897904c3f07e4d039,not_searched,,no contest-specific historical search is logged
edr_a7c5fbf78b725c8db8ec32c4c4fc177a,con_28b9bf4109765f57a3a7923479b37af9,not_applicable,2026-08-21,Contest predates the Endorser eligibility window
edr_a7c5fbf78b725c8db8ec32c4c4fc177a,con_29e8a0598b6d5fe18984bfe68b9d27f7,partially_searched,2026-08-21,current election searched through 2026-08-21
edr_a7c5fbf78b725c8db8ec32c4c4fc177a,con_2befcc6536315440902962b270ad7f70,not_applicable,2026-08-21,Contest predates the Endorser eligibility window
edr_a7c5fbf78b725c8db8ec32c4c4fc177a,con_2bf1297cee4b5750992138d9da3c0dc0,partially_searched,2026-08-21,current election searched through 2026-08-21
edr_a7c5fbf78b725c8db8ec32c4c4fc177a,con_2c0ca30fc75e51a3acf50c4693b1cc1b,not_searched,,no contest-specific historical search is logged
edr_a7c5fbf78b725c8db8ec32c4c4fc177a,con_2c70fd784be55c4794f8294a723dedb9,partially_searched,2026-08-22,audited limited historical search; no complete slate source recovered
edr_a7c5fbf78b725c8db8ec32c4c4fc177a,con_2c97298461635376899e36569d2c7be3,partially_searched,2026-08-22,audited limited historical search; no complete slate source recovered
edr_a7c5fbf78b725c8db8ec32c4c4fc177a,con_2ce79e4f63945b9b90a05c245e9382fc,partially_searched,2026-08-22,audited limited historical search; no complete slate source recovered
edr_a7c5fbf78b725c8db8ec32c4c4fc177a,con_2cf721e86d7a55de8cf53a0ae3f6413c,not_searched,,no contest-specific historical search is logged
edr_a7c5fbf78b725c8db8ec32c4c4fc177a,con_2d92299c561559d99eccb92c22f4eb47,not_searched,,no contest-specific historical search is logged
edr_a7c5fbf78b725c8db8ec32c4c4fc177a,con_2f43675e2c5c59b796fafde036252ed1,not_searched,,no contest-specific historical search is logged
edr_a7c5fbf78b725c8db8ec32c4c4fc177a,con_2f8a0c46b37950fd9149d9b62f1f0142,partially_searched,2026-08-22,audited limited historical search; no complete slate source recovered
edr_a7c5fbf78b725c8db8ec32c4c4fc177a,con_31d375f206cb5fe1955efa73ae9da43e,partially_searched,2026-08-22,audited limited historical search; no complete slate source recovered
edr_a7c5fbf78b725c8db8ec32c4c4fc177a,con_33da03ca4a1159089c55d78f4edd2bf3,partially_searched,2026-08-22,audited limited historical search; no complete slate source recovered
edr_a7c5fbf78b725c8db8ec32c4c4fc177a,con_34196d04855f52249d03362a5469c3c0,partially_searched,2026-08-21,current election searched through 2026-08-21
edr_a7c5fbf78b725c8db8ec32c4c4fc177a,con_350f0c58a79a574d926206857445b2d9,not_searched,,no contest-specific historical search is logged
edr_a7c5fbf78b725c8db8ec32c4c4fc177a,con_35fc512b3ae2545fa6ff408778ae144d,partially_searched,2026-08-21,current election searched through 2026-08-21
edr_a7c5fbf78b725c8db8ec32c4c4fc177a,con_368b196a6cf154a88c9f1275824dc99e,partially_searched,2026-08-21,current election searched through 2026-08-21
edr_a7c5fbf78b725c8db8ec32c4c4fc177a,con_387d212e18c453e2a8eb298de5c374ff,partially_searched,2026-08-22,audited limited historical search; no complete slate source recovered
edr_a7c5fbf78b725c8db8ec32c4c4fc177a,con_393178f4fb765cd0bbeaa13d06dca32c,partially_searched,2026-08-22,audited limited historical search; no complete slate source recovered
edr_a7c5fbf78b725c8db8ec32c4c4fc177a,con_398774c449785307baa3822c581963e9,partially_searched,2026-08-22,audited limited historical search; no complete slate source recovered
edr_a7c5fbf78b725c8db8ec32c4c4fc177a,con_3a262cc7bf83579eae79ce2032ea06d1,not_applicable,2026-08-21,Contest predates the Endorser eligibility window
edr_a7c5fbf78b725c8db8ec32c4c4fc177a,con_3a43982e2a0450b2a3f4c5241f6965d8,not_searched,,no contest-specific historical search is logged
edr_a7c5fbf78b725c8db8ec32c4c4fc177a,con_3ae0da024263524d8e13691dbeeadc88,partially_searched,2026-08-22,audited limited historical search; no complete slate source recovered
edr_a7c5fbf78b725c8db8ec32c4c4fc177a,con_3c1699cb4b0257ae8cf61da26db0c160,not_applicable,2026-08-21,Contest predates the Endorser eligibility window
edr_a7c5fbf78b725c8db8ec32c4c4fc177a,con_3fc9df4b254c5eb6a2a7fb629a124bfb,not_searched,,no contest-specific historical search is logged
edr_a7c5fbf78b725c8db8ec32c4c4fc177a,con_3fd9226a06995ec78201f807f175b930,partially_searched,2026-08-22,audited limited historical search; no complete slate source recovered
edr_a7c5fbf78b725c8db8ec32c4c4fc177a,con_419d313f6cfc5451ba26ad4687222e83,partially_searched,2026-08-21,current election searched through 2026-08-21
edr_a7c5fbf78b725c8db8ec32c4c4fc177a,con_43b57e74c0a454db9f5ed346b6fc7095,partially_searched,2026-08-22,audited limited historical search; no complete slate source recovered
edr_a7c5fbf78b725c8db8ec32c4c4fc177a,con_43f8a49a6b095ee8a38c2a1aa0477382,not_searched,,no contest-specific historical search is logged
edr_a7c5fbf78b725c8db8ec32c4c4fc177a,con_45eb3e143f1b5492b4652498c957ed6b,not_searched,,no contest-specific historical search is logged
edr_a7c5fbf78b725c8db8ec32c4c4fc177a,con_46f4af62ff4956f5b31ebec2e77229fa,not_applicable,2026-08-21,Contest predates the Endorser eligibility window
edr_a7c5fbf78b725c8db8ec32c4c4fc177a,con_46f7b754b02b57d0a651c417f9f0471d,partially_searched,2026-08-22,audited limited historical search; no complete slate source recovered
edr_a7c5fbf78b725c8db8ec32c4c4fc177a,con_47f9c6bba0165404a3fec5492a0940b3,not_applicable,2026-08-21,Contest predates the Endorser eligibility window
edr_a7c5fbf78b725c8db8ec32c4c4fc177a,con_4977aa6e0a865d788ed7ebf871e4027c,partially_searched,2026-08-22,audited limited historical search; no complete slate source recovered
edr_a7c5fbf78b725c8db8ec32c4c4fc177a,con_4a5af0945c9a5a01ae50e3a5ea61b3fb,partially_searched,2026-08-22,audited limited historical search; no complete slate source recovered
edr_a7c5fbf78b725c8db8ec32c4c4fc177a,con_4b3374ab9039564fa8ed1cedf493a0e3,not_applicable,2026-08-21,Contest predates the Endorser eligibility window
edr_a7c5fbf78b725c8db8ec32c4c4fc177a,con_4b6815e8c2e155d881aba7f21ad5b69b,partially_searched,2026-08-21,current election searched through 2026-08-21
edr_a7c5fbf78b725c8db8ec32c4c4fc177a,con_4def6d4e85f85950babb9030e4eae0cb,not_searched,,no contest-specific historical search is logged
edr_a7c5fbf78b725c8db8ec32c4c4fc177a,con_4e3ebb6b13cb5d2396519f9df6fbdf4b,not_searched,,no contest-specific historical search is logged
edr_a7c5fbf78b725c8db8ec32c4c4fc177a,con_4e432b136b83537fb08e7e8485f4949c,not_searched,,no contest-specific historical search is logged
edr_a7c5fbf78b725c8db8ec32c4c4fc177a,con_4ead7aa21a905ad7bd1838cb33f37045,partially_searched,2026-08-22,audited limited historical search; no complete slate source recovered
edr_a7c5fbf78b725c8db8ec32c4c4fc177a,con_5161ebd9ab2b5c55bfcd6eef433082c9,not_searched,,no contest-specific historical search is logged
edr_a7c5fbf78b725c8db8ec32c4c4fc177a,con_5212e699e2ab537eaf63c23b0952d1a1,partially_searched,2026-08-21,current election searched through 2026-08-21
edr_a7c5fbf78b725c8db8ec32c4c4fc177a,con_52f50431db92559f8d4391fb2e932f16,not_searched,,no contest-specific historical search is logged
edr_a7c5fbf78b725c8db8ec32c4c4fc177a,con_53468b4ee3c7510aba4d708f584951a9,not_searched,,no contest-specific historical search is logged
edr_a7c5fbf78b725c8db8ec32c4c4fc177a,con_5394ec9f2261502eb1947c064bfdaf8a,partially_searched,2026-08-21,current election searched through 2026-08-21
edr_a7c5fbf78b725c8db8ec32c4c4fc177a,con_54d4d8b5d91f5df5ba8bfdf9c61296af,not_searched,,no contest-specific historical search is logged
edr_a7c5fbf78b725c8db8ec32c4c4fc177a,con_5587a8b9ae37546eb39a67333b5011ed,partially_searched,2026-08-22,audited limited historical search; no complete slate source recovered
edr_a7c5fbf78b725c8db8ec32c4c4fc177a,con_55f5230db0d85c499ce7cea0ce379f5f,not_searched,,no contest-specific historical search is logged
edr_a7c5fbf78b725c8db8ec32c4c4fc177a,con_579cae8a3fa455a7a3e68d1b1900fffa,partially_searched,2026-08-22,audited limited historical search; no complete slate source recovered
edr_a7c5fbf78b725c8db8ec32c4c4fc177a,con_59aa1ee85e2d51ca8dee4338d37665c2,partially_searched,2026-08-22,audited limited historical search; no complete slate source recovered
edr_a7c5fbf78b725c8db8ec32c4c4fc177a,con_59bfad1b37305c63a378a4614deb11ae,not_searched,,no contest-specific historical search is logged
edr_a7c5fbf78b725c8db8ec32c4c4fc177a,con_5ae0589c69375400b18fd5960241eeac,partially_searched,2026-08-21,current election searched through 2026-08-21
edr_a7c5fbf78b725c8db8ec32c4c4fc177a,con_5babda81dd6351a28a423340a03b5d8a,not_searched,,no contest-specific historical search is logged
edr_a7c5fbf78b725c8db8ec32c4c4fc177a,con_5c4da484552c546aaff98277d675d594,partially_searched,2026-08-22,audited limited historical search; no complete slate source recovered
edr_a7c5fbf78b725c8db8ec32c4c4fc177a,con_5c8144ae39615a3189a3691c99c5ea4e,not_searched,,no contest-specific historical search is logged
edr_a7c5fbf78b725c8db8ec32c4c4fc177a,con_5cb64f68c501559d960b05fb29843745,not_searched,,no contest-specific historical search is logged
edr_a7c5fbf78b725c8db8ec32c4c4fc177a,con_5d8609e7e7f4584ea28ad032690bdae8,not_searched,,no contest-specific historical search is logged
edr_a7c5fbf78b725c8db8ec32c4c4fc177a,con_5f814673ab4050e5b50e46685dbfbecb,not_applicable,2026-08-21,Contest predates the Endorser eligibility window
edr_a7c5fbf78b725c8db8ec32c4c4fc177a,con_610d1afaa15d592eb956835f8fd51600,partially_searched,2026-08-22,audited limited historical search; no complete slate source recovered
edr_a7c5fbf78b725c8db8ec32c4c4fc177a,con_612115bf42b450d3aeb63bb430d3aec9,not_searched,,no contest-specific historical search is logged
edr_a7c5fbf78b725c8db8ec32c4c4fc177a,con_6131490bb0d75b1ba4033e2284df71f8,not_applicable,2026-08-21,Contest predates the Endorser eligibility window
edr_a7c5fbf78b725c8db8ec32c4c4fc177a,con_61eed2bcd6ce5343bea274fe8a8028bc,not_applicable,2026-08-21,Contest predates the Endorser eligibility window
edr_a7c5fbf78b725c8db8ec32c4c4fc177a,con_622c2ee026875ae4ac60200b1559e8f6,not_searched,,no contest-specific historical search is logged
edr_a7c5fbf78b725c8db8ec32c4c4fc177a,con_6240f694b6ce5307a2126a9103153475,partially_searched,2026-08-22,audited limited historical search; no complete slate source recovered
edr_a7c5fbf78b725c8db8ec32c4c4fc177a,con_636fab9611ed540ebff54ad772a1827d,not_searched,,no contest-specific historical search is logged
edr_a7c5fbf78b725c8db8ec32c4c4fc177a,con_639f022801275cedb8f9b4fe82711ae3,not_searched,,no contest-specific historical search is logged
edr_a7c5fbf78b725c8db8ec32c4c4fc177a,con_643801dc921651c3a1ef5d96772fb13d,not_searched,,no contest-specific historical search is logged
edr_a7c5fbf78b725c8db8ec32c4c4fc177a,con_6629fd920f2b5a8d9b7959fafdd04a1a,not_searched,,no contest-specific historical search is logged
edr_a7c5fbf78b725c8db8ec32c4c4fc177a,con_662d709bee42574392549fc786efea0d,partially_searched,2026-08-22,audited limited historical search; no complete slate source recovered
edr_a7c5fbf78b725c8db8ec32c4c4fc177a,con_67daf6d284a75ecc8b775a05a871a58e,partially_searched,2026-08-21,current election searched through 2026-08-21
edr_a7c5fbf78b725c8db8ec32c4c4fc177a,con_680464772a025da6aa5eaf650cefb52a,partially_searched,2026-08-22,audited limited historical search; no complete slate source recovered
edr_a7c5fbf78b725c8db8ec32c4c4fc177a,con_6821258c9f7f598e829c8617b8765c25,not_searched,,no contest-specific historical search is logged
edr_a7c5fbf78b725c8db8ec32c4c4fc177a,con_6a1f4d7470675d869b3b11aede0812f2,not_searched,,no contest-specific historical search is logged
edr_a7c5fbf78b725c8db8ec32c4c4fc177a,con_6ba310e4ba695121835a4fde58144a47,partially_searched,2026-08-21,current election searched through 2026-08-21
edr_a7c5fbf78b725c8db8ec32c4c4fc177a,con_6beb6fc4da14503aa70fa94b8fe0b600,not_applicable,2026-08-21,Contest predates the Endorser eligibility window
edr_a7c5fbf78b725c8db8ec32c4c4fc177a,con_6c708130eaa15c9080cc3cd3a207f63b,not_searched,,no contest-specific historical search is logged
edr_a7c5fbf78b725c8db8ec32c4c4fc177a,con_6d24ced99da9539aaaad476a9a2747f4,not_applicable,2026-08-21,Contest predates the Endorser eligibility window
edr_a7c5fbf78b725c8db8ec32c4c4fc177a,con_6d7f00a8037754c0a6f34579bee44966,not_applicable,2026-08-21,Contest predates the Endorser eligibility window
edr_a7c5fbf78b725c8db8ec32c4c4fc177a,con_6efbf1ffbfee5e2cb5f5fab52dd98a91,partially_searched,2026-08-21,current election searched through 2026-08-21
edr_a7c5fbf78b725c8db8ec32c4c4fc177a,con_6fd864aec40c5bbc9f3eb32d2e9e4379,not_searched,,no contest-specific historical search is logged
edr_a7c5fbf78b725c8db8ec32c4c4fc177a,con_719e754cd3eb5a8abbc6e78d6413ff60,partially_searched,2026-08-21,current election searched through 2026-08-21
edr_a7c5fbf78b725c8db8ec32c4c4fc177a,con_727f839c8adc5531bd874edb6b663c05,not_applicable,2026-08-21,Contest predates the Endorser eligibility window
edr_a7c5fbf78b725c8db8ec32c4c4fc177a,con_744dd2f798b8521e8de9693750f474d2,not_applicable,2026-08-21,Contest predates the Endorser eligibility window
edr_a7c5fbf78b725c8db8ec32c4c4fc177a,con_76db9d7d1989548fadeac8b8116dc357,partially_searched,2026-08-22,audited limited historical search; no complete slate source recovered
edr_a7c5fbf78b725c8db8ec32c4c4fc177a,con_778d3d5e612151bcb14703a9f987556d,not_searched,,no contest-specific historical search is logged
edr_a7c5fbf78b725c8db8ec32c4c4fc177a,con_77f42d0ca0a15c57a01b5579fef4625a,partially_searched,2026-08-22,audited limited historical search; no complete slate source recovered
edr_a7c5fbf78b725c8db8ec32c4c4fc177a,con_79a0aa63063d5dd6a5a2ed28c29ecec1,not_searched,,no contest-specific historical search is logged
edr_a7c5fbf78b725c8db8ec32c4c4fc177a,con_7a4043e26d4256e78ee3861fb81e718a,not_searched,,no contest-specific historical search is logged
edr_a7c5fbf78b725c8db8ec32c4c4fc177a,con_7acbde45d7355dbeb5327c8eff9039ed,not_searched,,no contest-specific historical search is logged
edr_a7c5fbf78b725c8db8ec32c4c4fc177a,con_7b92b7a12bbf5240a728cbe9d42aa420,not_applicable,2026-08-21,Contest predates the Endorser eligibility window
edr_a7c5fbf78b725c8db8ec32c4c4fc177a,con_7bbdc7e302705fee987b1ebca87ef16d,partially_searched,2026-08-22,audited limited historical search; no complete slate source recovered
edr_a7c5fbf78b725c8db8ec32c4c4fc177a,con_7d07021e53b35a609a75560232a15fd1,not_searched,,no contest-specific historical search is logged
edr_a7c5fbf78b725c8db8ec32c4c4fc177a,con_7e6cf2fd75ba560a900bb024e72fe99c,not_searched,,no contest-specific historical search is logged
edr_a7c5fbf78b725c8db8ec32c4c4fc177a,con_7eba7d2b2ccb57e5aa6ab13c307b2517,not_applicable,2026-08-21,Contest predates the Endorser eligibility window
edr_a7c5fbf78b725c8db8ec32c4c4fc177a,con_7ee43d0beaab558c9788d151bbd8d067,not_searched,,no contest-specific historical search is logged
edr_a7c5fbf78b725c8db8ec32c4c4fc177a,con_802f842541d15d899e8f6acf3b86ae45,not_applicable,2026-08-21,Contest predates the Endorser eligibility window
edr_a7c5fbf78b725c8db8ec32c4c4fc177a,con_810611751acb5e86ab30b3277e7e6dad,not_searched,,no contest-specific historical search is logged
edr_a7c5fbf78b725c8db8ec32c4c4fc177a,con_8283f00fca6855af9a0a63e550482bda,partially_searched,2026-08-22,audited limited historical search; no complete slate source recovered
edr_a7c5fbf78b725c8db8ec32c4c4fc177a,con_82f64d71deda5204bf8ba5ab710c21e6,not_searched,,no contest-specific historical search is logged
edr_a7c5fbf78b725c8db8ec32c4c4fc177a,con_8322c67bf27e5374a4da8de81ef663fc,partially_searched,2026-08-21,current election searched through 2026-08-21
edr_a7c5fbf78b725c8db8ec32c4c4fc177a,con_834d568760e15dcdb0b423512c33fe9c,partially_searched,2026-08-22,audited limited historical search; no complete slate source recovered
edr_a7c5fbf78b725c8db8ec32c4c4fc177a,con_83ded5c17ed75ca788f320a13b17dd08,partially_searched,2026-08-22,audited limited historical search; no complete slate source recovered
edr_a7c5fbf78b725c8db8ec32c4c4fc177a,con_845cf9eb2c1b5ed6b35801d45f86cd82,not_applicable,2026-08-21,Contest predates the Endorser eligibility window
edr_a7c5fbf78b725c8db8ec32c4c4fc177a,con_849867f583195ad38c77941612883bd9,not_searched,,no contest-specific historical search is logged
edr_a7c5fbf78b725c8db8ec32c4c4fc177a,con_86779f733e9f58e78227d4c49c260033,partially_searched,2026-08-22,audited limited historical search; no complete slate source recovered
edr_a7c5fbf78b725c8db8ec32c4c4fc177a,con_86a1f5b3235452b4a3cb3b3297e4dd51,partially_searched,2026-08-22,audited limited historical search; no complete slate source recovered
edr_a7c5fbf78b725c8db8ec32c4c4fc177a,con_88a17b76344c50ba9a3a118dd558c185,partially_searched,2026-08-22,audited limited historical search; no complete slate source recovered
edr_a7c5fbf78b725c8db8ec32c4c4fc177a,con_88f5ccc6b744588da3d07590c5dca974,not_applicable,2026-08-21,Contest predates the Endorser eligibility window
edr_a7c5fbf78b725c8db8ec32c4c4fc177a,con_899c01be1cc951dfb79010a2fbd8ad10,partially_searched,2026-08-22,audited limited historical search; no complete slate source recovered
edr_a7c5fbf78b725c8db8ec32c4c4fc177a,con_8a8efa738bef57fc9329489f768529c9,partially_searched,2026-08-22,audited limited historical search; no complete slate source recovered
edr_a7c5fbf78b725c8db8ec32c4c4fc177a,con_8b4a03ef5a3c55c4ab20662c886b31a7,not_searched,,no contest-specific historical search is logged
edr_a7c5fbf78b725c8db8ec32c4c4fc177a,con_8c969ca3bbbb537382be9d4ed8dd7697,partially_searched,2026-08-22,audited limited historical search; no complete slate source recovered
edr_a7c5fbf78b725c8db8ec32c4c4fc177a,con_8d2d5f08a1095a14abbcb526483a3aa0,not_searched,,no contest-specific historical search is logged
edr_a7c5fbf78b725c8db8ec32c4c4fc177a,con_90b9ffb191415b13a8c7f334ef771513,not_applicable,2026-08-21,Contest predates the Endorser eligibility window
edr_a7c5fbf78b725c8db8ec32c4c4fc177a,con_91f80636385c5df5b2d409f9c9b389ed,not_searched,,no contest-specific historical search is logged
edr_a7c5fbf78b725c8db8ec32c4c4fc177a,con_922d425132ad5243b459c0ca40a6dcd9,not_searched,,no contest-specific historical search is logged
edr_a7c5fbf78b725c8db8ec32c4c4fc177a,con_9250eb2b2609550597520e68352ac56a,not_searched,,no contest-specific historical search is logged
edr_a7c5fbf78b725c8db8ec32c4c4fc177a,con_945161409a0450f29e351ff3f263f815,not_applicable,2026-08-21,Contest predates the Endorser eligibility window
edr_a7c5fbf78b725c8db8ec32c4c4fc177a,con_9473b9c31bb55e62ac4432451881acf1,partially_searched,2026-08-22,audited limited historical search; no complete slate source recovered
edr_a7c5fbf78b725c8db8ec32c4c4fc177a,con_9476d4c41a7d5fa48b97b47e28f9305d,not_searched,,no contest-specific historical search is logged
edr_a7c5fbf78b725c8db8ec32c4c4fc177a,con_95ce62f8d45154c7836ec0372d2a416e,partially_searched,2026-08-22,audited limited historical search; no complete slate source recovered
edr_a7c5fbf78b725c8db8ec32c4c4fc177a,con_95ddf0ee07b85a9da9038f871eeefaba,not_applicable,2026-08-21,Contest predates the Endorser eligibility window
edr_a7c5fbf78b725c8db8ec32c4c4fc177a,con_98fc649f10ee5100a44520c1500dfac9,not_searched,,no contest-specific historical search is logged
edr_a7c5fbf78b725c8db8ec32c4c4fc177a,con_990816d2030b592787bdf4a19382627f,not_searched,,no contest-specific historical search is logged
edr_a7c5fbf78b725c8db8ec32c4c4fc177a,con_99b9fbf5df5f504eb0906d1c2b113d63,not_applicable,2026-08-21,Contest predates the Endorser eligibility window
edr_a7c5fbf78b725c8db8ec32c4c4fc177a,con_9d346093453659cba5591e6e2efd506a,not_applicable,2026-08-21,Contest predates the Endorser eligibility window
edr_a7c5fbf78b725c8db8ec32c4c4fc177a,con_9e0a04dcf1245155b6f1fd50c6a83e99,not_searched,,no contest-specific historical search is logged
edr_a7c5fbf78b725c8db8ec32c4c4fc177a,con_a060705663a15882b307108144aa8720,not_applicable,2026-08-21,Contest predates the Endorser eligibility window
edr_a7c5fbf78b725c8db8ec32c4c4fc177a,con_a160a05c9e3e5dd7b972cd5c16d456b0,partially_searched,2026-08-22,audited limited historical search; no complete slate source recovered
edr_a7c5fbf78b725c8db8ec32c4c4fc177a,con_a1f3f1e6009c53c7a9cbb88e7e2346c0,not_searched,,no contest-specific historical search is logged
edr_a7c5fbf78b725c8db8ec32c4c4fc177a,con_a3ad5138021a51309ade19f0cbc4ebe1,not_searched,,no contest-specific historical search is logged
edr_a7c5fbf78b725c8db8ec32c4c4fc177a,con_a46853faf8a85598b55614ee5bfc99e2,partially_searched,2026-08-22,audited limited historical search; no complete slate source recovered
edr_a7c5fbf78b725c8db8ec32c4c4fc177a,con_a548943febc15683bb34e547001ee6e7,not_searched,,no contest-specific historical search is logged
edr_a7c5fbf78b725c8db8ec32c4c4fc177a,con_a62a387b9ca8511db50248d4738f3eea,partially_searched,2026-08-22,audited limited historical search; no complete slate source recovered
edr_a7c5fbf78b725c8db8ec32c4c4fc177a,con_ab103b8f3a915dd0b0131abea73fad5c,not_applicable,2026-08-21,Contest predates the Endorser eligibility window
edr_a7c5fbf78b725c8db8ec32c4c4fc177a,con_abe0e1350e7856ad9a70ffdc75dd84f2,not_applicable,2026-08-21,Contest predates the Endorser eligibility window
edr_a7c5fbf78b725c8db8ec32c4c4fc177a,con_ac0a746327ea57b39ba13add8456bbd3,not_searched,,no contest-specific historical search is logged
edr_a7c5fbf78b725c8db8ec32c4c4fc177a,con_ac347f98e5715159b3adecf8debcbde8,not_searched,,no contest-specific historical search is logged
edr_a7c5fbf78b725c8db8ec32c4c4fc177a,con_ae44722023c153d7a460278c9b621435,not_applicable,2026-08-21,Contest predates the Endorser eligibility window
edr_a7c5fbf78b725c8db8ec32c4c4fc177a,con_af1f1cbea2a15cf4899bdd37d9fc80f7,not_searched,,no contest-specific historical search is logged
edr_a7c5fbf78b725c8db8ec32c4c4fc177a,con_b123ac953da1590ebb8bca29f5eb3bdc,not_searched,,no contest-specific historical search is logged
edr_a7c5fbf78b725c8db8ec32c4c4fc177a,con_b1ec123602ab559c939e1aa02badcd71,partially_searched,2026-08-22,audited limited historical search; no complete slate source recovered
edr_a7c5fbf78b725c8db8ec32c4c4fc177a,con_b4c70c0c6f465c4091dce97cbbd286b3,partially_searched,2026-08-22,audited limited historical search; no complete slate source recovered
edr_a7c5fbf78b725c8db8ec32c4c4fc177a,con_b592d84a34965294a78c84c50bab4ddb,not_searched,,no contest-specific historical search is logged
edr_a7c5fbf78b725c8db8ec32c4c4fc177a,con_b5ffb866cf475caca42769d641deb4a7,not_applicable,2026-08-21,Contest predates the Endorser eligibility window
edr_a7c5fbf78b725c8db8ec32c4c4fc177a,con_b6bdff47e14a590897fb7531e91999d1,partially_searched,2026-08-22,audited limited historical search; no complete slate source recovered
edr_a7c5fbf78b725c8db8ec32c4c4fc177a,con_b7158aa7285c513f8255b4f87166c723,not_searched,,no contest-specific historical search is logged
edr_a7c5fbf78b725c8db8ec32c4c4fc177a,con_b93d69f083ed511ab264f38cc1d8b94c,not_searched,,no contest-specific historical search is logged
edr_a7c5fbf78b725c8db8ec32c4c4fc177a,con_b9bda7a65c8a5e03a69746d0072f95c1,not_applicable,2026-08-21,Contest predates the Endorser eligibility window
edr_a7c5fbf78b725c8db8ec32c4c4fc177a,con_bab4f35c5b9a51da935131d5c790bddf,not_searched,,no contest-specific historical search is logged
edr_a7c5fbf78b725c8db8ec32c4c4fc177a,con_bb2bdc05e1365857b524a0a6596b48d5,not_searched,,no contest-specific historical search is logged
edr_a7c5fbf78b725c8db8ec32c4c4fc177a,con_bcc3da3d377f5fd3bb1d8a0c3ad7160b,not_searched,,no contest-specific historical search is logged
edr_a7c5fbf78b725c8db8ec32c4c4fc177a,con_bd42720679895e8eb848ffc148979026,partially_searched,2026-08-21,current election searched through 2026-08-21
edr_a7c5fbf78b725c8db8ec32c4c4fc177a,con_bdb4bceb8d3d535e9d9284d19bf99bb0,partially_searched,2026-08-22,audited limited historical search; no complete slate source recovered
edr_a7c5fbf78b725c8db8ec32c4c4fc177a,con_be2d96cb623553cdbd79b303f9576bda,partially_searched,2026-08-22,audited limited historical search; no complete slate source recovered
edr_a7c5fbf78b725c8db8ec32c4c4fc177a,con_be3ee1a1a31f533885cbb71a268beda9,not_applicable,2026-08-21,Contest predates the Endorser eligibility window
edr_a7c5fbf78b725c8db8ec32c4c4fc177a,con_bf4b3cd94fcd50ba8d2259a6df440a17,not_applicable,2026-08-21,Contest predates the Endorser eligibility window
edr_a7c5fbf78b725c8db8ec32c4c4fc177a,con_bf589c2ec43c513aa964b64309534ac6,partially_searched,2026-08-22,audited limited historical search; no complete slate source recovered
edr_a7c5fbf78b725c8db8ec32c4c4fc177a,con_c44af6fcb9ff527e8974217b3d633af1,not_searched,,no contest-specific historical search is logged
edr_a7c5fbf78b725c8db8ec32c4c4fc177a,con_c49857c2f0a6591fa165be262c38930c,not_applicable,2026-08-21,Contest predates the Endorser eligibility window
edr_a7c5fbf78b725c8db8ec32c4c4fc177a,con_c4de914fc9f15a3cab65125ee118d9c8,not_searched,,no contest-specific historical search is logged
edr_a7c5fbf78b725c8db8ec32c4c4fc177a,con_c555f2e9b45051a8b960bdbb0ac6080a,not_searched,,no contest-specific historical search is logged
edr_a7c5fbf78b725c8db8ec32c4c4fc177a,con_c57f0385335559e696305e7d4e632b40,not_searched,,no contest-specific historical search is logged
edr_a7c5fbf78b725c8db8ec32c4c4fc177a,con_c59d97019dab554698aea8cb6eeb469a,partially_searched,2026-08-22,audited limited historical search; no complete slate source recovered
edr_a7c5fbf78b725c8db8ec32c4c4fc177a,con_c637e2ad153c516eb79ab5edb84161f8,not_searched,,no contest-specific historical search is logged
edr_a7c5fbf78b725c8db8ec32c4c4fc177a,con_c686b3ad3bd059d78db8cc44229817a0,not_searched,,no contest-specific historical search is logged
edr_a7c5fbf78b725c8db8ec32c4c4fc177a,con_c713b29e028a582893ad021c4a2b8546,partially_searched,2026-08-22,audited limited historical search; no complete slate source recovered
edr_a7c5fbf78b725c8db8ec32c4c4fc177a,con_c760f9c404835bb595e5671cf893c340,partially_searched,2026-08-22,audited limited historical search; no complete slate source recovered
edr_a7c5fbf78b725c8db8ec32c4c4fc177a,con_c85783d7c9a4550bae21b8e14f2ff992,not_searched,,no contest-specific historical search is logged
edr_a7c5fbf78b725c8db8ec32c4c4fc177a,con_c8883aeeac29529eada91aebc451242b,not_searched,,no contest-specific historical search is logged
edr_a7c5fbf78b725c8db8ec32c4c4fc177a,con_c8a9dfe07ee5545eb20e21d12773c57e,not_searched,,no contest-specific historical search is logged
edr_a7c5fbf78b725c8db8ec32c4c4fc177a,con_c90c50ce5e7c59dbaf6f3fb8efe575fd,partially_searched,2026-08-22,audited limited historical search; no complete slate source recovered
edr_a7c5fbf78b725c8db8ec32c4c4fc177a,con_ca1753a2e9eb53b396a948ee50167f03,not_searched,,no contest-specific historical search is logged
edr_a7c5fbf78b725c8db8ec32c4c4fc177a,con_caa23fae586656b2bab11ee711073a2c,not_searched,,no contest-specific historical search is logged
edr_a7c5fbf78b725c8db8ec32c4c4fc177a,con_cb4eea0a3dc657cc990d4fa53b4ae76f,partially_searched,2026-08-21,current election searched through 2026-08-21
edr_a7c5fbf78b725c8db8ec32c4c4fc177a,con_cceb1911b8545151a85313ea9045fdd6,partially_searched,2026-08-22,audited limited historical search; no complete slate source recovered
edr_a7c5fbf78b725c8db8ec32c4c4fc177a,con_ced450846b2e53ec8391a1a85ae3e75f,partially_searched,2026-08-21,current election searched through 2026-08-21
edr_a7c5fbf78b725c8db8ec32c4c4fc177a,con_d0cb7c26d6e55def83cde1da2c9bc8c5,partially_searched,2026-08-22,audited limited historical search; no complete slate source recovered
edr_a7c5fbf78b725c8db8ec32c4c4fc177a,con_d100fd7c171150b8b18125987b174c3d,not_applicable,2026-08-21,Contest predates the Endorser eligibility window
edr_a7c5fbf78b725c8db8ec32c4c4fc177a,con_d18675753b8f580c8834170f374d1e7c,not_applicable,2026-08-21,Contest predates the Endorser eligibility window
edr_a7c5fbf78b725c8db8ec32c4c4fc177a,con_d3ecc496be285eebb80559abe5d5f9f1,not_applicable,2026-08-21,Contest predates the Endorser eligibility window
edr_a7c5fbf78b725c8db8ec32c4c4fc177a,con_d42434b7f93353e6b9eeb64711b54648,partially_searched,2026-08-22,audited limited historical search; no complete slate source recovered
edr_a7c5fbf78b725c8db8ec32c4c4fc177a,con_d4f2ce7b93c75f4ca9c7bc73a4ba2a30,partially_searched,2026-08-22,audited limited historical search; no complete slate source recovered
edr_a7c5fbf78b725c8db8ec32c4c4fc177a,con_d5af05a065045bf9adaf30847252c957,not_searched,,no contest-specific historical search is logged
edr_a7c5fbf78b725c8db8ec32c4c4fc177a,con_d61412ebefff5d2b8bc9183244150abf,not_searched,,no contest-specific historical search is logged
edr_a7c5fbf78b725c8db8ec32c4c4fc177a,con_d69bc70f79a45bf397b2a657aa858e50,not_applicable,2026-08-21,Contest predates the Endorser eligibility window
edr_a7c5fbf78b725c8db8ec32c4c4fc177a,con_d6f7b1cb92f959ab9408dbb936bcf2ff,partially_searched,2026-08-22,audited limited historical search; no complete slate source recovered
edr_a7c5fbf78b725c8db8ec32c4c4fc177a,con_d7ff0d7faa695e15b19ef05eaf2a93f5,not_applicable,2026-08-21,Contest predates the Endorser eligibility window
edr_a7c5fbf78b725c8db8ec32c4c4fc177a,con_d8e03f953ae157089237a1febc263587,not_searched,,no contest-specific historical search is logged
edr_a7c5fbf78b725c8db8ec32c4c4fc177a,con_d9eeb6c962c854b58be1e179e2168cb1,not_applicable,2026-08-21,Contest predates the Endorser eligibility window
edr_a7c5fbf78b725c8db8ec32c4c4fc177a,con_da88824c2975511d9432812d4988c9d5,partially_searched,2026-08-22,audited limited historical search; no complete slate source recovered
edr_a7c5fbf78b725c8db8ec32c4c4fc177a,con_db6acf978ec15e2c9ac0230649ef0609,not_searched,,no contest-specific historical search is logged
edr_a7c5fbf78b725c8db8ec32c4c4fc177a,con_dbcfe2c3a43b5de292d63146a94cd52b,partially_searched,2026-08-21,current election searched through 2026-08-21
edr_a7c5fbf78b725c8db8ec32c4c4fc177a,con_e0aab60f6a3e50d59f1f09a1742a2ddd,not_searched,,no contest-specific historical search is logged
edr_a7c5fbf78b725c8db8ec32c4c4fc177a,con_e14c9528646b58ba89bddde54ae0f23e,partially_searched,2026-08-22,audited limited historical search; no complete slate source recovered
edr_a7c5fbf78b725c8db8ec32c4c4fc177a,con_e230d66a67245cd08a806de4208d288b,not_searched,,no contest-specific historical search is logged
edr_a7c5fbf78b725c8db8ec32c4c4fc177a,con_e2f423965407516280c8b3af41b9f5cf,not_searched,,no contest-specific historical search is logged
edr_a7c5fbf78b725c8db8ec32c4c4fc177a,con_e358c35644bd5b94b662f1e211fbc70e,partially_searched,2026-08-22,audited limited historical search; no complete slate source recovered
edr_a7c5fbf78b725c8db8ec32c4c4fc177a,con_e3987d425526548a844f6d73b662eac3,not_searched,,no contest-specific historical search is logged
edr_a7c5fbf78b725c8db8ec32c4c4fc177a,con_e3ed783f131d579d8718d34c15675901,not_searched,,no contest-specific historical search is logged
edr_a7c5fbf78b725c8db8ec32c4c4fc177a,con_e3f1226fd27e5ec6bf5d96a8439cc26a,not_searched,,no contest-specific historical search is logged
edr_a7c5fbf78b725c8db8ec32c4c4fc177a,con_e689393a84cc500bab2476e3913f093d,partially_searched,2026-08-22,audited limited historical search; no complete slate source recovered
edr_a7c5fbf78b725c8db8ec32c4c4fc177a,con_e7325536f8e85cffa249480df8a556a2,partially_searched,2026-08-22,audited limited historical search; no complete slate source recovered
edr_a7c5fbf78b725c8db8ec32c4c4fc177a,con_e78d7e5eb6975c7b98ef0efd13e5c783,partially_searched,2026-08-22,audited limited historical search; no complete slate source recovered
edr_a7c5fbf78b725c8db8ec32c4c4fc177a,con_e8d5ffca829d5a06ad87216dc76d6e6a,partially_searched,2026-08-22,audited limited historical search; no complete slate source recovered
edr_a7c5fbf78b725c8db8ec32c4c4fc177a,con_e8f16f1721ce5517977fa5bc1f660248,not_searched,,no contest-specific historical search is logged
edr_a7c5fbf78b725c8db8ec32c4c4fc177a,con_e93ddb13c85852b58b88208c71191394,partially_searched,2026-08-22,audited limited historical search; no complete slate source recovered
edr_a7c5fbf78b725c8db8ec32c4c4fc177a,con_ebbe0512549c59bc8a7a31e7ec5a59e9,partially_searched,2026-08-22,audited limited historical search; no complete slate source recovered
edr_a7c5fbf78b725c8db8ec32c4c4fc177a,con_ebcb4d472e005fbbadabf9f6201cbe13,partially_searched,2026-08-22,audited limited historical search; no complete slate source recovered
edr_a7c5fbf78b725c8db8ec32c4c4fc177a,con_ec88bd40dff858e695ae9533199be499,not_applicable,2026-08-21,Contest predates the Endorser eligibility window
edr_a7c5fbf78b725c8db8ec32c4c4fc177a,con_eccf9644aa2c598fa731d009a96fcf64,not_searched,,no contest-specific historical search is logged
edr_a7c5fbf78b725c8db8ec32c4c4fc177a,con_ed22821703705704bff31b43ed036014,partially_searched,2026-08-22,audited limited historical search; no complete slate source recovered
edr_a7c5fbf78b725c8db8ec32c4c4fc177a,con_edd7a5395e9a586bb5289cb5ed1106b3,partially_searched,2026-08-22,audited limited historical search; no complete slate source recovered
edr_a7c5fbf78b725c8db8ec32c4c4fc177a,con_eeda9883ca2d57148405d41f7f5a80a4,not_searched,,no contest-specific historical search is logged
edr_a7c5fbf78b725c8db8ec32c4c4fc177a,con_f0bbc885a5535e28bc005ca644cc4e22,partially_searched,2026-08-22,audited limited historical search; no complete slate source recovered
edr_a7c5fbf78b725c8db8ec32c4c4fc177a,con_f0cf1eca40845631b0bd4d4750413711,partially_searched,2026-08-22,audited limited historical search; no complete slate source recovered
edr_a7c5fbf78b725c8db8ec32c4c4fc177a,con_f3e797bac18a5e45a723ff263eafb93e,not_applicable,2026-08-21,Contest predates the Endorser eligibility window
edr_a7c5fbf78b725c8db8ec32c4c4fc177a,con_f449befd52f1538191ef612c9e711c45,partially_searched,2026-08-22,audited limited historical search; no complete slate source recovered
edr_a7c5fbf78b725c8db8ec32c4c4fc177a,con_f5117910f9d358e48dec8f0fd7c77712,partially_searched,2026-08-21,current election searched through 2026-08-21
edr_a7c5fbf78b725c8db8ec32c4c4fc177a,con_f59fe6995c8b528dbd3cbfbb5c3277c8,not_searched,,no contest-specific historical search is logged
edr_a7c5fbf78b725c8db8ec32c4c4fc177a,con_f8a855ebf8c250bda4eeed75246305b5,not_searched,,no contest-specific historical search is logged
edr_a7c5fbf78b725c8db8ec32c4c4fc177a,con_f961284da53f5a38ba3a20e7e998ef4f,not_searched,,no contest-specific historical search is logged
edr_a7c5fbf78b725c8db8ec32c4c4fc177a,con_f97200e8b8345e4b844e990437f0b077,partially_searched,2026-08-21,current election searched through 2026-08-21
edr_a7c5fbf78b725c8db8ec32c4c4fc177a,con_fc66f2cac25c5ea58dccc4005672bad8,partially_searched,2026-08-22,audited limited historical search; no complete slate source recovered
edr_a7c5fbf78b725c8db8ec32c4c4fc177a,con_fdb17fc50f125d17af9f8b0a22566116,not_applicable,2026-08-21,Contest predates the Endorser eligibility window
edr_a7c5fbf78b725c8db8ec32c4c4fc177a,con_fed30965855757d399c6acfbd6e6d4f4,not_searched,,no contest-specific historical search is logged
edr_b354a54e105b5740832e28b07732b4c3,con_004711e5bbda5d169a7774d906befd21,partially_searched,2026-08-22,Bounded publisher/archive search logged; no importable positive recovered.
edr_b354a54e105b5740832e28b07732b4c3,con_02e530a81bf75a6bbf6b4ca0a9ea6738,partially_searched,2026-08-22,Bounded publisher/index search logged; no importable positive recovered.
edr_b354a54e105b5740832e28b07732b4c3,con_037ae72c455f558590ca04bc929df4cb,partially_searched,2026-08-22,Bounded publisher/archive search logged; no importable positive recovered.
edr_b354a54e105b5740832e28b07732b4c3,con_0408bfe48f1059ecbe918aec119f10a3,partially_searched,2026-08-21,current election searched through 2026-08-21
edr_b354a54e105b5740832e28b07732b4c3,con_04a4bbe5ef575c72b4ec49d601f24b71,partially_searched,2026-08-22,Bounded publisher/index search logged; no importable positive recovered.
edr_b354a54e105b5740832e28b07732b4c3,con_099fbf24dd655a0e8b1720fbe2215a6a,comprehensive_source_found,2026-08-21,explicit choice source recovered
edr_b354a54e105b5740832e28b07732b4c3,con_09d3330e921d5e53ae19007709e75bf9,partially_searched,2026-08-22,Bounded publisher/index search logged; no importable positive recovered.
edr_b354a54e105b5740832e28b07732b4c3,con_0a880ce7b6ad5bdaa2e2dc7b19601aa8,partially_searched,2026-08-22,Bounded publisher/archive search logged; no importable positive recovered.
edr_b354a54e105b5740832e28b07732b4c3,con_0b8c9e853efa5e3da86b0f1eff65589e,partially_searched,2026-08-22,Bounded publisher/index search logged; no importable positive recovered.
edr_b354a54e105b5740832e28b07732b4c3,con_0d00ed8759a1559c82329352d94a7812,partially_searched,2026-08-21,current election searched through 2026-08-21
edr_b354a54e105b5740832e28b07732b4c3,con_0d314382ba1a5d62b399c1eefc717cc1,partially_searched,2026-08-22,Bounded publisher/archive search logged; no importable positive recovered.
edr_b354a54e105b5740832e28b07732b4c3,con_0dc4d6b99efa5f32a8f36b24d080bb2d,partially_searched,2026-08-22,Bounded publisher/archive search logged; no importable positive recovered.
edr_b354a54e105b5740832e28b07732b4c3,con_107ad5f6c01f5d4389c8194358534375,partially_searched,2026-08-22,Bounded publisher/index search logged; no importable positive recovered.
edr_b354a54e105b5740832e28b07732b4c3,con_11ea4a9756fd5bc4a466dc797994b068,partially_searched,2026-08-22,Bounded publisher/archive search logged; no importable positive recovered.
edr_b354a54e105b5740832e28b07732b4c3,con_13660de4bc485cc68e0744199d21cb46,partially_searched,2026-08-22,Bounded publisher/archive search logged; no importable positive recovered.
edr_b354a54e105b5740832e28b07732b4c3,con_147dca9e3758595d8766dc52d11a65f4,comprehensive_source_found,2026-08-22,Recovered publisher editorial lists its city-council choices.
edr_b354a54e105b5740832e28b07732b4c3,con_14cf7e0c0e4c578d9a2a0777404c36b1,partially_searched,2026-08-21,current election searched through 2026-08-21
edr_b354a54e105b5740832e28b07732b4c3,con_16fad19349255393a28639cd62e83ae3,comprehensive_source_found,2026-08-22,Recovered publisher editorial lists its city-council choices.
edr_b354a54e105b5740832e28b07732b4c3,con_17593cee737354878c920526a9fa7afd,partially_searched,2026-08-22,Bounded publisher/archive search logged; no importable positive recovered.
edr_b354a54e105b5740832e28b07732b4c3,con_17c2e1a7404c5641823443ca7a6dcc10,partially_searched,2026-08-22,Bounded publisher/index search logged; no importable positive recovered.
edr_b354a54e105b5740832e28b07732b4c3,con_17f69fde16cb514bb16fb6e361c07fff,partially_searched,2026-08-22,Bounded publisher/archive search logged; no importable positive recovered.
edr_b354a54e105b5740832e28b07732b4c3,con_18fc5604e3b45ef08d8af9b0813a1918,partially_searched,2026-08-22,Bounded publisher/index search logged; no importable positive recovered.
edr_b354a54e105b5740832e28b07732b4c3,con_1969b3b6667f56549d1f35b90f606cbf,partially_searched,2026-08-22,Bounded publisher/index search logged; no importable positive recovered.
edr_b354a54e105b5740832e28b07732b4c3,con_1a46b115b13d55619bcaf30903c183e3,partially_searched,2026-08-22,Bounded publisher/archive search logged; no importable positive recovered.
edr_b354a54e105b5740832e28b07732b4c3,con_1b8d99f619f758efb737805a20bcf6fb,comprehensive_source_found,2026-08-22,Recovered publisher editorial lists its city-council choices.
edr_b354a54e105b5740832e28b07732b4c3,con_1c0aff783cfb5ac995b40930229ffd15,partially_searched,2026-08-22,Bounded publisher/index search logged; no importable positive recovered.
edr_b354a54e105b5740832e28b07732b4c3,con_1cf871058a8c5bc9a34c7dbdf6edca83,partially_searched,2026-08-22,Bounded publisher/archive search logged; no importable positive recovered.
edr_b354a54e105b5740832e28b07732b4c3,con_1e16e8a3edc55c77847b36d881fb8fe7,partially_searched,2026-08-22,Bounded publisher/archive search logged; no importable positive recovered.
edr_b354a54e105b5740832e28b07732b4c3,con_1fa443b3390f5d6691f7994877cf55c8,partially_searched,2026-08-22,Bounded publisher/index search logged; no importable positive recovered.
edr_b354a54e105b5740832e28b07732b4c3,con_20589f7261325cd892231ed42321b3cf,partially_searched,2026-08-22,Bounded publisher/archive search logged; no importable positive recovered.
edr_b354a54e105b5740832e28b07732b4c3,con_2070d155d42250abac2e50baf8c6bf39,partially_searched,2026-08-22,Bounded publisher/index search logged; no importable positive recovered.
edr_b354a54e105b5740832e28b07732b4c3,con_218bbbaab66c59bc8d0d747f3ae2fb3c,partially_searched,2026-08-22,Bounded publisher/index search logged; no importable positive recovered.
edr_b354a54e105b5740832e28b07732b4c3,con_222bdce34cf75bbeb159589e8f46045b,partially_searched,2026-08-22,Bounded publisher/archive search logged; no importable positive recovered.
edr_b354a54e105b5740832e28b07732b4c3,con_2317176dbf5e5a4fab7fd65b16359ebd,partially_searched,2026-08-22,Bounded publisher/index search logged; no importable positive recovered.
edr_b354a54e105b5740832e28b07732b4c3,con_25e09708c7c756b38cca57f2cf9f3b1e,partially_searched,2026-08-21,current election searched through 2026-08-21
edr_b354a54e105b5740832e28b07732b4c3,con_25f46be8b0a857faa602e39531d4ed0c,partially_searched,2026-08-21,current election searched through 2026-08-21
edr_b354a54e105b5740832e28b07732b4c3,con_272ca0eaeab656b89a5038bc74ad9988,partially_searched,2026-08-22,Bounded publisher/archive search logged; no importable positive recovered.
edr_b354a54e105b5740832e28b07732b4c3,con_27e80d547d0256149213a7e90956055b,partially_searched,2026-08-22,Bounded publisher/archive search logged; no importable positive recovered.
edr_b354a54e105b5740832e28b07732b4c3,con_2865d31031005dd897904c3f07e4d039,comprehensive_source_found,2026-08-22,Recovered publisher editorial lists its city-council choices.
edr_b354a54e105b5740832e28b07732b4c3,con_28b9bf4109765f57a3a7923479b37af9,partially_searched,2026-08-22,Bounded publisher/index search logged; no importable positive recovered.
edr_b354a54e105b5740832e28b07732b4c3,con_29e8a0598b6d5fe18984bfe68b9d27f7,partially_searched,2026-08-21,current election searched through 2026-08-21
edr_b354a54e105b5740832e28b07732b4c3,con_2befcc6536315440902962b270ad7f70,partially_searched,2026-08-22,Bounded publisher/index search logged; no importable positive recovered.
edr_b354a54e105b5740832e28b07732b4c3,con_2bf1297cee4b5750992138d9da3c0dc0,partially_searched,2026-08-21,current election searched through 2026-08-21
edr_b354a54e105b5740832e28b07732b4c3,con_2c0ca30fc75e51a3acf50c4693b1cc1b,partially_searched,2026-08-22,Bounded publisher/archive search logged; no importable positive recovered.
edr_b354a54e105b5740832e28b07732b4c3,con_2c70fd784be55c4794f8294a723dedb9,partially_searched,2026-08-22,Bounded publisher/index search logged; no importable positive recovered.
edr_b354a54e105b5740832e28b07732b4c3,con_2c97298461635376899e36569d2c7be3,partially_searched,2026-08-22,Bounded publisher/index search logged; no importable positive recovered.
edr_b354a54e105b5740832e28b07732b4c3,con_2ce79e4f63945b9b90a05c245e9382fc,partially_searched,2026-08-22,Bounded publisher/archive search logged; no importable positive recovered.
edr_b354a54e105b5740832e28b07732b4c3,con_2cf721e86d7a55de8cf53a0ae3f6413c,partially_searched,2026-08-22,Bounded publisher/archive search logged; no importable positive recovered.
edr_b354a54e105b5740832e28b07732b4c3,con_2d92299c561559d99eccb92c22f4eb47,partially_searched,2026-08-22,Bounded publisher/archive search logged; no importable positive recovered.
edr_b354a54e105b5740832e28b07732b4c3,con_2f43675e2c5c59b796fafde036252ed1,partially_searched,2026-08-22,Bounded publisher/archive search logged; no importable positive recovered.
edr_b354a54e105b5740832e28b07732b4c3,con_2f8a0c46b37950fd9149d9b62f1f0142,partially_searched,2026-08-22,Bounded publisher/index search logged; no importable positive recovered.
edr_b354a54e105b5740832e28b07732b4c3,con_31d375f206cb5fe1955efa73ae9da43e,partially_searched,2026-08-22,Bounded publisher/index search logged; no importable positive recovered.
edr_b354a54e105b5740832e28b07732b4c3,con_33da03ca4a1159089c55d78f4edd2bf3,partially_searched,2026-08-22,Bounded publisher/archive search logged; no importable positive recovered.
edr_b354a54e105b5740832e28b07732b4c3,con_34196d04855f52249d03362a5469c3c0,partially_searched,2026-08-21,current election searched through 2026-08-21
edr_b354a54e105b5740832e28b07732b4c3,con_350f0c58a79a574d926206857445b2d9,partially_searched,2026-08-22,Bounded publisher/archive search logged; no importable positive recovered.
edr_b354a54e105b5740832e28b07732b4c3,con_35fc512b3ae2545fa6ff408778ae144d,partially_searched,2026-08-21,current election searched through 2026-08-21
edr_b354a54e105b5740832e28b07732b4c3,con_368b196a6cf154a88c9f1275824dc99e,partially_searched,2026-08-21,current election searched through 2026-08-21
edr_b354a54e105b5740832e28b07732b4c3,con_387d212e18c453e2a8eb298de5c374ff,partially_searched,2026-08-22,Bounded publisher/index search logged; no importable positive recovered.
edr_b354a54e105b5740832e28b07732b4c3,con_393178f4fb765cd0bbeaa13d06dca32c,partially_searched,2026-08-22,Bounded publisher/index search logged; no importable positive recovered.
edr_b354a54e105b5740832e28b07732b4c3,con_398774c449785307baa3822c581963e9,partially_searched,2026-08-22,Bounded publisher/index search logged; no importable positive recovered.
edr_b354a54e105b5740832e28b07732b4c3,con_3a262cc7bf83579eae79ce2032ea06d1,partially_searched,2026-08-22,Bounded publisher/index search logged; no importable positive recovered.
edr_b354a54e105b5740832e28b07732b4c3,con_3a43982e2a0450b2a3f4c5241f6965d8,comprehensive_source_found,2026-08-22,Recovered publisher editorial lists its city-council choices.
edr_b354a54e105b5740832e28b07732b4c3,con_3ae0da024263524d8e13691dbeeadc88,partially_searched,2026-08-22,Bounded publisher/index search logged; no importable positive recovered.
edr_b354a54e105b5740832e28b07732b4c3,con_3c1699cb4b0257ae8cf61da26db0c160,partially_searched,2026-08-22,Bounded publisher/index search logged; no importable positive recovered.
edr_b354a54e105b5740832e28b07732b4c3,con_3fc9df4b254c5eb6a2a7fb629a124bfb,comprehensive_source_found,2026-08-22,Recovered publisher editorial lists its city-council choices.
edr_b354a54e105b5740832e28b07732b4c3,con_3fd9226a06995ec78201f807f175b930,partially_searched,2026-08-22,Bounded publisher/archive search logged; no importable positive recovered.
edr_b354a54e105b5740832e28b07732b4c3,con_419d313f6cfc5451ba26ad4687222e83,partially_searched,2026-08-21,current election searched through 2026-08-21
edr_b354a54e105b5740832e28b07732b4c3,con_43b57e74c0a454db9f5ed346b6fc7095,partially_searched,2026-08-22,Bounded publisher/archive search logged; no importable positive recovered.
edr_b354a54e105b5740832e28b07732b4c3,con_43f8a49a6b095ee8a38c2a1aa0477382,partially_searched,2026-08-22,Bounded publisher/archive search logged; no importable positive recovered.
edr_b354a54e105b5740832e28b07732b4c3,con_45eb3e143f1b5492b4652498c957ed6b,comprehensive_source_found,2026-08-22,Recovered publisher editorial lists its city-council choices.
edr_b354a54e105b5740832e28b07732b4c3,con_46f4af62ff4956f5b31ebec2e77229fa,partially_searched,2026-08-22,Bounded publisher/index search logged; no importable positive recovered.
edr_b354a54e105b5740832e28b07732b4c3,con_46f7b754b02b57d0a651c417f9f0471d,partially_searched,2026-08-22,Bounded publisher/index search logged; no importable positive recovered.
edr_b354a54e105b5740832e28b07732b4c3,con_47f9c6bba0165404a3fec5492a0940b3,partially_searched,2026-08-22,Bounded publisher/index search logged; no importable positive recovered.
edr_b354a54e105b5740832e28b07732b4c3,con_4977aa6e0a865d788ed7ebf871e4027c,partially_searched,2026-08-22,Bounded publisher/archive search logged; no importable positive recovered.
edr_b354a54e105b5740832e28b07732b4c3,con_4a5af0945c9a5a01ae50e3a5ea61b3fb,partially_searched,2026-08-22,Bounded publisher/index search logged; no importable positive recovered.
edr_b354a54e105b5740832e28b07732b4c3,con_4b3374ab9039564fa8ed1cedf493a0e3,partially_searched,2026-08-22,Bounded publisher/index search logged; no importable positive recovered.
edr_b354a54e105b5740832e28b07732b4c3,con_4b6815e8c2e155d881aba7f21ad5b69b,partially_searched,2026-08-21,current election searched through 2026-08-21
edr_b354a54e105b5740832e28b07732b4c3,con_4def6d4e85f85950babb9030e4eae0cb,comprehensive_source_found,2026-08-22,Recovered publisher editorial lists its city-council choices.
edr_b354a54e105b5740832e28b07732b4c3,con_4e3ebb6b13cb5d2396519f9df6fbdf4b,partially_searched,2026-08-22,Bounded publisher/archive search logged; no importable positive recovered.
edr_b354a54e105b5740832e28b07732b4c3,con_4e432b136b83537fb08e7e8485f4949c,partially_searched,2026-08-22,Bounded publisher/archive search logged; no importable positive recovered.
edr_b354a54e105b5740832e28b07732b4c3,con_4ead7aa21a905ad7bd1838cb33f37045,partially_searched,2026-08-22,Bounded publisher/index search logged; no importable positive recovered.
edr_b354a54e105b5740832e28b07732b4c3,con_5161ebd9ab2b5c55bfcd6eef433082c9,partially_searched,2026-08-22,Bounded publisher/archive search logged; no importable positive recovered.
edr_b354a54e105b5740832e28b07732b4c3,con_5212e699e2ab537eaf63c23b0952d1a1,partially_searched,2026-08-21,current election searched through 2026-08-21
edr_b354a54e105b5740832e28b07732b4c3,con_52f50431db92559f8d4391fb2e932f16,partially_searched,2026-08-22,Bounded publisher/archive search logged; no importable positive recovered.
edr_b354a54e105b5740832e28b07732b4c3,con_53468b4ee3c7510aba4d708f584951a9,partially_searched,2026-08-22,Ward 22 by-election search logged; no importable positive recovered.
edr_b354a54e105b5740832e28b07732b4c3,con_5394ec9f2261502eb1947c064bfdaf8a,partially_searched,2026-08-21,current election searched through 2026-08-21
edr_b354a54e105b5740832e28b07732b4c3,con_54d4d8b5d91f5df5ba8bfdf9c61296af,partially_searched,2026-08-22,Bounded publisher/archive search logged; no importable positive recovered.
edr_b354a54e105b5740832e28b07732b4c3,con_5587a8b9ae37546eb39a67333b5011ed,partially_searched,2026-08-22,Bounded publisher/archive search logged; no importable positive recovered.
edr_b354a54e105b5740832e28b07732b4c3,con_55f5230db0d85c499ce7cea0ce379f5f,comprehensive_source_found,2026-08-22,Recovered publisher editorial lists its city-council choices.
edr_b354a54e105b5740832e28b07732b4c3,con_579cae8a3fa455a7a3e68d1b1900fffa,partially_searched,2026-08-22,Bounded publisher/archive search logged; no importable positive recovered.
edr_b354a54e105b5740832e28b07732b4c3,con_59aa1ee85e2d51ca8dee4338d37665c2,partially_searched,2026-08-22,Bounded publisher/index search logged; no importable positive recovered.
edr_b354a54e105b5740832e28b07732b4c3,con_59bfad1b37305c63a378a4614deb11ae,partially_searched,2026-08-22,Bounded publisher/archive search logged; no importable positive recovered.
edr_b354a54e105b5740832e28b07732b4c3,con_5ae0589c69375400b18fd5960241eeac,partially_searched,2026-08-21,current election searched through 2026-08-21
edr_b354a54e105b5740832e28b07732b4c3,con_5babda81dd6351a28a423340a03b5d8a,partially_searched,2026-08-22,Bounded publisher/archive search logged; no importable positive recovered.
edr_b354a54e105b5740832e28b07732b4c3,con_5c4da484552c546aaff98277d675d594,partially_searched,2026-08-22,Bounded publisher/archive search logged; no importable positive recovered.
edr_b354a54e105b5740832e28b07732b4c3,con_5c8144ae39615a3189a3691c99c5ea4e,partially_searched,2026-08-22,Bounded publisher/archive search logged; no importable positive recovered.
edr_b354a54e105b5740832e28b07732b4c3,con_5cb64f68c501559d960b05fb29843745,partially_searched,2026-08-22,Bounded publisher/archive search logged; no importable positive recovered.
edr_b354a54e105b5740832e28b07732b4c3,con_5d8609e7e7f4584ea28ad032690bdae8,partially_searched,2026-08-22,Bounded publisher/index search logged; no importable positive recovered.
edr_b354a54e105b5740832e28b07732b4c3,con_5f814673ab4050e5b50e46685dbfbecb,partially_searched,2026-08-22,Bounded publisher/index search logged; no importable positive recovered.
edr_b354a54e105b5740832e28b07732b4c3,con_610d1afaa15d592eb956835f8fd51600,partially_searched,2026-08-22,Bounded publisher/index search logged; no importable positive recovered.
edr_b354a54e105b5740832e28b07732b4c3,con_612115bf42b450d3aeb63bb430d3aec9,comprehensive_source_found,2026-08-22,Recovered publisher editorial lists its city-council choices.
edr_b354a54e105b5740832e28b07732b4c3,con_6131490bb0d75b1ba4033e2284df71f8,partially_searched,2026-08-22,Bounded publisher/index search logged; no importable positive recovered.
edr_b354a54e105b5740832e28b07732b4c3,con_61eed2bcd6ce5343bea274fe8a8028bc,partially_searched,2026-08-22,Bounded publisher/index search logged; no importable positive recovered.
edr_b354a54e105b5740832e28b07732b4c3,con_622c2ee026875ae4ac60200b1559e8f6,partially_searched,2026-08-22,Bounded publisher/archive search logged; no importable positive recovered.
edr_b354a54e105b5740832e28b07732b4c3,con_6240f694b6ce5307a2126a9103153475,partially_searched,2026-08-22,Bounded publisher/archive search logged; no importable positive recovered.
edr_b354a54e105b5740832e28b07732b4c3,con_636fab9611ed540ebff54ad772a1827d,partially_searched,2026-08-22,Bounded publisher/archive search logged; no importable positive recovered.
edr_b354a54e105b5740832e28b07732b4c3,con_639f022801275cedb8f9b4fe82711ae3,partially_searched,2026-08-22,Bounded publisher/archive search logged; no importable positive recovered.
edr_b354a54e105b5740832e28b07732b4c3,con_643801dc921651c3a1ef5d96772fb13d,partially_searched,2026-08-22,Bounded publisher/archive search logged; no importable positive recovered.
edr_b354a54e105b5740832e28b07732b4c3,con_6629fd920f2b5a8d9b7959fafdd04a1a,partially_searched,2026-08-22,Bounded publisher/archive search logged; no importable positive recovered.
edr_b354a54e105b5740832e28b07732b4c3,con_662d709bee42574392549fc786efea0d,partially_searched,2026-08-22,Bounded publisher/archive search logged; no importable positive recovered.
edr_b354a54e105b5740832e28b07732b4c3,con_67daf6d284a75ecc8b775a05a871a58e,partially_searched,2026-08-21,current election searched through 2026-08-21
edr_b354a54e105b5740832e28b07732b4c3,con_680464772a025da6aa5eaf650cefb52a,partially_searched,2026-08-22,Bounded publisher/archive search logged; no importable positive recovered.
edr_b354a54e105b5740832e28b07732b4c3,con_6821258c9f7f598e829c8617b8765c25,partially_searched,2026-08-22,Bounded publisher/archive search logged; no importable positive recovered.
edr_b354a54e105b5740832e28b07732b4c3,con_6a1f4d7470675d869b3b11aede0812f2,comprehensive_source_found,2026-08-22,Recovered publisher editorial lists its city-council choices.
edr_b354a54e105b5740832e28b07732b4c3,con_6ba310e4ba695121835a4fde58144a47,partially_searched,2026-08-21,current election searched through 2026-08-21
edr_b354a54e105b5740832e28b07732b4c3,con_6beb6fc4da14503aa70fa94b8fe0b600,partially_searched,2026-08-22,Bounded publisher/index search logged; no importable positive recovered.
edr_b354a54e105b5740832e28b07732b4c3,con_6c708130eaa15c9080cc3cd3a207f63b,partially_searched,2026-08-22,Bounded publisher/archive search logged; no importable positive recovered.
edr_b354a54e105b5740832e28b07732b4c3,con_6d24ced99da9539aaaad476a9a2747f4,partially_searched,2026-08-22,Bounded publisher/index search logged; no importable positive recovered.
edr_b354a54e105b5740832e28b07732b4c3,con_6d7f00a8037754c0a6f34579bee44966,partially_searched,2026-08-22,Bounded publisher/index search logged; no importable positive recovered.
edr_b354a54e105b5740832e28b07732b4c3,con_6efbf1ffbfee5e2cb5f5fab52dd98a91,partially_searched,2026-08-21,current election searched through 2026-08-21
edr_b354a54e105b5740832e28b07732b4c3,con_6fd864aec40c5bbc9f3eb32d2e9e4379,comprehensive_source_found,2026-08-22,Recovered publisher editorial lists its city-council choices.
edr_b354a54e105b5740832e28b07732b4c3,con_719e754cd3eb5a8abbc6e78d6413ff60,partially_searched,2026-08-21,current election searched through 2026-08-21
edr_b354a54e105b5740832e28b07732b4c3,con_727f839c8adc5531bd874edb6b663c05,partially_searched,2026-08-22,Bounded publisher/index search logged; no importable positive recovered.
edr_b354a54e105b5740832e28b07732b4c3,con_744dd2f798b8521e8de9693750f474d2,partially_searched,2026-08-22,Bounded publisher/index search logged; no importable positive recovered.
edr_b354a54e105b5740832e28b07732b4c3,con_76db9d7d1989548fadeac8b8116dc357,partially_searched,2026-08-22,Bounded publisher/index search logged; no importable positive recovered.
edr_b354a54e105b5740832e28b07732b4c3,con_778d3d5e612151bcb14703a9f987556d,partially_searched,2026-08-22,Bounded publisher/archive search logged; no importable positive recovered.
edr_b354a54e105b5740832e28b07732b4c3,con_77f42d0ca0a15c57a01b5579fef4625a,partially_searched,2026-08-22,Bounded publisher/index search logged; no importable positive recovered.
edr_b354a54e105b5740832e28b07732b4c3,con_79a0aa63063d5dd6a5a2ed28c29ecec1,partially_searched,2026-08-22,Bounded publisher/archive search logged; no importable positive recovered.
edr_b354a54e105b5740832e28b07732b4c3,con_7a4043e26d4256e78ee3861fb81e718a,comprehensive_source_found,2026-08-22,Recovered publisher editorial lists its city-council choices.
edr_b354a54e105b5740832e28b07732b4c3,con_7acbde45d7355dbeb5327c8eff9039ed,partially_searched,2026-08-22,Bounded publisher/archive search logged; no importable positive recovered.
edr_b354a54e105b5740832e28b07732b4c3,con_7b92b7a12bbf5240a728cbe9d42aa420,partially_searched,2026-08-22,Bounded publisher/index search logged; no importable positive recovered.
edr_b354a54e105b5740832e28b07732b4c3,con_7bbdc7e302705fee987b1ebca87ef16d,partially_searched,2026-08-22,Bounded publisher/archive search logged; no importable positive recovered.
edr_b354a54e105b5740832e28b07732b4c3,con_7d07021e53b35a609a75560232a15fd1,partially_searched,2026-08-22,Bounded publisher/archive search logged; no importable positive recovered.
edr_b354a54e105b5740832e28b07732b4c3,con_7e6cf2fd75ba560a900bb024e72fe99c,comprehensive_source_found,2026-08-22,Recovered publisher editorial lists its city-council choices.
edr_b354a54e105b5740832e28b07732b4c3,con_7eba7d2b2ccb57e5aa6ab13c307b2517,partially_searched,2026-08-22,Bounded publisher/index search logged; no importable positive recovered.
edr_b354a54e105b5740832e28b07732b4c3,con_7ee43d0beaab558c9788d151bbd8d067,partially_searched,2026-08-22,Bounded publisher/archive search logged; no importable positive recovered.
edr_b354a54e105b5740832e28b07732b4c3,con_802f842541d15d899e8f6acf3b86ae45,partially_searched,2026-08-22,Bounded publisher/index search logged; no importable positive recovered.
edr_b354a54e105b5740832e28b07732b4c3,con_810611751acb5e86ab30b3277e7e6dad,comprehensive_source_found,2026-08-22,Recovered publisher editorial lists its city-council choices.
edr_b354a54e105b5740832e28b07732b4c3,con_8283f00fca6855af9a0a63e550482bda,partially_searched,2026-08-22,Bounded publisher/archive search logged; no importable positive recovered.
edr_b354a54e105b5740832e28b07732b4c3,con_82f64d71deda5204bf8ba5ab710c21e6,partially_searched,2026-08-22,Bounded publisher/archive search logged; no importable positive recovered.
edr_b354a54e105b5740832e28b07732b4c3,con_8322c67bf27e5374a4da8de81ef663fc,partially_searched,2026-08-21,current election searched through 2026-08-21
edr_b354a54e105b5740832e28b07732b4c3,con_834d568760e15dcdb0b423512c33fe9c,partially_searched,2026-08-22,Bounded publisher/archive search logged; no importable positive recovered.
edr_b354a54e105b5740832e28b07732b4c3,con_83ded5c17ed75ca788f320a13b17dd08,partially_searched,2026-08-22,Bounded publisher/index search logged; no importable positive recovered.
edr_b354a54e105b5740832e28b07732b4c3,con_845cf9eb2c1b5ed6b35801d45f86cd82,partially_searched,2026-08-22,Bounded publisher/index search logged; no importable positive recovered.
edr_b354a54e105b5740832e28b07732b4c3,con_849867f583195ad38c77941612883bd9,comprehensive_source_found,2026-08-22,Recovered publisher editorial lists its city-council choices.
edr_b354a54e105b5740832e28b07732b4c3,con_86779f733e9f58e78227d4c49c260033,partially_searched,2026-08-22,Bounded publisher/index search logged; no importable positive recovered.
edr_b354a54e105b5740832e28b07732b4c3,con_86a1f5b3235452b4a3cb3b3297e4dd51,partially_searched,2026-08-22,Bounded publisher/index search logged; no importable positive recovered.
edr_b354a54e105b5740832e28b07732b4c3,con_88a17b76344c50ba9a3a118dd558c185,partially_searched,2026-08-22,Bounded publisher/index search logged; no importable positive recovered.
edr_b354a54e105b5740832e28b07732b4c3,con_88f5ccc6b744588da3d07590c5dca974,partially_searched,2026-08-22,Bounded publisher/index search logged; no importable positive recovered.
edr_b354a54e105b5740832e28b07732b4c3,con_899c01be1cc951dfb79010a2fbd8ad10,partially_searched,2026-08-22,Bounded publisher/index search logged; no importable positive recovered.
edr_b354a54e105b5740832e28b07732b4c3,con_8a8efa738bef57fc9329489f768529c9,partially_searched,2026-08-22,Bounded publisher/archive search logged; no importable positive recovered.
edr_b354a54e105b5740832e28b07732b4c3,con_8b4a03ef5a3c55c4ab20662c886b31a7,comprehensive_source_found,2026-08-22,Recovered publisher editorial lists its city-council choices.
edr_b354a54e105b5740832e28b07732b4c3,con_8c969ca3bbbb537382be9d4ed8dd7697,partially_searched,2026-08-22,Bounded publisher/archive search logged; no importable positive recovered.
edr_b354a54e105b5740832e28b07732b4c3,con_8d2d5f08a1095a14abbcb526483a3aa0,partially_searched,2026-08-22,Bounded publisher/archive search logged; no importable positive recovered.
edr_b354a54e105b5740832e28b07732b4c3,con_90b9ffb191415b13a8c7f334ef771513,partially_searched,2026-08-22,Bounded publisher/index search logged; no importable positive recovered.
edr_b354a54e105b5740832e28b07732b4c3,con_91f80636385c5df5b2d409f9c9b389ed,partially_searched,2026-08-22,Bounded publisher/archive search logged; no importable positive recovered.
edr_b354a54e105b5740832e28b07732b4c3,con_922d425132ad5243b459c0ca40a6dcd9,comprehensive_source_found,2026-08-22,Recovered publisher editorial lists its city-council choices.
edr_b354a54e105b5740832e28b07732b4c3,con_9250eb2b2609550597520e68352ac56a,comprehensive_source_found,2026-08-21,explicit choice source recovered
edr_b354a54e105b5740832e28b07732b4c3,con_945161409a0450f29e351ff3f263f815,partially_searched,2026-08-22,Bounded publisher/index search logged; no importable positive recovered.
edr_b354a54e105b5740832e28b07732b4c3,con_9473b9c31bb55e62ac4432451881acf1,partially_searched,2026-08-22,Bounded publisher/index search logged; no importable positive recovered.
edr_b354a54e105b5740832e28b07732b4c3,con_9476d4c41a7d5fa48b97b47e28f9305d,partially_searched,2026-08-22,Bounded publisher/archive search logged; no importable positive recovered.
edr_b354a54e105b5740832e28b07732b4c3,con_95ce62f8d45154c7836ec0372d2a416e,partially_searched,2026-08-22,Bounded publisher/index search logged; no importable positive recovered.
edr_b354a54e105b5740832e28b07732b4c3,con_95ddf0ee07b85a9da9038f871eeefaba,partially_searched,2026-08-22,Bounded publisher/index search logged; no importable positive recovered.
edr_b354a54e105b5740832e28b07732b4c3,con_98fc649f10ee5100a44520c1500dfac9,partially_searched,2026-08-22,Bounded publisher/archive search logged; no importable positive recovered.
edr_b354a54e105b5740832e28b07732b4c3,con_990816d2030b592787bdf4a19382627f,comprehensive_source_found,2026-08-22,Recovered publisher editorial lists its city-council choices.
edr_b354a54e105b5740832e28b07732b4c3,con_99b9fbf5df5f504eb0906d1c2b113d63,partially_searched,2026-08-22,Bounded publisher/index search logged; no importable positive recovered.
edr_b354a54e105b5740832e28b07732b4c3,con_9d346093453659cba5591e6e2efd506a,partially_searched,2026-08-22,Bounded publisher/index search logged; no importable positive recovered.
edr_b354a54e105b5740832e28b07732b4c3,con_9e0a04dcf1245155b6f1fd50c6a83e99,partially_searched,2026-08-22,Bounded publisher/archive search logged; no importable positive recovered.
edr_b354a54e105b5740832e28b07732b4c3,con_a060705663a15882b307108144aa8720,partially_searched,2026-08-22,Bounded publisher/index search logged; no importable positive recovered.
edr_b354a54e105b5740832e28b07732b4c3,con_a160a05c9e3e5dd7b972cd5c16d456b0,partially_searched,2026-08-22,Bounded publisher/archive search logged; no importable positive recovered.
edr_b354a54e105b5740832e28b07732b4c3,con_a1f3f1e6009c53c7a9cbb88e7e2346c0,partially_searched,2026-08-22,Bounded publisher/archive search logged; no importable positive recovered.
edr_b354a54e105b5740832e28b07732b4c3,con_a3ad5138021a51309ade19f0cbc4ebe1,partially_searched,2026-08-22,Bounded publisher/archive search logged; no importable positive recovered.
edr_b354a54e105b5740832e28b07732b4c3,con_a46853faf8a85598b55614ee5bfc99e2,partially_searched,2026-08-22,Bounded publisher/archive search logged; no importable positive recovered.
edr_b354a54e105b5740832e28b07732b4c3,con_a548943febc15683bb34e547001ee6e7,partially_searched,2026-08-22,Bounded publisher/archive search logged; no importable positive recovered.
edr_b354a54e105b5740832e28b07732b4c3,con_a62a387b9ca8511db50248d4738f3eea,partially_searched,2026-08-22,Bounded publisher/archive search logged; no importable positive recovered.
edr_b354a54e105b5740832e28b07732b4c3,con_ab103b8f3a915dd0b0131abea73fad5c,partially_searched,2026-08-22,Bounded publisher/index search logged; no importable positive recovered.
edr_b354a54e105b5740832e28b07732b4c3,con_abe0e1350e7856ad9a70ffdc75dd84f2,partially_searched,2026-08-22,Bounded publisher/index search logged; no importable positive recovered.
edr_b354a54e105b5740832e28b07732b4c3,con_ac0a746327ea57b39ba13add8456bbd3,partially_searched,2026-08-22,Bounded publisher/archive search logged; no importable positive recovered.
edr_b354a54e105b5740832e28b07732b4c3,con_ac347f98e5715159b3adecf8debcbde8,comprehensive_source_found,2026-08-22,Recovered publisher editorial lists its city-council choices.
edr_b354a54e105b5740832e28b07732b4c3,con_ae44722023c153d7a460278c9b621435,partially_searched,2026-08-22,Bounded publisher/index search logged; no importable positive recovered.
edr_b354a54e105b5740832e28b07732b4c3,con_af1f1cbea2a15cf4899bdd37d9fc80f7,partially_searched,2026-08-22,Bounded publisher/archive search logged; no importable positive recovered.
edr_b354a54e105b5740832e28b07732b4c3,con_b123ac953da1590ebb8bca29f5eb3bdc,partially_searched,2026-08-22,Bounded publisher/archive search logged; no importable positive recovered.
edr_b354a54e105b5740832e28b07732b4c3,con_b1ec123602ab559c939e1aa02badcd71,partially_searched,2026-08-22,Bounded publisher/index search logged; no importable positive recovered.
edr_b354a54e105b5740832e28b07732b4c3,con_b4c70c0c6f465c4091dce97cbbd286b3,partially_searched,2026-08-22,Bounded publisher/index search logged; no importable positive recovered.
edr_b354a54e105b5740832e28b07732b4c3,con_b592d84a34965294a78c84c50bab4ddb,partially_searched,2026-08-22,Bounded publisher/archive search logged; no importable positive recovered.
edr_b354a54e105b5740832e28b07732b4c3,con_b5ffb866cf475caca42769d641deb4a7,partially_searched,2026-08-22,Bounded publisher/index search logged; no importable positive recovered.
edr_b354a54e105b5740832e28b07732b4c3,con_b6bdff47e14a590897fb7531e91999d1,partially_searched,2026-08-22,Bounded publisher/archive search logged; no importable positive recovered.
edr_b354a54e105b5740832e28b07732b4c3,con_b7158aa7285c513f8255b4f87166c723,partially_searched,2026-08-22,Bounded publisher/archive search logged; no importable positive recovered.
edr_b354a54e105b5740832e28b07732b4c3,con_b93d69f083ed511ab264f38cc1d8b94c,comprehensive_source_found,2026-08-21,explicit choice source recovered
edr_b354a54e105b5740832e28b07732b4c3,con_b9bda7a65c8a5e03a69746d0072f95c1,partially_searched,2026-08-22,Bounded publisher/index search logged; no importable positive recovered.
edr_b354a54e105b5740832e28b07732b4c3,con_bab4f35c5b9a51da935131d5c790bddf,partially_searched,2026-08-22,Bounded publisher/archive search logged; no importable positive recovered.
edr_b354a54e105b5740832e28b07732b4c3,con_bb2bdc05e1365857b524a0a6596b48d5,partially_searched,2026-08-22,Ward 42 by-election search logged; no importable positive recovered.
edr_b354a54e105b5740832e28b07732b4c3,con_bcc3da3d377f5fd3bb1d8a0c3ad7160b,partially_searched,2026-08-22,Bounded publisher/archive search logged; no importable positive recovered.
edr_b354a54e105b5740832e28b07732b4c3,con_bd42720679895e8eb848ffc148979026,partially_searched,2026-08-21,current election searched through 2026-08-21
edr_b354a54e105b5740832e28b07732b4c3,con_bdb4bceb8d3d535e9d9284d19bf99bb0,partially_searched,2026-08-22,Bounded publisher/archive search logged; no importable positive recovered.
edr_b354a54e105b5740832e28b07732b4c3,con_be2d96cb623553cdbd79b303f9576bda,partially_searched,2026-08-22,Bounded publisher/archive search logged; no importable positive recovered.
edr_b354a54e105b5740832e28b07732b4c3,con_be3ee1a1a31f533885cbb71a268beda9,partially_searched,2026-08-22,Bounded publisher/index search logged; no importable positive recovered.
edr_b354a54e105b5740832e28b07732b4c3,con_bf4b3cd94fcd50ba8d2259a6df440a17,partially_searched,2026-08-22,Bounded publisher/index search logged; no importable positive recovered.
edr_b354a54e105b5740832e28b07732b4c3,con_bf589c2ec43c513aa964b64309534ac6,partially_searched,2026-08-22,Bounded publisher/archive search logged; no importable positive recovered.
edr_b354a54e105b5740832e28b07732b4c3,con_c44af6fcb9ff527e8974217b3d633af1,partially_searched,2026-08-22,Bounded publisher/archive search logged; no importable positive recovered.
edr_b354a54e105b5740832e28b07732b4c3,con_c49857c2f0a6591fa165be262c38930c,partially_searched,2026-08-22,Bounded publisher/index search logged; no importable positive recovered.
edr_b354a54e105b5740832e28b07732b4c3,con_c4de914fc9f15a3cab65125ee118d9c8,partially_searched,2026-08-22,Bounded publisher/archive search logged; no importable positive recovered.
edr_b354a54e105b5740832e28b07732b4c3,con_c555f2e9b45051a8b960bdbb0ac6080a,comprehensive_source_found,2026-08-22,Recovered publisher editorial lists its city-council choices.
edr_b354a54e105b5740832e28b07732b4c3,con_c57f0385335559e696305e7d4e632b40,partially_searched,2026-08-22,Bounded publisher/archive search logged; no importable positive recovered.
edr_b354a54e105b5740832e28b07732b4c3,con_c59d97019dab554698aea8cb6eeb469a,partially_searched,2026-08-22,Bounded publisher/index search logged; no importable positive recovered.
edr_b354a54e105b5740832e28b07732b4c3,con_c637e2ad153c516eb79ab5edb84161f8,partially_searched,2026-08-22,Bounded publisher/archive search logged; no importable positive recovered.
edr_b354a54e105b5740832e28b07732b4c3,con_c686b3ad3bd059d78db8cc44229817a0,partially_searched,2026-08-22,Bounded publisher/archive search logged; no importable positive recovered.
edr_b354a54e105b5740832e28b07732b4c3,con_c713b29e028a582893ad021c4a2b8546,partially_searched,2026-08-22,Bounded publisher/archive search logged; no importable positive recovered.
edr_b354a54e105b5740832e28b07732b4c3,con_c760f9c404835bb595e5671cf893c340,partially_searched,2026-08-22,Bounded publisher/index search logged; no importable positive recovered.
edr_b354a54e105b5740832e28b07732b4c3,con_c85783d7c9a4550bae21b8e14f2ff992,comprehensive_source_found,2026-08-22,Recovered publisher editorial lists its city-council choices.
edr_b354a54e105b5740832e28b07732b4c3,con_c8883aeeac29529eada91aebc451242b,partially_searched,2026-08-22,Ward 25 by-election search logged; no importable positive recovered.
edr_b354a54e105b5740832e28b07732b4c3,con_c8a9dfe07ee5545eb20e21d12773c57e,partially_searched,2026-08-22,Bounded publisher/archive search logged; no importable positive recovered.
edr_b354a54e105b5740832e28b07732b4c3,con_c90c50ce5e7c59dbaf6f3fb8efe575fd,partially_searched,2026-08-22,Bounded publisher/index search logged; no importable positive recovered.
edr_b354a54e105b5740832e28b07732b4c3,con_ca1753a2e9eb53b396a948ee50167f03,partially_searched,2026-08-22,Ward 15 by-election search logged; no importable positive recovered.
edr_b354a54e105b5740832e28b07732b4c3,con_caa23fae586656b2bab11ee711073a2c,comprehensive_source_found,2026-08-22,Recovered publisher editorial lists its city-council choices.
edr_b354a54e105b5740832e28b07732b4c3,con_cb4eea0a3dc657cc990d4fa53b4ae76f,partially_searched,2026-08-21,current election searched through 2026-08-21
edr_b354a54e105b5740832e28b07732b4c3,con_cceb1911b8545151a85313ea9045fdd6,partially_searched,2026-08-22,Bounded publisher/archive search logged; no importable positive recovered.
edr_b354a54e105b5740832e28b07732b4c3,con_ced450846b2e53ec8391a1a85ae3e75f,partially_searched,2026-08-21,current election searched through 2026-08-21
edr_b354a54e105b5740832e28b07732b4c3,con_d0cb7c26d6e55def83cde1da2c9bc8c5,partially_searched,2026-08-22,Bounded publisher/index search logged; no importable positive recovered.
edr_b354a54e105b5740832e28b07732b4c3,con_d100fd7c171150b8b18125987b174c3d,partially_searched,2026-08-22,Bounded publisher/index search logged; no importable positive recovered.
edr_b354a54e105b5740832e28b07732b4c3,con_d18675753b8f580c8834170f374d1e7c,partially_searched,2026-08-22,Bounded publisher/index search logged; no importable positive recovered.
edr_b354a54e105b5740832e28b07732b4c3,con_d3ecc496be285eebb80559abe5d5f9f1,partially_searched,2026-08-22,Bounded publisher/index search logged; no importable positive recovered.
edr_b354a54e105b5740832e28b07732b4c3,con_d42434b7f93353e6b9eeb64711b54648,partially_searched,2026-08-22,Bounded publisher/index search logged; no importable positive recovered.
edr_b354a54e105b5740832e28b07732b4c3,con_d4f2ce7b93c75f4ca9c7bc73a4ba2a30,partially_searched,2026-08-22,Bounded publisher/index search logged; no importable positive recovered.
edr_b354a54e105b5740832e28b07732b4c3,con_d5af05a065045bf9adaf30847252c957,partially_searched,2026-08-22,Bounded publisher/archive search logged; no importable positive recovered.
edr_b354a54e105b5740832e28b07732b4c3,con_d61412ebefff5d2b8bc9183244150abf,partially_searched,2026-08-22,Bounded publisher/archive search logged; no importable positive recovered.
edr_b354a54e105b5740832e28b07732b4c3,con_d69bc70f79a45bf397b2a657aa858e50,partially_searched,2026-08-22,Bounded publisher/index search logged; no importable positive recovered.
edr_b354a54e105b5740832e28b07732b4c3,con_d6f7b1cb92f959ab9408dbb936bcf2ff,partially_searched,2026-08-22,Bounded publisher/archive search logged; no importable positive recovered.
edr_b354a54e105b5740832e28b07732b4c3,con_d7ff0d7faa695e15b19ef05eaf2a93f5,not_applicable,2026-08-21,Contest predates the Endorser eligibility window
edr_b354a54e105b5740832e28b07732b4c3,con_d8e03f953ae157089237a1febc263587,partially_searched,2026-08-22,Bounded publisher/archive search logged; no importable positive recovered.
edr_b354a54e105b5740832e28b07732b4c3,con_d9eeb6c962c854b58be1e179e2168cb1,partially_searched,2026-08-22,Bounded publisher/index search logged; no importable positive recovered.
edr_b354a54e105b5740832e28b07732b4c3,con_da88824c2975511d9432812d4988c9d5,partially_searched,2026-08-22,Bounded publisher/archive search logged; no importable positive recovered.
edr_b354a54e105b5740832e28b07732b4c3,con_db6acf978ec15e2c9ac0230649ef0609,partially_searched,2026-08-22,Bounded publisher/archive search logged; no importable positive recovered.
edr_b354a54e105b5740832e28b07732b4c3,con_dbcfe2c3a43b5de292d63146a94cd52b,partially_searched,2026-08-21,current election searched through 2026-08-21
edr_b354a54e105b5740832e28b07732b4c3,con_e0aab60f6a3e50d59f1f09a1742a2ddd,comprehensive_source_found,2026-08-21,explicit choice source recovered
edr_b354a54e105b5740832e28b07732b4c3,con_e14c9528646b58ba89bddde54ae0f23e,partially_searched,2026-08-22,Bounded publisher/archive search logged; no importable positive recovered.
edr_b354a54e105b5740832e28b07732b4c3,con_e230d66a67245cd08a806de4208d288b,partially_searched,2026-08-22,Bounded publisher/archive search logged; no importable positive recovered.
edr_b354a54e105b5740832e28b07732b4c3,con_e2f423965407516280c8b3af41b9f5cf,partially_searched,2026-08-22,Bounded publisher/archive search logged; no importable positive recovered.
edr_b354a54e105b5740832e28b07732b4c3,con_e358c35644bd5b94b662f1e211fbc70e,partially_searched,2026-08-22,Bounded publisher/archive search logged; no importable positive recovered.
edr_b354a54e105b5740832e28b07732b4c3,con_e3987d425526548a844f6d73b662eac3,partially_searched,2026-08-22,Bounded publisher/archive search logged; no importable positive recovered.
edr_b354a54e105b5740832e28b07732b4c3,con_e3ed783f131d579d8718d34c15675901,partially_searched,2026-08-22,Ward 2 by-election search logged; no importable positive recovered.
edr_b354a54e105b5740832e28b07732b4c3,con_e3f1226fd27e5ec6bf5d96a8439cc26a,partially_searched,2026-08-22,Bounded publisher/archive search logged; no importable positive recovered.
edr_b354a54e105b5740832e28b07732b4c3,con_e689393a84cc500bab2476e3913f093d,partially_searched,2026-08-22,Bounded publisher/archive search logged; no importable positive recovered.
edr_b354a54e105b5740832e28b07732b4c3,con_e7325536f8e85cffa249480df8a556a2,partially_searched,2026-08-22,Bounded publisher/index search logged; no importable positive recovered.
edr_b354a54e105b5740832e28b07732b4c3,con_e78d7e5eb6975c7b98ef0efd13e5c783,partially_searched,2026-08-22,Bounded publisher/archive search logged; no importable positive recovered.
edr_b354a54e105b5740832e28b07732b4c3,con_e8d5ffca829d5a06ad87216dc76d6e6a,partially_searched,2026-08-22,Bounded publisher/archive search logged; no importable positive recovered.
edr_b354a54e105b5740832e28b07732b4c3,con_e8f16f1721ce5517977fa5bc1f660248,partially_searched,2026-08-22,Bounded publisher/archive search logged; no importable positive recovered.
edr_b354a54e105b5740832e28b07732b4c3,con_e93ddb13c85852b58b88208c71191394,partially_searched,2026-08-22,Bounded publisher/index search logged; no importable positive recovered.
edr_b354a54e105b5740832e28b07732b4c3,con_ebbe0512549c59bc8a7a31e7ec5a59e9,partially_searched,2026-08-22,Bounded publisher/index search logged; no importable positive recovered.
edr_b354a54e105b5740832e28b07732b4c3,con_ebcb4d472e005fbbadabf9f6201cbe13,partially_searched,2026-08-22,Bounded publisher/archive search logged; no importable positive recovered.
edr_b354a54e105b5740832e28b07732b4c3,con_ec88bd40dff858e695ae9533199be499,partially_searched,2026-08-22,Bounded publisher/index search logged; no importable positive recovered.
edr_b354a54e105b5740832e28b07732b4c3,con_eccf9644aa2c598fa731d009a96fcf64,partially_searched,2026-08-22,Ward 20 by-election search logged; no importable positive recovered.
edr_b354a54e105b5740832e28b07732b4c3,con_ed22821703705704bff31b43ed036014,partially_searched,2026-08-22,Bounded publisher/archive search logged; no importable positive recovered.
edr_b354a54e105b5740832e28b07732b4c3,con_edd7a5395e9a586bb5289cb5ed1106b3,partially_searched,2026-08-22,Bounded publisher/archive search logged; no importable positive recovered.
edr_b354a54e105b5740832e28b07732b4c3,con_eeda9883ca2d57148405d41f7f5a80a4,comprehensive_source_found,2026-08-22,Recovered publisher editorial lists its city-council choices.
edr_b354a54e105b5740832e28b07732b4c3,con_f0bbc885a5535e28bc005ca644cc4e22,partially_searched,2026-08-22,Bounded publisher/index search logged; no importable positive recovered.
edr_b354a54e105b5740832e28b07732b4c3,con_f0cf1eca40845631b0bd4d4750413711,partially_searched,2026-08-22,Bounded publisher/archive search logged; no importable positive recovered.
edr_b354a54e105b5740832e28b07732b4c3,con_f3e797bac18a5e45a723ff263eafb93e,partially_searched,2026-08-22,Bounded publisher/index search logged; no importable positive recovered.
edr_b354a54e105b5740832e28b07732b4c3,con_f449befd52f1538191ef612c9e711c45,partially_searched,2026-08-22,Bounded publisher/index search logged; no importable positive recovered.
edr_b354a54e105b5740832e28b07732b4c3,con_f5117910f9d358e48dec8f0fd7c77712,partially_searched,2026-08-21,current election searched through 2026-08-21
edr_b354a54e105b5740832e28b07732b4c3,con_f59fe6995c8b528dbd3cbfbb5c3277c8,partially_searched,2026-08-22,Bounded publisher/archive search logged; no importable positive recovered.
edr_b354a54e105b5740832e28b07732b4c3,con_f8a855ebf8c250bda4eeed75246305b5,partially_searched,2026-08-22,Bounded publisher/archive search logged; no importable positive recovered.
edr_b354a54e105b5740832e28b07732b4c3,con_f961284da53f5a38ba3a20e7e998ef4f,comprehensive_source_found,2026-08-22,Recovered publisher editorial lists its city-council choices.
edr_b354a54e105b5740832e28b07732b4c3,con_f97200e8b8345e4b844e990437f0b077,partially_searched,2026-08-21,current election searched through 2026-08-21
edr_b354a54e105b5740832e28b07732b4c3,con_fc66f2cac25c5ea58dccc4005672bad8,partially_searched,2026-08-22,Bounded publisher/archive search logged; no importable positive recovered.
edr_b354a54e105b5740832e28b07732b4c3,con_fdb17fc50f125d17af9f8b0a22566116,not_applicable,2026-08-21,Contest predates the Endorser eligibility window
edr_b354a54e105b5740832e28b07732b4c3,con_fed30965855757d399c6acfbd6e6d4f4,partially_searched,2026-08-22,Bounded publisher/archive search logged; no importable positive recovered.
edr_b79f2a6f6d3f5775bc7042336f462560,con_004711e5bbda5d169a7774d906befd21,not_applicable,2026-08-21,Contest predates the Endorser eligibility window
edr_b79f2a6f6d3f5775bc7042336f462560,con_02e530a81bf75a6bbf6b4ca0a9ea6738,not_applicable,2026-08-21,Contest predates the Endorser eligibility window
edr_b79f2a6f6d3f5775bc7042336f462560,con_037ae72c455f558590ca04bc929df4cb,not_applicable,2026-08-21,Contest predates the Endorser eligibility window
edr_b79f2a6f6d3f5775bc7042336f462560,con_0408bfe48f1059ecbe918aec119f10a3,partially_searched,2026-08-21,current election searched through 2026-08-21
edr_b79f2a6f6d3f5775bc7042336f462560,con_04a4bbe5ef575c72b4ec49d601f24b71,not_applicable,2026-08-21,Contest predates the Endorser eligibility window
edr_b79f2a6f6d3f5775bc7042336f462560,con_099fbf24dd655a0e8b1720fbe2215a6a,not_applicable,2026-08-21,Contest predates the Endorser eligibility window
edr_b79f2a6f6d3f5775bc7042336f462560,con_09d3330e921d5e53ae19007709e75bf9,not_applicable,2026-08-21,Contest predates the Endorser eligibility window
edr_b79f2a6f6d3f5775bc7042336f462560,con_0a880ce7b6ad5bdaa2e2dc7b19601aa8,not_applicable,2026-08-21,Contest predates the Endorser eligibility window
edr_b79f2a6f6d3f5775bc7042336f462560,con_0b8c9e853efa5e3da86b0f1eff65589e,not_applicable,2026-08-21,Contest predates the Endorser eligibility window
edr_b79f2a6f6d3f5775bc7042336f462560,con_0d00ed8759a1559c82329352d94a7812,partially_searched,2026-08-21,current election searched through 2026-08-21
edr_b79f2a6f6d3f5775bc7042336f462560,con_0d314382ba1a5d62b399c1eefc717cc1,not_applicable,2026-08-21,Contest predates the Endorser eligibility window
edr_b79f2a6f6d3f5775bc7042336f462560,con_0dc4d6b99efa5f32a8f36b24d080bb2d,not_applicable,2026-08-21,Contest predates the Endorser eligibility window
edr_b79f2a6f6d3f5775bc7042336f462560,con_107ad5f6c01f5d4389c8194358534375,not_applicable,2026-08-21,Contest predates the Endorser eligibility window
edr_b79f2a6f6d3f5775bc7042336f462560,con_11ea4a9756fd5bc4a466dc797994b068,not_applicable,2026-08-21,Contest predates the Endorser eligibility window
edr_b79f2a6f6d3f5775bc7042336f462560,con_13660de4bc485cc68e0744199d21cb46,not_applicable,2026-08-21,Contest predates the Endorser eligibility window
edr_b79f2a6f6d3f5775bc7042336f462560,con_147dca9e3758595d8766dc52d11a65f4,not_applicable,2026-08-21,Contest predates the Endorser eligibility window
edr_b79f2a6f6d3f5775bc7042336f462560,con_14cf7e0c0e4c578d9a2a0777404c36b1,partially_searched,2026-08-21,current election searched through 2026-08-21
edr_b79f2a6f6d3f5775bc7042336f462560,con_16fad19349255393a28639cd62e83ae3,not_applicable,2026-08-21,Contest predates the Endorser eligibility window
edr_b79f2a6f6d3f5775bc7042336f462560,con_17593cee737354878c920526a9fa7afd,not_applicable,2026-08-21,Contest predates the Endorser eligibility window
edr_b79f2a6f6d3f5775bc7042336f462560,con_17c2e1a7404c5641823443ca7a6dcc10,not_applicable,2026-08-21,Contest predates the Endorser eligibility window
edr_b79f2a6f6d3f5775bc7042336f462560,con_17f69fde16cb514bb16fb6e361c07fff,not_applicable,2026-08-21,Contest predates the Endorser eligibility window
edr_b79f2a6f6d3f5775bc7042336f462560,con_18fc5604e3b45ef08d8af9b0813a1918,not_applicable,2026-08-21,Contest predates the Endorser eligibility window
edr_b79f2a6f6d3f5775bc7042336f462560,con_1969b3b6667f56549d1f35b90f606cbf,not_applicable,2026-08-21,Contest predates the Endorser eligibility window
edr_b79f2a6f6d3f5775bc7042336f462560,con_1a46b115b13d55619bcaf30903c183e3,not_applicable,2026-08-21,Contest predates the Endorser eligibility window
edr_b79f2a6f6d3f5775bc7042336f462560,con_1b8d99f619f758efb737805a20bcf6fb,not_applicable,2026-08-21,Contest predates the Endorser eligibility window
edr_b79f2a6f6d3f5775bc7042336f462560,con_1c0aff783cfb5ac995b40930229ffd15,not_applicable,2026-08-21,Contest predates the Endorser eligibility window
edr_b79f2a6f6d3f5775bc7042336f462560,con_1cf871058a8c5bc9a34c7dbdf6edca83,not_applicable,2026-08-21,Contest predates the Endorser eligibility window
edr_b79f2a6f6d3f5775bc7042336f462560,con_1e16e8a3edc55c77847b36d881fb8fe7,not_applicable,2026-08-21,Contest predates the Endorser eligibility window
edr_b79f2a6f6d3f5775bc7042336f462560,con_1fa443b3390f5d6691f7994877cf55c8,not_applicable,2026-08-21,Contest predates the Endorser eligibility window
edr_b79f2a6f6d3f5775bc7042336f462560,con_20589f7261325cd892231ed42321b3cf,not_applicable,2026-08-21,Contest predates the Endorser eligibility window
edr_b79f2a6f6d3f5775bc7042336f462560,con_2070d155d42250abac2e50baf8c6bf39,not_applicable,2026-08-21,Contest predates the Endorser eligibility window
edr_b79f2a6f6d3f5775bc7042336f462560,con_218bbbaab66c59bc8d0d747f3ae2fb3c,not_applicable,2026-08-21,Contest predates the Endorser eligibility window
edr_b79f2a6f6d3f5775bc7042336f462560,con_222bdce34cf75bbeb159589e8f46045b,not_applicable,2026-08-21,Contest predates the Endorser eligibility window
edr_b79f2a6f6d3f5775bc7042336f462560,con_2317176dbf5e5a4fab7fd65b16359ebd,not_applicable,2026-08-21,Contest predates the Endorser eligibility window
edr_b79f2a6f6d3f5775bc7042336f462560,con_25e09708c7c756b38cca57f2cf9f3b1e,partially_searched,2026-08-21,current election searched through 2026-08-21
edr_b79f2a6f6d3f5775bc7042336f462560,con_25f46be8b0a857faa602e39531d4ed0c,partially_searched,2026-08-21,current election searched through 2026-08-21
edr_b79f2a6f6d3f5775bc7042336f462560,con_272ca0eaeab656b89a5038bc74ad9988,not_applicable,2026-08-21,Contest predates the Endorser eligibility window
edr_b79f2a6f6d3f5775bc7042336f462560,con_27e80d547d0256149213a7e90956055b,not_applicable,2026-08-21,Contest predates the Endorser eligibility window
edr_b79f2a6f6d3f5775bc7042336f462560,con_2865d31031005dd897904c3f07e4d039,not_applicable,2026-08-21,Contest predates the Endorser eligibility window
edr_b79f2a6f6d3f5775bc7042336f462560,con_28b9bf4109765f57a3a7923479b37af9,not_applicable,2026-08-21,Contest predates the Endorser eligibility window
edr_b79f2a6f6d3f5775bc7042336f462560,con_29e8a0598b6d5fe18984bfe68b9d27f7,partially_searched,2026-08-21,current election searched through 2026-08-21
edr_b79f2a6f6d3f5775bc7042336f462560,con_2befcc6536315440902962b270ad7f70,not_applicable,2026-08-21,Contest predates the Endorser eligibility window
edr_b79f2a6f6d3f5775bc7042336f462560,con_2bf1297cee4b5750992138d9da3c0dc0,partially_searched,2026-08-21,current election searched through 2026-08-21
edr_b79f2a6f6d3f5775bc7042336f462560,con_2c0ca30fc75e51a3acf50c4693b1cc1b,not_applicable,2026-08-21,Contest predates the Endorser eligibility window
edr_b79f2a6f6d3f5775bc7042336f462560,con_2c70fd784be55c4794f8294a723dedb9,not_applicable,2026-08-21,Contest predates the Endorser eligibility window
edr_b79f2a6f6d3f5775bc7042336f462560,con_2c97298461635376899e36569d2c7be3,not_applicable,2026-08-21,Contest predates the Endorser eligibility window
edr_b79f2a6f6d3f5775bc7042336f462560,con_2ce79e4f63945b9b90a05c245e9382fc,not_applicable,2026-08-21,Contest predates the Endorser eligibility window
edr_b79f2a6f6d3f5775bc7042336f462560,con_2cf721e86d7a55de8cf53a0ae3f6413c,not_applicable,2026-08-21,Contest predates the Endorser eligibility window
edr_b79f2a6f6d3f5775bc7042336f462560,con_2d92299c561559d99eccb92c22f4eb47,not_applicable,2026-08-21,Contest predates the Endorser eligibility window
edr_b79f2a6f6d3f5775bc7042336f462560,con_2f43675e2c5c59b796fafde036252ed1,not_applicable,2026-08-21,Contest predates the Endorser eligibility window
edr_b79f2a6f6d3f5775bc7042336f462560,con_2f8a0c46b37950fd9149d9b62f1f0142,not_applicable,2026-08-21,Contest predates the Endorser eligibility window
edr_b79f2a6f6d3f5775bc7042336f462560,con_31d375f206cb5fe1955efa73ae9da43e,not_applicable,2026-08-21,Contest predates the Endorser eligibility window
edr_b79f2a6f6d3f5775bc7042336f462560,con_33da03ca4a1159089c55d78f4edd2bf3,not_applicable,2026-08-21,Contest predates the Endorser eligibility window
edr_b79f2a6f6d3f5775bc7042336f462560,con_34196d04855f52249d03362a5469c3c0,partially_searched,2026-08-21,current election searched through 2026-08-21
edr_b79f2a6f6d3f5775bc7042336f462560,con_350f0c58a79a574d926206857445b2d9,not_applicable,2026-08-21,Contest predates the Endorser eligibility window
edr_b79f2a6f6d3f5775bc7042336f462560,con_35fc512b3ae2545fa6ff408778ae144d,partially_searched,2026-08-21,current election searched through 2026-08-21
edr_b79f2a6f6d3f5775bc7042336f462560,con_368b196a6cf154a88c9f1275824dc99e,partially_searched,2026-08-21,current election searched through 2026-08-21
edr_b79f2a6f6d3f5775bc7042336f462560,con_387d212e18c453e2a8eb298de5c374ff,not_applicable,2026-08-21,Contest predates the Endorser eligibility window
edr_b79f2a6f6d3f5775bc7042336f462560,con_393178f4fb765cd0bbeaa13d06dca32c,not_applicable,2026-08-21,Contest predates the Endorser eligibility window
edr_b79f2a6f6d3f5775bc7042336f462560,con_398774c449785307baa3822c581963e9,not_applicable,2026-08-21,Contest predates the Endorser eligibility window
edr_b79f2a6f6d3f5775bc7042336f462560,con_3a262cc7bf83579eae79ce2032ea06d1,not_applicable,2026-08-21,Contest predates the Endorser eligibility window
edr_b79f2a6f6d3f5775bc7042336f462560,con_3a43982e2a0450b2a3f4c5241f6965d8,not_applicable,2026-08-21,Contest predates the Endorser eligibility window
edr_b79f2a6f6d3f5775bc7042336f462560,con_3ae0da024263524d8e13691dbeeadc88,not_applicable,2026-08-21,Contest predates the Endorser eligibility window
edr_b79f2a6f6d3f5775bc7042336f462560,con_3c1699cb4b0257ae8cf61da26db0c160,not_applicable,2026-08-21,Contest predates the Endorser eligibility window
edr_b79f2a6f6d3f5775bc7042336f462560,con_3fc9df4b254c5eb6a2a7fb629a124bfb,not_applicable,2026-08-21,Contest predates the Endorser eligibility window
edr_b79f2a6f6d3f5775bc7042336f462560,con_3fd9226a06995ec78201f807f175b930,not_applicable,2026-08-21,Contest predates the Endorser eligibility window
edr_b79f2a6f6d3f5775bc7042336f462560,con_419d313f6cfc5451ba26ad4687222e83,partially_searched,2026-08-21,current election searched through 2026-08-21
edr_b79f2a6f6d3f5775bc7042336f462560,con_43b57e74c0a454db9f5ed346b6fc7095,not_applicable,2026-08-21,Contest predates the Endorser eligibility window
edr_b79f2a6f6d3f5775bc7042336f462560,con_43f8a49a6b095ee8a38c2a1aa0477382,not_applicable,2026-08-21,Contest predates the Endorser eligibility window
edr_b79f2a6f6d3f5775bc7042336f462560,con_45eb3e143f1b5492b4652498c957ed6b,not_applicable,2026-08-21,Contest predates the Endorser eligibility window
edr_b79f2a6f6d3f5775bc7042336f462560,con_46f4af62ff4956f5b31ebec2e77229fa,not_applicable,2026-08-21,Contest predates the Endorser eligibility window
edr_b79f2a6f6d3f5775bc7042336f462560,con_46f7b754b02b57d0a651c417f9f0471d,not_applicable,2026-08-21,Contest predates the Endorser eligibility window
edr_b79f2a6f6d3f5775bc7042336f462560,con_47f9c6bba0165404a3fec5492a0940b3,not_applicable,2026-08-21,Contest predates the Endorser eligibility window
edr_b79f2a6f6d3f5775bc7042336f462560,con_4977aa6e0a865d788ed7ebf871e4027c,not_applicable,2026-08-21,Contest predates the Endorser eligibility window
edr_b79f2a6f6d3f5775bc7042336f462560,con_4a5af0945c9a5a01ae50e3a5ea61b3fb,not_applicable,2026-08-21,Contest predates the Endorser eligibility window
edr_b79f2a6f6d3f5775bc7042336f462560,con_4b3374ab9039564fa8ed1cedf493a0e3,not_applicable,2026-08-21,Contest predates the Endorser eligibility window
edr_b79f2a6f6d3f5775bc7042336f462560,con_4b6815e8c2e155d881aba7f21ad5b69b,partially_searched,2026-08-21,current election searched through 2026-08-21
edr_b79f2a6f6d3f5775bc7042336f462560,con_4def6d4e85f85950babb9030e4eae0cb,not_applicable,2026-08-21,Contest predates the Endorser eligibility window
edr_b79f2a6f6d3f5775bc7042336f462560,con_4e3ebb6b13cb5d2396519f9df6fbdf4b,not_applicable,2026-08-21,Contest predates the Endorser eligibility window
edr_b79f2a6f6d3f5775bc7042336f462560,con_4e432b136b83537fb08e7e8485f4949c,not_applicable,2026-08-21,Contest predates the Endorser eligibility window
edr_b79f2a6f6d3f5775bc7042336f462560,con_4ead7aa21a905ad7bd1838cb33f37045,not_applicable,2026-08-21,Contest predates the Endorser eligibility window
edr_b79f2a6f6d3f5775bc7042336f462560,con_5161ebd9ab2b5c55bfcd6eef433082c9,not_applicable,2026-08-21,Contest predates the Endorser eligibility window
edr_b79f2a6f6d3f5775bc7042336f462560,con_5212e699e2ab537eaf63c23b0952d1a1,partially_searched,2026-08-21,current election searched through 2026-08-21
edr_b79f2a6f6d3f5775bc7042336f462560,con_52f50431db92559f8d4391fb2e932f16,not_applicable,2026-08-21,Contest predates the Endorser eligibility window
edr_b79f2a6f6d3f5775bc7042336f462560,con_53468b4ee3c7510aba4d708f584951a9,not_applicable,2026-08-21,Contest predates the Endorser eligibility window
edr_b79f2a6f6d3f5775bc7042336f462560,con_5394ec9f2261502eb1947c064bfdaf8a,partially_searched,2026-08-21,current election searched through 2026-08-21
edr_b79f2a6f6d3f5775bc7042336f462560,con_54d4d8b5d91f5df5ba8bfdf9c61296af,not_applicable,2026-08-21,Contest predates the Endorser eligibility window
edr_b79f2a6f6d3f5775bc7042336f462560,con_5587a8b9ae37546eb39a67333b5011ed,not_applicable,2026-08-21,Contest predates the Endorser eligibility window
edr_b79f2a6f6d3f5775bc7042336f462560,con_55f5230db0d85c499ce7cea0ce379f5f,not_applicable,2026-08-21,Contest predates the Endorser eligibility window
edr_b79f2a6f6d3f5775bc7042336f462560,con_579cae8a3fa455a7a3e68d1b1900fffa,not_applicable,2026-08-21,Contest predates the Endorser eligibility window
edr_b79f2a6f6d3f5775bc7042336f462560,con_59aa1ee85e2d51ca8dee4338d37665c2,not_applicable,2026-08-21,Contest predates the Endorser eligibility window
edr_b79f2a6f6d3f5775bc7042336f462560,con_59bfad1b37305c63a378a4614deb11ae,not_applicable,2026-08-21,Contest predates the Endorser eligibility window
edr_b79f2a6f6d3f5775bc7042336f462560,con_5ae0589c69375400b18fd5960241eeac,partially_searched,2026-08-21,current election searched through 2026-08-21
edr_b79f2a6f6d3f5775bc7042336f462560,con_5babda81dd6351a28a423340a03b5d8a,not_applicable,2026-08-21,Contest predates the Endorser eligibility window
edr_b79f2a6f6d3f5775bc7042336f462560,con_5c4da484552c546aaff98277d675d594,not_applicable,2026-08-21,Contest predates the Endorser eligibility window
edr_b79f2a6f6d3f5775bc7042336f462560,con_5c8144ae39615a3189a3691c99c5ea4e,not_applicable,2026-08-21,Contest predates the Endorser eligibility window
edr_b79f2a6f6d3f5775bc7042336f462560,con_5cb64f68c501559d960b05fb29843745,not_applicable,2026-08-21,Contest predates the Endorser eligibility window
edr_b79f2a6f6d3f5775bc7042336f462560,con_5d8609e7e7f4584ea28ad032690bdae8,not_applicable,2026-08-21,Contest predates the Endorser eligibility window
edr_b79f2a6f6d3f5775bc7042336f462560,con_5f814673ab4050e5b50e46685dbfbecb,not_applicable,2026-08-21,Contest predates the Endorser eligibility window
edr_b79f2a6f6d3f5775bc7042336f462560,con_610d1afaa15d592eb956835f8fd51600,not_applicable,2026-08-21,Contest predates the Endorser eligibility window
edr_b79f2a6f6d3f5775bc7042336f462560,con_612115bf42b450d3aeb63bb430d3aec9,not_applicable,2026-08-21,Contest predates the Endorser eligibility window
edr_b79f2a6f6d3f5775bc7042336f462560,con_6131490bb0d75b1ba4033e2284df71f8,not_applicable,2026-08-21,Contest predates the Endorser eligibility window
edr_b79f2a6f6d3f5775bc7042336f462560,con_61eed2bcd6ce5343bea274fe8a8028bc,not_applicable,2026-08-21,Contest predates the Endorser eligibility window
edr_b79f2a6f6d3f5775bc7042336f462560,con_622c2ee026875ae4ac60200b1559e8f6,not_applicable,2026-08-21,Contest predates the Endorser eligibility window
edr_b79f2a6f6d3f5775bc7042336f462560,con_6240f694b6ce5307a2126a9103153475,not_applicable,2026-08-21,Contest predates the Endorser eligibility window
edr_b79f2a6f6d3f5775bc7042336f462560,con_636fab9611ed540ebff54ad772a1827d,not_applicable,2026-08-21,Contest predates the Endorser eligibility window
edr_b79f2a6f6d3f5775bc7042336f462560,con_639f022801275cedb8f9b4fe82711ae3,not_applicable,2026-08-21,Contest predates the Endorser eligibility window
edr_b79f2a6f6d3f5775bc7042336f462560,con_643801dc921651c3a1ef5d96772fb13d,not_applicable,2026-08-21,Contest predates the Endorser eligibility window
edr_b79f2a6f6d3f5775bc7042336f462560,con_6629fd920f2b5a8d9b7959fafdd04a1a,not_applicable,2026-08-21,Contest predates the Endorser eligibility window
edr_b79f2a6f6d3f5775bc7042336f462560,con_662d709bee42574392549fc786efea0d,not_applicable,2026-08-21,Contest predates the Endorser eligibility window
edr_b79f2a6f6d3f5775bc7042336f462560,con_67daf6d284a75ecc8b775a05a871a58e,partially_searched,2026-08-21,current election searched through 2026-08-21
edr_b79f2a6f6d3f5775bc7042336f462560,con_680464772a025da6aa5eaf650cefb52a,not_applicable,2026-08-21,Contest predates the Endorser eligibility window
edr_b79f2a6f6d3f5775bc7042336f462560,con_6821258c9f7f598e829c8617b8765c25,not_applicable,2026-08-21,Contest predates the Endorser eligibility window
edr_b79f2a6f6d3f5775bc7042336f462560,con_6a1f4d7470675d869b3b11aede0812f2,not_applicable,2026-08-21,Contest predates the Endorser eligibility window
edr_b79f2a6f6d3f5775bc7042336f462560,con_6ba310e4ba695121835a4fde58144a47,partially_searched,2026-08-21,current election searched through 2026-08-21
edr_b79f2a6f6d3f5775bc7042336f462560,con_6beb6fc4da14503aa70fa94b8fe0b600,not_applicable,2026-08-21,Contest predates the Endorser eligibility window
edr_b79f2a6f6d3f5775bc7042336f462560,con_6c708130eaa15c9080cc3cd3a207f63b,not_applicable,2026-08-21,Contest predates the Endorser eligibility window
edr_b79f2a6f6d3f5775bc7042336f462560,con_6d24ced99da9539aaaad476a9a2747f4,not_applicable,2026-08-21,Contest predates the Endorser eligibility window
edr_b79f2a6f6d3f5775bc7042336f462560,con_6d7f00a8037754c0a6f34579bee44966,not_applicable,2026-08-21,Contest predates the Endorser eligibility window
edr_b79f2a6f6d3f5775bc7042336f462560,con_6efbf1ffbfee5e2cb5f5fab52dd98a91,partially_searched,2026-08-21,current election searched through 2026-08-21
edr_b79f2a6f6d3f5775bc7042336f462560,con_6fd864aec40c5bbc9f3eb32d2e9e4379,not_applicable,2026-08-21,Contest predates the Endorser eligibility window
edr_b79f2a6f6d3f5775bc7042336f462560,con_719e754cd3eb5a8abbc6e78d6413ff60,partially_searched,2026-08-21,current election searched through 2026-08-21
edr_b79f2a6f6d3f5775bc7042336f462560,con_727f839c8adc5531bd874edb6b663c05,not_applicable,2026-08-21,Contest predates the Endorser eligibility window
edr_b79f2a6f6d3f5775bc7042336f462560,con_744dd2f798b8521e8de9693750f474d2,not_applicable,2026-08-21,Contest predates the Endorser eligibility window
edr_b79f2a6f6d3f5775bc7042336f462560,con_76db9d7d1989548fadeac8b8116dc357,not_applicable,2026-08-21,Contest predates the Endorser eligibility window
edr_b79f2a6f6d3f5775bc7042336f462560,con_778d3d5e612151bcb14703a9f987556d,not_applicable,2026-08-21,Contest predates the Endorser eligibility window
edr_b79f2a6f6d3f5775bc7042336f462560,con_77f42d0ca0a15c57a01b5579fef4625a,not_applicable,2026-08-21,Contest predates the Endorser eligibility window
edr_b79f2a6f6d3f5775bc7042336f462560,con_79a0aa63063d5dd6a5a2ed28c29ecec1,not_applicable,2026-08-21,Contest predates the Endorser eligibility window
edr_b79f2a6f6d3f5775bc7042336f462560,con_7a4043e26d4256e78ee3861fb81e718a,not_applicable,2026-08-21,Contest predates the Endorser eligibility window
edr_b79f2a6f6d3f5775bc7042336f462560,con_7acbde45d7355dbeb5327c8eff9039ed,not_applicable,2026-08-21,Contest predates the Endorser eligibility window
edr_b79f2a6f6d3f5775bc7042336f462560,con_7b92b7a12bbf5240a728cbe9d42aa420,not_applicable,2026-08-21,Contest predates the Endorser eligibility window
edr_b79f2a6f6d3f5775bc7042336f462560,con_7bbdc7e302705fee987b1ebca87ef16d,not_applicable,2026-08-21,Contest predates the Endorser eligibility window
edr_b79f2a6f6d3f5775bc7042336f462560,con_7d07021e53b35a609a75560232a15fd1,not_applicable,2026-08-21,Contest predates the Endorser eligibility window
edr_b79f2a6f6d3f5775bc7042336f462560,con_7e6cf2fd75ba560a900bb024e72fe99c,not_applicable,2026-08-21,Contest predates the Endorser eligibility window
edr_b79f2a6f6d3f5775bc7042336f462560,con_7eba7d2b2ccb57e5aa6ab13c307b2517,not_applicable,2026-08-21,Contest predates the Endorser eligibility window
edr_b79f2a6f6d3f5775bc7042336f462560,con_7ee43d0beaab558c9788d151bbd8d067,not_applicable,2026-08-21,Contest predates the Endorser eligibility window
edr_b79f2a6f6d3f5775bc7042336f462560,con_802f842541d15d899e8f6acf3b86ae45,not_applicable,2026-08-21,Contest predates the Endorser eligibility window
edr_b79f2a6f6d3f5775bc7042336f462560,con_810611751acb5e86ab30b3277e7e6dad,not_applicable,2026-08-21,Contest predates the Endorser eligibility window
edr_b79f2a6f6d3f5775bc7042336f462560,con_8283f00fca6855af9a0a63e550482bda,not_applicable,2026-08-21,Contest predates the Endorser eligibility window
edr_b79f2a6f6d3f5775bc7042336f462560,con_82f64d71deda5204bf8ba5ab710c21e6,not_applicable,2026-08-21,Contest predates the Endorser eligibility window
edr_b79f2a6f6d3f5775bc7042336f462560,con_8322c67bf27e5374a4da8de81ef663fc,partially_searched,2026-08-21,current election searched through 2026-08-21
edr_b79f2a6f6d3f5775bc7042336f462560,con_834d568760e15dcdb0b423512c33fe9c,not_applicable,2026-08-21,Contest predates the Endorser eligibility window
edr_b79f2a6f6d3f5775bc7042336f462560,con_83ded5c17ed75ca788f320a13b17dd08,not_applicable,2026-08-21,Contest predates the Endorser eligibility window
edr_b79f2a6f6d3f5775bc7042336f462560,con_845cf9eb2c1b5ed6b35801d45f86cd82,not_applicable,2026-08-21,Contest predates the Endorser eligibility window
edr_b79f2a6f6d3f5775bc7042336f462560,con_849867f583195ad38c77941612883bd9,not_applicable,2026-08-21,Contest predates the Endorser eligibility window
edr_b79f2a6f6d3f5775bc7042336f462560,con_86779f733e9f58e78227d4c49c260033,not_applicable,2026-08-21,Contest predates the Endorser eligibility window
edr_b79f2a6f6d3f5775bc7042336f462560,con_86a1f5b3235452b4a3cb3b3297e4dd51,not_applicable,2026-08-21,Contest predates the Endorser eligibility window
edr_b79f2a6f6d3f5775bc7042336f462560,con_88a17b76344c50ba9a3a118dd558c185,not_applicable,2026-08-21,Contest predates the Endorser eligibility window
edr_b79f2a6f6d3f5775bc7042336f462560,con_88f5ccc6b744588da3d07590c5dca974,not_applicable,2026-08-21,Contest predates the Endorser eligibility window
edr_b79f2a6f6d3f5775bc7042336f462560,con_899c01be1cc951dfb79010a2fbd8ad10,not_applicable,2026-08-21,Contest predates the Endorser eligibility window
edr_b79f2a6f6d3f5775bc7042336f462560,con_8a8efa738bef57fc9329489f768529c9,not_applicable,2026-08-21,Contest predates the Endorser eligibility window
edr_b79f2a6f6d3f5775bc7042336f462560,con_8b4a03ef5a3c55c4ab20662c886b31a7,not_applicable,2026-08-21,Contest predates the Endorser eligibility window
edr_b79f2a6f6d3f5775bc7042336f462560,con_8c969ca3bbbb537382be9d4ed8dd7697,not_applicable,2026-08-21,Contest predates the Endorser eligibility window
edr_b79f2a6f6d3f5775bc7042336f462560,con_8d2d5f08a1095a14abbcb526483a3aa0,not_applicable,2026-08-21,Contest predates the Endorser eligibility window
edr_b79f2a6f6d3f5775bc7042336f462560,con_90b9ffb191415b13a8c7f334ef771513,not_applicable,2026-08-21,Contest predates the Endorser eligibility window
edr_b79f2a6f6d3f5775bc7042336f462560,con_91f80636385c5df5b2d409f9c9b389ed,not_applicable,2026-08-21,Contest predates the Endorser eligibility window
edr_b79f2a6f6d3f5775bc7042336f462560,con_922d425132ad5243b459c0ca40a6dcd9,not_applicable,2026-08-21,Contest predates the Endorser eligibility window
edr_b79f2a6f6d3f5775bc7042336f462560,con_9250eb2b2609550597520e68352ac56a,not_applicable,2026-08-21,Contest predates the Endorser eligibility window
edr_b79f2a6f6d3f5775bc7042336f462560,con_945161409a0450f29e351ff3f263f815,not_applicable,2026-08-21,Contest predates the Endorser eligibility window
edr_b79f2a6f6d3f5775bc7042336f462560,con_9473b9c31bb55e62ac4432451881acf1,not_applicable,2026-08-21,Contest predates the Endorser eligibility window
edr_b79f2a6f6d3f5775bc7042336f462560,con_9476d4c41a7d5fa48b97b47e28f9305d,not_applicable,2026-08-21,Contest predates the Endorser eligibility window
edr_b79f2a6f6d3f5775bc7042336f462560,con_95ce62f8d45154c7836ec0372d2a416e,not_applicable,2026-08-21,Contest predates the Endorser eligibility window
edr_b79f2a6f6d3f5775bc7042336f462560,con_95ddf0ee07b85a9da9038f871eeefaba,not_applicable,2026-08-21,Contest predates the Endorser eligibility window
edr_b79f2a6f6d3f5775bc7042336f462560,con_98fc649f10ee5100a44520c1500dfac9,not_applicable,2026-08-21,Contest predates the Endorser eligibility window
edr_b79f2a6f6d3f5775bc7042336f462560,con_990816d2030b592787bdf4a19382627f,not_applicable,2026-08-21,Contest predates the Endorser eligibility window
edr_b79f2a6f6d3f5775bc7042336f462560,con_99b9fbf5df5f504eb0906d1c2b113d63,not_applicable,2026-08-21,Contest predates the Endorser eligibility window
edr_b79f2a6f6d3f5775bc7042336f462560,con_9d346093453659cba5591e6e2efd506a,not_applicable,2026-08-21,Contest predates the Endorser eligibility window
edr_b79f2a6f6d3f5775bc7042336f462560,con_9e0a04dcf1245155b6f1fd50c6a83e99,not_applicable,2026-08-21,Contest predates the Endorser eligibility window
edr_b79f2a6f6d3f5775bc7042336f462560,con_a060705663a15882b307108144aa8720,not_applicable,2026-08-21,Contest predates the Endorser eligibility window
edr_b79f2a6f6d3f5775bc7042336f462560,con_a160a05c9e3e5dd7b972cd5c16d456b0,not_applicable,2026-08-21,Contest predates the Endorser eligibility window
edr_b79f2a6f6d3f5775bc7042336f462560,con_a1f3f1e6009c53c7a9cbb88e7e2346c0,not_applicable,2026-08-21,Contest predates the Endorser eligibility window
edr_b79f2a6f6d3f5775bc7042336f462560,con_a3ad5138021a51309ade19f0cbc4ebe1,not_applicable,2026-08-21,Contest predates the Endorser eligibility window
edr_b79f2a6f6d3f5775bc7042336f462560,con_a46853faf8a85598b55614ee5bfc99e2,not_applicable,2026-08-21,Contest predates the Endorser eligibility window
edr_b79f2a6f6d3f5775bc7042336f462560,con_a548943febc15683bb34e547001ee6e7,not_applicable,2026-08-21,Contest predates the Endorser eligibility window
edr_b79f2a6f6d3f5775bc7042336f462560,con_a62a387b9ca8511db50248d4738f3eea,not_applicable,2026-08-21,Contest predates the Endorser eligibility window
edr_b79f2a6f6d3f5775bc7042336f462560,con_ab103b8f3a915dd0b0131abea73fad5c,not_applicable,2026-08-21,Contest predates the Endorser eligibility window
edr_b79f2a6f6d3f5775bc7042336f462560,con_abe0e1350e7856ad9a70ffdc75dd84f2,not_applicable,2026-08-21,Contest predates the Endorser eligibility window
edr_b79f2a6f6d3f5775bc7042336f462560,con_ac0a746327ea57b39ba13add8456bbd3,not_applicable,2026-08-21,Contest predates the Endorser eligibility window
edr_b79f2a6f6d3f5775bc7042336f462560,con_ac347f98e5715159b3adecf8debcbde8,not_applicable,2026-08-21,Contest predates the Endorser eligibility window
edr_b79f2a6f6d3f5775bc7042336f462560,con_ae44722023c153d7a460278c9b621435,not_applicable,2026-08-21,Contest predates the Endorser eligibility window
edr_b79f2a6f6d3f5775bc7042336f462560,con_af1f1cbea2a15cf4899bdd37d9fc80f7,not_applicable,2026-08-21,Contest predates the Endorser eligibility window
edr_b79f2a6f6d3f5775bc7042336f462560,con_b123ac953da1590ebb8bca29f5eb3bdc,not_applicable,2026-08-21,Contest predates the Endorser eligibility window
edr_b79f2a6f6d3f5775bc7042336f462560,con_b1ec123602ab559c939e1aa02badcd71,not_applicable,2026-08-21,Contest predates the Endorser eligibility window
edr_b79f2a6f6d3f5775bc7042336f462560,con_b4c70c0c6f465c4091dce97cbbd286b3,not_applicable,2026-08-21,Contest predates the Endorser eligibility window
edr_b79f2a6f6d3f5775bc7042336f462560,con_b592d84a34965294a78c84c50bab4ddb,not_applicable,2026-08-21,Contest predates the Endorser eligibility window
edr_b79f2a6f6d3f5775bc7042336f462560,con_b5ffb866cf475caca42769d641deb4a7,not_applicable,2026-08-21,Contest predates the Endorser eligibility window
edr_b79f2a6f6d3f5775bc7042336f462560,con_b6bdff47e14a590897fb7531e91999d1,not_applicable,2026-08-21,Contest predates the Endorser eligibility window
edr_b79f2a6f6d3f5775bc7042336f462560,con_b7158aa7285c513f8255b4f87166c723,not_applicable,2026-08-21,Contest predates the Endorser eligibility window
edr_b79f2a6f6d3f5775bc7042336f462560,con_b93d69f083ed511ab264f38cc1d8b94c,not_applicable,2026-08-21,Contest predates the Endorser eligibility window
edr_b79f2a6f6d3f5775bc7042336f462560,con_b9bda7a65c8a5e03a69746d0072f95c1,not_applicable,2026-08-21,Contest predates the Endorser eligibility window
edr_b79f2a6f6d3f5775bc7042336f462560,con_bab4f35c5b9a51da935131d5c790bddf,not_applicable,2026-08-21,Contest predates the Endorser eligibility window
edr_b79f2a6f6d3f5775bc7042336f462560,con_bb2bdc05e1365857b524a0a6596b48d5,not_applicable,2026-08-21,Contest predates the Endorser eligibility window
edr_b79f2a6f6d3f5775bc7042336f462560,con_bcc3da3d377f5fd3bb1d8a0c3ad7160b,not_applicable,2026-08-21,Contest predates the Endorser eligibility window
edr_b79f2a6f6d3f5775bc7042336f462560,con_bd42720679895e8eb848ffc148979026,partially_searched,2026-08-21,current election searched through 2026-08-21
edr_b79f2a6f6d3f5775bc7042336f462560,con_bdb4bceb8d3d535e9d9284d19bf99bb0,not_applicable,2026-08-21,Contest predates the Endorser eligibility window
edr_b79f2a6f6d3f5775bc7042336f462560,con_be2d96cb623553cdbd79b303f9576bda,not_applicable,2026-08-21,Contest predates the Endorser eligibility window
edr_b79f2a6f6d3f5775bc7042336f462560,con_be3ee1a1a31f533885cbb71a268beda9,not_applicable,2026-08-21,Contest predates the Endorser eligibility window
edr_b79f2a6f6d3f5775bc7042336f462560,con_bf4b3cd94fcd50ba8d2259a6df440a17,not_applicable,2026-08-21,Contest predates the Endorser eligibility window
edr_b79f2a6f6d3f5775bc7042336f462560,con_bf589c2ec43c513aa964b64309534ac6,not_applicable,2026-08-21,Contest predates the Endorser eligibility window
edr_b79f2a6f6d3f5775bc7042336f462560,con_c44af6fcb9ff527e8974217b3d633af1,not_applicable,2026-08-21,Contest predates the Endorser eligibility window
edr_b79f2a6f6d3f5775bc7042336f462560,con_c49857c2f0a6591fa165be262c38930c,not_applicable,2026-08-21,Contest predates the Endorser eligibility window
edr_b79f2a6f6d3f5775bc7042336f462560,con_c4de914fc9f15a3cab65125ee118d9c8,not_applicable,2026-08-21,Contest predates the Endorser eligibility window
edr_b79f2a6f6d3f5775bc7042336f462560,con_c555f2e9b45051a8b960bdbb0ac6080a,not_applicable,2026-08-21,Contest predates the Endorser eligibility window
edr_b79f2a6f6d3f5775bc7042336f462560,con_c57f0385335559e696305e7d4e632b40,not_applicable,2026-08-21,Contest predates the Endorser eligibility window
edr_b79f2a6f6d3f5775bc7042336f462560,con_c59d97019dab554698aea8cb6eeb469a,not_applicable,2026-08-21,Contest predates the Endorser eligibility window
edr_b79f2a6f6d3f5775bc7042336f462560,con_c637e2ad153c516eb79ab5edb84161f8,not_applicable,2026-08-21,Contest predates the Endorser eligibility window
edr_b79f2a6f6d3f5775bc7042336f462560,con_c686b3ad3bd059d78db8cc44229817a0,not_applicable,2026-08-21,Contest predates the Endorser eligibility window
edr_b79f2a6f6d3f5775bc7042336f462560,con_c713b29e028a582893ad021c4a2b8546,not_applicable,2026-08-21,Contest predates the Endorser eligibility window
edr_b79f2a6f6d3f5775bc7042336f462560,con_c760f9c404835bb595e5671cf893c340,not_applicable,2026-08-21,Contest predates the Endorser eligibility window
edr_b79f2a6f6d3f5775bc7042336f462560,con_c85783d7c9a4550bae21b8e14f2ff992,not_applicable,2026-08-21,Contest predates the Endorser eligibility window
edr_b79f2a6f6d3f5775bc7042336f462560,con_c8883aeeac29529eada91aebc451242b,not_searched,,no contest-specific historical search is logged
edr_b79f2a6f6d3f5775bc7042336f462560,con_c8a9dfe07ee5545eb20e21d12773c57e,not_applicable,2026-08-21,Contest predates the Endorser eligibility window
edr_b79f2a6f6d3f5775bc7042336f462560,con_c90c50ce5e7c59dbaf6f3fb8efe575fd,not_applicable,2026-08-21,Contest predates the Endorser eligibility window
edr_b79f2a6f6d3f5775bc7042336f462560,con_ca1753a2e9eb53b396a948ee50167f03,not_searched,,no contest-specific historical search is logged
edr_b79f2a6f6d3f5775bc7042336f462560,con_caa23fae586656b2bab11ee711073a2c,not_applicable,2026-08-21,Contest predates the Endorser eligibility window
edr_b79f2a6f6d3f5775bc7042336f462560,con_cb4eea0a3dc657cc990d4fa53b4ae76f,partially_searched,2026-08-21,current election searched through 2026-08-21
edr_b79f2a6f6d3f5775bc7042336f462560,con_cceb1911b8545151a85313ea9045fdd6,not_applicable,2026-08-21,Contest predates the Endorser eligibility window
edr_b79f2a6f6d3f5775bc7042336f462560,con_ced450846b2e53ec8391a1a85ae3e75f,partially_searched,2026-08-21,current election searched through 2026-08-21
edr_b79f2a6f6d3f5775bc7042336f462560,con_d0cb7c26d6e55def83cde1da2c9bc8c5,not_applicable,2026-08-21,Contest predates the Endorser eligibility window
edr_b79f2a6f6d3f5775bc7042336f462560,con_d100fd7c171150b8b18125987b174c3d,not_applicable,2026-08-21,Contest predates the Endorser eligibility window
edr_b79f2a6f6d3f5775bc7042336f462560,con_d18675753b8f580c8834170f374d1e7c,not_applicable,2026-08-21,Contest predates the Endorser eligibility window
edr_b79f2a6f6d3f5775bc7042336f462560,con_d3ecc496be285eebb80559abe5d5f9f1,not_applicable,2026-08-21,Contest predates the Endorser eligibility window
edr_b79f2a6f6d3f5775bc7042336f462560,con_d42434b7f93353e6b9eeb64711b54648,not_applicable,2026-08-21,Contest predates the Endorser eligibility window
edr_b79f2a6f6d3f5775bc7042336f462560,con_d4f2ce7b93c75f4ca9c7bc73a4ba2a30,not_applicable,2026-08-21,Contest predates the Endorser eligibility window
edr_b79f2a6f6d3f5775bc7042336f462560,con_d5af05a065045bf9adaf30847252c957,not_applicable,2026-08-21,Contest predates the Endorser eligibility window
edr_b79f2a6f6d3f5775bc7042336f462560,con_d61412ebefff5d2b8bc9183244150abf,not_applicable,2026-08-21,Contest predates the Endorser eligibility window
edr_b79f2a6f6d3f5775bc7042336f462560,con_d69bc70f79a45bf397b2a657aa858e50,not_applicable,2026-08-21,Contest predates the Endorser eligibility window
edr_b79f2a6f6d3f5775bc7042336f462560,con_d6f7b1cb92f959ab9408dbb936bcf2ff,not_applicable,2026-08-21,Contest predates the Endorser eligibility window
edr_b79f2a6f6d3f5775bc7042336f462560,con_d7ff0d7faa695e15b19ef05eaf2a93f5,not_applicable,2026-08-21,Contest predates the Endorser eligibility window
edr_b79f2a6f6d3f5775bc7042336f462560,con_d8e03f953ae157089237a1febc263587,not_applicable,2026-08-21,Contest predates the Endorser eligibility window
edr_b79f2a6f6d3f5775bc7042336f462560,con_d9eeb6c962c854b58be1e179e2168cb1,not_applicable,2026-08-21,Contest predates the Endorser eligibility window
edr_b79f2a6f6d3f5775bc7042336f462560,con_da88824c2975511d9432812d4988c9d5,not_applicable,2026-08-21,Contest predates the Endorser eligibility window
edr_b79f2a6f6d3f5775bc7042336f462560,con_db6acf978ec15e2c9ac0230649ef0609,not_applicable,2026-08-21,Contest predates the Endorser eligibility window
edr_b79f2a6f6d3f5775bc7042336f462560,con_dbcfe2c3a43b5de292d63146a94cd52b,partially_searched,2026-08-21,current election searched through 2026-08-21
edr_b79f2a6f6d3f5775bc7042336f462560,con_e0aab60f6a3e50d59f1f09a1742a2ddd,not_applicable,2026-08-21,Contest predates the Endorser eligibility window
edr_b79f2a6f6d3f5775bc7042336f462560,con_e14c9528646b58ba89bddde54ae0f23e,not_applicable,2026-08-21,Contest predates the Endorser eligibility window
edr_b79f2a6f6d3f5775bc7042336f462560,con_e230d66a67245cd08a806de4208d288b,not_applicable,2026-08-21,Contest predates the Endorser eligibility window
edr_b79f2a6f6d3f5775bc7042336f462560,con_e2f423965407516280c8b3af41b9f5cf,not_applicable,2026-08-21,Contest predates the Endorser eligibility window
edr_b79f2a6f6d3f5775bc7042336f462560,con_e358c35644bd5b94b662f1e211fbc70e,not_applicable,2026-08-21,Contest predates the Endorser eligibility window
edr_b79f2a6f6d3f5775bc7042336f462560,con_e3987d425526548a844f6d73b662eac3,not_applicable,2026-08-21,Contest predates the Endorser eligibility window
edr_b79f2a6f6d3f5775bc7042336f462560,con_e3ed783f131d579d8718d34c15675901,not_applicable,2026-08-21,Contest predates the Endorser eligibility window
edr_b79f2a6f6d3f5775bc7042336f462560,con_e3f1226fd27e5ec6bf5d96a8439cc26a,not_applicable,2026-08-21,Contest predates the Endorser eligibility window
edr_b79f2a6f6d3f5775bc7042336f462560,con_e689393a84cc500bab2476e3913f093d,not_applicable,2026-08-21,Contest predates the Endorser eligibility window
edr_b79f2a6f6d3f5775bc7042336f462560,con_e7325536f8e85cffa249480df8a556a2,not_applicable,2026-08-21,Contest predates the Endorser eligibility window
edr_b79f2a6f6d3f5775bc7042336f462560,con_e78d7e5eb6975c7b98ef0efd13e5c783,not_applicable,2026-08-21,Contest predates the Endorser eligibility window
edr_b79f2a6f6d3f5775bc7042336f462560,con_e8d5ffca829d5a06ad87216dc76d6e6a,not_applicable,2026-08-21,Contest predates the Endorser eligibility window
edr_b79f2a6f6d3f5775bc7042336f462560,con_e8f16f1721ce5517977fa5bc1f660248,not_applicable,2026-08-21,Contest predates the Endorser eligibility window
edr_b79f2a6f6d3f5775bc7042336f462560,con_e93ddb13c85852b58b88208c71191394,not_applicable,2026-08-21,Contest predates the Endorser eligibility window
edr_b79f2a6f6d3f5775bc7042336f462560,con_ebbe0512549c59bc8a7a31e7ec5a59e9,not_applicable,2026-08-21,Contest predates the Endorser eligibility window
edr_b79f2a6f6d3f5775bc7042336f462560,con_ebcb4d472e005fbbadabf9f6201cbe13,not_applicable,2026-08-21,Contest predates the Endorser eligibility window
edr_b79f2a6f6d3f5775bc7042336f462560,con_ec88bd40dff858e695ae9533199be499,not_applicable,2026-08-21,Contest predates the Endorser eligibility window
edr_b79f2a6f6d3f5775bc7042336f462560,con_eccf9644aa2c598fa731d009a96fcf64,not_searched,,no contest-specific historical search is logged
edr_b79f2a6f6d3f5775bc7042336f462560,con_ed22821703705704bff31b43ed036014,not_applicable,2026-08-21,Contest predates the Endorser eligibility window
edr_b79f2a6f6d3f5775bc7042336f462560,con_edd7a5395e9a586bb5289cb5ed1106b3,not_applicable,2026-08-21,Contest predates the Endorser eligibility window
edr_b79f2a6f6d3f5775bc7042336f462560,con_eeda9883ca2d57148405d41f7f5a80a4,not_applicable,2026-08-21,Contest predates the Endorser eligibility window
edr_b79f2a6f6d3f5775bc7042336f462560,con_f0bbc885a5535e28bc005ca644cc4e22,not_applicable,2026-08-21,Contest predates the Endorser eligibility window
edr_b79f2a6f6d3f5775bc7042336f462560,con_f0cf1eca40845631b0bd4d4750413711,not_applicable,2026-08-21,Contest predates the Endorser eligibility window
edr_b79f2a6f6d3f5775bc7042336f462560,con_f3e797bac18a5e45a723ff263eafb93e,not_applicable,2026-08-21,Contest predates the Endorser eligibility window
edr_b79f2a6f6d3f5775bc7042336f462560,con_f449befd52f1538191ef612c9e711c45,not_applicable,2026-08-21,Contest predates the Endorser eligibility window
edr_b79f2a6f6d3f5775bc7042336f462560,con_f5117910f9d358e48dec8f0fd7c77712,partially_searched,2026-08-21,current election searched through 2026-08-21
edr_b79f2a6f6d3f5775bc7042336f462560,con_f59fe6995c8b528dbd3cbfbb5c3277c8,not_applicable,2026-08-21,Contest predates the Endorser eligibility window
edr_b79f2a6f6d3f5775bc7042336f462560,con_f8a855ebf8c250bda4eeed75246305b5,not_applicable,2026-08-21,Contest predates the Endorser eligibility window
edr_b79f2a6f6d3f5775bc7042336f462560,con_f961284da53f5a38ba3a20e7e998ef4f,not_applicable,2026-08-21,Contest predates the Endorser eligibility window
edr_b79f2a6f6d3f5775bc7042336f462560,con_f97200e8b8345e4b844e990437f0b077,partially_searched,2026-08-21,current election searched through 2026-08-21
edr_b79f2a6f6d3f5775bc7042336f462560,con_fc66f2cac25c5ea58dccc4005672bad8,not_applicable,2026-08-21,Contest predates the Endorser eligibility window
edr_b79f2a6f6d3f5775bc7042336f462560,con_fdb17fc50f125d17af9f8b0a22566116,not_applicable,2026-08-21,Contest predates the Endorser eligibility window
edr_b79f2a6f6d3f5775bc7042336f462560,con_fed30965855757d399c6acfbd6e6d4f4,not_applicable,2026-08-21,Contest predates the Endorser eligibility window
edr_bdd4b13ef74d501780c8fcadd091591e,con_004711e5bbda5d169a7774d906befd21,not_applicable,2026-08-21,Contest predates the Endorser eligibility window
edr_bdd4b13ef74d501780c8fcadd091591e,con_02e530a81bf75a6bbf6b4ca0a9ea6738,not_applicable,2026-08-21,Contest predates the Endorser eligibility window
edr_bdd4b13ef74d501780c8fcadd091591e,con_037ae72c455f558590ca04bc929df4cb,comprehensive_source_found,2026-08-21,complete slate source recovered
edr_bdd4b13ef74d501780c8fcadd091591e,con_0408bfe48f1059ecbe918aec119f10a3,partially_searched,2026-08-21,current election searched through 2026-08-21
edr_bdd4b13ef74d501780c8fcadd091591e,con_04a4bbe5ef575c72b4ec49d601f24b71,not_applicable,2026-08-21,Contest predates the Endorser eligibility window
edr_bdd4b13ef74d501780c8fcadd091591e,con_099fbf24dd655a0e8b1720fbe2215a6a,not_applicable,2026-08-21,Contest predates the Endorser eligibility window
edr_bdd4b13ef74d501780c8fcadd091591e,con_09d3330e921d5e53ae19007709e75bf9,not_applicable,2026-08-21,Contest predates the Endorser eligibility window
edr_bdd4b13ef74d501780c8fcadd091591e,con_0a880ce7b6ad5bdaa2e2dc7b19601aa8,not_applicable,2026-08-21,Contest predates the Endorser eligibility window
edr_bdd4b13ef74d501780c8fcadd091591e,con_0b8c9e853efa5e3da86b0f1eff65589e,not_applicable,2026-08-21,Contest predates the Endorser eligibility window
edr_bdd4b13ef74d501780c8fcadd091591e,con_0d00ed8759a1559c82329352d94a7812,partially_searched,2026-08-21,current election searched through 2026-08-21
edr_bdd4b13ef74d501780c8fcadd091591e,con_0d314382ba1a5d62b399c1eefc717cc1,comprehensive_source_found,2026-08-21,complete slate source recovered
edr_bdd4b13ef74d501780c8fcadd091591e,con_0dc4d6b99efa5f32a8f36b24d080bb2d,not_applicable,2026-08-21,Contest predates the Endorser eligibility window
edr_bdd4b13ef74d501780c8fcadd091591e,con_107ad5f6c01f5d4389c8194358534375,not_applicable,2026-08-21,Contest predates the Endorser eligibility window
edr_bdd4b13ef74d501780c8fcadd091591e,con_11ea4a9756fd5bc4a466dc797994b068,not_applicable,2026-08-21,Contest predates the Endorser eligibility window
edr_bdd4b13ef74d501780c8fcadd091591e,con_13660de4bc485cc68e0744199d21cb46,not_applicable,2026-08-21,Contest predates the Endorser eligibility window
edr_bdd4b13ef74d501780c8fcadd091591e,con_147dca9e3758595d8766dc52d11a65f4,not_searched,,no contest-specific historical search is logged
edr_bdd4b13ef74d501780c8fcadd091591e,con_14cf7e0c0e4c578d9a2a0777404c36b1,partially_searched,2026-08-21,current election searched through 2026-08-21
edr_bdd4b13ef74d501780c8fcadd091591e,con_16fad19349255393a28639cd62e83ae3,not_searched,,no contest-specific historical search is logged
edr_bdd4b13ef74d501780c8fcadd091591e,con_17593cee737354878c920526a9fa7afd,not_applicable,2026-08-21,Contest predates the Endorser eligibility window
edr_bdd4b13ef74d501780c8fcadd091591e,con_17c2e1a7404c5641823443ca7a6dcc10,not_applicable,2026-08-21,Contest predates the Endorser eligibility window
edr_bdd4b13ef74d501780c8fcadd091591e,con_17f69fde16cb514bb16fb6e361c07fff,not_applicable,2026-08-21,Contest predates the Endorser eligibility window
edr_bdd4b13ef74d501780c8fcadd091591e,con_18fc5604e3b45ef08d8af9b0813a1918,not_applicable,2026-08-21,Contest predates the Endorser eligibility window
edr_bdd4b13ef74d501780c8fcadd091591e,con_1969b3b6667f56549d1f35b90f606cbf,not_applicable,2026-08-21,Contest predates the Endorser eligibility window
edr_bdd4b13ef74d501780c8fcadd091591e,con_1a46b115b13d55619bcaf30903c183e3,not_applicable,2026-08-21,Contest predates the Endorser eligibility window
edr_bdd4b13ef74d501780c8fcadd091591e,con_1b8d99f619f758efb737805a20bcf6fb,not_searched,,no contest-specific historical search is logged
edr_bdd4b13ef74d501780c8fcadd091591e,con_1c0aff783cfb5ac995b40930229ffd15,not_applicable,2026-08-21,Contest predates the Endorser eligibility window
edr_bdd4b13ef74d501780c8fcadd091591e,con_1cf871058a8c5bc9a34c7dbdf6edca83,not_applicable,2026-08-21,Contest predates the Endorser eligibility window
edr_bdd4b13ef74d501780c8fcadd091591e,con_1e16e8a3edc55c77847b36d881fb8fe7,not_applicable,2026-08-21,Contest predates the Endorser eligibility window
edr_bdd4b13ef74d501780c8fcadd091591e,con_1fa443b3390f5d6691f7994877cf55c8,not_applicable,2026-08-21,Contest predates the Endorser eligibility window
edr_bdd4b13ef74d501780c8fcadd091591e,con_20589f7261325cd892231ed42321b3cf,not_applicable,2026-08-21,Contest predates the Endorser eligibility window
edr_bdd4b13ef74d501780c8fcadd091591e,con_2070d155d42250abac2e50baf8c6bf39,not_applicable,2026-08-21,Contest predates the Endorser eligibility window
edr_bdd4b13ef74d501780c8fcadd091591e,con_218bbbaab66c59bc8d0d747f3ae2fb3c,not_applicable,2026-08-21,Contest predates the Endorser eligibility window
edr_bdd4b13ef74d501780c8fcadd091591e,con_222bdce34cf75bbeb159589e8f46045b,not_applicable,2026-08-21,Contest predates the Endorser eligibility window
edr_bdd4b13ef74d501780c8fcadd091591e,con_2317176dbf5e5a4fab7fd65b16359ebd,not_applicable,2026-08-21,Contest predates the Endorser eligibility window
edr_bdd4b13ef74d501780c8fcadd091591e,con_25e09708c7c756b38cca57f2cf9f3b1e,partially_searched,2026-08-21,current election searched through 2026-08-21
edr_bdd4b13ef74d501780c8fcadd091591e,con_25f46be8b0a857faa602e39531d4ed0c,partially_searched,2026-08-21,current election searched through 2026-08-21
edr_bdd4b13ef74d501780c8fcadd091591e,con_272ca0eaeab656b89a5038bc74ad9988,not_applicable,2026-08-21,Contest predates the Endorser eligibility window
edr_bdd4b13ef74d501780c8fcadd091591e,con_27e80d547d0256149213a7e90956055b,comprehensive_source_found,2026-08-21,complete slate source recovered
edr_bdd4b13ef74d501780c8fcadd091591e,con_2865d31031005dd897904c3f07e4d039,not_searched,,no contest-specific historical search is logged
edr_bdd4b13ef74d501780c8fcadd091591e,con_28b9bf4109765f57a3a7923479b37af9,not_applicable,2026-08-21,Contest predates the Endorser eligibility window
edr_bdd4b13ef74d501780c8fcadd091591e,con_29e8a0598b6d5fe18984bfe68b9d27f7,partially_searched,2026-08-21,current election searched through 2026-08-21
edr_bdd4b13ef74d501780c8fcadd091591e,con_2befcc6536315440902962b270ad7f70,not_applicable,2026-08-21,Contest predates the Endorser eligibility window
edr_bdd4b13ef74d501780c8fcadd091591e,con_2bf1297cee4b5750992138d9da3c0dc0,partially_searched,2026-08-21,current election searched through 2026-08-21
edr_bdd4b13ef74d501780c8fcadd091591e,con_2c0ca30fc75e51a3acf50c4693b1cc1b,comprehensive_source_found,2026-08-21,complete slate source recovered
edr_bdd4b13ef74d501780c8fcadd091591e,con_2c70fd784be55c4794f8294a723dedb9,not_applicable,2026-08-21,Contest predates the Endorser eligibility window
edr_bdd4b13ef74d501780c8fcadd091591e,con_2c97298461635376899e36569d2c7be3,not_applicable,2026-08-21,Contest predates the Endorser eligibility window
edr_bdd4b13ef74d501780c8fcadd091591e,con_2ce79e4f63945b9b90a05c245e9382fc,not_applicable,2026-08-21,Contest predates the Endorser eligibility window
edr_bdd4b13ef74d501780c8fcadd091591e,con_2cf721e86d7a55de8cf53a0ae3f6413c,not_applicable,2026-08-21,Contest predates the Endorser eligibility window
edr_bdd4b13ef74d501780c8fcadd091591e,con_2d92299c561559d99eccb92c22f4eb47,not_applicable,2026-08-21,Contest predates the Endorser eligibility window
edr_bdd4b13ef74d501780c8fcadd091591e,con_2f43675e2c5c59b796fafde036252ed1,not_applicable,2026-08-21,Contest predates the Endorser eligibility window
edr_bdd4b13ef74d501780c8fcadd091591e,con_2f8a0c46b37950fd9149d9b62f1f0142,not_applicable,2026-08-21,Contest predates the Endorser eligibility window
edr_bdd4b13ef74d501780c8fcadd091591e,con_31d375f206cb5fe1955efa73ae9da43e,not_applicable,2026-08-21,Contest predates the Endorser eligibility window
edr_bdd4b13ef74d501780c8fcadd091591e,con_33da03ca4a1159089c55d78f4edd2bf3,not_applicable,2026-08-21,Contest predates the Endorser eligibility window
edr_bdd4b13ef74d501780c8fcadd091591e,con_34196d04855f52249d03362a5469c3c0,partially_searched,2026-08-21,current election searched through 2026-08-21
edr_bdd4b13ef74d501780c8fcadd091591e,con_350f0c58a79a574d926206857445b2d9,not_applicable,2026-08-21,Contest predates the Endorser eligibility window
edr_bdd4b13ef74d501780c8fcadd091591e,con_35fc512b3ae2545fa6ff408778ae144d,partially_searched,2026-08-21,current election searched through 2026-08-21
edr_bdd4b13ef74d501780c8fcadd091591e,con_368b196a6cf154a88c9f1275824dc99e,partially_searched,2026-08-21,current election searched through 2026-08-21
edr_bdd4b13ef74d501780c8fcadd091591e,con_387d212e18c453e2a8eb298de5c374ff,not_applicable,2026-08-21,Contest predates the Endorser eligibility window
edr_bdd4b13ef74d501780c8fcadd091591e,con_393178f4fb765cd0bbeaa13d06dca32c,not_applicable,2026-08-21,Contest predates the Endorser eligibility window
edr_bdd4b13ef74d501780c8fcadd091591e,con_398774c449785307baa3822c581963e9,not_applicable,2026-08-21,Contest predates the Endorser eligibility window
edr_bdd4b13ef74d501780c8fcadd091591e,con_3a262cc7bf83579eae79ce2032ea06d1,not_applicable,2026-08-21,Contest predates the Endorser eligibility window
edr_bdd4b13ef74d501780c8fcadd091591e,con_3a43982e2a0450b2a3f4c5241f6965d8,not_searched,,no contest-specific historical search is logged
edr_bdd4b13ef74d501780c8fcadd091591e,con_3ae0da024263524d8e13691dbeeadc88,not_applicable,2026-08-21,Contest predates the Endorser eligibility window
edr_bdd4b13ef74d501780c8fcadd091591e,con_3c1699cb4b0257ae8cf61da26db0c160,not_applicable,2026-08-21,Contest predates the Endorser eligibility window
edr_bdd4b13ef74d501780c8fcadd091591e,con_3fc9df4b254c5eb6a2a7fb629a124bfb,not_searched,,no contest-specific historical search is logged
edr_bdd4b13ef74d501780c8fcadd091591e,con_3fd9226a06995ec78201f807f175b930,not_applicable,2026-08-21,Contest predates the Endorser eligibility window
edr_bdd4b13ef74d501780c8fcadd091591e,con_419d313f6cfc5451ba26ad4687222e83,partially_searched,2026-08-21,current election searched through 2026-08-21
edr_bdd4b13ef74d501780c8fcadd091591e,con_43b57e74c0a454db9f5ed346b6fc7095,not_applicable,2026-08-21,Contest predates the Endorser eligibility window
edr_bdd4b13ef74d501780c8fcadd091591e,con_43f8a49a6b095ee8a38c2a1aa0477382,comprehensive_source_found,2026-08-21,complete slate source recovered
edr_bdd4b13ef74d501780c8fcadd091591e,con_45eb3e143f1b5492b4652498c957ed6b,not_searched,,no contest-specific historical search is logged
edr_bdd4b13ef74d501780c8fcadd091591e,con_46f4af62ff4956f5b31ebec2e77229fa,not_applicable,2026-08-21,Contest predates the Endorser eligibility window
edr_bdd4b13ef74d501780c8fcadd091591e,con_46f7b754b02b57d0a651c417f9f0471d,not_applicable,2026-08-21,Contest predates the Endorser eligibility window
edr_bdd4b13ef74d501780c8fcadd091591e,con_47f9c6bba0165404a3fec5492a0940b3,not_applicable,2026-08-21,Contest predates the Endorser eligibility window
edr_bdd4b13ef74d501780c8fcadd091591e,con_4977aa6e0a865d788ed7ebf871e4027c,not_applicable,2026-08-21,Contest predates the Endorser eligibility window
edr_bdd4b13ef74d501780c8fcadd091591e,con_4a5af0945c9a5a01ae50e3a5ea61b3fb,not_applicable,2026-08-21,Contest predates the Endorser eligibility window
edr_bdd4b13ef74d501780c8fcadd091591e,con_4b3374ab9039564fa8ed1cedf493a0e3,not_applicable,2026-08-21,Contest predates the Endorser eligibility window
edr_bdd4b13ef74d501780c8fcadd091591e,con_4b6815e8c2e155d881aba7f21ad5b69b,partially_searched,2026-08-21,current election searched through 2026-08-21
edr_bdd4b13ef74d501780c8fcadd091591e,con_4def6d4e85f85950babb9030e4eae0cb,not_searched,,no contest-specific historical search is logged
edr_bdd4b13ef74d501780c8fcadd091591e,con_4e3ebb6b13cb5d2396519f9df6fbdf4b,not_applicable,2026-08-21,Contest predates the Endorser eligibility window
edr_bdd4b13ef74d501780c8fcadd091591e,con_4e432b136b83537fb08e7e8485f4949c,not_applicable,2026-08-21,Contest predates the Endorser eligibility window
edr_bdd4b13ef74d501780c8fcadd091591e,con_4ead7aa21a905ad7bd1838cb33f37045,not_applicable,2026-08-21,Contest predates the Endorser eligibility window
edr_bdd4b13ef74d501780c8fcadd091591e,con_5161ebd9ab2b5c55bfcd6eef433082c9,not_applicable,2026-08-21,Contest predates the Endorser eligibility window
edr_bdd4b13ef74d501780c8fcadd091591e,con_5212e699e2ab537eaf63c23b0952d1a1,partially_searched,2026-08-21,current election searched through 2026-08-21
edr_bdd4b13ef74d501780c8fcadd091591e,con_52f50431db92559f8d4391fb2e932f16,comprehensive_source_found,2026-08-21,complete slate source recovered
edr_bdd4b13ef74d501780c8fcadd091591e,con_53468b4ee3c7510aba4d708f584951a9,not_searched,,no contest-specific historical search is logged
edr_bdd4b13ef74d501780c8fcadd091591e,con_5394ec9f2261502eb1947c064bfdaf8a,partially_searched,2026-08-21,current election searched through 2026-08-21
edr_bdd4b13ef74d501780c8fcadd091591e,con_54d4d8b5d91f5df5ba8bfdf9c61296af,not_applicable,2026-08-21,Contest predates the Endorser eligibility window
edr_bdd4b13ef74d501780c8fcadd091591e,con_5587a8b9ae37546eb39a67333b5011ed,not_applicable,2026-08-21,Contest predates the Endorser eligibility window
edr_bdd4b13ef74d501780c8fcadd091591e,con_55f5230db0d85c499ce7cea0ce379f5f,not_searched,,no contest-specific historical search is logged
edr_bdd4b13ef74d501780c8fcadd091591e,con_579cae8a3fa455a7a3e68d1b1900fffa,not_applicable,2026-08-21,Contest predates the Endorser eligibility window
edr_bdd4b13ef74d501780c8fcadd091591e,con_59aa1ee85e2d51ca8dee4338d37665c2,not_applicable,2026-08-21,Contest predates the Endorser eligibility window
edr_bdd4b13ef74d501780c8fcadd091591e,con_59bfad1b37305c63a378a4614deb11ae,not_applicable,2026-08-21,Contest predates the Endorser eligibility window
edr_bdd4b13ef74d501780c8fcadd091591e,con_5ae0589c69375400b18fd5960241eeac,partially_searched,2026-08-21,current election searched through 2026-08-21
edr_bdd4b13ef74d501780c8fcadd091591e,con_5babda81dd6351a28a423340a03b5d8a,not_applicable,2026-08-21,Contest predates the Endorser eligibility window
edr_bdd4b13ef74d501780c8fcadd091591e,con_5c4da484552c546aaff98277d675d594,not_applicable,2026-08-21,Contest predates the Endorser eligibility window
edr_bdd4b13ef74d501780c8fcadd091591e,con_5c8144ae39615a3189a3691c99c5ea4e,not_applicable,2026-08-21,Contest predates the Endorser eligibility window
edr_bdd4b13ef74d501780c8fcadd091591e,con_5cb64f68c501559d960b05fb29843745,not_applicable,2026-08-21,Contest predates the Endorser eligibility window
edr_bdd4b13ef74d501780c8fcadd091591e,con_5d8609e7e7f4584ea28ad032690bdae8,not_applicable,2026-08-21,Contest predates the Endorser eligibility window
edr_bdd4b13ef74d501780c8fcadd091591e,con_5f814673ab4050e5b50e46685dbfbecb,not_applicable,2026-08-21,Contest predates the Endorser eligibility window
edr_bdd4b13ef74d501780c8fcadd091591e,con_610d1afaa15d592eb956835f8fd51600,not_applicable,2026-08-21,Contest predates the Endorser eligibility window
edr_bdd4b13ef74d501780c8fcadd091591e,con_612115bf42b450d3aeb63bb430d3aec9,not_searched,,no contest-specific historical search is logged
edr_bdd4b13ef74d501780c8fcadd091591e,con_6131490bb0d75b1ba4033e2284df71f8,not_applicable,2026-08-21,Contest predates the Endorser eligibility window
edr_bdd4b13ef74d501780c8fcadd091591e,con_61eed2bcd6ce5343bea274fe8a8028bc,not_applicable,2026-08-21,Contest predates the Endorser eligibility window
edr_bdd4b13ef74d501780c8fcadd091591e,con_622c2ee026875ae4ac60200b1559e8f6,not_applicable,2026-08-21,Contest predates the Endorser eligibility window
edr_bdd4b13ef74d501780c8fcadd091591e,con_6240f694b6ce5307a2126a9103153475,not_applicable,2026-08-21,Contest predates the Endorser eligibility window
edr_bdd4b13ef74d501780c8fcadd091591e,con_636fab9611ed540ebff54ad772a1827d,not_applicable,2026-08-21,Contest predates the Endorser eligibility window
edr_bdd4b13ef74d501780c8fcadd091591e,con_639f022801275cedb8f9b4fe82711ae3,not_applicable,2026-08-21,Contest predates the Endorser eligibility window
edr_bdd4b13ef74d501780c8fcadd091591e,con_643801dc921651c3a1ef5d96772fb13d,not_applicable,2026-08-21,Contest predates the Endorser eligibility window
edr_bdd4b13ef74d501780c8fcadd091591e,con_6629fd920f2b5a8d9b7959fafdd04a1a,not_applicable,2026-08-21,Contest predates the Endorser eligibility window
edr_bdd4b13ef74d501780c8fcadd091591e,con_662d709bee42574392549fc786efea0d,not_applicable,2026-08-21,Contest predates the Endorser eligibility window
edr_bdd4b13ef74d501780c8fcadd091591e,con_67daf6d284a75ecc8b775a05a871a58e,partially_searched,2026-08-21,current election searched through 2026-08-21
edr_bdd4b13ef74d501780c8fcadd091591e,con_680464772a025da6aa5eaf650cefb52a,not_applicable,2026-08-21,Contest predates the Endorser eligibility window
edr_bdd4b13ef74d501780c8fcadd091591e,con_6821258c9f7f598e829c8617b8765c25,comprehensive_source_found,2026-08-21,complete slate source recovered
edr_bdd4b13ef74d501780c8fcadd091591e,con_6a1f4d7470675d869b3b11aede0812f2,not_searched,,no contest-specific historical search is logged
edr_bdd4b13ef74d501780c8fcadd091591e,con_6ba310e4ba695121835a4fde58144a47,partially_searched,2026-08-21,current election searched through 2026-08-21
edr_bdd4b13ef74d501780c8fcadd091591e,con_6beb6fc4da14503aa70fa94b8fe0b600,not_applicable,2026-08-21,Contest predates the Endorser eligibility window
edr_bdd4b13ef74d501780c8fcadd091591e,con_6c708130eaa15c9080cc3cd3a207f63b,not_applicable,2026-08-21,Contest predates the Endorser eligibility window
edr_bdd4b13ef74d501780c8fcadd091591e,con_6d24ced99da9539aaaad476a9a2747f4,not_applicable,2026-08-21,Contest predates the Endorser eligibility window
edr_bdd4b13ef74d501780c8fcadd091591e,con_6d7f00a8037754c0a6f34579bee44966,not_applicable,2026-08-21,Contest predates the Endorser eligibility window
edr_bdd4b13ef74d501780c8fcadd091591e,con_6efbf1ffbfee5e2cb5f5fab52dd98a91,partially_searched,2026-08-21,current election searched through 2026-08-21
edr_bdd4b13ef74d501780c8fcadd091591e,con_6fd864aec40c5bbc9f3eb32d2e9e4379,not_searched,,no contest-specific historical search is logged
edr_bdd4b13ef74d501780c8fcadd091591e,con_719e754cd3eb5a8abbc6e78d6413ff60,partially_searched,2026-08-21,current election searched through 2026-08-21
edr_bdd4b13ef74d501780c8fcadd091591e,con_727f839c8adc5531bd874edb6b663c05,not_applicable,2026-08-21,Contest predates the Endorser eligibility window
edr_bdd4b13ef74d501780c8fcadd091591e,con_744dd2f798b8521e8de9693750f474d2,not_applicable,2026-08-21,Contest predates the Endorser eligibility window
edr_bdd4b13ef74d501780c8fcadd091591e,con_76db9d7d1989548fadeac8b8116dc357,not_applicable,2026-08-21,Contest predates the Endorser eligibility window
edr_bdd4b13ef74d501780c8fcadd091591e,con_778d3d5e612151bcb14703a9f987556d,not_searched,,no contest-specific historical search is logged
edr_bdd4b13ef74d501780c8fcadd091591e,con_77f42d0ca0a15c57a01b5579fef4625a,not_applicable,2026-08-21,Contest predates the Endorser eligibility window
edr_bdd4b13ef74d501780c8fcadd091591e,con_79a0aa63063d5dd6a5a2ed28c29ecec1,not_applicable,2026-08-21,Contest predates the Endorser eligibility window
edr_bdd4b13ef74d501780c8fcadd091591e,con_7a4043e26d4256e78ee3861fb81e718a,not_searched,,no contest-specific historical search is logged
edr_bdd4b13ef74d501780c8fcadd091591e,con_7acbde45d7355dbeb5327c8eff9039ed,not_applicable,2026-08-21,Contest predates the Endorser eligibility window
edr_bdd4b13ef74d501780c8fcadd091591e,con_7b92b7a12bbf5240a728cbe9d42aa420,not_applicable,2026-08-21,Contest predates the Endorser eligibility window
edr_bdd4b13ef74d501780c8fcadd091591e,con_7bbdc7e302705fee987b1ebca87ef16d,not_applicable,2026-08-21,Contest predates the Endorser eligibility window
edr_bdd4b13ef74d501780c8fcadd091591e,con_7d07021e53b35a609a75560232a15fd1,not_applicable,2026-08-21,Contest predates the Endorser eligibility window
edr_bdd4b13ef74d501780c8fcadd091591e,con_7e6cf2fd75ba560a900bb024e72fe99c,not_searched,,no contest-specific historical search is logged
edr_bdd4b13ef74d501780c8fcadd091591e,con_7eba7d2b2ccb57e5aa6ab13c307b2517,not_applicable,2026-08-21,Contest predates the Endorser eligibility window
edr_bdd4b13ef74d501780c8fcadd091591e,con_7ee43d0beaab558c9788d151bbd8d067,not_applicable,2026-08-21,Contest predates the Endorser eligibility window
edr_bdd4b13ef74d501780c8fcadd091591e,con_802f842541d15d899e8f6acf3b86ae45,not_applicable,2026-08-21,Contest predates the Endorser eligibility window
edr_bdd4b13ef74d501780c8fcadd091591e,con_810611751acb5e86ab30b3277e7e6dad,not_searched,,no contest-specific historical search is logged
edr_bdd4b13ef74d501780c8fcadd091591e,con_8283f00fca6855af9a0a63e550482bda,not_applicable,2026-08-21,Contest predates the Endorser eligibility window
edr_bdd4b13ef74d501780c8fcadd091591e,con_82f64d71deda5204bf8ba5ab710c21e6,not_applicable,2026-08-21,Contest predates the Endorser eligibility window
edr_bdd4b13ef74d501780c8fcadd091591e,con_8322c67bf27e5374a4da8de81ef663fc,partially_searched,2026-08-21,current election searched through 2026-08-21
edr_bdd4b13ef74d501780c8fcadd091591e,con_834d568760e15dcdb0b423512c33fe9c,not_applicable,2026-08-21,Contest predates the Endorser eligibility window
edr_bdd4b13ef74d501780c8fcadd091591e,con_83ded5c17ed75ca788f320a13b17dd08,not_applicable,2026-08-21,Contest predates the Endorser eligibility window
edr_bdd4b13ef74d501780c8fcadd091591e,con_845cf9eb2c1b5ed6b35801d45f86cd82,not_applicable,2026-08-21,Contest predates the Endorser eligibility window
edr_bdd4b13ef74d501780c8fcadd091591e,con_849867f583195ad38c77941612883bd9,not_searched,,no contest-specific historical search is logged
edr_bdd4b13ef74d501780c8fcadd091591e,con_86779f733e9f58e78227d4c49c260033,not_applicable,2026-08-21,Contest predates the Endorser eligibility window
edr_bdd4b13ef74d501780c8fcadd091591e,con_86a1f5b3235452b4a3cb3b3297e4dd51,not_applicable,2026-08-21,Contest predates the Endorser eligibility window
edr_bdd4b13ef74d501780c8fcadd091591e,con_88a17b76344c50ba9a3a118dd558c185,not_applicable,2026-08-21,Contest predates the Endorser eligibility window
edr_bdd4b13ef74d501780c8fcadd091591e,con_88f5ccc6b744588da3d07590c5dca974,not_applicable,2026-08-21,Contest predates the Endorser eligibility window
edr_bdd4b13ef74d501780c8fcadd091591e,con_899c01be1cc951dfb79010a2fbd8ad10,not_applicable,2026-08-21,Contest predates the Endorser eligibility window
edr_bdd4b13ef74d501780c8fcadd091591e,con_8a8efa738bef57fc9329489f768529c9,not_applicable,2026-08-21,Contest predates the Endorser eligibility window
edr_bdd4b13ef74d501780c8fcadd091591e,con_8b4a03ef5a3c55c4ab20662c886b31a7,not_searched,,no contest-specific historical search is logged
edr_bdd4b13ef74d501780c8fcadd091591e,con_8c969ca3bbbb537382be9d4ed8dd7697,not_applicable,2026-08-21,Contest predates the Endorser eligibility window
edr_bdd4b13ef74d501780c8fcadd091591e,con_8d2d5f08a1095a14abbcb526483a3aa0,comprehensive_source_found,2026-08-21,complete slate source recovered
edr_bdd4b13ef74d501780c8fcadd091591e,con_90b9ffb191415b13a8c7f334ef771513,not_applicable,2026-08-21,Contest predates the Endorser eligibility window
edr_bdd4b13ef74d501780c8fcadd091591e,con_91f80636385c5df5b2d409f9c9b389ed,comprehensive_source_found,2026-08-21,complete slate source recovered
edr_bdd4b13ef74d501780c8fcadd091591e,con_922d425132ad5243b459c0ca40a6dcd9,not_searched,,no contest-specific historical search is logged
edr_bdd4b13ef74d501780c8fcadd091591e,con_9250eb2b2609550597520e68352ac56a,not_applicable,2026-08-21,Contest predates the Endorser eligibility window
edr_bdd4b13ef74d501780c8fcadd091591e,con_945161409a0450f29e351ff3f263f815,not_applicable,2026-08-21,Contest predates the Endorser eligibility window
edr_bdd4b13ef74d501780c8fcadd091591e,con_9473b9c31bb55e62ac4432451881acf1,not_applicable,2026-08-21,Contest predates the Endorser eligibility window
edr_bdd4b13ef74d501780c8fcadd091591e,con_9476d4c41a7d5fa48b97b47e28f9305d,comprehensive_source_found,2026-08-21,complete slate source recovered
edr_bdd4b13ef74d501780c8fcadd091591e,con_95ce62f8d45154c7836ec0372d2a416e,not_applicable,2026-08-21,Contest predates the Endorser eligibility window
edr_bdd4b13ef74d501780c8fcadd091591e,con_95ddf0ee07b85a9da9038f871eeefaba,not_applicable,2026-08-21,Contest predates the Endorser eligibility window
edr_bdd4b13ef74d501780c8fcadd091591e,con_98fc649f10ee5100a44520c1500dfac9,comprehensive_source_found,2026-08-21,complete slate source recovered
edr_bdd4b13ef74d501780c8fcadd091591e,con_990816d2030b592787bdf4a19382627f,not_searched,,no contest-specific historical search is logged
edr_bdd4b13ef74d501780c8fcadd091591e,con_99b9fbf5df5f504eb0906d1c2b113d63,not_applicable,2026-08-21,Contest predates the Endorser eligibility window
edr_bdd4b13ef74d501780c8fcadd091591e,con_9d346093453659cba5591e6e2efd506a,not_applicable,2026-08-21,Contest predates the Endorser eligibility window
edr_bdd4b13ef74d501780c8fcadd091591e,con_9e0a04dcf1245155b6f1fd50c6a83e99,comprehensive_source_found,2026-08-21,complete slate source recovered
edr_bdd4b13ef74d501780c8fcadd091591e,con_a060705663a15882b307108144aa8720,not_applicable,2026-08-21,Contest predates the Endorser eligibility window
edr_bdd4b13ef74d501780c8fcadd091591e,con_a160a05c9e3e5dd7b972cd5c16d456b0,not_applicable,2026-08-21,Contest predates the Endorser eligibility window
edr_bdd4b13ef74d501780c8fcadd091591e,con_a1f3f1e6009c53c7a9cbb88e7e2346c0,comprehensive_source_found,2026-08-21,complete slate source recovered
edr_bdd4b13ef74d501780c8fcadd091591e,con_a3ad5138021a51309ade19f0cbc4ebe1,not_applicable,2026-08-21,Contest predates the Endorser eligibility window
edr_bdd4b13ef74d501780c8fcadd091591e,con_a46853faf8a85598b55614ee5bfc99e2,not_applicable,2026-08-21,Contest predates the Endorser eligibility window
edr_bdd4b13ef74d501780c8fcadd091591e,con_a548943febc15683bb34e547001ee6e7,comprehensive_source_found,2026-08-21,complete slate source recovered
edr_bdd4b13ef74d501780c8fcadd091591e,con_a62a387b9ca8511db50248d4738f3eea,not_applicable,2026-08-21,Contest predates the Endorser eligibility window
edr_bdd4b13ef74d501780c8fcadd091591e,con_ab103b8f3a915dd0b0131abea73fad5c,not_applicable,2026-08-21,Contest predates the Endorser eligibility window
edr_bdd4b13ef74d501780c8fcadd091591e,con_abe0e1350e7856ad9a70ffdc75dd84f2,not_applicable,2026-08-21,Contest predates the Endorser eligibility window
edr_bdd4b13ef74d501780c8fcadd091591e,con_ac0a746327ea57b39ba13add8456bbd3,comprehensive_source_found,2026-08-21,complete slate source recovered
edr_bdd4b13ef74d501780c8fcadd091591e,con_ac347f98e5715159b3adecf8debcbde8,not_searched,,no contest-specific historical search is logged
edr_bdd4b13ef74d501780c8fcadd091591e,con_ae44722023c153d7a460278c9b621435,not_applicable,2026-08-21,Contest predates the Endorser eligibility window
edr_bdd4b13ef74d501780c8fcadd091591e,con_af1f1cbea2a15cf4899bdd37d9fc80f7,comprehensive_source_found,2026-08-21,complete slate source recovered
edr_bdd4b13ef74d501780c8fcadd091591e,con_b123ac953da1590ebb8bca29f5eb3bdc,not_applicable,2026-08-21,Contest predates the Endorser eligibility window
edr_bdd4b13ef74d501780c8fcadd091591e,con_b1ec123602ab559c939e1aa02badcd71,not_applicable,2026-08-21,Contest predates the Endorser eligibility window
edr_bdd4b13ef74d501780c8fcadd091591e,con_b4c70c0c6f465c4091dce97cbbd286b3,not_applicable,2026-08-21,Contest predates the Endorser eligibility window
edr_bdd4b13ef74d501780c8fcadd091591e,con_b592d84a34965294a78c84c50bab4ddb,not_applicable,2026-08-21,Contest predates the Endorser eligibility window
edr_bdd4b13ef74d501780c8fcadd091591e,con_b5ffb866cf475caca42769d641deb4a7,not_applicable,2026-08-21,Contest predates the Endorser eligibility window
edr_bdd4b13ef74d501780c8fcadd091591e,con_b6bdff47e14a590897fb7531e91999d1,not_applicable,2026-08-21,Contest predates the Endorser eligibility window
edr_bdd4b13ef74d501780c8fcadd091591e,con_b7158aa7285c513f8255b4f87166c723,comprehensive_source_found,2026-08-21,complete slate source recovered
edr_bdd4b13ef74d501780c8fcadd091591e,con_b93d69f083ed511ab264f38cc1d8b94c,not_searched,,no contest-specific historical search is logged
edr_bdd4b13ef74d501780c8fcadd091591e,con_b9bda7a65c8a5e03a69746d0072f95c1,not_applicable,2026-08-21,Contest predates the Endorser eligibility window
edr_bdd4b13ef74d501780c8fcadd091591e,con_bab4f35c5b9a51da935131d5c790bddf,comprehensive_source_found,2026-08-21,complete slate source recovered
edr_bdd4b13ef74d501780c8fcadd091591e,con_bb2bdc05e1365857b524a0a6596b48d5,not_searched,,no contest-specific historical search is logged
edr_bdd4b13ef74d501780c8fcadd091591e,con_bcc3da3d377f5fd3bb1d8a0c3ad7160b,comprehensive_source_found,2026-08-21,complete slate source recovered
edr_bdd4b13ef74d501780c8fcadd091591e,con_bd42720679895e8eb848ffc148979026,partially_searched,2026-08-21,current election searched through 2026-08-21
edr_bdd4b13ef74d501780c8fcadd091591e,con_bdb4bceb8d3d535e9d9284d19bf99bb0,not_applicable,2026-08-21,Contest predates the Endorser eligibility window
edr_bdd4b13ef74d501780c8fcadd091591e,con_be2d96cb623553cdbd79b303f9576bda,not_applicable,2026-08-21,Contest predates the Endorser eligibility window
edr_bdd4b13ef74d501780c8fcadd091591e,con_be3ee1a1a31f533885cbb71a268beda9,not_applicable,2026-08-21,Contest predates the Endorser eligibility window
edr_bdd4b13ef74d501780c8fcadd091591e,con_bf4b3cd94fcd50ba8d2259a6df440a17,not_applicable,2026-08-21,Contest predates the Endorser eligibility window
edr_bdd4b13ef74d501780c8fcadd091591e,con_bf589c2ec43c513aa964b64309534ac6,not_applicable,2026-08-21,Contest predates the Endorser eligibility window
edr_bdd4b13ef74d501780c8fcadd091591e,con_c44af6fcb9ff527e8974217b3d633af1,comprehensive_source_found,2026-08-21,complete slate source recovered
edr_bdd4b13ef74d501780c8fcadd091591e,con_c49857c2f0a6591fa165be262c38930c,not_applicable,2026-08-21,Contest predates the Endorser eligibility window
edr_bdd4b13ef74d501780c8fcadd091591e,con_c4de914fc9f15a3cab65125ee118d9c8,not_applicable,2026-08-21,Contest predates the Endorser eligibility window
edr_bdd4b13ef74d501780c8fcadd091591e,con_c555f2e9b45051a8b960bdbb0ac6080a,not_searched,,no contest-specific historical search is logged
edr_bdd4b13ef74d501780c8fcadd091591e,con_c57f0385335559e696305e7d4e632b40,not_applicable,2026-08-21,Contest predates the Endorser eligibility window
edr_bdd4b13ef74d501780c8fcadd091591e,con_c59d97019dab554698aea8cb6eeb469a,not_applicable,2026-08-21,Contest predates the Endorser eligibility window
edr_bdd4b13ef74d501780c8fcadd091591e,con_c637e2ad153c516eb79ab5edb84161f8,comprehensive_source_found,2026-08-21,complete slate source recovered
edr_bdd4b13ef74d501780c8fcadd091591e,con_c686b3ad3bd059d78db8cc44229817a0,comprehensive_source_found,2026-08-21,complete slate source recovered
edr_bdd4b13ef74d501780c8fcadd091591e,con_c713b29e028a582893ad021c4a2b8546,not_applicable,2026-08-21,Contest predates the Endorser eligibility window
edr_bdd4b13ef74d501780c8fcadd091591e,con_c760f9c404835bb595e5671cf893c340,not_applicable,2026-08-21,Contest predates the Endorser eligibility window
edr_bdd4b13ef74d501780c8fcadd091591e,con_c85783d7c9a4550bae21b8e14f2ff992,not_searched,,no contest-specific historical search is logged
edr_bdd4b13ef74d501780c8fcadd091591e,con_c8883aeeac29529eada91aebc451242b,not_searched,,no contest-specific historical search is logged
edr_bdd4b13ef74d501780c8fcadd091591e,con_c8a9dfe07ee5545eb20e21d12773c57e,not_applicable,2026-08-21,Contest predates the Endorser eligibility window
edr_bdd4b13ef74d501780c8fcadd091591e,con_c90c50ce5e7c59dbaf6f3fb8efe575fd,not_applicable,2026-08-21,Contest predates the Endorser eligibility window
edr_bdd4b13ef74d501780c8fcadd091591e,con_ca1753a2e9eb53b396a948ee50167f03,not_searched,,no contest-specific historical search is logged
edr_bdd4b13ef74d501780c8fcadd091591e,con_caa23fae586656b2bab11ee711073a2c,not_searched,,no contest-specific historical search is logged
edr_bdd4b13ef74d501780c8fcadd091591e,con_cb4eea0a3dc657cc990d4fa53b4ae76f,partially_searched,2026-08-21,current election searched through 2026-08-21
edr_bdd4b13ef74d501780c8fcadd091591e,con_cceb1911b8545151a85313ea9045fdd6,not_applicable,2026-08-21,Contest predates the Endorser eligibility window
edr_bdd4b13ef74d501780c8fcadd091591e,con_ced450846b2e53ec8391a1a85ae3e75f,partially_searched,2026-08-21,current election searched through 2026-08-21
edr_bdd4b13ef74d501780c8fcadd091591e,con_d0cb7c26d6e55def83cde1da2c9bc8c5,not_applicable,2026-08-21,Contest predates the Endorser eligibility window
edr_bdd4b13ef74d501780c8fcadd091591e,con_d100fd7c171150b8b18125987b174c3d,not_applicable,2026-08-21,Contest predates the Endorser eligibility window
edr_bdd4b13ef74d501780c8fcadd091591e,con_d18675753b8f580c8834170f374d1e7c,not_applicable,2026-08-21,Contest predates the Endorser eligibility window
edr_bdd4b13ef74d501780c8fcadd091591e,con_d3ecc496be285eebb80559abe5d5f9f1,not_applicable,2026-08-21,Contest predates the Endorser eligibility window
edr_bdd4b13ef74d501780c8fcadd091591e,con_d42434b7f93353e6b9eeb64711b54648,not_applicable,2026-08-21,Contest predates the Endorser eligibility window
edr_bdd4b13ef74d501780c8fcadd091591e,con_d4f2ce7b93c75f4ca9c7bc73a4ba2a30,not_applicable,2026-08-21,Contest predates the Endorser eligibility window
edr_bdd4b13ef74d501780c8fcadd091591e,con_d5af05a065045bf9adaf30847252c957,not_applicable,2026-08-21,Contest predates the Endorser eligibility window
edr_bdd4b13ef74d501780c8fcadd091591e,con_d61412ebefff5d2b8bc9183244150abf,not_applicable,2026-08-21,Contest predates the Endorser eligibility window
edr_bdd4b13ef74d501780c8fcadd091591e,con_d69bc70f79a45bf397b2a657aa858e50,not_applicable,2026-08-21,Contest predates the Endorser eligibility window
edr_bdd4b13ef74d501780c8fcadd091591e,con_d6f7b1cb92f959ab9408dbb936bcf2ff,not_applicable,2026-08-21,Contest predates the Endorser eligibility window
edr_bdd4b13ef74d501780c8fcadd091591e,con_d7ff0d7faa695e15b19ef05eaf2a93f5,not_applicable,2026-08-21,Contest predates the Endorser eligibility window
edr_bdd4b13ef74d501780c8fcadd091591e,con_d8e03f953ae157089237a1febc263587,not_applicable,2026-08-21,Contest predates the Endorser eligibility window
edr_bdd4b13ef74d501780c8fcadd091591e,con_d9eeb6c962c854b58be1e179e2168cb1,not_applicable,2026-08-21,Contest predates the Endorser eligibility window
edr_bdd4b13ef74d501780c8fcadd091591e,con_da88824c2975511d9432812d4988c9d5,not_applicable,2026-08-21,Contest predates the Endorser eligibility window
edr_bdd4b13ef74d501780c8fcadd091591e,con_db6acf978ec15e2c9ac0230649ef0609,comprehensive_source_found,2026-08-21,complete slate source recovered
edr_bdd4b13ef74d501780c8fcadd091591e,con_dbcfe2c3a43b5de292d63146a94cd52b,partially_searched,2026-08-21,current election searched through 2026-08-21
edr_bdd4b13ef74d501780c8fcadd091591e,con_e0aab60f6a3e50d59f1f09a1742a2ddd,not_searched,,no contest-specific historical search is logged
edr_bdd4b13ef74d501780c8fcadd091591e,con_e14c9528646b58ba89bddde54ae0f23e,not_applicable,2026-08-21,Contest predates the Endorser eligibility window
edr_bdd4b13ef74d501780c8fcadd091591e,con_e230d66a67245cd08a806de4208d288b,not_applicable,2026-08-21,Contest predates the Endorser eligibility window
edr_bdd4b13ef74d501780c8fcadd091591e,con_e2f423965407516280c8b3af41b9f5cf,not_applicable,2026-08-21,Contest predates the Endorser eligibility window
edr_bdd4b13ef74d501780c8fcadd091591e,con_e358c35644bd5b94b662f1e211fbc70e,not_applicable,2026-08-21,Contest predates the Endorser eligibility window
edr_bdd4b13ef74d501780c8fcadd091591e,con_e3987d425526548a844f6d73b662eac3,comprehensive_source_found,2026-08-21,complete slate source recovered
edr_bdd4b13ef74d501780c8fcadd091591e,con_e3ed783f131d579d8718d34c15675901,not_searched,,no contest-specific historical search is logged
edr_bdd4b13ef74d501780c8fcadd091591e,con_e3f1226fd27e5ec6bf5d96a8439cc26a,not_applicable,2026-08-21,Contest predates the Endorser eligibility window
edr_bdd4b13ef74d501780c8fcadd091591e,con_e689393a84cc500bab2476e3913f093d,not_applicable,2026-08-21,Contest predates the Endorser eligibility window
edr_bdd4b13ef74d501780c8fcadd091591e,con_e7325536f8e85cffa249480df8a556a2,not_applicable,2026-08-21,Contest predates the Endorser eligibility window
edr_bdd4b13ef74d501780c8fcadd091591e,con_e78d7e5eb6975c7b98ef0efd13e5c783,not_applicable,2026-08-21,Contest predates the Endorser eligibility window
edr_bdd4b13ef74d501780c8fcadd091591e,con_e8d5ffca829d5a06ad87216dc76d6e6a,not_applicable,2026-08-21,Contest predates the Endorser eligibility window
edr_bdd4b13ef74d501780c8fcadd091591e,con_e8f16f1721ce5517977fa5bc1f660248,not_applicable,2026-08-21,Contest predates the Endorser eligibility window
edr_bdd4b13ef74d501780c8fcadd091591e,con_e93ddb13c85852b58b88208c71191394,not_applicable,2026-08-21,Contest predates the Endorser eligibility window
edr_bdd4b13ef74d501780c8fcadd091591e,con_ebbe0512549c59bc8a7a31e7ec5a59e9,not_applicable,2026-08-21,Contest predates the Endorser eligibility window
edr_bdd4b13ef74d501780c8fcadd091591e,con_ebcb4d472e005fbbadabf9f6201cbe13,not_applicable,2026-08-21,Contest predates the Endorser eligibility window
edr_bdd4b13ef74d501780c8fcadd091591e,con_ec88bd40dff858e695ae9533199be499,not_applicable,2026-08-21,Contest predates the Endorser eligibility window
edr_bdd4b13ef74d501780c8fcadd091591e,con_eccf9644aa2c598fa731d009a96fcf64,not_searched,,no contest-specific historical search is logged
edr_bdd4b13ef74d501780c8fcadd091591e,con_ed22821703705704bff31b43ed036014,not_applicable,2026-08-21,Contest predates the Endorser eligibility window
edr_bdd4b13ef74d501780c8fcadd091591e,con_edd7a5395e9a586bb5289cb5ed1106b3,not_applicable,2026-08-21,Contest predates the Endorser eligibility window
edr_bdd4b13ef74d501780c8fcadd091591e,con_eeda9883ca2d57148405d41f7f5a80a4,not_searched,,no contest-specific historical search is logged
edr_bdd4b13ef74d501780c8fcadd091591e,con_f0bbc885a5535e28bc005ca644cc4e22,not_applicable,2026-08-21,Contest predates the Endorser eligibility window
edr_bdd4b13ef74d501780c8fcadd091591e,con_f0cf1eca40845631b0bd4d4750413711,not_applicable,2026-08-21,Contest predates the Endorser eligibility window
edr_bdd4b13ef74d501780c8fcadd091591e,con_f3e797bac18a5e45a723ff263eafb93e,not_applicable,2026-08-21,Contest predates the Endorser eligibility window
edr_bdd4b13ef74d501780c8fcadd091591e,con_f449befd52f1538191ef612c9e711c45,not_applicable,2026-08-21,Contest predates the Endorser eligibility window
edr_bdd4b13ef74d501780c8fcadd091591e,con_f5117910f9d358e48dec8f0fd7c77712,partially_searched,2026-08-21,current election searched through 2026-08-21
edr_bdd4b13ef74d501780c8fcadd091591e,con_f59fe6995c8b528dbd3cbfbb5c3277c8,not_applicable,2026-08-21,Contest predates the Endorser eligibility window
edr_bdd4b13ef74d501780c8fcadd091591e,con_f8a855ebf8c250bda4eeed75246305b5,comprehensive_source_found,2026-08-21,complete slate source recovered
edr_bdd4b13ef74d501780c8fcadd091591e,con_f961284da53f5a38ba3a20e7e998ef4f,not_searched,,no contest-specific historical search is logged
edr_bdd4b13ef74d501780c8fcadd091591e,con_f97200e8b8345e4b844e990437f0b077,partially_searched,2026-08-21,current election searched through 2026-08-21
edr_bdd4b13ef74d501780c8fcadd091591e,con_fc66f2cac25c5ea58dccc4005672bad8,not_applicable,2026-08-21,Contest predates the Endorser eligibility window
edr_bdd4b13ef74d501780c8fcadd091591e,con_fdb17fc50f125d17af9f8b0a22566116,not_applicable,2026-08-21,Contest predates the Endorser eligibility window
edr_bdd4b13ef74d501780c8fcadd091591e,con_fed30965855757d399c6acfbd6e6d4f4,not_applicable,2026-08-21,Contest predates the Endorser eligibility window
