assertion_id,endorsement_id,endorser_id,contest_id,candidacy_id,review_state,endorsement_kind,announcement_date,date_precision,source_type,source_url,secondary_source_url,asserted_candidate_name,curation_key
ast_0190fe729c89580a887c5f4ceceb64ec,end_4136f23c00ae5bb4bb375a318d73345b,edr_7130092faf1a5c159a3507bbd8db42ee,con_5c4da484552c546aaff98277d675d594,can_b0071b72639b5d12bf5753a507e8d11d,confirmed,editorial_choice,2010-10-18,day,publisher_editorial_with_retrieval_copy,https://www.thestar.com/article/876714--star-election-choices-for-city-council,https://skyrisecities.com/forum/threads/2014-municipal-election-toronto-council-races.20318/page-26,Sarah Doucette,star_2010_w13_doucette
ast_01c13716410759e397f5237230de930b,end_ed9ea5da176751b1bce7b272e5fb3d27,edr_7130092faf1a5c159a3507bbd8db42ee,con_99b9fbf5df5f504eb0906d1c2b113d63,can_87764da8136359e3be08dbc887d8c487,confirmed,editorial_choice,2003-11-07,day,publisher_editorial_authenticated_archive,https://www.proquest.com/docview/438650442,,Berardo Mascioli,star_2003_w06_berardomascioli
ast_0211522c5f585ce694753784de8c9aaf,end_0c9f1390f3e3544eae445ae113dc55da,edr_7130092faf1a5c159a3507bbd8db42ee,con_76db9d7d1989548fadeac8b8116dc357,can_f4cac2c3bf3c58858742654b8c68eadc,confirmed,editorial_choice,2006-11-08,day,publisher_editorial_authenticated_archive,https://www.proquest.com/docview/439101262,,David Garrick,star_2006_w13_davidgarrick
ast_0430b744bf5f53229e011a95e5f5ced8,end_91df35dd8ba45703a7919685c272632d,edr_7130092faf1a5c159a3507bbd8db42ee,con_899c01be1cc951dfb79010a2fbd8ad10,can_f1ea2339e5d859a8bd4ec24487e8039e,confirmed,editorial_choice,2006-11-09,day,publisher_editorial_authenticated_archive,https://www.proquest.com/docview/439105757,,Cliff Jenkins,star_2006_w25_cliffjenkins
ast_04d3526e68fb57df989370a0ec881490,end_28a57d10699352a7bb8bde7636cbed98,edr_69f1317690e6571bb2b2e9a7e9690ab8,con_9e0a04dcf1245155b6f1fd50c6a83e99,can_0c187005e2eb558c9e79766553461816,confirmed,endorsement,2022-10-06,day,first_party_slate,https://wemovetoronto.ca/atu-local-113-endorses-candidates-for-the-2022-ontario-municipal-election/,https://wemovetoronto.ca/wp-content/uploads/2022/10/ATU_MunicipalElection2022_Poster-scaled-1.jpg,Kevin Rupasinghe,atu_2022_w20_rupasinghe
ast_065a11bce1525478a7b40455f75b4145,end_c19ae6845daf5704a6a5a3ec71433489,edr_7130092faf1a5c159a3507bbd8db42ee,con_caa23fae586656b2bab11ee711073a2c,can_4f560ce4f469526a9aead47e762a7cd1,confirmed,editorial_choice,2018-10-15,day,publisher_editorial_authenticated_archive,https://www.proquest.com/docview/2119860825,,Mike Colle,star_2018_w08_mikecolle
ast_06be5c68440e5e57b540554d5c24c5f9,end_6c95390ccbda565d98c6c3a44b1eb23b,edr_b354a54e105b5740832e28b07732b4c3,con_f961284da53f5a38ba3a20e7e998ef4f,can_b6b790f30421564ca2e9c8263737a42e,confirmed,editorial_choice,2018-10-20,day,publisher_editorial_authenticated_archive,https://www.proquest.com/docview/2125467176,https://torontosun.com/news/local-news/toronto-sun-endorsements-for-city-council,Evan Tummillo,sun_2018_w04_tummillo
ast_08a4c622c7105961b013fb405f64c61f,end_5ba0b36e418f5792825933181611eb47,edr_7130092faf1a5c159a3507bbd8db42ee,con_e2f423965407516280c8b3af41b9f5cf,can_aa7f65bd26e25966b28e279f0c2145bd,confirmed,editorial_choice,2014-10-21,day,publisher_editorial_authenticated_archive,https://www.proquest.com/docview/1614259798,,Dan Fox,star_2014_w24_danfox
ast_08f7133898985e50a4b3025ecba188d6,end_3c37c11139d3580c8e043f7de41dadf3,edr_bdd4b13ef74d501780c8fcadd091591e,con_db6acf978ec15e2c9ac0230649ef0609,can_933ed8a454ba5127a1f53e6f4b508546,confirmed,endorsement,2022-10-21,day,reputable_contemporaneous_slate_attribution,https://spacing.ca/toronto/2022/10/21/election-map-duelling-campaign-endorsements/,,Nick Mantas,tory_2022_w22_mantas
ast_09a4176e0fdd59368163d994fc837a41,end_00c1b3c01b5055adb76158abbb8ab610,edr_69f1317690e6571bb2b2e9a7e9690ab8,con_52f50431db92559f8d4391fb2e932f16,can_6c6ffe1b743357a5b7e74c8e511ea2d9,confirmed,endorsement,2022-10-06,day,first_party_slate,https://wemovetoronto.ca/atu-local-113-endorses-candidates-for-the-2022-ontario-municipal-election/,https://wemovetoronto.ca/wp-content/uploads/2022/10/ATU_MunicipalElection2022_Poster-scaled-1.jpg,Chiara Padovani,atu_2022_w05_padovani
ast_0a866b5902f8512e9fc0143ecc33b55d,end_853fa563394a5f17ae699a4e92599c52,edr_7130092faf1a5c159a3507bbd8db42ee,con_579cae8a3fa455a7a3e68d1b1900fffa,can_e4d5de017a4c5861a2f577ede413c236,confirmed,editorial_choice,2010-10-18,day,publisher_editorial_with_retrieval_copy,https://www.thestar.com/article/876714--star-election-choices-for-city-council,https://skyrisecities.com/forum/threads/2014-municipal-election-toronto-council-races.20318/page-26,Josh Colle,star_2010_w15_colle
ast_0b20b2bb392657bc8924d368cc92e4bb,end_16f912bbb2b35874859e37649dd39705,edr_7130092faf1a5c159a3507bbd8db42ee,con_09d3330e921d5e53ae19007709e75bf9,can_2d5a50e7f10f57849dee50bd2d319190,confirmed,editorial_choice,2006-11-09,day,publisher_editorial_authenticated_archive,https://www.proquest.com/docview/439105757,,Janet Davis,star_2006_w31_janetdavis
ast_0bb1000202ec5acbab0378587306c60c,end_c750a8e87fa7558f8405864bd9a490a5,edr_69f1317690e6571bb2b2e9a7e9690ab8,con_ac347f98e5715159b3adecf8debcbde8,can_467ce1971c8b595a88cebb67edda463a,confirmed,endorsement,2018-10-01,month,first_party_slate,https://wemovetoronto.ca/wp-content/uploads/2018/10/ATU-Local-113_Endorsed-Candidates.pdf,,Lekan Olawoye,atu_2018_w05_olawoye
ast_0ca6ee033679583e86bad1ddce060637,end_75f280af29e15845a132f08d9e40ace0,edr_7130092faf1a5c159a3507bbd8db42ee,con_d8e03f953ae157089237a1febc263587,can_96f21a337879501a940a9d83c4c2cca3,confirmed,editorial_choice,2014-10-21,day,publisher_editorial_authenticated_archive,https://www.proquest.com/docview/1614259798,,Denzil Minnan-Wong,star_2014_w34_denzilminnanwong
ast_0d82249b09e2595ba5976407de2ba291,end_cda291b20b5554b1a1a0260b3883a5ae,edr_7130092faf1a5c159a3507bbd8db42ee,con_b93d69f083ed511ab264f38cc1d8b94c,can_fa7dd6aa57a55b69828e69186f5a67cf,confirmed,editorial_choice,2018-10-18,day,first_party_editorial,https://www.thestar.com/opinion/editorials/2018/10/18/john-tory-is-the-best-choice-for-toronto-now.html,,John Tory,star_2018_mayor_tory
ast_0daa54da6e91599d9c070bedeeaedd87,end_28bb3062935c5d5eb3e65d912a559024,edr_69f1317690e6571bb2b2e9a7e9690ab8,con_f961284da53f5a38ba3a20e7e998ef4f,can_f016d26c42dc5073b6e91d974223d0a7,confirmed,endorsement,2018-10-01,month,first_party_slate,https://wemovetoronto.ca/wp-content/uploads/2018/10/ATU-Local-113_Endorsed-Candidates.pdf,,Gord Perks,atu_2018_w04_perks
ast_0f6ea27b1afc5cc88c43eecf209fc607,end_c181a2e7e4f6502a8ff955c0cd8fe08b,edr_7130092faf1a5c159a3507bbd8db42ee,con_f8a855ebf8c250bda4eeed75246305b5,can_3c3d60402ebe53679b24342c577cb4f6,confirmed,editorial_choice,2022-10-20,day,publisher_editorial_with_archived_copy,https://www.thestar.com/opinion/editorials/2022/10/20/the-stars-endorsements-for-toronto-council-in-wards-9-to-16.html,https://toronto.cityhallwatcher.com/p/chw194,Jaye Robinson,star_2022_w15_robinson
ast_0fb0108cd9485e468b793cfb68d5e855,end_ac5774219da65364a416ceca038742fb,edr_b354a54e105b5740832e28b07732b4c3,con_6a1f4d7470675d869b3b11aede0812f2,can_72220a1f527a5ffb9ca19e3502f58894,confirmed,editorial_choice,2018-10-20,day,publisher_editorial_authenticated_archive,https://www.proquest.com/docview/2125467176,https://torontosun.com/news/local-news/toronto-sun-endorsements-for-city-council,Jon Burnside,sun_2018_w15_jonburnside
ast_0fcce6afdeb855bfb913c0934812fa44,end_26c6b7d8b95e55b798826aa2ce12e411,edr_bdd4b13ef74d501780c8fcadd091591e,con_6821258c9f7f598e829c8617b8765c25,can_088b3c28f70f5a1397b937c55ecb3a65,confirmed,endorsement,2022-10-21,day,reputable_contemporaneous_slate_attribution,https://spacing.ca/toronto/2022/10/21/election-map-duelling-campaign-endorsements/,https://thelocal.to/ward-9-davenport/,Grant Gonzales,tory_2022_w09_gonzales
ast_10db3dbe33005b168d29b3a038e60dab,end_e9cff7d9ddfe5b448a8ca3acf5b0d319,edr_7130092faf1a5c159a3507bbd8db42ee,con_c686b3ad3bd059d78db8cc44229817a0,can_19bbe15fc35c514cab23e1672f721659,confirmed,editorial_choice,2022-10-21,day,publisher_editorial_with_archived_copy,https://www.thestar.com/opinion/editorials/2022/10/21/the-stars-endorsements-for-toronto-council-in-wards-17-to-25.html,https://toronto.cityhallwatcher.com/p/chw194,Jamaal Myers,star_2022_w23_myers
ast_112bae4bca5f5767b8a24020577e2277,end_e22675b3be475769a7671d8027f19f29,edr_7130092faf1a5c159a3507bbd8db42ee,con_c4de914fc9f15a3cab65125ee118d9c8,can_e99a2609a62e54cda99754cc90c5fa9c,confirmed,editorial_choice,2014-10-20,day,publisher_editorial_authenticated_archive,https://www.proquest.com/docview/1613910148,,Mike Layton,star_2014_w19_mikelayton
ast_12079d6769b559318a65c8c0935d061a,end_e1074f71815856bca4f8ae3522bce78d,edr_bdd4b13ef74d501780c8fcadd091591e,con_612115bf42b450d3aeb63bb430d3aec9,can_881b56db387e50b19b0aa61d56b09724,confirmed,endorsement,2018-10-20,day,reputable_contemporaneous_attribution,https://www.thestar.com/news/city_hall/2018/10/20/tory-endorses-mark-grimes-in-etobicoke-council-race.html,https://thelocal.to/ward-3-etobicoke-lakeshore/,Mark Grimes,tory_2018_w03_grimes
ast_129b0bdf1b825f79b83c6b1397aa355d,end_52a2bb72d4de50d98b0cfb3cc93fe644,edr_b354a54e105b5740832e28b07732b4c3,con_55f5230db0d85c499ce7cea0ce379f5f,can_a9d93ea575e9511aad1985615dbd47f9,confirmed,editorial_choice,2018-10-20,day,publisher_editorial_authenticated_archive,https://www.proquest.com/docview/2125467176,https://torontosun.com/news/local-news/toronto-sun-endorsements-for-city-council,Ana Bailão,sun_2018_w09_anabailao
ast_1401fdcb039f5b3b8549064f74e21267,end_7cfb1787cf52582b8111aa92ee47a030,edr_b354a54e105b5740832e28b07732b4c3,con_caa23fae586656b2bab11ee711073a2c,can_6f92d616fbc254aa87d1296422abbdae,confirmed,editorial_choice,2018-10-20,day,publisher_editorial_authenticated_archive,https://www.proquest.com/docview/2125467176,https://torontosun.com/news/local-news/toronto-sun-endorsements-for-city-council,Christin Carmichael Greb,sun_2018_w08_greb
ast_142e13af2ded5b809be7272c1daf2269,end_0f11eb6770fa5fb7a41c8aadc8f496ac,edr_7130092faf1a5c159a3507bbd8db42ee,con_d42434b7f93353e6b9eeb64711b54648,can_2a3e6475274250748946d221fdbc92da,confirmed,editorial_choice,2006-11-08,day,publisher_editorial_authenticated_archive,https://www.proquest.com/docview/439101262,,Maria Augimeri,star_2006_w09_mariaaugimeri
ast_145fc6eee5785f568e0cdbe101178ed9,end_ae083581282456649598d975b047fb99,edr_60054ff9f17d5cb5889a78d123699005,con_9e0a04dcf1245155b6f1fd50c6a83e99,can_0c187005e2eb558c9e79766553461816,confirmed,progressive_champion,2022-09-22,day,first_party_campaign_with_contemporaneous_slate_attribution,https://www.progresstoronto.ca/updates/2022/9/22/progressive-champions,https://spacing.ca/toronto/2022/10/21/election-map-duelling-campaign-endorsements/,Kevin Rupasinghe,progress_2022_w20_rupasinghe
ast_158e4be85f725c3a85d9a43f9cca0493,end_f32a94e1e7b956588f294314c1c923a2,edr_7130092faf1a5c159a3507bbd8db42ee,con_2c0ca30fc75e51a3acf50c4693b1cc1b,can_5d3cda342f5d5ce9a7bcb18578d4c2b7,confirmed,editorial_choice,2022-10-19,day,publisher_editorial_with_archived_copy,https://www.thestar.com/opinion/editorials/2022/10/19/the-stars-endorsements-for-toronto-council-in-wards-1-to-8.html,https://toronto.cityhallwatcher.com/p/chw194,Gord Perks,star_2022_w04_perks
ast_15c4f91a1474569899973a7ceba36aed,end_495bb518587e5d3c828aa2302d7c841a,edr_7130092faf1a5c159a3507bbd8db42ee,con_43f8a49a6b095ee8a38c2a1aa0477382,can_75961c4df15e5d8c85f6a63ffa59f246,confirmed,editorial_choice,2022-10-19,day,publisher_editorial_with_archived_copy,https://www.thestar.com/opinion/editorials/2022/10/19/the-stars-endorsements-for-toronto-council-in-wards-1-to-8.html,https://toronto.cityhallwatcher.com/p/chw194,Anthony Perruzza,star_2022_w07_perruzza
ast_178ec11ec3b758eea42814a26650d3aa,end_1259d4c3a12d5b4e82f7c3f9485884d1,edr_b354a54e105b5740832e28b07732b4c3,con_e0aab60f6a3e50d59f1f09a1742a2ddd,can_b0b70cf1154d5e858ffac38014484f05,confirmed,editorial_choice,2023-06-22,day,editorial_with_contemporaneous_direct_attribution,https://torontosun.com/opinion/editorials/editorial-mark-saunders-will-have-your-back,https://tnc.news/2023/06/25/malcolm-endorses-furey-toronto/,Mark Saunders,sun_2023_mayor_saunders
ast_17da2418c3b65f47a488078f2df2784b,end_75b172ec7e33598bb61df147b9ddd5ec,edr_7130092faf1a5c159a3507bbd8db42ee,con_0b8c9e853efa5e3da86b0f1eff65589e,can_0591973f6f6f5263883a52e798917677,confirmed,editorial_choice,2006-11-08,day,publisher_editorial_authenticated_archive,https://www.proquest.com/docview/439101262,,Frances Nunziata,star_2006_w11_francesnunziata
ast_1825681a9c31590abe7751bc87d10fd6,end_202abf19989b5e688471f2fc6dc115c3,edr_7130092faf1a5c159a3507bbd8db42ee,con_8b4a03ef5a3c55c4ab20662c886b31a7,can_959affa9be1555e5bc0612838e927027,confirmed,editorial_choice,2018-10-15,day,publisher_editorial_authenticated_archive,https://www.proquest.com/docview/2119860825,,Josh Matlow,star_2018_w12_joshmatlow
ast_1887b4e4cf6657afa7a0396d8c223443,end_0572558bc39754469ee680313e88aeaa,edr_a7c5fbf78b725c8db8ec32c4c4fc177a,con_b4c70c0c6f465c4091dce97cbbd286b3,can_8beb4a28087f5a58b667f68fdc297a43,confirmed,endorsement,2006-11-01,day,reputable_contemporaneous_attribution,https://philippinereporter.com/index.php/2006/11/01/rowena-santos-talks-to-the-philippine-reporter/,https://www.yorku.ca/yfile/2006/11/14/york-university-charts-a-new-course/,Gord Perks,miller_2006_w14_perks
ast_19019cc58db650e7aba62cfe45f56e84,end_5430e176c3355634acb147491cf49380,edr_69f1317690e6571bb2b2e9a7e9690ab8,con_1b8d99f619f758efb737805a20bcf6fb,can_d7591ea7a10b549e97f6a6ec33e194d6,confirmed,endorsement,2018-10-01,month,first_party_slate,https://wemovetoronto.ca/wp-content/uploads/2018/10/ATU-Local-113_Endorsed-Candidates.pdf,,Paula Fletcher,atu_2018_w14_fletcher
ast_19e16f9f67d1512b8c9fde4c82e2012a,end_30e1d0b482d45038a26624bbe6ba2e59,edr_b354a54e105b5740832e28b07732b4c3,con_16fad19349255393a28639cd62e83ae3,can_44edb32c95a155788c97ba51aab252a9,confirmed,editorial_choice,2018-10-20,day,publisher_editorial_authenticated_archive,https://www.proquest.com/docview/2125467176,https://torontosun.com/news/local-news/toronto-sun-endorsements-for-city-council,Michael Thompson,sun_2018_w21_thompson
ast_1a5324242054521985f739ac24863b84,end_c674da2e3c6651fda86a9bc891f74ebd,edr_60054ff9f17d5cb5889a78d123699005,con_0d314382ba1a5d62b399c1eefc717cc1,can_4bf69fdd28d25a3cafce07961bdc56ea,confirmed,progressive_champion,2022-09-22,day,first_party_campaign_with_contemporaneous_slate_attribution,https://www.progresstoronto.ca/updates/2022/9/22/progressive-champions,https://spacing.ca/toronto/2022/10/21/election-map-duelling-campaign-endorsements/,Charles Ozzoude,progress_2022_w01_ozzoude
ast_1a994b0e5c0354709166294a7dc282d0,end_acd96da8fcc95ed6b6a0c23ec56402b2,edr_b354a54e105b5740832e28b07732b4c3,con_099fbf24dd655a0e8b1720fbe2215a6a,can_6c8763577a0f5896a1f2c406b63dac92,confirmed,editorial_choice,2010-10-18,day,reputable_contemporaneous_attribution,https://torontolife.com/city/torontos-weekend-of-entirely-unsurprising-mayoral-endorsements/,,Rob Ford,sun_2010_mayor_ford
ast_1bd85a225f17569ab24e6af26a265e89,end_02d701baa01a5342a294f42f5f5bd10e,edr_7130092faf1a5c159a3507bbd8db42ee,con_86779f733e9f58e78227d4c49c260033,can_21292996478554dd9696fe813d2bee9c,confirmed,editorial_choice,2006-11-08,day,publisher_editorial_authenticated_archive,https://www.proquest.com/docview/439101262,,Michael Feldman,star_2006_w10_michaelfeldman
ast_1cdadce632005c349576214f79e2deb9,end_ca30e4ab9d8f5e59a6a531998fa88f2c,edr_60054ff9f17d5cb5889a78d123699005,con_53468b4ee3c7510aba4d708f584951a9,can_f9f7d971b99c52cf9a48edf7b1dd38ba,confirmed,progressive_champion,2020-12-15,day,first_party_campaign,https://www.progresstoronto.ca/updates/2020/12/15/by-election-update-manna-wong-is-our-progressive-champion,https://www.progresstoronto.ca/byelection-volunteer,Manna Wong,progress_2021_w22_wong
ast_1f00287009d150fbace37f26bda9a6cc,end_90573d6f0831589b9ac03f1399ebc58e,edr_7130092faf1a5c159a3507bbd8db42ee,con_6821258c9f7f598e829c8617b8765c25,can_73ec5ac31ba8585b9b52e77fce07bc31,confirmed,editorial_choice,2022-10-20,day,publisher_editorial_with_archived_copy,https://www.thestar.com/opinion/editorials/2022/10/20/the-stars-endorsements-for-toronto-council-in-wards-9-to-16.html,https://toronto.cityhallwatcher.com/p/chw194,Alejandra Bravo,star_2022_w09_bravo
ast_20acb38c439851c8b58ad6fbb282f91b,end_5517eb847da75abaa1891ae6266d9bc5,edr_7130092faf1a5c159a3507bbd8db42ee,con_55f5230db0d85c499ce7cea0ce379f5f,can_a9d93ea575e9511aad1985615dbd47f9,confirmed,editorial_choice,2018-10-15,day,publisher_editorial_authenticated_archive,https://www.proquest.com/docview/2119860825,,Ana Bailão,star_2018_w09_anabailao
ast_21a4b4d70bfd5e54b5b1f2387aae2845,end_0315fab5395458928afb21b474011da2,edr_7130092faf1a5c159a3507bbd8db42ee,con_ae44722023c153d7a460278c9b621435,can_f45218fc971f5f418367c1cf09933991,confirmed,editorial_choice,2003-11-08,day,publisher_editorial_authenticated_archive,https://www.proquest.com/docview/1442464183,,Jane Pitfield,star_2003_w26_janepitfield
ast_22c85b7a81a25fe6ba50326332e75e58,end_d19e20674b835f0e87f409da8dfdca2b,edr_7130092faf1a5c159a3507bbd8db42ee,con_e7325536f8e85cffa249480df8a556a2,can_6d96fca466345c79a7537e98e8e5fde8,confirmed,editorial_choice,2006-11-09,day,publisher_editorial_authenticated_archive,https://www.proquest.com/docview/439105757,,Brian Ashton,star_2006_w36_brianashton
ast_2314059f811f597ea49bd8c427caaaf0,end_672a8d2f58865faba24fe3bde60bba8a,edr_7130092faf1a5c159a3507bbd8db42ee,con_43b57e74c0a454db9f5ed346b6fc7095,can_2b869e48f3e3564d84ed686769f4eb2e,confirmed,editorial_choice,2010-10-18,day,publisher_editorial_with_retrieval_copy,https://www.thestar.com/article/876714--star-election-choices-for-city-council,https://skyrisecities.com/forum/threads/2014-municipal-election-toronto-council-races.20318/page-26,Fulvio Sansone,star_2010_w11_sansone
ast_234591ef2dd352188a25fe70e7497a28,end_547d67a50c055cd298fe7a7d11fe61ce,edr_7130092faf1a5c159a3507bbd8db42ee,con_8c969ca3bbbb537382be9d4ed8dd7697,can_50edbd001f525fbdaef79280b8ae15ba,confirmed,editorial_choice,2010-10-18,day,publisher_editorial_with_retrieval_copy,https://www.thestar.com/article/876714--star-election-choices-for-city-council,https://skyrisecities.com/forum/threads/2014-municipal-election-toronto-council-races.20318/page-26,Adam Vaughan,star_2010_w20_vaughan
ast_24187a4d8d5f5d99af754485405d1df4,end_30e87dc7a0bf567d8a37a2ee0c30c944,edr_7130092faf1a5c159a3507bbd8db42ee,con_a46853faf8a85598b55614ee5bfc99e2,can_e0998ace6afe5dbaafc18a2b31c0b812,confirmed,editorial_choice,2010-10-18,day,publisher_editorial_with_retrieval_copy,https://www.thestar.com/article/876714--star-election-choices-for-city-council,https://skyrisecities.com/forum/threads/2014-municipal-election-toronto-council-races.20318/page-26,Peter Milczyn,star_2010_w05_milczyn
ast_24747c3dc8585bb9b70297e189d7e6ca,end_fcce2587fcbd5a23b48e34a1e82c8d39,edr_7130092faf1a5c159a3507bbd8db42ee,con_4e432b136b83537fb08e7e8485f4949c,can_c7df068f3b2f55b996869eef64e44f66,confirmed,editorial_choice,2014-10-21,day,publisher_editorial_authenticated_archive,https://www.proquest.com/docview/1614259798,,Diana Hall,star_2014_w44_dianahall
ast_2770d36e49dc5e44a38bbabefdf08024,end_ec0962809ceb566eb17a2d7f792d7158,edr_5c1c75b89db75f0a85c5f1dcc9d06149,con_53468b4ee3c7510aba4d708f584951a9,can_f9f7d971b99c52cf9a48edf7b1dd38ba,confirmed,endorsement,2020-11-26,day,first_party_release,https://ett.ca/ett-endorses-manna-wong-in-scarborough-agincourt-city-council-by-election/,,Manna Wong,ett_2021_w22_wong
ast_28317c2382bd5f35a7f0a99738cf5911,end_3a8d049b5aa15c13a37aec4d6416706b,edr_7130092faf1a5c159a3507bbd8db42ee,con_88f5ccc6b744588da3d07590c5dca974,can_5220e1bfad025d3eac38272d8c3a6c29,confirmed,editorial_choice,2003-11-08,day,publisher_editorial_authenticated_archive,https://www.proquest.com/docview/1442464183,,Michael Walker,star_2003_w22_michaelwalker
ast_283ff5420e6d5e37b8d9df2437180c72,end_85e30d2eaffa5834a29bdc018fb885f7,edr_60054ff9f17d5cb5889a78d123699005,con_c8883aeeac29529eada91aebc451242b,can_2a0745629be0507080db6d72f4a6719b,confirmed,endorsement,2025-09-04,day,first_party_release,https://www.progresstoronto.ca/media-release-sept-4-2025,,Neethan Shan,progress_2025_w25_shan
ast_2891e5f75e01597f9bb1c5bc9c6f9633,end_b7db9a370e1c5db9948da33ad49f7448,edr_b354a54e105b5740832e28b07732b4c3,con_922d425132ad5243b459c0ca40a6dcd9,can_b52f6554caab5bc08b7deca203ffd5d5,confirmed,editorial_choice,2018-10-20,day,publisher_editorial_authenticated_archive,https://www.proquest.com/docview/2125467176,https://torontosun.com/news/local-news/toronto-sun-endorsements-for-city-council,Michael Ford,sun_2018_w01_ford
ast_28c9552b6e685b26a641bd77060d974e,end_165401e78d975e7f97aa197de53049e7,edr_69f1317690e6571bb2b2e9a7e9690ab8,con_612115bf42b450d3aeb63bb430d3aec9,can_a4e55da62ed2509cb497ad0bfd65c11f,confirmed,endorsement,2018-10-01,month,first_party_slate,https://wemovetoronto.ca/wp-content/uploads/2018/10/ATU-Local-113_Endorsed-Candidates.pdf,,Amber Morley,atu_2018_w03_morley
ast_28cf45e3aa315915b0dfb472705aa68e,end_f561e34d16ad57fc9d896d1d30fb7c2d,edr_7130092faf1a5c159a3507bbd8db42ee,con_9473b9c31bb55e62ac4432451881acf1,can_88679a0b033e5771aeaad7a3446b859a,confirmed,editorial_choice,2006-11-08,day,publisher_editorial_authenticated_archive,https://www.proquest.com/docview/439101262,,Ron Singer,star_2006_w15_ronsinger
ast_2a4aa50728de5790ac5e7ab1729ef536,end_8da64f188b55594e9dd89b9d0aec18ca,edr_7130092faf1a5c159a3507bbd8db42ee,con_387d212e18c453e2a8eb298de5c374ff,can_5d5d216a8cb75d0f9b03794ae3482086,confirmed,editorial_choice,2006-11-08,day,publisher_editorial_authenticated_archive,https://www.proquest.com/docview/439101262,,Adam Giambrone,star_2006_w18_adamgiambrone
ast_2a734d49e99e591cb77d788edf365c86,end_471e7ac6584d535aa08c16e3bf7ae99a,edr_bdd4b13ef74d501780c8fcadd091591e,con_8b4a03ef5a3c55c4ab20662c886b31a7,can_daba066aa91d57bb8ac1116dacf2f2bc,confirmed,endorsement,2018-10-12,day,reputable_contemporaneous_attribution,https://toronto.citynews.ca/2018/10/12/matlow-vs-mihevc-when-council-friends-become-foes/,https://globalnews.ca/news/4551754/council-endorsements-2018-municipal-election/,Joe Mihevc,tory_2018_w12_mihevc
ast_2b4c304e15dc599e9c015f64dea64fd7,end_945d452c1b625ec09e5408bea3ada996,edr_7130092faf1a5c159a3507bbd8db42ee,con_5cb64f68c501559d960b05fb29843745,can_2845aa673c2057748b97224c2e967be7,confirmed,editorial_choice,2014-10-20,day,publisher_editorial_authenticated_archive,https://www.proquest.com/docview/1613910148,,Justin Di Ciano,star_2014_w05_justindiciano
ast_2baee5f061d75d109b7806e4ecc5ef9d,end_eb1c2db7a9775a408a5c2dab56b27b03,edr_7130092faf1a5c159a3507bbd8db42ee,con_33da03ca4a1159089c55d78f4edd2bf3,can_17118493cdb85060a2d2685c20dcc532,confirmed,editorial_choice,2010-10-19,day,publisher_editorial_with_retrieval_copy,https://www.thestar.com/article/876714--star-election-choices-for-city-council,https://skyrisecities.com/forum/threads/2014-municipal-election-toronto-council-races.20318/page-26,Neethan Shan,star_2010_w42_shan
ast_2c214e4c20d752609b066e84853b80b8,end_3fd343521a225bf4b79bec22d7750f6c,edr_efc8ef876caa50c3b1edab9e52464b32,con_945161409a0450f29e351ff3f263f815,can_1179f79bea135e8d82289930ed974496,confirmed,editorial_choice,2003-11-01,day,publisher_editorial_authenticated_archive,https://www.proquest.com/docview/383973430,,John Tory,globe_2003_mayor_tory
ast_2cf67e3bee1e545081d985262a4f060f,end_30c59e92a93a5f4eaa414d1e5a37b5f3,edr_69f1317690e6571bb2b2e9a7e9690ab8,con_eeda9883ca2d57148405d41f7f5a80a4,can_8fba857b4440581999ddfd32c59ec62f,confirmed,endorsement,2018-10-01,month,first_party_slate,https://wemovetoronto.ca/wp-content/uploads/2018/10/ATU-Local-113_Endorsed-Candidates.pdf,,Neethan Shan,atu_2018_w25_shan
ast_2dec5a05699b5e7c8924f770f681e153,end_9db55c20f9ea51a48198091c744f93c9,edr_7130092faf1a5c159a3507bbd8db42ee,con_db6acf978ec15e2c9ac0230649ef0609,can_933ed8a454ba5127a1f53e6f4b508546,confirmed,editorial_choice,2022-10-21,day,publisher_editorial_with_archived_copy,https://www.thestar.com/opinion/editorials/2022/10/21/the-stars-endorsements-for-toronto-council-in-wards-17-to-25.html,https://toronto.cityhallwatcher.com/p/chw194,Nick Mantas,star_2022_w22_mantas
ast_2f0b847a27255e1da5c0b53b09587d39,end_bee92f77f5325b329b7ecc9a0a3d791e,edr_b354a54e105b5740832e28b07732b4c3,con_7a4043e26d4256e78ee3861fb81e718a,can_a6628f45e8ae5f50a48d6645d8d8646f,confirmed,editorial_choice,2018-10-20,day,publisher_editorial_authenticated_archive,https://www.proquest.com/docview/2125467176,https://torontosun.com/news/local-news/toronto-sun-endorsements-for-city-council,Christina Liu,sun_2018_w17_liu
ast_2f29158b47105293867d5345a1c38554,end_ddbfdae488fd5c75a37b03663259695a,edr_7130092faf1a5c159a3507bbd8db42ee,con_ebbe0512549c59bc8a7a31e7ec5a59e9,can_5c0b674fd76f524fbcf7657aac767b51,confirmed,editorial_choice,2006-11-09,day,publisher_editorial_authenticated_archive,https://www.proquest.com/docview/439105757,,Paula Fletcher,star_2006_w30_paulafletcher
ast_2f9b515b183c57cc913c7a9b0531311c,end_afe3aed94b4d554c91567d8d190aee54,edr_7130092faf1a5c159a3507bbd8db42ee,con_4a5af0945c9a5a01ae50e3a5ea61b3fb,can_e90f80334f6d5c2caf953d5e0a7f7068,confirmed,editorial_choice,2006-11-09,day,publisher_editorial_authenticated_archive,https://www.proquest.com/docview/439105757,,Kyle Rae,star_2006_w27_kylerae
ast_30146e76357f5bce84d6799421624c1e,end_3f646e0b930852b1bdc3df6b25975ee4,edr_7130092faf1a5c159a3507bbd8db42ee,con_61eed2bcd6ce5343bea274fe8a8028bc,can_d8fb8be5fd1c5e1f90edccb801d5ea70,confirmed,editorial_choice,2003-11-08,day,publisher_editorial_authenticated_archive,https://www.proquest.com/docview/1442464183,,Glenn De Baeremaeker,star_2003_w38_glenndebaeremaeker
ast_30ce701ae039527fb341f44861885b9e,end_11d10384af3b5528a0af92ee55adfb6e,edr_69f1317690e6571bb2b2e9a7e9690ab8,con_c44af6fcb9ff527e8974217b3d633af1,can_45aad11df89c511b88aed431e1b1be4e,confirmed,endorsement,2022-10-06,day,first_party_slate,https://wemovetoronto.ca/atu-local-113-endorses-candidates-for-the-2022-ontario-municipal-election/,https://wemovetoronto.ca/wp-content/uploads/2022/10/ATU_MunicipalElection2022_Poster-scaled-1.jpg,Ausma Malik,atu_2022_w10_malik
ast_310469d2c9c95b1298a9f6e3b1027366,end_cdd4347b6e1a57af85c782ed444f58d8,edr_7130092faf1a5c159a3507bbd8db42ee,con_5d8609e7e7f4584ea28ad032690bdae8,can_60df17cf5ac95996aad15c760e40ee19,confirmed,editorial_choice,2006-11-10,day,publisher_editorial_authenticated_archive,https://www.proquest.com/docview/439100508,,David Miller,star_2006_mayor_miller
ast_322ba6516e2659ab96d06a859f887f88,end_e16ba054022c51aabdc6ee9b628c58d9,edr_5c1c75b89db75f0a85c5f1dcc9d06149,con_b93d69f083ed511ab264f38cc1d8b94c,can_2e7f514d475f51b687e3b907ae3b0fad,confirmed,endorsement,2018-10-11,day,first_party_social_post_preserved_by_contemporaneous_index,https://twitter.com/ElemTeachersTO/status/1050461558801920000,https://en.wikipedia.org/wiki/2018_Toronto_mayoral_election,Jennifer Keesmaat,ett_2018_mayor_keesmaat
ast_34014dcbcde257d9827061266f7d16ba,end_799a8cb652ef5bc2ac78739d694b4b4b,edr_7130092faf1a5c159a3507bbd8db42ee,con_ac347f98e5715159b3adecf8debcbde8,can_467ce1971c8b595a88cebb67edda463a,confirmed,editorial_choice,2018-10-15,day,publisher_editorial_authenticated_archive,https://www.proquest.com/docview/2119860825,,Lekan Olawoye,star_2018_w05_lekanolawoye
ast_35016dcce201513595c566fd5dc5dd8b,end_2668fb04f30d58c4a368608dd1cb7ae9,edr_7130092faf1a5c159a3507bbd8db42ee,con_d5af05a065045bf9adaf30847252c957,can_dce7d4620e3c5e778884ef316336c325,confirmed,editorial_choice,2014-10-21,day,publisher_editorial_authenticated_archive,https://www.proquest.com/docview/1614259798,,Pam McConnell,star_2014_w28_pammcconnell
ast_35b9d35ba47a508980ae4fab5548ddb2,end_b555cb3917c6518abeb135b705221ae9,edr_7130092faf1a5c159a3507bbd8db42ee,con_b1ec123602ab559c939e1aa02badcd71,can_8a2673db54705ab0a33640230926ff68,confirmed,editorial_choice,2006-11-09,day,publisher_editorial_authenticated_archive,https://www.proquest.com/docview/439105757,,Denzil Minnan-Wong,star_2006_w34_denzilminnanwong
ast_3736d4f1a217548f8ad3dbeea75953fe,end_c370dc7bc3015d1397a1dfcbbc542f3d,edr_7130092faf1a5c159a3507bbd8db42ee,con_4def6d4e85f85950babb9030e4eae0cb,can_4fb866c38b735acc905d3362f137997c,confirmed,editorial_choice,2018-10-16,day,publisher_editorial_authenticated_archive,https://www.proquest.com/docview/2120126481,,Lily Cheng,star_2018_w18_lilycheng
ast_390b8cad32995d36bef07f0af3d596f7,end_e782ae93e62a5363a76c267bf01dfc85,edr_7130092faf1a5c159a3507bbd8db42ee,con_ed22821703705704bff31b43ed036014,can_3fbcbdc53f3f5f02974c3789f5c6cb31,confirmed,editorial_choice,2010-10-18,day,publisher_editorial_with_retrieval_copy,https://www.thestar.com/article/876714--star-election-choices-for-city-council,https://skyrisecities.com/forum/threads/2014-municipal-election-toronto-council-races.20318/page-26,Maria Augimeri,star_2010_w09_augimeri
ast_39fbb966958b5d6180b27b0f43b90e32,end_4d6f393062cd513ea6b8cd3c3c904de5,edr_7130092faf1a5c159a3507bbd8db42ee,con_9d346093453659cba5591e6e2efd506a,can_820beea0e81f5871b1582045dd276192,confirmed,editorial_choice,2003-11-08,day,publisher_editorial_authenticated_archive,https://www.proquest.com/docview/1442464183,,Michael Thompson,star_2003_w37_michaelthompson
ast_3b3e52b8ecf757a6976c4a408eebbed1,end_e7edf6f1343f5c85b138dc10830087dd,edr_7130092faf1a5c159a3507bbd8db42ee,con_5587a8b9ae37546eb39a67333b5011ed,can_f7946b75ec045bfab704dee9cb1dd70d,confirmed,editorial_choice,2010-10-19,day,publisher_editorial_with_retrieval_copy,https://www.thestar.com/article/876714--star-election-choices-for-city-council,https://skyrisecities.com/forum/threads/2014-municipal-election-toronto-council-races.20318/page-26,Paula Fletcher,star_2010_w30_fletcher
ast_3b7dc7f939b55fb7b1bbad7ded893590,end_d0d5c19f0f4056099e554e49cfc2f3d1,edr_69f1317690e6571bb2b2e9a7e9690ab8,con_6821258c9f7f598e829c8617b8765c25,can_73ec5ac31ba8585b9b52e77fce07bc31,confirmed,endorsement,2022-10-06,day,first_party_slate,https://wemovetoronto.ca/atu-local-113-endorses-candidates-for-the-2022-ontario-municipal-election/,https://wemovetoronto.ca/wp-content/uploads/2022/10/ATU_MunicipalElection2022_Poster-scaled-1.jpg,Alejandra Bravo,atu_2022_w09_bravo
ast_3c1e30c6b4415be79f7ab28d3e6f8082,end_5d3f3d7299b15bc3bc1779a50bfb9acc,edr_7130092faf1a5c159a3507bbd8db42ee,con_82f64d71deda5204bf8ba5ab710c21e6,can_79eb33c643155fd58f1a523d8cee24eb,confirmed,editorial_choice,2014-10-21,day,publisher_editorial_authenticated_archive,https://www.proquest.com/docview/1614259798,,Chin Lee,star_2014_w41_chinlee
ast_3c796b2920cd564fba00afe4c6ddbef7,end_55f57f590b2a53b69c67e9878aa10b4c,edr_60054ff9f17d5cb5889a78d123699005,con_037ae72c455f558590ca04bc929df4cb,can_cc7dfd8b06db51e592901dc4b159ca78,confirmed,progressive_champion,2022-09-22,day,first_party_campaign_with_contemporaneous_slate_attribution,https://www.progresstoronto.ca/updates/2022/9/22/progressive-champions,https://spacing.ca/toronto/2022/10/21/election-map-duelling-campaign-endorsements/,Norm Di Pasquale,progress_2022_w11_di_pasquale
ast_3cbefe02a61f580c817dfb1431e3e6b3,end_6b4301fb5c095c929a5d3b2b80271daa,edr_7130092faf1a5c159a3507bbd8db42ee,con_990816d2030b592787bdf4a19382627f,can_6dfeac63c0665cf483c6ac6a4934541e,confirmed,editorial_choice,2018-10-15,day,publisher_editorial_authenticated_archive,https://www.proquest.com/docview/2119860825,,Anthony Perruzza,star_2018_w07_anthonyperruzza
ast_3dcaeaf814405bbbb4a0590017248e59,end_792935bef72857f3993a8c1a0ae567fc,edr_7130092faf1a5c159a3507bbd8db42ee,con_2317176dbf5e5a4fab7fd65b16359ebd,can_7289eff0d5a85eefb326bf0da85e2dd3,confirmed,editorial_choice,2003-11-07,day,publisher_editorial_authenticated_archive,https://www.proquest.com/docview/438650442,,Gloria Lindsay Luby,star_2003_w04_glorialindsayluby
ast_3e6a3337e7595c0db30fcfd808d0719a,end_d4f783a468755b6ab2b35f4d398401ee,edr_7130092faf1a5c159a3507bbd8db42ee,con_7eba7d2b2ccb57e5aa6ab13c307b2517,can_3f94a03e6dcc598d82f8d79d21d3bd10,confirmed,editorial_choice,2003-11-07,day,publisher_editorial_authenticated_archive,https://www.proquest.com/docview/438650442,,Doug Holyday,star_2003_w03_dougholyday
ast_3f0f3e068caa53b0a8565d5c491eb0a0,end_3c0db6bb00c95c9388330c8f1b522095,edr_7130092faf1a5c159a3507bbd8db42ee,con_e3987d425526548a844f6d73b662eac3,can_2e4aa5191b76594f88dbe6b8af5e48be,confirmed,editorial_choice,2022-10-21,day,publisher_editorial_with_archived_copy,https://www.thestar.com/opinion/editorials/2022/10/21/the-stars-endorsements-for-toronto-council-in-wards-17-to-25.html,https://toronto.cityhallwatcher.com/p/chw194,Jennifer McKelvie,star_2022_w25_mckelvie
ast_3f6d531294a75b13aecd66d4015c209c,end_4d0db0a173585ae29f03c071fc6801bb,edr_b354a54e105b5740832e28b07732b4c3,con_1b8d99f619f758efb737805a20bcf6fb,can_a0c2320659e855448b8aa28f1740d5bd,confirmed,editorial_choice,2018-10-20,day,publisher_editorial_authenticated_archive,https://www.proquest.com/docview/2125467176,https://torontosun.com/news/local-news/toronto-sun-endorsements-for-city-council,Mary Fragedakis,sun_2018_w14_maryfragedakis
ast_3ff81e7a26cc50cba9d77642a5448ba0,end_716dd71c693252ebb838da6a4be72f07,edr_7130092faf1a5c159a3507bbd8db42ee,con_610d1afaa15d592eb956835f8fd51600,can_9193df3ee49d5d2b8ce3dc455922cea4,confirmed,editorial_choice,2006-11-08,day,publisher_editorial_authenticated_archive,https://www.proquest.com/docview/439101262,,Joe Pantalone,star_2006_w19_joepantalone
ast_40867e80fda050648210a12a0c172b79,end_537717d3278d5955969379abdd587506,edr_7130092faf1a5c159a3507bbd8db42ee,con_17593cee737354878c920526a9fa7afd,can_c9296961f4af5a46874ce7428a5ef234,confirmed,editorial_choice,2010-10-19,day,publisher_editorial_with_retrieval_copy,https://www.thestar.com/article/876714--star-election-choices-for-city-council,https://skyrisecities.com/forum/threads/2014-municipal-election-toronto-council-races.20318/page-26,Mary-Margaret McMahon,star_2010_w32_mcmahon
ast_40bd2fd4855359a29c79855393f45eae,end_cdfe740e66ea5dc3abf9b091143701f7,edr_7130092faf1a5c159a3507bbd8db42ee,con_6beb6fc4da14503aa70fa94b8fe0b600,can_6c048d9a2df75ff2843ff90e8a3e916a,confirmed,editorial_choice,2003-11-07,day,publisher_editorial_authenticated_archive,https://www.proquest.com/docview/438650442,,Anthony Perruzza,star_2003_w08_anthonyperruzza
ast_4153ee06572a56d6a13b79d2266a1ea7,end_99b482fa2048556f856af667f286970c,edr_7130092faf1a5c159a3507bbd8db42ee,con_54d4d8b5d91f5df5ba8bfdf9c61296af,can_4439ed92e3a352c29a780d9bcf1db5b4,confirmed,editorial_choice,2014-10-20,day,publisher_editorial_authenticated_archive,https://www.proquest.com/docview/1613910148,,Stephen Holyday,star_2014_w03_stephenholyday
ast_41742d5464ce599f92522c6b7f9d4f85,,edr_bdd4b13ef74d501780c8fcadd091591e,con_c686b3ad3bd059d78db8cc44229817a0,,unresolved,endorsement,2022-10-21,day,reputable_contemporaneous_slate_attribution,https://spacing.ca/toronto/2022/10/21/election-map-duelling-campaign-endorsements/,https://toronto.citynews.ca/2022/10/21/city-councillor-cythia-lai-dies/,Cynthia Lai,tory_2022_w23_lai_unresolved
ast_432c0be7ad5054559a5691c8ee4d5606,end_8fd253455f3352818be640f35e28f815,edr_7130092faf1a5c159a3507bbd8db42ee,con_be3ee1a1a31f533885cbb71a268beda9,can_3f5ee28026dd58d49f898addc957a86f,confirmed,editorial_choice,2003-11-07,day,publisher_editorial_authenticated_archive,https://www.proquest.com/docview/438650442,,Alejandra Bravo,star_2003_w17_alejandrabravo
ast_4376f2fafaca50f8800bafe433360b7b,end_b15f5ab5e36c5f8482cddeca23a19f27,edr_7130092faf1a5c159a3507bbd8db42ee,con_1fa443b3390f5d6691f7994877cf55c8,can_13746a28acf45accb97ff466f44646e1,confirmed,editorial_choice,2006-11-09,day,publisher_editorial_authenticated_archive,https://www.proquest.com/docview/439105757,,John Filion,star_2006_w23_johnfilion
ast_44d9badcff0856f5aa8eb7da0f50dcce,end_0950e5f97092539fabad2e55108407e4,edr_7130092faf1a5c159a3507bbd8db42ee,con_c49857c2f0a6591fa165be262c38930c,can_56d3f825daab5918b342625d91fa7fdc,confirmed,editorial_choice,2003-11-08,day,publisher_editorial_authenticated_archive,https://www.proquest.com/docview/1442464183,,Sherene Shaw,star_2003_w39_shereneshaw
ast_456a0cace5d65c19956ea2bca17747ff,end_f16f3339a118528d9628c1ce8cc42305,edr_7130092faf1a5c159a3507bbd8db42ee,con_c59d97019dab554698aea8cb6eeb469a,can_2d2e20f4045e5748b0cd5c79e937bbbe,confirmed,editorial_choice,2006-11-09,day,publisher_editorial_authenticated_archive,https://www.proquest.com/docview/439105757,,Diana Hall,star_2006_w44_dianahall
ast_46f5f57e77a5528b8a3bac50ea1ee066,end_590048a60704588abf34b8c2a94b1bf0,edr_a7c5fbf78b725c8db8ec32c4c4fc177a,con_099fbf24dd655a0e8b1720fbe2215a6a,can_d37ad909fb1c5173be971d0fb7fa193a,confirmed,endorsement,2010-10-06,day,reputable_contemporaneous_attribution,https://toronto.citynews.ca/2010/10/06/miller-endorses-pantalone-in-race-for-mayor-mihevc-endorses-smitherman/,https://torontolife.com/city/mayor-shocks-no-one-by-endorsing-his-deputy-mayor-joe-pantalone/,Joe Pantalone,miller_2010_mayor_pantalone
ast_484025c4fdd25ee0aa98148a586a5712,end_b7e68ed75aa456229d6ed0321c3f3be9,edr_7130092faf1a5c159a3507bbd8db42ee,con_2f8a0c46b37950fd9149d9b62f1f0142,can_62320820163a52c5bff17168dd311824,confirmed,editorial_choice,2006-11-09,day,publisher_editorial_authenticated_archive,https://www.proquest.com/docview/439105757,,Case Ootes,star_2006_w29_caseootes
ast_48fd1410f5e758bb9810d89fe842b2d2,end_c17e8c5f6a655c529fc7e9a23cf29a68,edr_7130092faf1a5c159a3507bbd8db42ee,con_7d07021e53b35a609a75560232a15fd1,can_856d4ee5096e513396905274d05cf7f7,confirmed,editorial_choice,2014-10-20,day,publisher_editorial_authenticated_archive,https://www.proquest.com/docview/1613910148,,James Pasternak,star_2014_w10_jamespasternak
ast_4998fa423a225b2b90dcb88e69bc2d5e,end_24eb2d5de0575e428e34690f63017a6e,edr_7130092faf1a5c159a3507bbd8db42ee,con_147dca9e3758595d8766dc52d11a65f4,can_3b00773d04365f64a37bf88fce264eaf,confirmed,editorial_choice,2018-10-16,day,publisher_editorial_authenticated_archive,https://www.proquest.com/docview/2120126481,,David Caplan,star_2018_w16_davidcaplan
ast_4a5ba7d5a9255e558717983f60150767,end_6d16a9ea674952b0b096553514722e69,edr_7130092faf1a5c159a3507bbd8db42ee,con_f59fe6995c8b528dbd3cbfbb5c3277c8,can_01c073b9cdc25ea49f0a393b562f8f86,confirmed,editorial_choice,2014-10-20,day,publisher_editorial_authenticated_archive,https://www.proquest.com/docview/1613910148,,Alex Mazer,star_2014_w18_alexmazer
ast_4ab5d2ea423658b2ac0db0dca90c7dfa,end_adebb4847f9055319dfa1baff2675001,edr_7130092faf1a5c159a3507bbd8db42ee,con_8d2d5f08a1095a14abbcb526483a3aa0,can_95396b48533f50499d760d4eefdf569e,confirmed,editorial_choice,2022-10-21,day,publisher_editorial_with_archived_copy,https://www.thestar.com/opinion/editorials/2022/10/21/the-stars-endorsements-for-toronto-council-in-wards-17-to-25.html,https://toronto.cityhallwatcher.com/p/chw194,Markus O'Brien Fehr,star_2022_w18_obrien_fehr
ast_4b108f80b4605454ac119258cc41c2a6,end_a063d8b3312558ceb59061f659c36e12,edr_7130092faf1a5c159a3507bbd8db42ee,con_bcc3da3d377f5fd3bb1d8a0c3ad7160b,can_65ba2cff1113567da004dd917ba8ef28,confirmed,editorial_choice,2022-10-19,day,publisher_editorial_with_archived_copy,https://www.thestar.com/opinion/editorials/2022/10/19/the-stars-endorsements-for-toronto-council-in-wards-1-to-8.html,https://toronto.cityhallwatcher.com/p/chw194,Amber Morley,star_2022_w03_morley
ast_4b239764925b58b78f1c8da82ebcb83e,end_b336ebdef02e5327a4ad9a85b989f73b,edr_7130092faf1a5c159a3507bbd8db42ee,con_13660de4bc485cc68e0744199d21cb46,can_0d15b129859b50f39c14ee0d4b5b0141,confirmed,editorial_choice,2014-10-21,day,publisher_editorial_authenticated_archive,https://www.proquest.com/docview/1614259798,,Kristyn Wong-Tam,star_2014_w27_kristynwongtam
ast_4bf33ed44460506c98bc2501ef95daa6,end_b241b46582315f30a4311f9b3b416ac2,edr_7130092faf1a5c159a3507bbd8db42ee,con_6240f694b6ce5307a2126a9103153475,can_e2975b624cc053808bf8af2a0d68d1e3,confirmed,editorial_choice,2010-10-19,day,publisher_editorial_with_retrieval_copy,https://www.thestar.com/article/876714--star-election-choices-for-city-council,https://skyrisecities.com/forum/threads/2014-municipal-election-toronto-council-races.20318/page-26,Diana Hall,star_2010_w44_hall
ast_4df62c3d5be0548e8c0d79a904b30418,end_69217f4db9505cf6af331d5ec1caed4a,edr_7130092faf1a5c159a3507bbd8db42ee,con_c57f0385335559e696305e7d4e632b40,can_78df6bd59a7c54a0aea5e8546dfe7165,confirmed,editorial_choice,2014-10-21,day,publisher_editorial_authenticated_archive,https://www.proquest.com/docview/1614259798,,Shelley Carroll,star_2014_w33_shelleycarroll
ast_4e1b5e44e7415d4d9ffc98ab1349787d,end_b8e40babf9ec5caf8e0351097421d16a,edr_7130092faf1a5c159a3507bbd8db42ee,con_037ae72c455f558590ca04bc929df4cb,can_f1bfda454f1a55febe96be2c77bc773d,confirmed,editorial_choice,2022-10-20,day,publisher_editorial_with_archived_copy,https://www.thestar.com/opinion/editorials/2022/10/20/the-stars-endorsements-for-toronto-council-in-wards-9-to-16.html,https://toronto.cityhallwatcher.com/p/chw194,Robin Buxton Potts,star_2022_w11_buxton_potts
ast_4e8189af30bb566e88c96bd143657dc2,end_0649e89d69595f22885b4e2b1564eb35,edr_7130092faf1a5c159a3507bbd8db42ee,con_d4f2ce7b93c75f4ca9c7bc73a4ba2a30,can_609cec2b4ced54ddad096b7bd1447280,confirmed,editorial_choice,2006-11-08,day,publisher_editorial_authenticated_archive,https://www.proquest.com/docview/439101262,,Jem Cain,star_2006_w06_jemcain
ast_4f43aa71ef1f5c1aa8a3e7c2067dbf41,end_fa75dc946763548799a448bb907e4a9c,edr_7130092faf1a5c159a3507bbd8db42ee,con_3a262cc7bf83579eae79ce2032ea06d1,can_e1b82dacf6ba547ea5c9ec30043297ed,confirmed,editorial_choice,2003-11-07,day,publisher_editorial_authenticated_archive,https://www.proquest.com/docview/438650442,,Maria Augimeri,star_2003_w09_mariaaugimeri
ast_4f723fb57bad5776897e96cd52f95c7c,end_ad0fa7f7c13850dd93f5b79d76e8d25b,edr_7130092faf1a5c159a3507bbd8db42ee,con_d3ecc496be285eebb80559abe5d5f9f1,can_53506838096c58c4a409ca258b92dfe7,confirmed,editorial_choice,2003-11-08,day,publisher_editorial_authenticated_archive,https://www.proquest.com/docview/1442464183,,Brian Ashton,star_2003_w36_brianashton
ast_502927db7af15d7ab174865a2f23a0fc,end_475aee9fb5375d359c88935c9e58d88e,edr_b354a54e105b5740832e28b07732b4c3,con_7e6cf2fd75ba560a900bb024e72fe99c,can_a138036d836c5c8da46d76df542f931f,confirmed,editorial_choice,2018-10-20,day,publisher_editorial_authenticated_archive,https://www.proquest.com/docview/2125467176,https://torontosun.com/news/local-news/toronto-sun-endorsements-for-city-council,Paul Ainslie,sun_2018_w24_ainslie
ast_50a4278e6af3592caec57101fc6a16b6,end_99e13ad4ec5b54c9838ea7aa755f7858,edr_b354a54e105b5740832e28b07732b4c3,con_c555f2e9b45051a8b960bdbb0ac6080a,can_4185e2b2d994537280b8eae979cfdaec,confirmed,editorial_choice,2018-10-20,day,publisher_editorial_authenticated_archive,https://www.proquest.com/docview/2125467176,https://torontosun.com/news/local-news/toronto-sun-endorsements-for-city-council,Norm Kelly,sun_2018_w22_normkelly
ast_5144fd004fc25682bcf9637d4df90c73,end_c63dfb2363ef5841b24179f1219fba84,edr_7130092faf1a5c159a3507bbd8db42ee,con_eeda9883ca2d57148405d41f7f5a80a4,can_8fba857b4440581999ddfd32c59ec62f,confirmed,editorial_choice,2018-10-16,day,publisher_editorial_authenticated_archive,https://www.proquest.com/docview/2120126481,,Neethan Shan,star_2018_w25_neethanshan
ast_537f5bec6cf057d78779399c1078fa63,end_b910dae47d135abb9a87cd64989aa0d4,edr_7130092faf1a5c159a3507bbd8db42ee,con_636fab9611ed540ebff54ad772a1827d,can_73cd6e86c3315d459f6f10b17de84e89,confirmed,editorial_choice,2014-10-21,day,publisher_editorial_authenticated_archive,https://www.proquest.com/docview/1614259798,,Ishrath Velshi,star_2014_w26_ishrathvelshi
ast_53df4ded566451ee81a82187aff14af0,end_0205cf9119b95f0da162dfe3a2f334ba,edr_b354a54e105b5740832e28b07732b4c3,con_6fd864aec40c5bbc9f3eb32d2e9e4379,can_709e43151ddd5089b8c98b7291f7a5ca,confirmed,editorial_choice,2018-10-20,day,publisher_editorial_authenticated_archive,https://www.proquest.com/docview/2125467176,https://torontosun.com/news/local-news/toronto-sun-endorsements-for-city-council,Gary Crawford,sun_2018_w20_garycrawford
ast_544f71bb98ff56a6a38b5f9f80c0f378,end_e501d36a225f5ceea686bf27c31d6916,edr_7130092faf1a5c159a3507bbd8db42ee,con_d0cb7c26d6e55def83cde1da2c9bc8c5,can_f6258f8db34051e7bc22919d0aaad4e3,confirmed,editorial_choice,2006-11-09,day,publisher_editorial_authenticated_archive,https://www.proquest.com/docview/439105757,,Michael Thompson,star_2006_w37_michaelthompson
ast_54c1a14922795aa8b017e3689a3a42c4,end_c9bebed864b552839596ed9e4f10ca28,edr_7130092faf1a5c159a3507bbd8db42ee,con_f3e797bac18a5e45a723ff263eafb93e,can_402a0e52786654fea78b0f051663141b,confirmed,editorial_choice,2003-11-08,day,publisher_editorial_authenticated_archive,https://www.proquest.com/docview/1442464183,,Shelley Carroll,star_2003_w33_shelleycarroll
ast_54caff43fe615ad6943852ad2434113a,end_40322c817117554088a13935925a4ae3,edr_7130092faf1a5c159a3507bbd8db42ee,con_0a880ce7b6ad5bdaa2e2dc7b19601aa8,can_b1cd41623edb56878391b977e6ba439d,confirmed,editorial_choice,2010-10-18,day,publisher_editorial_with_retrieval_copy,https://www.thestar.com/article/876714--star-election-choices-for-city-council,https://skyrisecities.com/forum/threads/2014-municipal-election-toronto-council-races.20318/page-26,Anthony Perruzza,star_2010_w08_perruzza
ast_557611132d5551b8a5fb6966a41d333f,end_a633765e94525ffd9b8a13ec55ef4df6,edr_60054ff9f17d5cb5889a78d123699005,con_bcc3da3d377f5fd3bb1d8a0c3ad7160b,can_65ba2cff1113567da004dd917ba8ef28,confirmed,progressive_champion,2022-09-22,day,first_party_campaign_with_contemporaneous_slate_attribution,https://www.progresstoronto.ca/updates/2022/9/22/progressive-champions,https://spacing.ca/toronto/2022/10/21/election-map-duelling-campaign-endorsements/,Amber Morley,progress_2022_w03_morley
ast_56445fae1d655ac598b8b09efc95c302,end_15e4946f54b05ea4a43f48a95e235206,edr_7130092faf1a5c159a3507bbd8db42ee,con_fed30965855757d399c6acfbd6e6d4f4,can_c09f337ff61a5da3bf2b188b5a96f1ea,confirmed,editorial_choice,2014-10-20,day,publisher_editorial_authenticated_archive,https://www.proquest.com/docview/1613910148,,Dory Chalhoub,star_2014_w11_dorychalhoub
ast_584d0bc8c5b65f16951eecd0db698781,end_0ff82e5de057555c93374a91e3b2777c,edr_7130092faf1a5c159a3507bbd8db42ee,con_46f7b754b02b57d0a651c417f9f0471d,can_ea146d9cbad959179dd04dbfb037d648,confirmed,editorial_choice,2006-11-08,day,publisher_editorial_authenticated_archive,https://www.proquest.com/docview/439101262,,Alejandra Bravo,star_2006_w17_alejandrabravo
ast_5abff2d9c92457329191a46b698c078b,end_ddfc8cf6345252d99ee89bdfd2ebf975,edr_7130092faf1a5c159a3507bbd8db42ee,con_662d709bee42574392549fc786efea0d,can_d437f9f474165333825eaf0769a775ef,confirmed,editorial_choice,2010-10-19,day,publisher_editorial_with_retrieval_copy,https://www.thestar.com/article/876714--star-election-choices-for-city-council,https://skyrisecities.com/forum/threads/2014-municipal-election-toronto-council-races.20318/page-26,Denzil Minnan-Wong,star_2010_w34_minnan_wong
ast_5ad34cbef79a56fd8057077c9fe6e977,end_2de20a7ee768510980a247f133b48a82,edr_69f1317690e6571bb2b2e9a7e9690ab8,con_990816d2030b592787bdf4a19382627f,can_6dfeac63c0665cf483c6ac6a4934541e,confirmed,endorsement,2018-10-01,month,first_party_slate,https://wemovetoronto.ca/wp-content/uploads/2018/10/ATU-Local-113_Endorsed-Candidates.pdf,,Anthony Perruzza,atu_2018_w07_perruzza
ast_5b157f40f2345478a0feb1e2aa207de5,end_5af1513ad5955f789911e1de8fc8e375,edr_7130092faf1a5c159a3507bbd8db42ee,con_2c70fd784be55c4794f8294a723dedb9,can_cf645d05be7d5c2ba6dfe8ed7354f228,confirmed,editorial_choice,2006-11-08,day,publisher_editorial_authenticated_archive,https://www.proquest.com/docview/439101262,,Larry Perlman,star_2006_w07_larryperlman
ast_5c236513a2a058bda3c2f72ad2e2614b,end_724791f6f0875196bbccf58b9ef13518,edr_69f1317690e6571bb2b2e9a7e9690ab8,con_3a43982e2a0450b2a3f4c5241f6965d8,can_c370bbf8fd765d9694fd4f089ba3d462,confirmed,endorsement,2018-10-01,month,first_party_slate,https://wemovetoronto.ca/wp-content/uploads/2018/10/ATU-Local-113_Endorsed-Candidates.pdf,,Kristyn Wong-Tam,atu_2018_w13_wong_tam
ast_5c3a5e8c8f5a5954a1da6999a35741d2,end_221d1dbf6d6e516798c6723a3b11e4cb,edr_7130092faf1a5c159a3507bbd8db42ee,con_639f022801275cedb8f9b4fe82711ae3,can_4191c6818a245d56ad3aa247bb118bd6,confirmed,editorial_choice,2014-10-21,day,publisher_editorial_authenticated_archive,https://www.proquest.com/docview/1614259798,,Janet Davis,star_2014_w31_janetdavis
ast_5da1940b2e7f50eb8bcd7becbf258ddb,end_8230be7b669756abaa0fb82c52a79ca6,edr_7130092faf1a5c159a3507bbd8db42ee,con_bf589c2ec43c513aa964b64309534ac6,can_c8038df0a27d5dcb8d73872ea8e7fac6,confirmed,editorial_choice,2010-10-19,day,publisher_editorial_with_retrieval_copy,https://www.thestar.com/article/876714--star-election-choices-for-city-council,https://skyrisecities.com/forum/threads/2014-municipal-election-toronto-council-races.20318/page-26,Michelle Berardinetti,star_2010_w35_berardinetti
ast_5eb28e677b405592a61524392ed13255,end_f8f38e14171f5665990857181cf79b79,edr_bdd4b13ef74d501780c8fcadd091591e,con_45eb3e143f1b5492b4652498c957ed6b,can_aeb469c9e30b5f37a4f25f6a757d2ca4,confirmed,endorsement,,year,reputable_direct_attribution,https://globalnews.ca/news/4584494/toronto-election-2018-new-councillors/,,Brad Bradford,tory_2018_w19_bradford
ast_6179ccbf4de95ab18011e2a586d51a1a,end_f048cf4acc7f5633b23aec0ecba763ba,edr_7130092faf1a5c159a3507bbd8db42ee,con_91f80636385c5df5b2d409f9c9b389ed,can_a5a51a39a0825accaf1a1112adefeedf,confirmed,editorial_choice,2022-10-20,day,publisher_editorial_with_archived_copy,https://www.thestar.com/opinion/editorials/2022/10/20/the-stars-endorsements-for-toronto-council-in-wards-9-to-16.html,https://toronto.cityhallwatcher.com/p/chw194,Josh Matlow,star_2022_w12_matlow
ast_63bea9fa9b82567ab69f6a4806855e46,end_5c10d3dfc75d587db5bd82f83f6e51f9,edr_7130092faf1a5c159a3507bbd8db42ee,con_6c708130eaa15c9080cc3cd3a207f63b,can_05e436c873355ce9ac7cc4f41e4432dc,confirmed,editorial_choice,2014-10-21,day,publisher_editorial_authenticated_archive,https://www.proquest.com/docview/1614259798,,Paula Fletcher,star_2014_w30_paulafletcher
ast_64fbd3786ac85df8a98e32f7d96496ef,end_21b7a984256a54209e9156850f9f1010,edr_7130092faf1a5c159a3507bbd8db42ee,con_98fc649f10ee5100a44520c1500dfac9,can_765f141c853a5c22bec6091dfb398cef,confirmed,editorial_choice,2022-10-21,day,publisher_editorial_with_archived_copy,https://www.thestar.com/opinion/editorials/2022/10/21/the-stars-endorsements-for-toronto-council-in-wards-17-to-25.html,https://toronto.cityhallwatcher.com/p/chw194,Paul Ainslie,star_2022_w24_ainslie
ast_65d2f17f5fcc55cda1824279b714bf77,end_1fcd06bb14185918a70181cbb8d3d655,edr_b354a54e105b5740832e28b07732b4c3,con_2865d31031005dd897904c3f07e4d039,can_28eb19db01df5e0489bf5730e980a2b0,confirmed,editorial_choice,2018-10-20,day,publisher_editorial_authenticated_archive,https://www.proquest.com/docview/2125467176,https://torontosun.com/news/local-news/toronto-sun-endorsements-for-city-council,Kevin Vuong,sun_2018_w10_kevinvuong
ast_661952790b43534dbc27829411ce3311,end_9e7ab752135a582da1117104c69edae4,edr_7130092faf1a5c159a3507bbd8db42ee,con_a62a387b9ca8511db50248d4738f3eea,can_e34594d731415f04ac40d229c5b80a90,confirmed,editorial_choice,2010-10-19,day,publisher_editorial_with_retrieval_copy,https://www.thestar.com/article/876714--star-election-choices-for-city-council,https://skyrisecities.com/forum/threads/2014-municipal-election-toronto-council-races.20318/page-26,Sonny Cho,star_2010_w24_cho
ast_6663e5a4fc4e509b8c1b388fedf49a90,end_8ab5335a12015da3a9aeb5e26e1636b5,edr_7130092faf1a5c159a3507bbd8db42ee,con_27e80d547d0256149213a7e90956055b,can_1c713059ec0357ccb3294d4ec433ba51,confirmed,editorial_choice,2022-10-19,day,publisher_editorial_with_archived_copy,https://www.thestar.com/opinion/editorials/2022/10/19/the-stars-endorsements-for-toronto-council-in-wards-1-to-8.html,https://toronto.cityhallwatcher.com/p/chw194,Mike Colle,star_2022_w08_colle
ast_688f073c514357c79eda7a7c2487b63b,end_dd07df31c3bf5563a77f09c3cb401259,edr_7130092faf1a5c159a3507bbd8db42ee,con_9e0a04dcf1245155b6f1fd50c6a83e99,can_0c187005e2eb558c9e79766553461816,confirmed,editorial_choice,2022-10-21,day,publisher_editorial_with_archived_copy,https://www.thestar.com/opinion/editorials/2022/10/21/the-stars-endorsements-for-toronto-council-in-wards-17-to-25.html,https://toronto.cityhallwatcher.com/p/chw194,Kevin Rupasinghe,star_2022_w20_rupasinghe
ast_68a1057b92ee5dc7992d3d17f03308a0,end_4ec2ff005ef45078940db936a74ef463,edr_b354a54e105b5740832e28b07732b4c3,con_990816d2030b592787bdf4a19382627f,can_0b38c9e9981f56af8bccc1f2eb6c2c82,confirmed,editorial_choice,2018-10-20,day,publisher_editorial_authenticated_archive,https://www.proquest.com/docview/2125467176,https://torontosun.com/news/local-news/toronto-sun-endorsements-for-city-council,Giorgio Mammoliti,sun_2018_w07_giorgiomammoliti
ast_68b39ba0094e5cfa9d6012535cf700a7,end_5935944b057654c7af5881f1437daa26,edr_7130092faf1a5c159a3507bbd8db42ee,con_83ded5c17ed75ca788f320a13b17dd08,can_fea3f7ba8490521a9dc229d45ab4c40e,confirmed,editorial_choice,2006-11-08,day,publisher_editorial_authenticated_archive,https://www.proquest.com/docview/439101262,,Sonali Verma,star_2006_w01_sonaliverma
ast_692f60d652c351a9a5790c0c7cc81bd8,end_3295468eea865b57b59d38e106bf18b1,edr_b354a54e105b5740832e28b07732b4c3,con_4def6d4e85f85950babb9030e4eae0cb,can_fafe793aa442549aa62e15c5f44bc07f,confirmed,editorial_choice,2018-10-20,day,publisher_editorial_authenticated_archive,https://www.proquest.com/docview/2125467176,https://torontosun.com/news/local-news/toronto-sun-endorsements-for-city-council,Sam Moini,sun_2018_w18_moini
ast_6a363768397f5de5bbef4f14a633685c,end_cdc309ba4de35dab843a4f10fea92423,edr_7130092faf1a5c159a3507bbd8db42ee,con_20589f7261325cd892231ed42321b3cf,can_531164ded0fe544494b2d2f5a84d639e,confirmed,editorial_choice,2010-10-18,day,publisher_editorial_with_retrieval_copy,https://www.thestar.com/article/876714--star-election-choices-for-city-council,https://skyrisecities.com/forum/threads/2014-municipal-election-toronto-council-races.20318/page-26,Gord Perks,star_2010_w14_perks
ast_6a788e7d5c325aeca4b44d056544dc37,end_e7be1998ea8052fea4328b5d280660c9,edr_7130092faf1a5c159a3507bbd8db42ee,con_b592d84a34965294a78c84c50bab4ddb,can_d391a62453fe5475b322529a0bfdd897,confirmed,editorial_choice,2014-10-21,day,publisher_editorial_authenticated_archive,https://www.proquest.com/docview/1614259798,,Robert Spencer,star_2014_w36_robertspencer
ast_6c3dbee14ee3523fa9e53e883ab98a42,end_84c43994b0595413b0dcc49988d9e787,edr_7130092faf1a5c159a3507bbd8db42ee,con_be2d96cb623553cdbd79b303f9576bda,can_1fd2c30b34d15e9d944754561a4a9fb2,confirmed,editorial_choice,2010-10-18,day,publisher_editorial_with_retrieval_copy,https://www.thestar.com/article/876714--star-election-choices-for-city-council,https://skyrisecities.com/forum/threads/2014-municipal-election-toronto-council-races.20318/page-26,John Campbell,star_2010_w04_campbell
ast_6ffcf54f7f84573eab47d337ff652589,end_6438a7b329b7599b96c55e4a1161a267,edr_7130092faf1a5c159a3507bbd8db42ee,con_17f69fde16cb514bb16fb6e361c07fff,can_2f9b5c432e125d55b129256f91ee6f38,confirmed,editorial_choice,2014-10-20,day,publisher_editorial_authenticated_archive,https://www.proquest.com/docview/1613910148,,Josh Colle,star_2014_w15_joshcolle
ast_70f86e1b39465bf29f3909f4bb6e1a26,end_109c21709c83545680ede497da4e67b6,edr_7130092faf1a5c159a3507bbd8db42ee,con_2befcc6536315440902962b270ad7f70,can_a3451138425b591f847f2b9754a341e7,confirmed,editorial_choice,2003-11-07,day,publisher_editorial_authenticated_archive,https://www.proquest.com/docview/438650442,,Olivia Chow,star_2003_w20_oliviachow
ast_721a855cbc955e148769820eec866dad,end_75778f1d04d85645b8ba2b09336bb302,edr_efc8ef876caa50c3b1edab9e52464b32,con_9250eb2b2609550597520e68352ac56a,can_b3ecaef663ba56adbab70efbcb5004da,confirmed,editorial_choice,2014-10-17,day,publisher_editorial_authenticated_archive,https://www.proquest.com/docview/2383842806,,John Tory,globe_2014_mayor_tory
ast_7347bab1b39f5859bfa8cda9cbf26430,end_76bdaae8dcab593db7c07f8a457d9377,edr_7130092faf1a5c159a3507bbd8db42ee,con_7e6cf2fd75ba560a900bb024e72fe99c,can_a138036d836c5c8da46d76df542f931f,confirmed,editorial_choice,2018-10-16,day,publisher_editorial_authenticated_archive,https://www.proquest.com/docview/2120126481,,Paul Ainslie,star_2018_w24_paulainslie
ast_7358bc9bef76555f9da0f2b2acc36962,end_15c35031b23f56a7911766e5378fc38b,edr_7130092faf1a5c159a3507bbd8db42ee,con_a060705663a15882b307108144aa8720,can_afe14e29075357499292a39a115bb3da,confirmed,editorial_choice,2003-11-07,day,publisher_editorial_authenticated_archive,https://www.proquest.com/docview/438650442,,Karen Stintz,star_2003_w16_karenstintz
ast_737b5598f1665568a2416683b86a0154,end_fa13486a3e355befaa65e91dc96e254e,edr_7130092faf1a5c159a3507bbd8db42ee,con_e8f16f1721ce5517977fa5bc1f660248,can_aa1efaa9f0b55303b2e886e6e879c478,confirmed,editorial_choice,2014-10-20,day,publisher_editorial_authenticated_archive,https://www.proquest.com/docview/1613910148,,Jean-Pierre Boutros,star_2014_w16_jeanpierreboutros
ast_752c555653945d55bb9a580eede54a32,end_09f986d138ee5a679a91d570adfa90f8,edr_b354a54e105b5740832e28b07732b4c3,con_b93d69f083ed511ab264f38cc1d8b94c,can_fa7dd6aa57a55b69828e69186f5a67cf,confirmed,editorial_choice,,year,first_party_editorial,https://torontosun.com/opinion/editorials/editorial-john-tory-is-our-choice-for-mayor,,John Tory,sun_2018_mayor_tory
ast_75e81fb2b72d5e15904171870982ad0f,end_bd8e9aebd1fe5a59a10ac6a6a72f2289,edr_7130092faf1a5c159a3507bbd8db42ee,con_6a1f4d7470675d869b3b11aede0812f2,can_72220a1f527a5ffb9ca19e3502f58894,confirmed,editorial_choice,2018-10-16,day,publisher_editorial_authenticated_archive,https://www.proquest.com/docview/2120126481,,Jon Burnside,star_2018_w15_jonburnside
ast_77acb10f5fc35b73a66a1b172b52ac14,end_6c7c76ab825e5d678c5fe2ab34ee369c,edr_60054ff9f17d5cb5889a78d123699005,con_c44af6fcb9ff527e8974217b3d633af1,can_45aad11df89c511b88aed431e1b1be4e,confirmed,progressive_champion,2022-09-22,day,first_party_campaign_with_contemporaneous_slate_attribution,https://www.progresstoronto.ca/updates/2022/9/22/progressive-champions,https://spacing.ca/toronto/2022/10/21/election-map-duelling-campaign-endorsements/,Ausma Malik,progress_2022_w10_malik
ast_78376835482153e592077da2f19139b8,end_385fafa643a25a858d75175b5764c8c1,edr_7130092faf1a5c159a3507bbd8db42ee,con_218bbbaab66c59bc8d0d747f3ae2fb3c,can_3e15e3336f025aebb9b03fb269c45f24,confirmed,editorial_choice,2006-11-09,day,publisher_editorial_authenticated_archive,https://www.proquest.com/docview/439105757,,Sandra Bussin,star_2006_w32_sandrabussin
ast_787167c5f38f59479c3272026c83522c,end_00dca0af06675ec9a5a42b7eea276f2d,edr_7130092faf1a5c159a3507bbd8db42ee,con_e3f1226fd27e5ec6bf5d96a8439cc26a,can_397f372cc6d15e01a3a8dd86c2659956,confirmed,editorial_choice,2014-10-21,day,publisher_editorial_authenticated_archive,https://www.proquest.com/docview/1614259798,,Norm Kelly,star_2014_w40_normkelly
ast_78c68ade0e255c0b9cc1b6113f7979fa,end_eb7775e7331e5f3fb21511436578ea84,edr_7130092faf1a5c159a3507bbd8db42ee,con_393178f4fb765cd0bbeaa13d06dca32c,can_ffb19ef315715674bed4caf4f9fde84c,confirmed,editorial_choice,2006-11-08,day,publisher_editorial_authenticated_archive,https://www.proquest.com/docview/439101262,,Kevin Mark,star_2006_w02_kevinmark
ast_794cabc54b3759ceb2050604891b9ac4,end_ae3d8fe6cd5f5a5088bc0a6b68000731,edr_7ba4ca8cc46e50b3b3184eae43467614,con_c8883aeeac29529eada91aebc451242b,can_2a0745629be0507080db6d72f4a6719b,confirmed,endorsement,2025-09-15,day,first_party_campaign,https://cupe.on.ca/shanforscarborough/,,Neethan Shan,cupe_2025_w25_shan
ast_7995701b64e45d3c947d05facb402bc7,end_9859e0bd0bfa5e6f9f504d2b95b09db8,edr_7130092faf1a5c159a3507bbd8db42ee,con_31d375f206cb5fe1955efa73ae9da43e,can_266ef7bcb50c5f74b9fdc4338627ed06,confirmed,editorial_choice,2006-11-09,day,publisher_editorial_authenticated_archive,https://www.proquest.com/docview/439105757,,Shelley Carroll,star_2006_w33_shelleycarroll
ast_7a26f8e10cbf5aa394044f12501d60fd,end_f9e6501f7a5a58f887334b15c949cc2e,edr_7130092faf1a5c159a3507bbd8db42ee,con_59aa1ee85e2d51ca8dee4338d37665c2,can_c2eef971f9b356bc8baca5283e3f67e4,confirmed,editorial_choice,2006-11-09,day,publisher_editorial_authenticated_archive,https://www.proquest.com/docview/439105757,,Jim Robb,star_2006_w43_jimrobb
ast_7b21d44e7c7e5fa582e3be4ba4884a13,end_77212d152751593d9ad12fcd9e5ef203,edr_bdd4b13ef74d501780c8fcadd091591e,con_8d2d5f08a1095a14abbcb526483a3aa0,can_95396b48533f50499d760d4eefdf569e,confirmed,endorsement,2022-10-21,day,reputable_contemporaneous_slate_attribution,https://spacing.ca/toronto/2022/10/21/election-map-duelling-campaign-endorsements/,,Markus O'Brien Fehr,tory_2022_w18_obrien_fehr
ast_7badfe5302eb51a2b2045480457df5d2,end_1a9fc4a1a0dd5260ab8a05b870895c44,edr_69f1317690e6571bb2b2e9a7e9690ab8,con_c686b3ad3bd059d78db8cc44229817a0,can_19bbe15fc35c514cab23e1672f721659,confirmed,endorsement,2022-10-06,day,first_party_slate,https://wemovetoronto.ca/atu-local-113-endorses-candidates-for-the-2022-ontario-municipal-election/,https://wemovetoronto.ca/wp-content/uploads/2022/10/ATU_MunicipalElection2022_Poster-scaled-1.jpg,Jamaal Myers,atu_2022_w23_myers
ast_7c121585566b563fb188db89d8dd4fc0,end_5605c24df3235df9bed7b22f1be7c860,edr_7130092faf1a5c159a3507bbd8db42ee,con_47f9c6bba0165404a3fec5492a0940b3,can_c60c5195b8e55fd59bc3704998e33883,confirmed,editorial_choice,2003-11-08,day,publisher_editorial_authenticated_archive,https://www.proquest.com/docview/1442464183,,Jaye Robinson,star_2003_w25_jayerobinson
ast_7c949a17879c5e6ab4d9431552fdede0,end_c3291e07955b5e0e9dd0c6bcee6895f5,edr_7130092faf1a5c159a3507bbd8db42ee,con_7ee43d0beaab558c9788d151bbd8d067,can_8f368351655d5313a6b3222d1db33cdf,confirmed,editorial_choice,2014-10-20,day,publisher_editorial_authenticated_archive,https://www.proquest.com/docview/1613910148,,Sarah Doucette,star_2014_w13_sarahdoucette
ast_7ca3f421f9bc51caa031e34baf1020bf,end_295deb6c419159cb894de0218ebd0c3a,edr_7130092faf1a5c159a3507bbd8db42ee,con_099fbf24dd655a0e8b1720fbe2215a6a,can_3d13fbd9fab452a5b347fb048574b6c4,confirmed,editorial_choice,2010-10-18,day,reputable_contemporaneous_attribution,https://torontolife.com/city/torontos-weekend-of-entirely-unsurprising-mayoral-endorsements/,,George Smitherman,star_2010_mayor_smitherman
ast_7cf2690564c654618b8041c9b4721e7e,end_f9b1b959b03159348407ec8dfc42de3a,edr_7130092faf1a5c159a3507bbd8db42ee,con_1a46b115b13d55619bcaf30903c183e3,can_131edf3f125553cfa6c71abe8e2d112a,confirmed,editorial_choice,2010-10-19,day,publisher_editorial_with_retrieval_copy,https://www.thestar.com/article/876714--star-election-choices-for-city-council,https://skyrisecities.com/forum/threads/2014-municipal-election-toronto-council-races.20318/page-26,Jennifer Wood,star_2010_w29_wood
ast_7e80fcd9c89255c8b114d566115eed31,end_51b71f3a85ba535395f1161e5b71b8e8,edr_7130092faf1a5c159a3507bbd8db42ee,con_d100fd7c171150b8b18125987b174c3d,can_e969b66c2a5b599f8d41288a8de6597b,confirmed,editorial_choice,2003-11-07,day,publisher_editorial_authenticated_archive,https://www.proquest.com/docview/438650442,,Sylvia Watson,star_2003_w14_sylviawatson
ast_7f8a267811445aa08f38dd1894b93711,end_0ce791663b155265b52351c8bdca13f4,edr_60054ff9f17d5cb5889a78d123699005,con_612115bf42b450d3aeb63bb430d3aec9,can_a4e55da62ed2509cb497ad0bfd65c11f,confirmed,endorsement,2018-10-04,day,first_party_campaign,https://www.progresstoronto.ca/updates/2018/11/7/campaign-action-plan,,Amber Morley,progress_2018_w03_morley
ast_7fe71dc3c7a958a599eb82aafd450ab1,end_e37dbfa0c8d55b4aaaaf13ee5f19f34f,edr_7130092faf1a5c159a3507bbd8db42ee,con_9476d4c41a7d5fa48b97b47e28f9305d,can_4b78f4587dab5e69b879563516563791,confirmed,editorial_choice,2022-10-20,day,publisher_editorial_with_archived_copy,https://www.thestar.com/opinion/editorials/2022/10/20/the-stars-endorsements-for-toronto-council-in-wards-9-to-16.html,https://toronto.cityhallwatcher.com/p/chw194,Chris Moise,star_2022_w13_moise
ast_81a2f7c192975fd492db68da46f4751b,end_7e46a16b799f5d98bea3111906f35a71,edr_efc8ef876caa50c3b1edab9e52464b32,con_099fbf24dd655a0e8b1720fbe2215a6a,can_3d13fbd9fab452a5b347fb048574b6c4,confirmed,editorial_choice,2010-10-21,day,publisher_editorial_authenticated_archive,https://www.proquest.com/docview/2385373871,,George Smitherman,globe_2010_mayor_smitherman
ast_823ab1b665f750119326552a32a86d87,end_83e7414a56415993ace384303a0360bd,edr_7130092faf1a5c159a3507bbd8db42ee,con_2cf721e86d7a55de8cf53a0ae3f6413c,can_0f0b829f62e85c3594446f9eda050784,confirmed,editorial_choice,2014-10-20,day,publisher_editorial_authenticated_archive,https://www.proquest.com/docview/1613910148,,Anthony Perruzza,star_2014_w08_anthonyperruzza
ast_8265e27a7de554159271127f6a05a40b,end_3bfa71a3db0d54a4a191c6742269f379,edr_a7c5fbf78b725c8db8ec32c4c4fc177a,con_17c2e1a7404c5641823443ca7a6dcc10,can_3f84dacf17b85bdbad830258c4a975a8,confirmed,endorsement,,unknown,reputable_contemporaneous_campaign_attribution_published_post_poll,https://philippinereporter.com/?p=3703,,Glenn De Baeremaeker,miller_2006_w38_debaeremaeker
ast_82fc7a0652f155f6a2e0802b38f40036,end_d823e74f73775908bb32975379099858,edr_bdd4b13ef74d501780c8fcadd091591e,con_27e80d547d0256149213a7e90956055b,can_1c713059ec0357ccb3294d4ec433ba51,confirmed,endorsement,2022-10-21,day,reputable_contemporaneous_slate_attribution,https://spacing.ca/toronto/2022/10/21/election-map-duelling-campaign-endorsements/,,Mike Colle,tory_2022_w08_colle
ast_8316358e3e94581f8466c90b8cefc98b,end_4bb7d9d652e75c32acee1240bd1d3ee1,edr_69f1317690e6571bb2b2e9a7e9690ab8,con_c85783d7c9a4550bae21b8e14f2ff992,can_cd24b1b0a226537e8e6a4cc6ad03981a,confirmed,endorsement,2018-10-01,month,first_party_slate,https://wemovetoronto.ca/wp-content/uploads/2018/10/ATU-Local-113_Endorsed-Candidates.pdf,,Felicia Samuel,atu_2018_w23_samuel
ast_8417ce3a200c536eac7c52ebfb51f73e,end_1e6a25fe200658a7a9cc0ba341b64bd1,edr_7130092faf1a5c159a3507bbd8db42ee,con_3ae0da024263524d8e13691dbeeadc88,can_c255829bac5c5cde8fa8a9221390b2f1,confirmed,editorial_choice,2006-11-08,day,publisher_editorial_authenticated_archive,https://www.proquest.com/docview/439101262,,Peter Milczyn,star_2006_w05_petermilczyn
ast_84697eb8c41b5cb18a514040f421c9fd,end_7070ae4845a25827b9b8c67ceacac458,edr_7130092faf1a5c159a3507bbd8db42ee,con_45eb3e143f1b5492b4652498c957ed6b,can_8702c409b44c56869788d0fcb7ee8999,confirmed,editorial_choice,2018-10-16,day,publisher_editorial_authenticated_archive,https://www.proquest.com/docview/2120126481,,Matthew Kellway,star_2018_w19_matthewkellway
ast_85e2fd92842059d2b2409cc04b0e351f,end_f42ed731377e5d13a1ee49c51fce2394,edr_7130092faf1a5c159a3507bbd8db42ee,con_bf4b3cd94fcd50ba8d2259a6df440a17,can_6a9d30a6efa85372befaf5a604aa9296,confirmed,editorial_choice,2003-11-08,day,publisher_editorial_authenticated_archive,https://www.proquest.com/docview/1442464183,,Denzil Minnan-Wong,star_2003_w34_denzilminnanwong
ast_86382ec87b30588ea757b1eae9d5206d,end_1f6022d1cf2d5981bdb99de06eca3b65,edr_69f1317690e6571bb2b2e9a7e9690ab8,con_810611751acb5e86ab30b3277e7e6dad,can_aa928563d472570d901401bff637b922,confirmed,endorsement,2018-10-01,month,first_party_slate,https://wemovetoronto.ca/wp-content/uploads/2018/10/ATU-Local-113_Endorsed-Candidates.pdf,,Michael Layton,atu_2018_w11_layton
ast_8688eb6ed4015357a14cd2c4ac4e728e,end_7b6f498b033f55289c3f8db92b97ef94,edr_7130092faf1a5c159a3507bbd8db42ee,con_810611751acb5e86ab30b3277e7e6dad,can_aa928563d472570d901401bff637b922,confirmed,editorial_choice,2018-10-15,day,publisher_editorial_authenticated_archive,https://www.proquest.com/docview/2119860825,,Mike Layton,star_2018_w11_mikelayton
ast_86a14716dff259a9b1c42d0a85316bc9,end_2b084a83593d57149ae3d548c91c9888,edr_7130092faf1a5c159a3507bbd8db42ee,con_02e530a81bf75a6bbf6b4ca0a9ea6738,can_1c1054e3ef455df484dfe8f91a62e85a,confirmed,editorial_choice,2003-11-08,day,publisher_editorial_authenticated_archive,https://www.proquest.com/docview/1442464183,,Bas Balkissoon,star_2003_w41_basbalkissoon
ast_86c93ea96c1d5668b52c7df2981de0a8,end_4f5abfe44b155082b701e8a3d96356ad,edr_7130092faf1a5c159a3507bbd8db42ee,con_f0cf1eca40845631b0bd4d4750413711,can_53b411acfe775f8cb3a5075bfcd5d14a,confirmed,editorial_choice,2010-10-18,day,publisher_editorial_with_retrieval_copy,https://www.thestar.com/article/876714--star-election-choices-for-city-council,https://skyrisecities.com/forum/threads/2014-municipal-election-toronto-council-races.20318/page-26,Suzan Hall,star_2010_w01_hall
ast_88f3624205bc5688a6fe39d69fb1d8e7,end_967d32a342315ce78e81b5f8ad0bf33a,edr_7130092faf1a5c159a3507bbd8db42ee,con_2070d155d42250abac2e50baf8c6bf39,can_430c6469119652679b158b280ab7e70b,confirmed,editorial_choice,2006-11-09,day,publisher_editorial_authenticated_archive,https://www.proquest.com/docview/439105757,,Mohamed Dhanani,star_2006_w26_mohameddhanani
ast_89ce157138735e998a3d694a5fe874bc,end_94d2025a5a4e55ac9bf702ca61a44abf,edr_7130092faf1a5c159a3507bbd8db42ee,con_77f42d0ca0a15c57a01b5579fef4625a,can_68c5d44aa7ca5dfa8d15c891d39bd713,confirmed,editorial_choice,2006-11-08,day,publisher_editorial_authenticated_archive,https://www.proquest.com/docview/439101262,,Karen Stintz,star_2006_w16_karenstintz
ast_8b3c85dcac62592b865941a4cc364283,end_8b76b557615c55f19df2b41c17f65e07,edr_7130092faf1a5c159a3507bbd8db42ee,con_3a43982e2a0450b2a3f4c5241f6965d8,can_c370bbf8fd765d9694fd4f089ba3d462,confirmed,editorial_choice,2018-10-16,day,publisher_editorial_authenticated_archive,https://www.proquest.com/docview/2120126481,,Kristyn Wong-Tam,star_2018_w13_kristynwongtam
ast_8c7b48507160562bb0f994e8c976cb80,end_ca4735355ae65b72939b1dc0acd3214d,edr_7130092faf1a5c159a3507bbd8db42ee,con_849867f583195ad38c77941612883bd9,can_4eec1f4fc03c5c2192fa031a86b3420d,confirmed,editorial_choice,2018-10-15,day,publisher_editorial_authenticated_archive,https://www.proquest.com/docview/2119860825,,Maria Augimeri,star_2018_w06_mariaaugimeri
ast_8cd8276e499c564a838433668919e45c,end_838d9d138ca7574c8f45ee61c2703c49,edr_7130092faf1a5c159a3507bbd8db42ee,con_834d568760e15dcdb0b423512c33fe9c,can_45b15eac7fae5421af50a0a12e1b27df,confirmed,editorial_choice,2010-10-18,day,publisher_editorial_with_retrieval_copy,https://www.thestar.com/article/876714--star-election-choices-for-city-council,https://skyrisecities.com/forum/threads/2014-municipal-election-toronto-council-races.20318/page-26,Cadigia Ali,star_2010_w02_ali
ast_8d2b8bb0d98a54c381d9b912ad59f5bb,end_26ed4cf5da8c52d085cac1dcb11c4792,edr_7130092faf1a5c159a3507bbd8db42ee,con_46f4af62ff4956f5b31ebec2e77229fa,can_e0131f8d5b345c81b56f5580ec851124,confirmed,editorial_choice,2003-11-08,day,publisher_editorial_authenticated_archive,https://www.proquest.com/docview/1442464183,,Janet Davis,star_2003_w31_janetdavis
ast_8f884cc3ba0e5b7fa522388dc69fa50c,end_a111f84b0a8e5bc68870758f77ce5290,edr_7130092faf1a5c159a3507bbd8db42ee,con_c90c50ce5e7c59dbaf6f3fb8efe575fd,can_eef06d1122375ecbb0900d4e7bebf183,confirmed,editorial_choice,2006-11-09,day,publisher_editorial_authenticated_archive,https://www.proquest.com/docview/439105757,,Ed Shiller,star_2006_w24_edshiller
ast_8fc468c7090659fd840f77cecb03c3c1,end_e6306ad662f858eebf1fa62144f81fff,edr_7130092faf1a5c159a3507bbd8db42ee,con_350f0c58a79a574d926206857445b2d9,can_20f2c9e1238a579199f8d1f7059f008f,confirmed,editorial_choice,2014-10-21,day,publisher_editorial_authenticated_archive,https://www.proquest.com/docview/1614259798,,Franco Ng,star_2014_w39_francong
ast_923ecf4b2c8652d19c8cea235a5300f1,end_7edd6c2728ec529381073e641a44fee2,edr_7130092faf1a5c159a3507bbd8db42ee,con_5161ebd9ab2b5c55bfcd6eef433082c9,can_eb15951728215f8ab958874d4a9f29ef,confirmed,editorial_choice,2014-10-20,day,publisher_editorial_authenticated_archive,https://www.proquest.com/docview/1613910148,,Gord Perks,star_2014_w14_gordperks
ast_9377722121e05662a9f8bcd04ec9fd9d,end_48ccf9f89f8d51aa8308c08b6c196b49,edr_69f1317690e6571bb2b2e9a7e9690ab8,con_7a4043e26d4256e78ee3861fb81e718a,can_577ddf8125b85bf18e731f150dca4600,confirmed,endorsement,2018-10-01,month,first_party_slate,https://wemovetoronto.ca/wp-content/uploads/2018/10/ATU-Local-113_Endorsed-Candidates.pdf,,Shelley Carroll,atu_2018_w17_carroll
ast_93bcccc18eea561f8c6267c0943825b0,end_4d210a9a9f9c5e44b23a6471fa3f4fde,edr_7130092faf1a5c159a3507bbd8db42ee,con_11ea4a9756fd5bc4a466dc797994b068,can_c7d68ddda26d5d3388726dcf769561a1,confirmed,editorial_choice,2010-10-19,day,publisher_editorial_with_retrieval_copy,https://www.thestar.com/article/876714--star-election-choices-for-city-council,https://skyrisecities.com/forum/threads/2014-municipal-election-toronto-council-races.20318/page-26,Josh Matlow,star_2010_w22_matlow
ast_948c5a55f9ae5ae39651d4fd1b5d6ad7,end_ffd94ea01cf85c60b5c7bec6d7a47c3a,edr_7130092faf1a5c159a3507bbd8db42ee,con_59bfad1b37305c63a378a4614deb11ae,can_70142dd603c55957b30f98fa8b76a199,confirmed,editorial_choice,2014-10-21,day,publisher_editorial_authenticated_archive,https://www.proquest.com/docview/1614259798,,Michelle Berardinetti,star_2014_w35_michelleberardinetti
ast_9653b7d99fb759e2bdf701fdb7abada5,end_80795fd821a05d63b22b5cdcf8434dc0,edr_7130092faf1a5c159a3507bbd8db42ee,con_398774c449785307baa3822c581963e9,can_0c07293881025b1db98b02bbd55a6791,confirmed,editorial_choice,2006-11-08,day,publisher_editorial_authenticated_archive,https://www.proquest.com/docview/439101262,,Adam Vaughan,star_2006_w20_adamvaughan
ast_9869ac91e5ea5cb4a5c5e88625f7305f,end_41599356b0a6515895dd1cc353366281,edr_b354a54e105b5740832e28b07732b4c3,con_3a43982e2a0450b2a3f4c5241f6965d8,can_b3ceb20f257e54d18ba8274029a709b6,confirmed,editorial_choice,2018-10-20,day,publisher_editorial_authenticated_archive,https://www.proquest.com/docview/2125467176,https://torontosun.com/news/local-news/toronto-sun-endorsements-for-city-council,Lucy Troisi,sun_2018_w13_lucytroisi
ast_99f97d32c9fb5decb1dd442e2f4972d1,end_135ee13ef1dc56199566d0ed975a1b7a,edr_7130092faf1a5c159a3507bbd8db42ee,con_c85783d7c9a4550bae21b8e14f2ff992,can_cd24b1b0a226537e8e6a4cc6ad03981a,confirmed,editorial_choice,2018-10-16,day,publisher_editorial_authenticated_archive,https://www.proquest.com/docview/2120126481,,Felicia Samuel,star_2018_w23_feliciasamuel
ast_9ad64c8c4f1c5e61a42e8de22e763cc0,end_0bb53ec9e83c5c6c8284474ba955edf3,edr_b354a54e105b5740832e28b07732b4c3,con_8b4a03ef5a3c55c4ab20662c886b31a7,can_daba066aa91d57bb8ac1116dacf2f2bc,confirmed,editorial_choice,2018-10-20,day,publisher_editorial_authenticated_archive,https://www.proquest.com/docview/2125467176,https://torontosun.com/news/local-news/toronto-sun-endorsements-for-city-council,Joe Mihevc,sun_2018_w12_joemihevc
ast_9b8cc03268d652de8b1ca61568e6d191,end_fb14fe8ec5d956b98c44a998a46a18c6,edr_7130092faf1a5c159a3507bbd8db42ee,con_5c8144ae39615a3189a3691c99c5ea4e,can_662f2273decb5a43a9f57b6382de1eb4,confirmed,editorial_choice,2014-10-20,day,publisher_editorial_authenticated_archive,https://www.proquest.com/docview/1613910148,,Idil Burale,star_2014_w01_idilburale
ast_9dd47a2cf1545812b93efc358dc8cbac,end_131a1401d63153d59b1d3eb25397b568,edr_7130092faf1a5c159a3507bbd8db42ee,con_1cf871058a8c5bc9a34c7dbdf6edca83,can_6e7ec519d4b15e4c85ff9f3f28e028f9,confirmed,editorial_choice,2010-10-18,day,publisher_editorial_with_retrieval_copy,https://www.thestar.com/article/876714--star-election-choices-for-city-council,https://skyrisecities.com/forum/threads/2014-municipal-election-toronto-council-races.20318/page-26,Karen Sun,star_2010_w19_sun
ast_a05af3b8d5db5e9fac0f4dcfa08a7520,end_66f95160a4715461b4be6c6fd737661b,edr_69f1317690e6571bb2b2e9a7e9690ab8,con_a548943febc15683bb34e547001ee6e7,can_ce7185de10085eaaaedc1b064810f59d,confirmed,endorsement,2022-10-06,day,first_party_slate,https://wemovetoronto.ca/atu-local-113-endorses-candidates-for-the-2022-ontario-municipal-election/,https://wemovetoronto.ca/wp-content/uploads/2022/10/ATU_MunicipalElection2022_Poster-scaled-1.jpg,Shelley Carroll,atu_2022_w17_carroll
ast_a119757739565372af06a63076ccd759,end_a6a430e8caa95a84b90ae99efc05eb01,edr_7130092faf1a5c159a3507bbd8db42ee,con_222bdce34cf75bbeb159589e8f46045b,can_1b2e5192cb9552c08e983fae4c79036a,confirmed,editorial_choice,2014-10-21,day,publisher_editorial_authenticated_archive,https://www.proquest.com/docview/1614259798,,Neethan Shan,star_2014_w42_neethanshan
ast_a16d8df8942258ed80b34a29a9d247e2,end_5737a2010e1d5e67aa9ad0d026bcfa17,edr_7130092faf1a5c159a3507bbd8db42ee,con_7a4043e26d4256e78ee3861fb81e718a,can_577ddf8125b85bf18e731f150dca4600,confirmed,editorial_choice,2018-10-16,day,publisher_editorial_authenticated_archive,https://www.proquest.com/docview/2120126481,,Shelley Carroll,star_2018_w17_shelleycarroll
ast_a1f30737cf04544a86b784cc81c99589,end_e0988a8512cd5ba0af102f9deda467d2,edr_7130092faf1a5c159a3507bbd8db42ee,con_2c97298461635376899e36569d2c7be3,can_3c7d12b2073b512c83960997f4e7ef3c,confirmed,editorial_choice,2006-11-08,day,publisher_editorial_authenticated_archive,https://www.proquest.com/docview/439101262,,Anthony Perruzza,star_2006_w08_anthonyperruzza
ast_a2613a9a93db579591fd02c397ebc81d,end_c8ccd87bcecf57c1aaf755c5365d3109,edr_bdd4b13ef74d501780c8fcadd091591e,con_af1f1cbea2a15cf4899bdd37d9fc80f7,can_03d6f16490885a9bb430aa263793788d,confirmed,endorsement,2022-10-21,day,reputable_contemporaneous_slate_attribution,https://spacing.ca/toronto/2022/10/21/election-map-duelling-campaign-endorsements/,,Jon Burnside,tory_2022_w16_burnside
ast_a279c7f21ff05809afdf380f6d639b1d,end_a472da07c7735a4b90ab4d9154b74953,edr_7130092faf1a5c159a3507bbd8db42ee,con_e358c35644bd5b94b662f1e211fbc70e,can_dddb35cb411b5da38baa6a18a49a5827,confirmed,editorial_choice,2010-10-19,day,publisher_editorial_with_retrieval_copy,https://www.thestar.com/article/876714--star-election-choices-for-city-council,https://skyrisecities.com/forum/threads/2014-municipal-election-toronto-council-races.20318/page-26,Janet Davis,star_2010_w31_davis
ast_a3b934c71c5f578cb25b39c035ac0962,end_aeaea8da54835cb1a40b0d3de67a2944,edr_bdd4b13ef74d501780c8fcadd091591e,con_bab4f35c5b9a51da935131d5c790bddf,can_86b4a8b96048544897930f1f1cd40336,confirmed,endorsement,2022-10-21,day,reputable_contemporaneous_slate_attribution,https://spacing.ca/toronto/2022/10/21/election-map-duelling-campaign-endorsements/,,James Pasternak,tory_2022_w06_pasternak
ast_a49dc4fff4645cb3b925a2c96003f615,end_64c88be7059d5eedb65bf51529f54aca,edr_69f1317690e6571bb2b2e9a7e9690ab8,con_4def6d4e85f85950babb9030e4eae0cb,can_bd1df746d51c51459c672d68456dc7e6,confirmed,endorsement,2018-10-01,month,first_party_slate,https://wemovetoronto.ca/wp-content/uploads/2018/10/ATU-Local-113_Endorsed-Candidates.pdf,https://secure.toronto.ca/EFD/jsf/candidate2018/candidate_campaign_status.xhtml?campaign=15,Saman Tabasinejad,atu_2018_w18_tabasi_nejad
ast_a763158e8e035ba5b07c686ec102a79d,end_b5b143603a495a9baa6796c9084d2d21,edr_7130092faf1a5c159a3507bbd8db42ee,con_b6bdff47e14a590897fb7531e91999d1,can_fa2386984a6859aea04bcfbaef485422,confirmed,editorial_choice,2010-10-19,day,publisher_editorial_with_retrieval_copy,https://www.thestar.com/article/876714--star-election-choices-for-city-council,https://skyrisecities.com/forum/threads/2014-municipal-election-toronto-council-races.20318/page-26,Michael Thompson,star_2010_w37_thompson
ast_a796bfedbf375bd4995507b98af238ed,end_51c968bde7cb53199b30c0cc6322ca98,edr_7130092faf1a5c159a3507bbd8db42ee,con_ebcb4d472e005fbbadabf9f6201cbe13,can_4904cf2217345185a3d72c6fb1b7dbcd,confirmed,editorial_choice,2010-10-19,day,publisher_editorial_with_retrieval_copy,https://www.thestar.com/article/876714--star-election-choices-for-city-council,https://skyrisecities.com/forum/threads/2014-municipal-election-toronto-council-races.20318/page-26,Robert Spencer,star_2010_w36_spencer
ast_a7bd5f74618c5c21910902c0faebc120,end_62a12a64a14c56859256dd4d96c24aa8,edr_69f1317690e6571bb2b2e9a7e9690ab8,con_bcc3da3d377f5fd3bb1d8a0c3ad7160b,can_65ba2cff1113567da004dd917ba8ef28,confirmed,endorsement,2022-10-06,day,first_party_slate,https://wemovetoronto.ca/atu-local-113-endorses-candidates-for-the-2022-ontario-municipal-election/,https://wemovetoronto.ca/wp-content/uploads/2022/10/ATU_MunicipalElection2022_Poster-scaled-1.jpg,Amber Morley,atu_2022_w03_morley
ast_a84d93e4f05056d58377a7fdab8b6bf8,end_0bcef85d750059c4b90b256b8d8d5624,edr_7130092faf1a5c159a3507bbd8db42ee,con_cceb1911b8545151a85313ea9045fdd6,can_bf8e3f276b1352d39472d249a2fabd9f,confirmed,editorial_choice,2010-10-18,day,publisher_editorial_with_retrieval_copy,https://www.thestar.com/article/876714--star-election-choices-for-city-council,https://skyrisecities.com/forum/threads/2014-municipal-election-toronto-council-races.20318/page-26,Richard Gosling,star_2010_w12_gosling
ast_aacdbf97fc905716806b9b681606bac5,end_eaa9f113bc3c5506ad8fda889ed9dae4,edr_7130092faf1a5c159a3507bbd8db42ee,con_52f50431db92559f8d4391fb2e932f16,can_6c6ffe1b743357a5b7e74c8e511ea2d9,confirmed,editorial_choice,2022-10-19,day,publisher_editorial_with_archived_copy,https://www.thestar.com/opinion/editorials/2022/10/19/the-stars-endorsements-for-toronto-council-in-wards-1-to-8.html,https://toronto.cityhallwatcher.com/p/chw194,Chiara Padovani,star_2022_w05_padovani
ast_ac9b8aa1307855de9ec098138b4fe02d,end_f876dc42db805f589dea05168191d376,edr_7130092faf1a5c159a3507bbd8db42ee,con_a548943febc15683bb34e547001ee6e7,can_ce7185de10085eaaaedc1b064810f59d,confirmed,editorial_choice,2022-10-21,day,publisher_editorial_with_archived_copy,https://www.thestar.com/opinion/editorials/2022/10/21/the-stars-endorsements-for-toronto-council-in-wards-17-to-25.html,https://toronto.cityhallwatcher.com/p/chw194,Shelley Carroll,star_2022_w17_carroll
ast_ade7231fec7f5ff39d09e4e27b880b4c,end_dd6d46a5b7375451b9aca0bf02ee2131,edr_7130092faf1a5c159a3507bbd8db42ee,con_da88824c2975511d9432812d4988c9d5,can_181e63f5d37a527eaa8e5f5fe8ff795f,confirmed,editorial_choice,2010-10-19,day,publisher_editorial_with_retrieval_copy,https://www.thestar.com/article/876714--star-election-choices-for-city-council,https://skyrisecities.com/forum/threads/2014-municipal-election-toronto-council-races.20318/page-26,Jaye Robinson,star_2010_w25_robinson
ast_ae35205a29ff5e0a988ed6b3bc2b155f,end_0d97575bc95b5f92b9ad1795952d1adf,edr_7130092faf1a5c159a3507bbd8db42ee,con_004711e5bbda5d169a7774d906befd21,can_4ada97541b6c547ca17e6e9983ae4c30,confirmed,editorial_choice,2014-10-20,day,publisher_editorial_authenticated_archive,https://www.proquest.com/docview/1613910148,,Maria Augimeri,star_2014_w09_mariaaugimeri
ast_ae60cb7f0d8d5200a5ea3746304c6c1b,end_06d1586a754956c9b99810ecc948b96e,edr_5c1c75b89db75f0a85c5f1dcc9d06149,con_9250eb2b2609550597520e68352ac56a,can_f8596729724057669c4cc01eef5fc959,confirmed,endorsement,2014-10-21,day,reputable_contemporaneous_attribution,https://toronto.citynews.ca/2014/10/21/elementary-teachers-of-toronto-union-endorses-olivia-chow/,,Olivia Chow,ett_2014_mayor_chow
ast_b03cc2c93cda5b4da2d7cda094897c38,end_1820068135a757c886fdff94a47c4a3d,edr_7130092faf1a5c159a3507bbd8db42ee,con_5f814673ab4050e5b50e46685dbfbecb,can_b8bbec7dce94558da4d68ce3e5179885,confirmed,editorial_choice,2003-11-08,day,publisher_editorial_authenticated_archive,https://www.proquest.com/docview/1442464183,,Paulette Senior,star_2003_w42_paulettesenior
ast_b048fc00482751d9be7d4fc1ac4e9ab1,end_8b21841db736528b8404f0702936f2fa,edr_7130092faf1a5c159a3507bbd8db42ee,con_4977aa6e0a865d788ed7ebf871e4027c,can_bfd9ba4cc93d5f609d4522308bd0888b,confirmed,editorial_choice,2010-10-19,day,publisher_editorial_with_retrieval_copy,https://www.thestar.com/article/876714--star-election-choices-for-city-council,https://skyrisecities.com/forum/threads/2014-municipal-election-toronto-council-races.20318/page-26,Mohamed Dhanani,star_2010_w26_dhanani
ast_b1d5aa1742b051a6a1cbf6fc33d157f7,end_eaef60d7e12f507faee75cc24f62278d,edr_7130092faf1a5c159a3507bbd8db42ee,con_d6f7b1cb92f959ab9408dbb936bcf2ff,can_8b6bf34be2875df09f7015637c112ccd,confirmed,editorial_choice,2010-10-18,day,publisher_editorial_with_retrieval_copy,https://www.thestar.com/article/876714--star-election-choices-for-city-council,https://skyrisecities.com/forum/threads/2014-municipal-election-toronto-council-races.20318/page-26,Ana Bailão,star_2010_w18_bailao
ast_b3c5342dccdf5c06a13a8be8329a52bb,end_76196812823058428e89a9653cc508d6,edr_7130092faf1a5c159a3507bbd8db42ee,con_643801dc921651c3a1ef5d96772fb13d,can_da14565abff1514b95e74ec4d75afb73,confirmed,editorial_choice,2014-10-20,day,publisher_editorial_authenticated_archive,https://www.proquest.com/docview/1613910148,,Joe Mihevc,star_2014_w21_joemihevc
ast_b500050ceb3c5aa49474a409dfd7400f,end_c5298ddb5da45db98d8e6cd450b8e327,edr_bdd4b13ef74d501780c8fcadd091591e,con_e0aab60f6a3e50d59f1f09a1742a2ddd,can_f9c65b5f49305573ac4de1d27b1e8fca,confirmed,endorsement,2023-06-21,day,reputable_contemporaneous_attribution,https://toronto.citynews.ca/2023/06/21/john-tory-endorse-ana-bailao-toronto-byelection/,https://globalnews.ca/news/9783181/john-tory-ana-bailao-endorsement-expected/,Ana Bailão,tory_2023_mayor_bailao
ast_b5ab1eb901b052578276c0ba716e69bd,end_c6915fe31d9853088ec6397fbff871b8,edr_7130092faf1a5c159a3507bbd8db42ee,con_107ad5f6c01f5d4389c8194358534375,can_579934a87a3750cbbd93554642005cff,confirmed,editorial_choice,2006-11-09,day,publisher_editorial_authenticated_archive,https://www.proquest.com/docview/439105757,,Pam McConnell,star_2006_w28_pammcconnell
ast_b5d6a5eda7cb54dea4523d5b00647353,end_28df8789b56056f19b0c361f01f458dc,edr_b354a54e105b5740832e28b07732b4c3,con_c85783d7c9a4550bae21b8e14f2ff992,can_736c4515a83c5c4d99d7bbb1acdd5f7a,confirmed,editorial_choice,2018-10-20,day,publisher_editorial_authenticated_archive,https://www.proquest.com/docview/2125467176,https://torontosun.com/news/local-news/toronto-sun-endorsements-for-city-council,Cynthia Lai,sun_2018_w23_lai
ast_b7679caddfe55836830ae53bc13da7a7,end_174f6157fb4f5374831ddb0a4c5d5cf3,edr_7130092faf1a5c159a3507bbd8db42ee,con_edd7a5395e9a586bb5289cb5ed1106b3,can_1976e1403ea950dda39dc2cde607cfad,confirmed,editorial_choice,2010-10-19,day,publisher_editorial_with_retrieval_copy,https://www.thestar.com/article/876714--star-election-choices-for-city-council,https://skyrisecities.com/forum/threads/2014-municipal-election-toronto-council-races.20318/page-26,Glenn De Baeremaeker,star_2010_w38_de_baeremaeker
ast_b768a266ec3f513f9c2bb3096f81ff71,end_5856a20f09c653869d8bc26a80a65e90,edr_7130092faf1a5c159a3507bbd8db42ee,con_2f43675e2c5c59b796fafde036252ed1,can_0b72337b5b825b818ba68a7ade63fd0c,confirmed,editorial_choice,2014-10-21,day,publisher_editorial_authenticated_archive,https://www.proquest.com/docview/1614259798,,Mary Fragedakis,star_2014_w29_maryfragedakis
ast_b7efed8f6fea5d519c39d1b9de177daf,end_643cae307c3b5fb2bfbeeca64459f21d,edr_b354a54e105b5740832e28b07732b4c3,con_3fc9df4b254c5eb6a2a7fb629a124bfb,can_02d0984005935af0b592f3ad185eff48,confirmed,editorial_choice,2018-10-20,day,publisher_editorial_authenticated_archive,https://www.proquest.com/docview/2125467176,https://torontosun.com/news/local-news/toronto-sun-endorsements-for-city-council,Stephen Holyday,sun_2018_w02_holyday
ast_b7fb7dad838257c694d6edcc9ba29d5e,end_7a1a2271fa5f5907859c97d5e1f11b84,edr_60054ff9f17d5cb5889a78d123699005,con_9476d4c41a7d5fa48b97b47e28f9305d,can_4b78f4587dab5e69b879563516563791,confirmed,progressive_champion,2022-09-22,day,first_party_campaign_with_contemporaneous_slate_attribution,https://www.progresstoronto.ca/updates/2022/9/22/progressive-champions,https://spacing.ca/toronto/2022/10/21/election-map-duelling-campaign-endorsements/,Chris Moise,progress_2022_w13_moise
ast_b7fd24b337bc5840aa127a6fdef3f2d3,end_ff8e240ca8c356eaa67f6065db79feca,edr_7130092faf1a5c159a3507bbd8db42ee,con_d18675753b8f580c8834170f374d1e7c,can_3bdc4f9b038f5a29b96fdbbf8ba862bf,confirmed,editorial_choice,2003-11-08,day,publisher_editorial_authenticated_archive,https://www.proquest.com/docview/1442464183,,Chris Phibbs,star_2003_w30_chrisphibbs
ast_b8973b344e1a53f794f04c1880cece3f,end_470ae5a24b345a64affdc726c9848b73,edr_7130092faf1a5c159a3507bbd8db42ee,con_3fd9226a06995ec78201f807f175b930,can_32606177dc245101934f064b80715a9a,confirmed,editorial_choice,2010-10-18,day,publisher_editorial_with_retrieval_copy,https://www.thestar.com/article/876714--star-election-choices-for-city-council,https://skyrisecities.com/forum/threads/2014-municipal-election-toronto-council-races.20318/page-26,Joe Mihevc,star_2010_w21_mihevc
ast_b9e29b18efb354bd9b21d9168548489c,end_eb7ef4d112b65ca59fd93ec8ebfb63c7,edr_7130092faf1a5c159a3507bbd8db42ee,con_e230d66a67245cd08a806de4208d288b,can_800ffd8dd6d854bc88c3ea5ee3c4b920,confirmed,editorial_choice,2014-10-20,day,publisher_editorial_authenticated_archive,https://www.proquest.com/docview/1613910148,,Nick Dominelli,star_2014_w12_nickdominelli
ast_b9f3d9cb268558ba9f0fb644de597c6a,end_a8ff646544f553ce995178a6fa654915,edr_7130092faf1a5c159a3507bbd8db42ee,con_ac0a746327ea57b39ba13add8456bbd3,can_0e66b13370375a32876db67694e0ddbd,confirmed,editorial_choice,2022-10-20,day,publisher_editorial_with_archived_copy,https://www.thestar.com/opinion/editorials/2022/10/20/the-stars-endorsements-for-toronto-council-in-wards-9-to-16.html,https://toronto.cityhallwatcher.com/p/chw194,Paula Fletcher,star_2022_w14_fletcher
ast_bcb56b4d880a5f0bb578d483a13d0931,end_8e659f4af11b540d91ae7ffc07ab62ab,edr_7130092faf1a5c159a3507bbd8db42ee,con_2d92299c561559d99eccb92c22f4eb47,can_5cf9914b09975c18bcc88e097347be1b,confirmed,editorial_choice,2014-10-21,day,publisher_editorial_authenticated_archive,https://www.proquest.com/docview/1614259798,,Josh Matlow,star_2014_w22_joshmatlow
ast_bd21c6dfdbf157f6932a10f2d890705e,end_8d7307e20f1753f0b1b1a81f8eda86da,edr_7130092faf1a5c159a3507bbd8db42ee,con_88a17b76344c50ba9a3a118dd558c185,can_6bf809dc60245af896c4eda173c20f98,confirmed,editorial_choice,2006-11-08,day,publisher_editorial_authenticated_archive,https://www.proquest.com/docview/439101262,,Joe Mihevc,star_2006_w21_joemihevc
ast_bded38b7812a5056809b25de1882c8b8,end_836099d1a7c15586be9c5dc062e30d26,edr_b354a54e105b5740832e28b07732b4c3,con_6fd864aec40c5bbc9f3eb32d2e9e4379,can_156a9ea4f7dc57baa65c20af16ff5205,confirmed,editorial_choice,2018-10-20,day,publisher_editorial_authenticated_archive,https://www.proquest.com/docview/2125467176,https://torontosun.com/news/local-news/toronto-sun-endorsements-for-city-council,Michelle Holland-Berardinetti,sun_2018_w20_michellehollandberardinetti
ast_bdfea1f6903d589094fceeb4310991e7,end_f91d2b2924ac5a3498c5c56b8f296742,edr_7130092faf1a5c159a3507bbd8db42ee,con_abe0e1350e7856ad9a70ffdc75dd84f2,can_22da9483a67c5d2ba2f4316113990ad8,confirmed,editorial_choice,2003-11-08,day,publisher_editorial_authenticated_archive,https://www.proquest.com/docview/1442464183,,Gay Cowbourne,star_2003_w44_gaycowbourne
ast_be6d730039d050bc8439b1aba69cfdfb,end_050214ef16b850589a62ae21a7b10a9b,edr_7130092faf1a5c159a3507bbd8db42ee,con_b5ffb866cf475caca42769d641deb4a7,can_98090903a50159ad8b92c4547b07e247,confirmed,editorial_choice,2003-11-08,day,publisher_editorial_authenticated_archive,https://www.proquest.com/docview/1442464183,,Kyle Rae,star_2003_w27_kylerae
ast_beddcfc339d25f98869c9a229807ed5b,end_7b3f0f9da7cc5ceeb492a41cdc014412,edr_7130092faf1a5c159a3507bbd8db42ee,con_622c2ee026875ae4ac60200b1559e8f6,can_89269c2df162570896b0aee2ef3865a4,confirmed,editorial_choice,2014-10-20,day,publisher_editorial_authenticated_archive,https://www.proquest.com/docview/1613910148,,Andray Domise,star_2014_w02_andraydomise
ast_bf0874c8980657289f747febbd875d26,end_e9b4df3dd88d5ddf8a60f1d6a918548a,edr_7130092faf1a5c159a3507bbd8db42ee,con_0d314382ba1a5d62b399c1eefc717cc1,can_4bf69fdd28d25a3cafce07961bdc56ea,confirmed,editorial_choice,2022-10-19,day,publisher_editorial_with_archived_copy,https://www.thestar.com/opinion/editorials/2022/10/19/the-stars-endorsements-for-toronto-council-in-wards-1-to-8.html,https://toronto.cityhallwatcher.com/p/chw194,Charles Ozzoude,star_2022_w01_ozzoude
ast_bf528f907d1e5688bc1bfc60381e8269,end_f4e02324d9525d7d847dc885a2dab3da,edr_5c1c75b89db75f0a85c5f1dcc9d06149,con_e0aab60f6a3e50d59f1f09a1742a2ddd,can_ffd12261189f582d95b5d8495efc720d,confirmed,endorsement,2023-05-25,day,first_party_joint_release,https://opseu.org/en/news/public-and-private-sector-union-leaders-endorse-olivia-chow-for-mayor-of-toronto/193565/,,Olivia Chow,ett_2023_mayor_chow
ast_bf818ee99a305062aa53a560a344b80a,end_f76746e63a93524eb1f64ddc1f022317,edr_7130092faf1a5c159a3507bbd8db42ee,con_0dc4d6b99efa5f32a8f36b24d080bb2d,can_b1a8902aa8455b3583f681a968e0f5c9,confirmed,editorial_choice,2014-10-20,day,publisher_editorial_authenticated_archive,https://www.proquest.com/docview/1613910148,,Nick Di Nizio,star_2014_w07_nickdinizio
ast_c02d06fda2cc56a09945a1ff0066acc6,end_9d972aa9c0fb504191cb77fe32adbd7e,edr_7130092faf1a5c159a3507bbd8db42ee,con_e8d5ffca829d5a06ad87216dc76d6e6a,can_00cc575e9d0c54458236d6e438b3a20a,confirmed,editorial_choice,2010-10-18,day,publisher_editorial_with_retrieval_copy,https://www.thestar.com/article/876714--star-election-choices-for-city-council,https://skyrisecities.com/forum/threads/2014-municipal-election-toronto-council-races.20318/page-26,Brian Shifman,star_2010_w10_shifman
ast_c0676b76bcc4571fbcf9258cba400a33,end_ef440eaa2a7f5737b1b487dbd7834038,edr_7130092faf1a5c159a3507bbd8db42ee,con_4ead7aa21a905ad7bd1838cb33f37045,can_b3274fbfebff5a18b1b3fb1f64fce587,confirmed,editorial_choice,2006-11-09,day,publisher_editorial_authenticated_archive,https://www.proquest.com/docview/439105757,,Michelle Berardinetti,star_2006_w35_michelleberardinetti
ast_c146cae63c6b5c1c8e8f3729b5b96d86,end_325c6d2ea62359408dd00e3fa9134722,edr_7130092faf1a5c159a3507bbd8db42ee,con_b4c70c0c6f465c4091dce97cbbd286b3,can_8beb4a28087f5a58b667f68fdc297a43,confirmed,editorial_choice,2006-11-08,day,publisher_editorial_authenticated_archive,https://www.proquest.com/docview/439101262,,Gord Perks,star_2006_w14_gordperks
ast_c2e9471c94885c72acf7667b90e3de8e,end_8a75e978470050f8bfcb6b5e8e583323,edr_7130092faf1a5c159a3507bbd8db42ee,con_04a4bbe5ef575c72b4ec49d601f24b71,can_49f82b04f6c35129b9d12c53f87055e9,confirmed,editorial_choice,2003-11-07,day,publisher_editorial_authenticated_archive,https://www.proquest.com/docview/438650442,,Joe Renda,star_2003_w12_joerenda
ast_c39eac0030255be4857eb589f32d3eab,end_d7a06eeb050958ddb0998392efbee90f,edr_7130092faf1a5c159a3507bbd8db42ee,con_c713b29e028a582893ad021c4a2b8546,can_edd326acec2f5de290d92e603306cde4,confirmed,editorial_choice,2010-10-19,day,publisher_editorial_with_retrieval_copy,https://www.thestar.com/article/876714--star-election-choices-for-city-council,https://skyrisecities.com/forum/threads/2014-municipal-election-toronto-council-races.20318/page-26,Chin Lee,star_2010_w41_lee
ast_c44fe45f21c6545e8c0a2a8a3df339ad,end_4868e51679575b8c921190f46c533ea9,edr_7130092faf1a5c159a3507bbd8db42ee,con_f449befd52f1538191ef612c9e711c45,can_f106a435ee12570b9788d3b96a9c2906,confirmed,editorial_choice,2006-11-08,day,publisher_editorial_authenticated_archive,https://www.proquest.com/docview/439101262,,Joe Renda,star_2006_w12_joerenda
ast_c4578cc2541c546792249fc802a92a0f,end_920d9c6610765822adec3ed1cd23a8bb,edr_7130092faf1a5c159a3507bbd8db42ee,con_e689393a84cc500bab2476e3913f093d,can_4705ac53fc05540e86ec19585ff7d33c,confirmed,editorial_choice,2010-10-19,day,publisher_editorial_with_retrieval_copy,https://www.thestar.com/article/876714--star-election-choices-for-city-council,https://skyrisecities.com/forum/threads/2014-municipal-election-toronto-council-races.20318/page-26,John Filion,star_2010_w23_filion
ast_c62852b969d45621bbabe3b2368042b7,end_6643bdad47c057fd9e5d797cf5be92fe,edr_60054ff9f17d5cb5889a78d123699005,con_c686b3ad3bd059d78db8cc44229817a0,can_19bbe15fc35c514cab23e1672f721659,confirmed,progressive_champion,2022-09-22,day,first_party_campaign_with_contemporaneous_slate_attribution,https://www.progresstoronto.ca/updates/2022/9/22/progressive-champions,https://spacing.ca/toronto/2022/10/21/election-map-duelling-campaign-endorsements/,Jamaal Myers,progress_2022_w23_myers
ast_c6456e612a8c5be9b0fafa67ffca63d9,end_dcf3d8316b5853a7a60f8c46576cb1c2,edr_7130092faf1a5c159a3507bbd8db42ee,con_778d3d5e612151bcb14703a9f987556d,can_0101698bc62b5b279cd15537a2e12179,confirmed,editorial_choice,2022-10-22,day,first_party_editorial,https://www.thestar.com/opinion/editorials/2022/10/22/john-tory-best-to-lead-toronto.html,,John Tory,star_2022_mayor_tory
ast_c680b98d6e2f5df39a7ce24791ffc30b,end_50c913a2142b54db90a517c0da986624,edr_7130092faf1a5c159a3507bbd8db42ee,con_1c0aff783cfb5ac995b40930229ffd15,can_d952200c6b98509a8f450d5ea8996147,confirmed,editorial_choice,2006-11-08,day,publisher_editorial_authenticated_archive,https://www.proquest.com/docview/439101262,,Gloria Lindsay Luby,star_2006_w04_glorialindsayluby
ast_c88fd40c85a95ed9b15f9da897ef9eff,end_2494a58775a6598f90f54e09c3849bfb,edr_7130092faf1a5c159a3507bbd8db42ee,con_a3ad5138021a51309ade19f0cbc4ebe1,can_ce513505751c5fccb73b36106b10ed4e,confirmed,editorial_choice,2014-10-20,day,publisher_editorial_authenticated_archive,https://www.proquest.com/docview/1613910148,,Joe Cressy,star_2014_w20_joecressy
ast_c96be92ac0fa50d9a42d4ed883e55140,end_461a7a88e4815aaab8d204726fe2fff0,edr_7130092faf1a5c159a3507bbd8db42ee,con_b7158aa7285c513f8255b4f87166c723,can_8a8622ea6deb5fc893af017dd09e6cb6,confirmed,editorial_choice,2022-10-21,day,publisher_editorial_with_archived_copy,https://www.thestar.com/opinion/editorials/2022/10/21/the-stars-endorsements-for-toronto-council-in-wards-17-to-25.html,https://toronto.cityhallwatcher.com/p/chw194,Brad Bradford,star_2022_w19_bradford
ast_c9704a20cb8e56929a1a027fe6dee3b9,end_de36b143e49857c3a593071894da088f,edr_7130092faf1a5c159a3507bbd8db42ee,con_3fc9df4b254c5eb6a2a7fb629a124bfb,can_c2dcebb36674540fb4ff568b9601a8f4,confirmed,editorial_choice,2018-10-15,day,publisher_editorial_authenticated_archive,https://www.proquest.com/docview/2119860825,,John Campbell,star_2018_w02_johncampbell
ast_c984411fd58b51db94d711829a42b090,end_a3ae87019de7550e8ab6cdaa79eafc95,edr_7130092faf1a5c159a3507bbd8db42ee,con_2865d31031005dd897904c3f07e4d039,can_c17e828fbf045e0087095cfa28321105,confirmed,editorial_choice,2018-10-15,day,publisher_editorial_authenticated_archive,https://www.proquest.com/docview/2119860825,,Joe Cressy,star_2018_w10_joecressy
ast_ca646cede2ac586d9fc605e94b9b2ae9,end_0ab5b5d4633e5bd2bad1e0efecb3793f,edr_7130092faf1a5c159a3507bbd8db42ee,con_f961284da53f5a38ba3a20e7e998ef4f,can_f016d26c42dc5073b6e91d974223d0a7,confirmed,editorial_choice,2018-10-15,day,publisher_editorial_authenticated_archive,https://www.proquest.com/docview/2119860825,,Gord Perks,star_2018_w04_gordperks
ast_cb4715ce8c835bdd9c901d06e9a2f728,end_99b7feadc2895ace8d468798e6668d76,edr_69f1317690e6571bb2b2e9a7e9690ab8,con_2865d31031005dd897904c3f07e4d039,can_c17e828fbf045e0087095cfa28321105,confirmed,endorsement,2018-10-01,month,first_party_slate,https://wemovetoronto.ca/wp-content/uploads/2018/10/ATU-Local-113_Endorsed-Candidates.pdf,,Joe Cressy,atu_2018_w10_cressy
ast_cb91f0bf4578588782bf381c72f1be25,end_6b71b06057705945b60cc2dc6a40f501,edr_7130092faf1a5c159a3507bbd8db42ee,con_4e3ebb6b13cb5d2396519f9df6fbdf4b,can_2f7d5d43e5c958a598ed4b02de07da90,confirmed,editorial_choice,2014-10-21,day,publisher_editorial_authenticated_archive,https://www.proquest.com/docview/1614259798,,Paul Ainslie,star_2014_w43_paulainslie
ast_cd4f9119770a532aa75a128b045a6ee7,end_694c568284cc52009b18c250e736f7dd,edr_b354a54e105b5740832e28b07732b4c3,con_ac347f98e5715159b3adecf8debcbde8,can_8c722fdcbad151f7a215974077dcdcbb,confirmed,editorial_choice,2018-10-20,day,publisher_editorial_authenticated_archive,https://www.proquest.com/docview/2125467176,https://torontosun.com/news/local-news/toronto-sun-endorsements-for-city-council,Frances Nunziata,sun_2018_w05_nunziata
ast_ce210236b1725dafbe4ca6f508aebf63,end_34714eed1462525290d18e7f854ae642,edr_7130092faf1a5c159a3507bbd8db42ee,con_b9bda7a65c8a5e03a69746d0072f95c1,can_1a147cc2ba495af98e936a2272f01fbd,confirmed,editorial_choice,2003-11-08,day,publisher_editorial_authenticated_archive,https://www.proquest.com/docview/1442464183,,Worrick Russell,star_2003_w35_worrickrussell
ast_d093c6c1487a5989bd0c7452e5f4c5f3,end_c3f89891c1fe53ddaabbc4e7aef5bb5f,edr_7130092faf1a5c159a3507bbd8db42ee,con_d61412ebefff5d2b8bc9183244150abf,can_265d242844d856a3a67d627039398b73,confirmed,editorial_choice,2014-10-21,day,publisher_editorial_authenticated_archive,https://www.proquest.com/docview/1614259798,,Jaye Robinson,star_2014_w25_jayerobinson
ast_d1857cbf9f035beabf39c422d1aabdb6,end_c353031413ce50caa2e5ecd4dc16c112,edr_7130092faf1a5c159a3507bbd8db42ee,con_6d7f00a8037754c0a6f34579bee44966,can_00d113054083594398c601af68ffb66f,confirmed,editorial_choice,2003-11-07,day,publisher_editorial_authenticated_archive,https://www.proquest.com/docview/438650442,,Suzan Hall,star_2003_w01_suzanhall
ast_d27e535f2cd65f2c8d9f3d2980cd250f,end_e02e9c73cd995b55914b1a60a8e70263,edr_7130092faf1a5c159a3507bbd8db42ee,con_17c2e1a7404c5641823443ca7a6dcc10,can_3f84dacf17b85bdbad830258c4a975a8,confirmed,editorial_choice,2006-11-09,day,publisher_editorial_authenticated_archive,https://www.proquest.com/docview/439105757,,Glenn De Baeremaeker,star_2006_w38_glenndebaeremaeker
ast_d29abd1a04d4520bb654d8f4640fbb79,end_a42293ee8d44575db1e3cb0bd370b473,edr_7130092faf1a5c159a3507bbd8db42ee,con_16fad19349255393a28639cd62e83ae3,can_44edb32c95a155788c97ba51aab252a9,confirmed,editorial_choice,2018-10-16,day,publisher_editorial_authenticated_archive,https://www.proquest.com/docview/2120126481,,Michael Thompson,star_2018_w21_michaelthompson
ast_d37ac2a77216551aa75ba411a66a5179,end_365b0409536c5a9194d7b15924e2ad90,edr_b354a54e105b5740832e28b07732b4c3,con_45eb3e143f1b5492b4652498c957ed6b,can_aeb469c9e30b5f37a4f25f6a757d2ca4,confirmed,editorial_choice,2018-10-20,day,publisher_editorial_authenticated_archive,https://www.proquest.com/docview/2125467176,https://torontosun.com/news/local-news/toronto-sun-endorsements-for-city-council,Brad Bradford,sun_2018_w19_bradbradford
ast_d389d68e4d055e7dbbe9655e77d2ba35,end_47ace2e7adb85947a702690aa57fdc39,edr_7130092faf1a5c159a3507bbd8db42ee,con_28b9bf4109765f57a3a7923479b37af9,can_056cc3d109295989a6ea3b74da65352f,confirmed,editorial_choice,2003-11-07,day,publisher_editorial_authenticated_archive,https://www.proquest.com/docview/438650442,,Stan Kumorek,star_2003_w13_stankumorek
ast_d39eba6a29c85d2e9d2a8f9a1be30d72,end_bd4e44c50d02591ca620bfc294fa31b0,edr_60054ff9f17d5cb5889a78d123699005,con_e0aab60f6a3e50d59f1f09a1742a2ddd,can_ffd12261189f582d95b5d8495efc720d,confirmed,progressive_champion,2023-05-10,day,first_party_release,https://www.progresstoronto.ca/media-release-may10-progressive-mayoral-champions,,Olivia Chow,progress_2023_mayor_chow
ast_d5654ea1b53d5f50a774fcb3028223e3,end_9429d72b0ccf5afcbcac00ad69cf595f,edr_69f1317690e6571bb2b2e9a7e9690ab8,con_55f5230db0d85c499ce7cea0ce379f5f,can_a9d93ea575e9511aad1985615dbd47f9,confirmed,endorsement,2018-10-01,month,first_party_slate,https://wemovetoronto.ca/wp-content/uploads/2018/10/ATU-Local-113_Endorsed-Candidates.pdf,,Ana Bailão,atu_2018_w09_bailao
ast_d58cca0e59795acc9d09ced0578d05be,end_407b2837592050f4a0dd72f8b2c01fa0,edr_7130092faf1a5c159a3507bbd8db42ee,con_c760f9c404835bb595e5671cf893c340,can_359c6f0578f45ef3a4cf038ad56e5a52,confirmed,editorial_choice,2006-11-08,day,publisher_editorial_authenticated_archive,https://www.proquest.com/docview/439101262,,Doug Holyday,star_2006_w03_dougholyday
ast_d6084e7ac25258e9bec651b450583536,end_8a8155fa79105ec383cf801861e7a226,edr_69f1317690e6571bb2b2e9a7e9690ab8,con_db6acf978ec15e2c9ac0230649ef0609,can_933ed8a454ba5127a1f53e6f4b508546,confirmed,endorsement,2022-10-06,day,first_party_slate,https://wemovetoronto.ca/atu-local-113-endorses-candidates-for-the-2022-ontario-municipal-election/,https://wemovetoronto.ca/wp-content/uploads/2022/10/ATU_MunicipalElection2022_Poster-scaled-1.jpg,Nick Mantas,atu_2022_w22_mantas
ast_d66427d41d5058128f0d1c155f340e82,end_78bc7d83f3ca537aad135900686ffa48,edr_7130092faf1a5c159a3507bbd8db42ee,con_802f842541d15d899e8f6acf3b86ae45,can_6e72b441059f50d0aea1839508bed40c,confirmed,editorial_choice,2003-11-07,day,publisher_editorial_authenticated_archive,https://www.proquest.com/docview/438650442,,Peter Milczyn,star_2003_w05_petermilczyn
ast_d66c15050be35194a6e28a95d07a4eec,end_49537d7f2b8a552984d0ab912c1d4b9c,edr_7130092faf1a5c159a3507bbd8db42ee,con_4b3374ab9039564fa8ed1cedf493a0e3,can_82808b3e4f6e57b893db83438007ba68,confirmed,editorial_choice,2003-11-07,day,publisher_editorial_authenticated_archive,https://www.proquest.com/docview/438650442,,Adam Giambrone,star_2003_w18_adamgiambrone
ast_d901e29d0d2c52ef9b3a182e8d69d92c,end_c1b14f3972075203b9e53cad99bcfcac,edr_7130092faf1a5c159a3507bbd8db42ee,con_612115bf42b450d3aeb63bb430d3aec9,can_a4e55da62ed2509cb497ad0bfd65c11f,confirmed,editorial_choice,2018-10-15,day,publisher_editorial_authenticated_archive,https://www.proquest.com/docview/2119860825,,Amber Morley,star_2018_w03_ambermorley
ast_d944294df6c85e7c8a75b7597e3f5f69,end_90b7d0ea3ba85bee96556a4d47f6f60f,edr_7130092faf1a5c159a3507bbd8db42ee,con_6629fd920f2b5a8d9b7959fafdd04a1a,can_101cffe6738b513b8c5049148f624dc5,confirmed,editorial_choice,2014-10-21,day,publisher_editorial_authenticated_archive,https://www.proquest.com/docview/1614259798,,Mary-Margaret McMahon,star_2014_w32_marymargaretmcmahon
ast_d9580d4b24c05d5794fa9ec5b05a5c51,end_538b0fd1cb155509b5d24c56c1713a75,edr_bdd4b13ef74d501780c8fcadd091591e,con_b7158aa7285c513f8255b4f87166c723,can_8a8622ea6deb5fc893af017dd09e6cb6,confirmed,endorsement,2022-10-21,day,reputable_contemporaneous_slate_attribution,https://spacing.ca/toronto/2022/10/21/election-map-duelling-campaign-endorsements/,,Brad Bradford,tory_2022_w19_bradford
ast_da0810900b195dfa8116bb90e5c2fd84,end_f41f32e336dc591ea151e1c83e374a69,edr_7130092faf1a5c159a3507bbd8db42ee,con_fc66f2cac25c5ea58dccc4005672bad8,can_c490de310f0e5ec3807cce9b7efebbcd,confirmed,editorial_choice,2010-10-19,day,publisher_editorial_with_retrieval_copy,https://www.thestar.com/article/876714--star-election-choices-for-city-council,https://skyrisecities.com/forum/threads/2014-municipal-election-toronto-council-races.20318/page-26,Shelley Carroll,star_2010_w33_carroll
ast_dc4550c143cd5303ba4246c46774c9f2,end_b0cdeb67f2465ec6a4ecf6660bafd54d,edr_69f1317690e6571bb2b2e9a7e9690ab8,con_8b4a03ef5a3c55c4ab20662c886b31a7,can_daba066aa91d57bb8ac1116dacf2f2bc,confirmed,endorsement,2018-10-01,month,first_party_slate,https://wemovetoronto.ca/wp-content/uploads/2018/10/ATU-Local-113_Endorsed-Candidates.pdf,,Joe Mihevc,atu_2018_w12_mihevc
ast_dc738b7bd51a5f3793fb7a1c99e8f8a2,end_a88da16815cd5e97a3f431698445d206,edr_7130092faf1a5c159a3507bbd8db42ee,con_bdb4bceb8d3d535e9d9284d19bf99bb0,can_90847115d65158f29c71dfe3d717587d,confirmed,editorial_choice,2010-10-18,day,publisher_editorial_with_retrieval_copy,https://www.thestar.com/article/876714--star-election-choices-for-city-council,https://skyrisecities.com/forum/threads/2014-municipal-election-toronto-council-races.20318/page-26,Jonah Schein,star_2010_w17_schein
ast_dcc25381b00057fdb5c743801131f6f3,end_d57589166d3a58e2b7ceecfe738f1cef,edr_69f1317690e6571bb2b2e9a7e9690ab8,con_eccf9644aa2c598fa731d009a96fcf64,can_710ea99956e75b6eb5ad0484b38a1172,confirmed,endorsement,2023-11-14,day,first_party_release,https://wemovetoronto.ca/atu-local-113-endorses-kevin-rupasinghe-for-scarborough-southwest/,,Kevin Rupasinghe,atu_2023_w20_rupasinghe
ast_de7d74d4ff6154d3886190b372995ea8,end_e10a145763a858fb91a0abc2889a379e,edr_7130092faf1a5c159a3507bbd8db42ee,con_c8a9dfe07ee5545eb20e21d12773c57e,can_4db5ff0e51715d63897aa99429aa66ac,confirmed,editorial_choice,2014-10-21,day,publisher_editorial_authenticated_archive,https://www.proquest.com/docview/1614259798,,Glenn De Baeremaeker,star_2014_w38_glenndebaeremaeker
ast_dfc6beef0da753a8ab23d38456f45cf8,end_c8762865d45458d09fe1e1dccb2456f4,edr_7130092faf1a5c159a3507bbd8db42ee,con_d69bc70f79a45bf397b2a657aa858e50,can_4c19967cb44158558a2e3e8d90aec2b3,confirmed,editorial_choice,2003-11-07,day,publisher_editorial_authenticated_archive,https://www.proquest.com/docview/438650442,,Howard Moscoe,star_2003_w15_howardmoscoe
ast_dfe3e9b88b5d595683f7715abf09ed29,end_ab9bda2b41e256b2acc06b0694fee3b0,edr_7130092faf1a5c159a3507bbd8db42ee,con_6d24ced99da9539aaaad476a9a2747f4,can_d79d773c87315351a62adbbfaaaebafa,confirmed,editorial_choice,2003-11-08,day,publisher_editorial_authenticated_archive,https://www.proquest.com/docview/1442464183,,Sandra Bussin,star_2003_w32_sandrabussin
ast_e3bc2b632d8f51b7a3d3f5a9d4d9a42d,end_c542b8843dce54299167ed6a42b7d8fe,edr_7ba4ca8cc46e50b3b3184eae43467614,con_099fbf24dd655a0e8b1720fbe2215a6a,can_d37ad909fb1c5173be971d0fb7fa193a,confirmed,endorsement,2010-10-19,day,first_party_release,https://cupe.on.ca/archivedoc1288/,,Joe Pantalone,cupe_2010_mayor_pantalone
ast_e47fd5e0e95d529594e797734277c5b1,end_30b16a7efab35c21915a7a633486a407,edr_7130092faf1a5c159a3507bbd8db42ee,con_680464772a025da6aa5eaf650cefb52a,can_1bdb16ff80e85c0ca7531e87d51d0c30,confirmed,editorial_choice,2010-10-18,day,publisher_editorial_with_retrieval_copy,https://www.thestar.com/article/876714--star-election-choices-for-city-council,https://skyrisecities.com/forum/threads/2014-municipal-election-toronto-council-races.20318/page-26,Karen Stintz,star_2010_w16_stintz
ast_e655e0957c54584ea73203260f3f51d9,end_0139d3ffb13b5f449e9bd87f2fd5320c,edr_7130092faf1a5c159a3507bbd8db42ee,con_ab103b8f3a915dd0b0131abea73fad5c,can_639e78b626f65ea8909654f9bd15ca78,confirmed,editorial_choice,2003-11-07,day,publisher_editorial_authenticated_archive,https://www.proquest.com/docview/438650442,,Frances Nunziata,star_2003_w11_francesnunziata
ast_e796a73da61e5cf3a20c07e6dcbc209b,end_6c54513a379d515c80dc6f86d23b13c0,edr_7130092faf1a5c159a3507bbd8db42ee,con_c44af6fcb9ff527e8974217b3d633af1,can_45aad11df89c511b88aed431e1b1be4e,confirmed,editorial_choice,2022-10-20,day,publisher_editorial_with_archived_copy,https://www.thestar.com/opinion/editorials/2022/10/20/the-stars-endorsements-for-toronto-council-in-wards-9-to-16.html,https://toronto.cityhallwatcher.com/p/chw194,Ausma Malik,star_2022_w10_malik
ast_e7be01e7e2845e5dbb298c3b09c0ef12,end_dc6e13fc2de752229279364235788c87,edr_7130092faf1a5c159a3507bbd8db42ee,con_7b92b7a12bbf5240a728cbe9d42aa420,can_5f5b9990d2e65a2280c62e8967d5240f,confirmed,editorial_choice,2003-11-08,day,publisher_editorial_authenticated_archive,https://www.proquest.com/docview/1442464183,,David Soknacki,star_2003_w43_davidsoknacki
ast_e85593d40071515fb63b4720a4a186e7,end_0aca0adcf4f55a2fa83bc33dc879f779,edr_b354a54e105b5740832e28b07732b4c3,con_612115bf42b450d3aeb63bb430d3aec9,can_881b56db387e50b19b0aa61d56b09724,confirmed,editorial_choice,2018-10-20,day,publisher_editorial_authenticated_archive,https://www.proquest.com/docview/2125467176,https://torontosun.com/news/local-news/toronto-sun-endorsements-for-city-council,Mark Grimes,sun_2018_w03_grimes
ast_e86fae8af75755329877e5cd3cd9fea5,end_aa1ca108934c589baa57ad766182e7ed,edr_7130092faf1a5c159a3507bbd8db42ee,con_18fc5604e3b45ef08d8af9b0813a1918,can_302514955e6a54268d565e4dcb76f228,confirmed,editorial_choice,2003-11-07,day,publisher_editorial_authenticated_archive,https://www.proquest.com/docview/438650442,,Michael Feldman,star_2003_w10_michaelfeldman
ast_e9956168b20b5e1eb72b6da78591f136,end_51936478ef22525ca68da5f312751185,edr_7130092faf1a5c159a3507bbd8db42ee,con_1b8d99f619f758efb737805a20bcf6fb,can_d7591ea7a10b549e97f6a6ec33e194d6,confirmed,editorial_choice,2018-10-16,day,publisher_editorial_authenticated_archive,https://www.proquest.com/docview/2120126481,,Paula Fletcher,star_2018_w14_paulafletcher
ast_ea053a7b643e55dfa3b740fde0af203e,end_d82c0629705f594c83f44fd265901779,edr_7130092faf1a5c159a3507bbd8db42ee,con_79a0aa63063d5dd6a5a2ed28c29ecec1,can_4a4dfb92266c547b948edc0eb0d83d8e,confirmed,editorial_choice,2014-10-21,day,publisher_editorial_authenticated_archive,https://www.proquest.com/docview/1614259798,,John Filion,star_2014_w23_johnfilion
ast_eac86b3bd3fe557888a7d7f27d2ddeae,end_2b87bbd9340e578b9a2d76c41b105ef3,edr_b354a54e105b5740832e28b07732b4c3,con_9250eb2b2609550597520e68352ac56a,can_b3ecaef663ba56adbab70efbcb5004da,confirmed,editorial_choice,2014-10-19,day,reputable_contemporaneous_attribution,https://toronto.citynews.ca/2014/10/19/john-tory-endorsed-by-toronto-sun-globe-and-mail/,,John Tory,sun_2014_mayor_tory
ast_eafddbb69c2f5e9293e49cca7c87b334,end_e6433b886a595e938c39f5d1a6d72f5b,edr_7130092faf1a5c159a3507bbd8db42ee,con_86a1f5b3235452b4a3cb3b3297e4dd51,can_7de65bb716635a0bb22212e998ae27c8,confirmed,editorial_choice,2006-11-09,day,publisher_editorial_authenticated_archive,https://www.proquest.com/docview/439105757,,Hratch Aynedjian,star_2006_w41_hratchaynedjian
ast_ebd2be7034a257879264fa3da57ec61e,end_6117a42078175f3088f35f740911e5aa,edr_bdd4b13ef74d501780c8fcadd091591e,con_2c0ca30fc75e51a3acf50c4693b1cc1b,can_79eaa51713b25cf5912773588f7cb884,confirmed,endorsement,2022-10-21,day,reputable_contemporaneous_slate_attribution,https://spacing.ca/toronto/2022/10/21/election-map-duelling-campaign-endorsements/,https://skedline.com/2022/10/siri-agrell-running-for-ward-4/,Siri Agrell,tory_2022_w04_agrell
ast_ebdd8a8790d45598beb798351b1e2fd2,end_77193568dc3256c3a7df52a561f6cc96,edr_7130092faf1a5c159a3507bbd8db42ee,con_6fd864aec40c5bbc9f3eb32d2e9e4379,can_6f9166ebde925b05ba83e45820107b7b,confirmed,editorial_choice,2018-10-16,day,publisher_editorial_authenticated_archive,https://www.proquest.com/docview/2120126481,,Suman Roy,star_2018_w20_sumanroy
ast_ecf067e741d658178bcce51d9aedf0a2,end_86a0bacb21f6584db1327509c44efdf6,edr_7130092faf1a5c159a3507bbd8db42ee,con_7acbde45d7355dbeb5327c8eff9039ed,can_0cfdf019986053d3b8d100be96affc39,confirmed,editorial_choice,2014-10-20,day,publisher_editorial_authenticated_archive,https://www.proquest.com/docview/1613910148,,John Campbell,star_2014_w04_johncampbell
ast_ed1a9b1efd8258ffa7e8701630c01a18,end_3caf0fa4a5955a47b97f30c736933b5c,edr_bdd4b13ef74d501780c8fcadd091591e,con_bcc3da3d377f5fd3bb1d8a0c3ad7160b,can_0683e747d16658ccbd08215379bddc50,confirmed,endorsement,2022-10-21,day,reputable_contemporaneous_slate_attribution,https://spacing.ca/toronto/2022/10/21/election-map-duelling-campaign-endorsements/,,Mark Grimes,tory_2022_w03_grimes
ast_ed3ea58780535db4adce36583c7aa1f7,end_144d141016615e4589699ec4b0713a48,edr_7130092faf1a5c159a3507bbd8db42ee,con_95ce62f8d45154c7836ec0372d2a416e,can_d212f925622258e8970eff24e98d7357,confirmed,editorial_choice,2006-11-08,day,publisher_editorial_authenticated_archive,https://www.proquest.com/docview/439101262,,Michael Walker,star_2006_w22_michaelwalker
ast_edcf735ad10d5f9087e45992e5a8e039,end_db3a4a143fed56b980ffa2f14c953d61,edr_7130092faf1a5c159a3507bbd8db42ee,con_b123ac953da1590ebb8bca29f5eb3bdc,can_1f117e090c2855258c47189504fd41ce,confirmed,editorial_choice,2014-10-20,day,publisher_editorial_authenticated_archive,https://www.proquest.com/docview/1613910148,,Alejandra Bravo,star_2014_w17_alejandrabravo
ast_ee04784513335e5bbaae267fe0d580f0,end_afea694d63895476836371e84766111a,edr_7130092faf1a5c159a3507bbd8db42ee,con_272ca0eaeab656b89a5038bc74ad9988,can_ad20c1e63a13506e989aa3c8fac52131,confirmed,editorial_choice,2010-10-19,day,publisher_editorial_with_retrieval_copy,https://www.thestar.com/article/876714--star-election-choices-for-city-council,https://skyrisecities.com/forum/threads/2014-municipal-election-toronto-council-races.20318/page-26,Pam McConnell,star_2010_w28_mcconnell
ast_ee1575d9f8de5c1783200972649c57b6,end_e09cb8c7cbf956e4ada622e767469030,edr_7130092faf1a5c159a3507bbd8db42ee,con_e14c9528646b58ba89bddde54ae0f23e,can_da959df9c1b85625a1c9dff24bc2446f,confirmed,editorial_choice,2010-10-18,day,publisher_editorial_with_retrieval_copy,https://www.thestar.com/article/876714--star-election-choices-for-city-council,https://skyrisecities.com/forum/threads/2014-municipal-election-toronto-council-races.20318/page-26,Mark Grimes,star_2010_w06_grimes
ast_ee4f7582105e5906a6108bb87eaf9688,end_db4a059eeaa8527eb9495b15fb8db919,edr_7130092faf1a5c159a3507bbd8db42ee,con_945161409a0450f29e351ff3f263f815,can_63e1ea224f9a5132ae24d181a6bd7ca2,confirmed,editorial_choice,2003-11-06,day,recovered_editorial_reproduction,https://urbantoronto.ca/forum/threads/2003-municipal-election-editorial-david-miller-best-to-lead-toronto.399/,,David Miller,star_2003_mayor_miller
ast_eeeae14b321958d78615563ed58ecba0,end_b5ac0ff09a1d5e28a6da3bd7bbe987d6,edr_7130092faf1a5c159a3507bbd8db42ee,con_8283f00fca6855af9a0a63e550482bda,can_529380293f3b58fba0c0897c393bbc06,confirmed,editorial_choice,2010-10-18,day,publisher_editorial_with_retrieval_copy,https://www.thestar.com/article/876714--star-election-choices-for-city-council,https://skyrisecities.com/forum/threads/2014-municipal-election-toronto-council-races.20318/page-26,Doug Holyday,star_2010_w03_holyday
ast_ef18a1e4252856ffb887968124210bc9,end_fc4e8111a9185002be47717664e76fb5,edr_60054ff9f17d5cb5889a78d123699005,con_6821258c9f7f598e829c8617b8765c25,can_73ec5ac31ba8585b9b52e77fce07bc31,confirmed,progressive_champion,2022-09-22,day,first_party_campaign_with_contemporaneous_slate_attribution,https://www.progresstoronto.ca/updates/2022/9/22/progressive-champions,https://spacing.ca/toronto/2022/10/21/election-map-duelling-campaign-endorsements/,Alejandra Bravo,progress_2022_w09_bravo
ast_ef1d8282f1c854bda2a3a7fb0c8e70be,end_747d3c7d4bfa57929fc46d0eb31ce094,edr_7130092faf1a5c159a3507bbd8db42ee,con_5babda81dd6351a28a423340a03b5d8a,can_3187bf1e68df5989b8a6ce0b4ce3c94b,confirmed,editorial_choice,2014-10-20,day,publisher_editorial_authenticated_archive,https://www.proquest.com/docview/1613910148,,Russ Ford,star_2014_w06_russford
ast_f022329c8fcf53cc82a7b8bc58892c2f,end_e696824521175e5eb12aaa4e1c47f11e,edr_bdd4b13ef74d501780c8fcadd091591e,con_52f50431db92559f8d4391fb2e932f16,can_c4e145ff6e765e0082c90ea1a07ae943,confirmed,endorsement,2022-10-21,day,reputable_contemporaneous_slate_attribution,https://spacing.ca/toronto/2022/10/21/election-map-duelling-campaign-endorsements/,,Frances Nunziata,tory_2022_w05_nunziata
ast_f027fcab0e745ac39d58633d65e60fb1,end_f16600e5ee3b5b87a13af468818116b1,edr_7130092faf1a5c159a3507bbd8db42ee,con_d9eeb6c962c854b58be1e179e2168cb1,can_10c5c8f178975029bd84bdf4476c18f3,confirmed,editorial_choice,2003-11-07,day,publisher_editorial_authenticated_archive,https://www.proquest.com/docview/438650442,,Joe Pantalone,star_2003_w19_joepantalone
ast_f05e102108be5502844f2a50623b2425,end_5e976c4d97d35bb19b52a3a4be8f5c3b,edr_7130092faf1a5c159a3507bbd8db42ee,con_ec88bd40dff858e695ae9533199be499,can_1816cf817ed05a73a6d04e1dec8ac6a1,confirmed,editorial_choice,2003-11-08,day,publisher_editorial_authenticated_archive,https://www.proquest.com/docview/1442464183,,Case Ootes,star_2003_w29_caseootes
ast_f12b1ec41837500abda5c7b46e42797e,end_d1f42353948a5527aea6ba325d97f535,edr_7130092faf1a5c159a3507bbd8db42ee,con_c555f2e9b45051a8b960bdbb0ac6080a,can_4185e2b2d994537280b8eae979cfdaec,confirmed,editorial_choice,2018-10-16,day,publisher_editorial_authenticated_archive,https://www.proquest.com/docview/2120126481,,Norm Kelly,star_2018_w22_normkelly
ast_f19e0f335be154ec88805e60d4df1ebd,end_2e585cdb67085efc9e23154d96ba63ac,edr_7130092faf1a5c159a3507bbd8db42ee,con_e0aab60f6a3e50d59f1f09a1742a2ddd,can_f9c65b5f49305573ac4de1d27b1e8fca,confirmed,editorial_choice,2023-06-21,day,first_party_editorial,https://www.thestar.com/opinion/editorials/2023/06/21/ana-bailo-is-the-best-choice-to-lead-toronto.html,https://canada.constructconnect.com/dcn/news/government/2023/06/chow-the-one-to-beat-as-toronto-votes-for-the-citys-next-mayor,Ana Bailão,star_2023_mayor_bailao
ast_f1c35f885988586ea248843b4a3403d6,end_66eda19dc49058f4bd841a15d15c785b,edr_7130092faf1a5c159a3507bbd8db42ee,con_bab4f35c5b9a51da935131d5c790bddf,can_86b4a8b96048544897930f1f1cd40336,confirmed,editorial_choice,2022-10-19,day,publisher_editorial_with_archived_copy,https://www.thestar.com/opinion/editorials/2022/10/19/the-stars-endorsements-for-toronto-council-in-wards-1-to-8.html,https://toronto.cityhallwatcher.com/p/chw194,James Pasternak,star_2022_w06_pasternak
ast_f1c9c49cf08f55f69755810f602b7437,end_d7ff5b63aff85997a425fc2e0434961d,edr_b354a54e105b5740832e28b07732b4c3,con_849867f583195ad38c77941612883bd9,can_56769676131c5f708884abdfea79deef,confirmed,editorial_choice,2018-10-20,day,publisher_editorial_authenticated_archive,https://www.proquest.com/docview/2125467176,https://torontosun.com/news/local-news/toronto-sun-endorsements-for-city-council,James Pasternak,sun_2018_w06_pasternak
ast_f1d7bba7e0bd5c2090721145cba72900,end_9730c9bf778f5e79aed4920030d151e0,edr_7130092faf1a5c159a3507bbd8db42ee,con_1e16e8a3edc55c77847b36d881fb8fe7,can_3ec20907e72051b0a0ab7e5b9e924482,confirmed,editorial_choice,2014-10-21,day,publisher_editorial_authenticated_archive,https://www.proquest.com/docview/1614259798,,Michael Thompson,star_2014_w37_michaelthompson
ast_f1f12ddc3c6459189aa67fb6fea1a7c0,end_53729ad8d33159f79cb6c03124098d92,edr_b354a54e105b5740832e28b07732b4c3,con_6a1f4d7470675d869b3b11aede0812f2,can_365f117d8c1a5b0097b2c1b3414d99dd,confirmed,editorial_choice,2018-10-20,day,publisher_editorial_authenticated_archive,https://www.proquest.com/docview/2125467176,https://torontosun.com/news/local-news/toronto-sun-endorsements-for-city-council,Jaye Robinson,sun_2018_w15_jayerobinson
ast_f2382786dad157bfbb5df26651786a5a,end_7283cf03764d5b278bdae4a64c1528c0,edr_7130092faf1a5c159a3507bbd8db42ee,con_a160a05c9e3e5dd7b972cd5c16d456b0,can_c7c7cd99176353b4867b961bffb52dbd,confirmed,editorial_choice,2010-10-19,day,publisher_editorial_with_retrieval_copy,https://www.thestar.com/article/876714--star-election-choices-for-city-council,https://skyrisecities.com/forum/threads/2014-municipal-election-toronto-council-races.20318/page-26,Paul Ainslie,star_2010_w43_ainslie
ast_f30184493da1533b8eea61f58b2b1f85,end_f23d43e60e6854e8a8358e36d22c8558,edr_69f1317690e6571bb2b2e9a7e9690ab8,con_2c0ca30fc75e51a3acf50c4693b1cc1b,can_5d3cda342f5d5ce9a7bcb18578d4c2b7,confirmed,endorsement,2022-10-06,day,first_party_slate,https://wemovetoronto.ca/atu-local-113-endorses-candidates-for-the-2022-ontario-municipal-election/,https://wemovetoronto.ca/wp-content/uploads/2022/10/ATU_MunicipalElection2022_Poster-scaled-1.jpg,Gord Perks,atu_2022_w04_perks
ast_f4653bd3b5d7501b91257b8327c84f7e,end_86d2cbe1a2fd5a02bd9aa558c37e2b02,edr_7130092faf1a5c159a3507bbd8db42ee,con_922d425132ad5243b459c0ca40a6dcd9,can_f9e0ac6db5085ecb8f61d5e3ac3fb273,confirmed,editorial_choice,2018-10-15,day,publisher_editorial_authenticated_archive,https://www.proquest.com/docview/2119860825,,Carol Royer,star_2018_w01_carolroyer
ast_f4c74a9d648a5386a91aa77ddc6153f2,end_bdf631958c4452e58420ac43f6bfc8e5,edr_b354a54e105b5740832e28b07732b4c3,con_147dca9e3758595d8766dc52d11a65f4,can_f9ea8f5f2f22545b961d7d1aebffe984,confirmed,editorial_choice,2018-10-20,day,publisher_editorial_authenticated_archive,https://www.proquest.com/docview/2125467176,https://torontosun.com/news/local-news/toronto-sun-endorsements-for-city-council,Denzil Minnan-Wong,sun_2018_w16_denzilminnanwong
ast_f5559f5645f2558987dfabd8afc12e47,end_5113374ed215557aae11882740652e81,edr_7130092faf1a5c159a3507bbd8db42ee,con_744dd2f798b8521e8de9693750f474d2,can_c3f37900f3935532968d619ac325105d,confirmed,editorial_choice,2003-11-08,day,publisher_editorial_authenticated_archive,https://www.proquest.com/docview/1442464183,,John Filion,star_2003_w23_johnfilion
ast_f5d12767b374586f9f31e68f5a1722a1,end_dc5d00efe08f5925b406a20eb5f06008,edr_7130092faf1a5c159a3507bbd8db42ee,con_7bbdc7e302705fee987b1ebca87ef16d,can_5ec80b2bd0ae52ef817f16eb7be56d5b,confirmed,editorial_choice,2010-10-18,day,publisher_editorial_with_retrieval_copy,https://www.thestar.com/article/876714--star-election-choices-for-city-council,https://skyrisecities.com/forum/threads/2014-municipal-election-toronto-council-races.20318/page-26,Larry Perlman,star_2010_w07_perlman
ast_f75e598451c25f4d8da140507cfa0099,end_ae1c10afe5965859ac1bdb560b7b22b8,edr_b354a54e105b5740832e28b07732b4c3,con_eeda9883ca2d57148405d41f7f5a80a4,can_76a5898fec8b5e3983638f5c9354afe3,confirmed,editorial_choice,2018-10-20,day,publisher_editorial_authenticated_archive,https://www.proquest.com/docview/2125467176,https://torontosun.com/news/local-news/toronto-sun-endorsements-for-city-council,Jennifer McKelvie,sun_2018_w25_mckelvie
ast_f821e20d586d5c988551e8f6c95f5420,end_3f0fb5d6f43c57abbbb0532e64e18703,edr_69f1317690e6571bb2b2e9a7e9690ab8,con_45eb3e143f1b5492b4652498c957ed6b,can_8702c409b44c56869788d0fcb7ee8999,confirmed,endorsement,2018-10-01,month,first_party_slate,https://wemovetoronto.ca/wp-content/uploads/2018/10/ATU-Local-113_Endorsed-Candidates.pdf,,Matthew Kellway,atu_2018_w19_kellway
ast_f8974808ead65649b88396085d848341,end_c958f11d4bfd551a92ea6d7f93178242,edr_7130092faf1a5c159a3507bbd8db42ee,con_95ddf0ee07b85a9da9038f871eeefaba,can_acc5d5a235b45003abd90c5770b00a0f,confirmed,editorial_choice,2003-11-07,day,publisher_editorial_authenticated_archive,https://www.proquest.com/docview/438650442,,Joe Mihevc,star_2003_w21_joemihevc
ast_f8ed75f996f956a5a5eb6c871715b933,end_84451d4faec65c748d589d8356e7a00d,edr_b354a54e105b5740832e28b07732b4c3,con_810611751acb5e86ab30b3277e7e6dad,can_2be6eb5c966a5c3e922215053eac8307,confirmed,editorial_choice,2018-10-20,day,publisher_editorial_authenticated_archive,https://www.proquest.com/docview/2125467176,https://torontosun.com/news/local-news/toronto-sun-endorsements-for-city-council,Joyce Rowlands,sun_2018_w11_joycerowlands
ast_faba4e10692f5333943650ee1d18cd2c,end_831a064fa08853daaab647ca7a6ab6b1,edr_7130092faf1a5c159a3507bbd8db42ee,con_727f839c8adc5531bd874edb6b663c05,can_20abf55f101452d6a0b36522163e4658,confirmed,editorial_choice,2003-11-08,day,publisher_editorial_authenticated_archive,https://www.proquest.com/docview/1442464183,,Pierre Klein,star_2003_w28_pierreklein
ast_fae682dcbf265a1a89a1120d471db9b7,end_e74d928da83b544ca8ebe03ee014e5a8,edr_7ba4ca8cc46e50b3b3184eae43467614,con_e0aab60f6a3e50d59f1f09a1742a2ddd,can_ffd12261189f582d95b5d8495efc720d,confirmed,endorsement,2023-05-25,day,first_party_joint_release,https://cupe.on.ca/public-and-private-sector-union-leaders-endorse-olivia-chow-for-mayor-of-toronto/,https://opseu.org/en/news/public-and-private-sector-union-leaders-endorse-olivia-chow-for-mayor-of-toronto/193565/,Olivia Chow,cupe_2023_mayor_chow
ast_fb183563d8d552fdb7f86c85308175f7,end_57a49c6cd42153bf8d6d1e49c22d6a68,edr_69f1317690e6571bb2b2e9a7e9690ab8,con_849867f583195ad38c77941612883bd9,can_4eec1f4fc03c5c2192fa031a86b3420d,confirmed,endorsement,2018-10-01,month,first_party_slate,https://wemovetoronto.ca/wp-content/uploads/2018/10/ATU-Local-113_Endorsed-Candidates.pdf,,Maria Augimeri,atu_2018_w06_augimeri
ast_fb27a4275521533f9c68af0b028c353f,end_8aec702b476b52ea8d498e458463a913,edr_69f1317690e6571bb2b2e9a7e9690ab8,con_43f8a49a6b095ee8a38c2a1aa0477382,can_75961c4df15e5d8c85f6a63ffa59f246,confirmed,endorsement,2022-10-06,day,first_party_slate,https://wemovetoronto.ca/atu-local-113-endorses-candidates-for-the-2022-ontario-municipal-election/,https://wemovetoronto.ca/wp-content/uploads/2022/10/ATU_MunicipalElection2022_Poster-scaled-1.jpg,Anthony Perruzza,atu_2022_w07_perruzza
ast_fb44fe01b16650c8bf5135da96ccfa5b,end_7fc804e75e615ecba2d0f929c9644ba2,edr_7130092faf1a5c159a3507bbd8db42ee,con_2ce79e4f63945b9b90a05c245e9382fc,can_9bc0a1a0c5b75c6cbddcdc0c904333fc,confirmed,editorial_choice,2010-10-19,day,publisher_editorial_with_retrieval_copy,https://www.thestar.com/article/876714--star-election-choices-for-city-council,https://skyrisecities.com/forum/threads/2014-municipal-election-toronto-council-races.20318/page-26,Ken Chan,star_2010_w27_chan
ast_fd59231b9d0b570bbd1cf48c653fb7c9,end_a1eb984a959e5d158efceddf456a1413,edr_60054ff9f17d5cb5889a78d123699005,con_52f50431db92559f8d4391fb2e932f16,can_6c6ffe1b743357a5b7e74c8e511ea2d9,confirmed,progressive_champion,2022-09-22,day,first_party_campaign_with_contemporaneous_slate_attribution,https://www.progresstoronto.ca/updates/2022/9/22/progressive-champions,https://spacing.ca/toronto/2022/10/21/election-map-duelling-campaign-endorsements/,Chiara Padovani,progress_2022_w05_padovani
ast_fde0b61ad61c57939acab81acd658f11,end_03d0bdb46c075a0dbace473479b5548e,edr_bdd4b13ef74d501780c8fcadd091591e,con_9e0a04dcf1245155b6f1fd50c6a83e99,can_4be13ddaed1f5fd69bb23af3743ef443,confirmed,endorsement,2022-10-21,day,reputable_contemporaneous_slate_attribution,https://spacing.ca/toronto/2022/10/21/election-map-duelling-campaign-endorsements/,,Gary Crawford,tory_2022_w20_crawford
ast_fe914a66496c55ed8585334998cfc471,end_cf9ca7a0c8ba53e2996674d320c35255,edr_7130092faf1a5c159a3507bbd8db42ee,con_e78d7e5eb6975c7b98ef0efd13e5c783,can_7e438bfe1694579ca49127ff39200d21,confirmed,editorial_choice,2010-10-19,day,publisher_editorial_with_retrieval_copy,https://www.thestar.com/article/876714--star-election-choices-for-city-council,https://skyrisecities.com/forum/threads/2014-municipal-election-toronto-council-races.20318/page-26,Bryan Heal,star_2010_w40_heal
ast_fe9532a99b845996bd89d1d315f76c7e,end_336fe49f08e656559c0da1d08b931f31,edr_a7c5fbf78b725c8db8ec32c4c4fc177a,con_d6f7b1cb92f959ab9408dbb936bcf2ff,can_7c4e23514e3b546e8fc7ea161c40a4f1,confirmed,endorsement,2010-10-19,day,reputable_contemporaneous_attribution,https://spacing.ca/toronto/2010/10/19/election-council-turnover-ward-18/,https://xtramagazine.com/power/social-services-are-in-danger-kevin-beaulieu-8909,Kevin Beaulieu,miller_2010_w18_beaulieu
ast_ff824832b18550bb9162335f19b5d608,end_c71ee08368f659909fc70a028cece011,edr_69f1317690e6571bb2b2e9a7e9690ab8,con_e0aab60f6a3e50d59f1f09a1742a2ddd,can_ffd12261189f582d95b5d8495efc720d,confirmed,endorsement,2023-05-26,day,first_party_social_post_with_first_party_corroboration,https://twitter.com/ATUlocal113/status/1662098247563849728,https://www.atu.org/media/in-transit/july-august-september-2023/local-113-gets-out-the-vote-to-elect-olivia-chow-mayor-of-toronto,Olivia Chow,atu_2023_mayor_chow
