office_tenure_id,person_id,represented_body,office_type,district_id,started_on,started_on_precision,ended_on,ended_on_precision,entry_method,source_authority,source_detail
ten_0015647c692a593cb187b1f82bc432fc,per_a39385ec8fc65555a86f30b50d338a33,toronto_city_council,councillor,dst_d74a992f3f3e5403b0f18e278453428c,2006-11-13,election_date,2010-10-25,at_or_after_reference,election,City of Toronto,"{""member_name"":""Maria Augimeri"",""rule"":""last_valid_council_composition_before_general_election"",""source"":""city_attendance"",""source_confidence"":0.95,""source_file"":""data/raw/council/attendance/councillors-meeting-attendance-2006-2010.csv""}"
ten_004a8966d67c5baa8714c284ca653919,per_0551e61933835487ad593ca1a6280e30,toronto_city_council,councillor,dst_5c19646c134d58c5b8859bba3379c5e7,2006-11-13,election_date,2010-10-25,at_or_after_reference,election,City of Toronto,"{""member_name"":""Suzan Hall"",""rule"":""last_valid_council_composition_before_general_election"",""source"":""city_attendance"",""source_confidence"":0.95,""source_file"":""data/raw/council/attendance/councillors-meeting-attendance-2006-2010.csv""}"
ten_00667d460f415e299d20db1db1acc4fb,per_b5382bf239c9521faee4a4a38f1a7e1c,toronto_city_council,councillor,dst_e845d931b1485ddfacb056ed66c8b3b9,2022-10-24,election_date,2025-09-29,at_or_after_reference,election,City of Toronto,"{""event_id"":""evt_ca435dada07f5ed9b041b7c3d24de732"",""prior_candidacy"":{""candidacy_id"":""can_19bbe15fc35c514cab23e1672f721659"",""source_authority"":""Toronto City Clerk"",""source_detail"":""data/interim/results/2022/2022_Toronto_Poll_By_Poll_Councillor.xlsx"",""source_resource"":""Elections — Official Results""},""rule"":""certified_winner_since_latest_general_in_incomplete_by_election_roster""}"
ten_007a63cc7f9157838c6bd41b812b551b,per_a4291ca7539b53e2acc1c4f108bc73e6,canada_house_of_commons,mp,dst_ec7099a5f12a56dba3805f2ecfcf3f25,2006-01-23,election_date,2008-09-06,at_or_after_reference,election,elections_canada,"{""authority_reported_flag_used_as_review_signal_only"": true, ""current_candidacy"": {""candidacy_id"": ""can_6a2df1bf407e5c7e97fa146a927e4a5a"", ""event_id"": ""ec-ge-40"", ""incumbent_reported"": true, ""source_detail"": ""https://www.elections.ca/scripts/OVR2008/31/data/pollresults_resultatsbureau35.zip""}, ""evidence_rule"": ""most_recent_prior_candidacy_elected_in_cycle_without_later_seat_winner"", ""prior_elected_candidacy"": {""candidacy_id"": ""can_e1c8ce61046054db9abaaac00fec448f"", ""district_id"": ""dst_ec7099a5f12a56dba3805f2ecfcf3f25"", ""elected"": true, ""election_date"": ""2006-01-23"", ""event_id"": ""ec-ge-39"", ""source_detail"": ""https://www.elections.ca/Scripts/OVR2006/25/data_donnees/pollresults_resultatsbureau35.zip""}, ""roster_reference"": {""dissolution_date"": ""2008-09-07"", ""reference_date"": ""2008-09-06"", ""source_url"": ""https://www.elections.ca/content.aspx?dir=rep/off/sta_2008&document=p2&lang=e&section=res""}}"
ten_008f3737a75159d3acc238dabad1ffdd,per_9b179068f8d450aa842cf592d57c08e0,toronto_city_council,councillor,dst_d3c79eda632d5af2beb7343ee879dff7,2014-10-27,election_date,2018-10-22,at_or_after_reference,election,City of Toronto,"{""member_name"":""Joe Cressy"",""rule"":""last_valid_council_composition_before_general_election"",""source"":""city_attendance"",""source_confidence"":0.95,""source_file"":""data/raw/council/attendance/councillors-meeting-attendance-2014-2018.csv""}"
ten_009b67a6105a5745b6a30da04a4ea90c,per_dad820b172cb53408f68a4166cb6e103,canada_house_of_commons,mp,dst_ce61b4f9d4415f01b36f187f572a4a63,2011-05-02,election_date,2015-08-01,at_or_after_reference,election,elections_canada,"{""authority_reported_flag_used_as_review_signal_only"": true, ""current_candidacy"": {""candidacy_id"": ""can_74433c28e36f5346a57bf3c2ee3013cc"", ""event_id"": ""ec-ge-42"", ""incumbent_reported"": true, ""source_detail"": ""https://www.elections.ca/res/rep/off/ovr2015app/41/data_donnees/pollresults_resultatsbureau35.zip""}, ""evidence_rule"": ""most_recent_prior_candidacy_elected_in_cycle_without_later_seat_winner"", ""prior_elected_candidacy"": {""candidacy_id"": ""can_ce8608dfde825bb4ad49e69417c08dd6"", ""district_id"": ""dst_ce61b4f9d4415f01b36f187f572a4a63"", ""elected"": true, ""election_date"": ""2011-05-02"", ""event_id"": ""ec-ge-41"", ""source_detail"": ""https://www.elections.ca/scripts/OVR2011/34/data_donnees/pollresults_resultatsbureau35.zip""}, ""roster_reference"": {""dissolution_date"": ""2015-08-02"", ""reference_date"": ""2015-08-01"", ""source_url"": ""https://www.elections.ca/content.aspx?dir=rep/off/sta_2015&document=p2&lang=e&section=res""}}"
ten_00e6348ebbdc561696d897a228e8d847,per_8b9e35cf6a065328a1113acf55d27319,canada_house_of_commons,mp,dst_07e5477b7f2b5c2a91214ffad9156308,2021-09-20,election_date,2025-03-22,at_or_after_reference,election,elections_canada,"{""authority_reported_flag_used_as_review_signal_only"": true, ""current_candidacy"": {""candidacy_id"": ""can_a1c90bd5a55d5a43bfc882dc76089300"", ""event_id"": ""ec-ge-45"", ""incumbent_reported"": false, ""source_detail"": ""https://www.elections.ca/res/rep/off/ovrGE45/62/data_donnees/pollresults_resultatsbureau35.zip""}, ""evidence_rule"": ""most_recent_prior_candidacy_elected_in_cycle_without_later_seat_winner"", ""prior_elected_candidacy"": {""candidacy_id"": ""can_5c1f78de045455e7a4fce7fdb4aff80c"", ""district_id"": ""dst_07e5477b7f2b5c2a91214ffad9156308"", ""elected"": true, ""election_date"": ""2021-09-20"", ""event_id"": ""ec-ge-44"", ""source_detail"": ""https://www.elections.ca/res/rep/off/ovr2021app/53/data_donnees/pollresults_resultatsbureau35.zip""}, ""roster_reference"": {""dissolution_date"": ""2025-03-23"", ""reference_date"": ""2025-03-22"", ""source_url"": ""https://www.elections.ca/content.aspx?dir=rep/off/sta_ge45&document=for&lang=e&section=res""}}"
ten_01c8a5fa94355b4f8d69cd2034c48c14,per_59e8fc21d73350fa9478b0f8dbb2c7cb,ontario_legislative_assembly,mpp,dst_d6b6a7c394c5532b94c3c7e498284844,,unknown,2011-09-06,at_or_after_reference,unknown,elections_ontario,https://results.elections.on.ca/api/report-groups/3/report-outputs/499/csv;https://results.elections.on.ca/api/report-groups/3/report-outputs/492/csv;https://results.elections.on.ca/api/report-groups/3/report-outputs/497/csv
ten_01e045f0e61752dfbf17130fd9b4db7b,per_c0e1c9bb6045570b873969e4c462da62,toronto_city_council,councillor,dst_0839fc3522805fceb1fc4eb0bf070465,2018-10-22,election_date,2021-01-15,at_or_after_reference,election,City of Toronto,"{""event_id"":""evt_50c15fe55fa753fba75abfada8da3c38"",""prior_candidacy"":{""candidacy_id"":""can_a138036d836c5c8da46d76df542f931f"",""source_authority"":""Toronto City Clerk"",""source_detail"":""data/interim/results/2018/2018_Toronto_Poll_By_Poll_Councillor.xlsx"",""source_resource"":""Elections — Official Results""},""rule"":""certified_winner_since_latest_general_in_incomplete_by_election_roster""}"
ten_01fc060e4624506383d2ae48af5bd96e,per_1e050548381953f7b04a0284a97ac566,ontario_legislative_assembly,mpp,dst_f859722e9b2a59ee915f9aa0b247fd16,,unknown,2018-05-07,at_or_after_reference,unknown,elections_ontario,https://results.elections.on.ca/api/report-groups/1/report-outputs/932/csv;https://results.elections.on.ca/api/report-groups/1/report-outputs/925/csv;https://results.elections.on.ca/api/report-groups/1/report-outputs/930/csv
ten_01fd85399e32573e93d6342e758a727c,per_b565750840aa5f1d9985bd60de6c423c,toronto_city_council,councillor,dst_65a81c104a8c5c0194e7fee5f09545d3,2003-11-10,election_date,2006-11-13,at_or_after_reference,election,City of Toronto,"{""entry_method"":""election"",""member_name"":""Raymond Cho"",""rule"":""last_valid_council_composition_before_general_election"",""source"":""wikipedia"",""source_confidence"":0.85,""source_files"":[""data/reference/roster_agent_a.txt"",""data/reference/roster_agent_b.txt""]}"
ten_0220ddaa50c9509697bf8e23cdb18788,per_a5dbd8d684c95ba4ac284aba2f85d2e0,toronto_city_council,councillor,dst_e85e355506d7551fb2e7a7e39706bb85,2010-10-25,election_date,2014-10-27,at_or_after_reference,election,City of Toronto,"{""member_name"":""Paula Fletcher"",""rule"":""last_valid_council_composition_before_general_election"",""source"":""city_attendance"",""source_confidence"":0.95,""source_file"":""data/raw/council/attendance/councillors-meeting-attendance-2010-2014.csv""}"
ten_028405508842526b9c76f0acfb9cca19,per_4efd8e2fcc8059f295f7695304fffcf6,ontario_legislative_assembly,mpp,dst_d33de5b4757e5083abf2e07cb88b096d,,unknown,2014-05-01,at_or_after_reference,unknown,elections_ontario,https://results.elections.on.ca/api/report-groups/2/report-outputs/488/csv;https://results.elections.on.ca/api/report-groups/2/report-outputs/481/csv;https://results.elections.on.ca/api/report-groups/2/report-outputs/486/csv
ten_034a388720e05cd4b7e79e0d3445383d,per_cb9a349d2c375d6ca82d06405b9986e0,toronto_city_council,councillor,dst_491164fd0e3a5cdeb806be882bf66569,2022-10-24,election_date,2023-11-30,at_or_after_reference,election,City of Toronto,"{""event_id"":""evt_ee5715a80b5a532c8b778d94f6b7c9b8"",""prior_candidacy"":{""candidacy_id"":""can_d125264a62a05127bf0f0b53de4f9601"",""source_authority"":""Toronto City Clerk"",""source_detail"":""data/interim/results/2022/2022_Toronto_Poll_By_Poll_Councillor.xlsx"",""source_resource"":""Elections — Official Results""},""rule"":""certified_winner_since_latest_general_in_incomplete_by_election_roster""}"
ten_03fe3b13a6105ab6b126405405e42da5,per_cb9a349d2c375d6ca82d06405b9986e0,toronto_city_council,councillor,dst_adf63b57f77c58829d8e38b24d68ac03,2014-10-27,election_date,2016-07-25,at_or_after_reference,election,City of Toronto,"{""event_id"":""evt_552c4874312956ae84afbbc5ee91b0f7"",""prior_candidacy"":{""candidacy_id"":""can_4439ed92e3a352c29a780d9bcf1db5b4"",""source_authority"":""Toronto City Clerk"",""source_detail"":""data/interim/results/2014/COUNCILLOR.xls"",""source_resource"":""Elections — Official Results""},""rule"":""certified_winner_since_latest_general_in_incomplete_by_election_roster""}"
ten_040029c8eb3a5020aca1cc883bc67640,per_59e8fc21d73350fa9478b0f8dbb2c7cb,ontario_legislative_assembly,mpp,dst_d6b6a7c394c5532b94c3c7e498284844,,unknown,2007-09-09,at_or_after_reference,unknown,elections_ontario,https://results.elections.on.ca/api/report-groups/4/report-outputs/510/csv;https://results.elections.on.ca/api/report-groups/4/report-outputs/503/csv;https://results.elections.on.ca/api/report-groups/4/report-outputs/508/csv
ten_043ffde661805a66ac90bfa8f7f4f749,per_3e52aa435eb8566fb37510ab305dff54,toronto_city_council,councillor,dst_5c72aa93cccc58429c93ba95b025805f,2018-10-22,election_date,2021-01-15,at_or_after_reference,election,City of Toronto,"{""event_id"":""evt_50c15fe55fa753fba75abfada8da3c38"",""prior_candidacy"":{""candidacy_id"":""can_881b56db387e50b19b0aa61d56b09724"",""source_authority"":""Toronto City Clerk"",""source_detail"":""data/interim/results/2018/2018_Toronto_Poll_By_Poll_Councillor.xlsx"",""source_resource"":""Elections — Official Results""},""rule"":""certified_winner_since_latest_general_in_incomplete_by_election_roster""}"
ten_045b5fe0d005534bac04ba1678cfef10,per_0afc100cce0552f3ab72875cb6474788,toronto_city_council,councillor,,,unknown,2018-10-22,at_or_after_reference,appointment,City of Toronto,"{""entry_method"":""appointment"",""last_holder_reconciliation"":{""former_member"":""Shelley Carroll"",""last_holder"":""Jonathan Tsao"",""source"":""https://www.toronto.ca/legdocs/mmis/2019/ex/bgrd/backgroundfile-131208.pdf""},""member_name"":""Jonathan Tsao"",""rule"":""last_valid_council_composition_before_general_election"",""source"":""city_voting"",""source_confidence"":0.9,""source_file"":""data/raw/council/voting/member-voting-record-2014-2018.csv""}"
ten_0486615010a45506858e5792fd24ea40,per_2e862df7dac85e2f8407e3fac034ea8d,canada_house_of_commons,mp,dst_070935ea15895262bd2d2f99e4ada2ac,2021-09-20,election_date,2025-03-22,at_or_after_reference,election,elections_canada,"{""authority_reported_flag_used_as_review_signal_only"": true, ""current_candidacy"": {""candidacy_id"": ""can_30fccb6b1ec150b482c764afb419d092"", ""event_id"": ""ec-ge-45"", ""incumbent_reported"": true, ""source_detail"": ""https://www.elections.ca/res/rep/off/ovrGE45/62/data_donnees/pollresults_resultatsbureau35.zip""}, ""evidence_rule"": ""most_recent_prior_candidacy_elected_in_cycle_without_later_seat_winner"", ""prior_elected_candidacy"": {""candidacy_id"": ""can_5665507534205e25ae03377a7d71caf7"", ""district_id"": ""dst_070935ea15895262bd2d2f99e4ada2ac"", ""elected"": true, ""election_date"": ""2021-09-20"", ""event_id"": ""ec-ge-44"", ""source_detail"": ""https://www.elections.ca/res/rep/off/ovr2021app/53/data_donnees/pollresults_resultatsbureau35.zip""}, ""roster_reference"": {""dissolution_date"": ""2025-03-23"", ""reference_date"": ""2025-03-22"", ""source_url"": ""https://www.elections.ca/content.aspx?dir=rep/off/sta_ge45&document=for&lang=e&section=res""}}"
ten_053d8fecaf5350cc836c2533e918eeeb,per_9387d636b99c5fdd8edee8549f902b74,toronto_city_council,councillor,dst_14a751bcf5d35757811c5ea6866f31b0,2022-10-24,election_date,2025-09-29,at_or_after_reference,election,City of Toronto,"{""event_id"":""evt_ca435dada07f5ed9b041b7c3d24de732"",""prior_candidacy"":{""candidacy_id"":""can_03d6f16490885a9bb430aa263793788d"",""source_authority"":""Toronto City Clerk"",""source_detail"":""data/interim/results/2022/2022_Toronto_Poll_By_Poll_Councillor.xlsx"",""source_resource"":""Elections — Official Results""},""rule"":""certified_winner_since_latest_general_in_incomplete_by_election_roster""}"
ten_0613e43cbc8e55db9a2302aa0e7af291,per_6c8ba79da7cb5eb989aebcb0bb3fa5e1,canada_house_of_commons,mp,dst_a15da2272f6f5b68bc8a083f8380b0e1,2021-09-20,election_date,2025-03-22,at_or_after_reference,election,elections_canada,"{""authority_reported_flag_used_as_review_signal_only"": true, ""current_candidacy"": {""candidacy_id"": ""can_ee9457190b7d596dbbd17baf4dcc61cf"", ""event_id"": ""ec-ge-45"", ""incumbent_reported"": true, ""source_detail"": ""https://www.elections.ca/res/rep/off/ovrGE45/62/data_donnees/pollresults_resultatsbureau35.zip""}, ""evidence_rule"": ""most_recent_prior_candidacy_elected_in_cycle_without_later_seat_winner"", ""prior_elected_candidacy"": {""candidacy_id"": ""can_a9701f7ae34851a8a43e6e3334231dda"", ""district_id"": ""dst_a15da2272f6f5b68bc8a083f8380b0e1"", ""elected"": true, ""election_date"": ""2021-09-20"", ""event_id"": ""ec-ge-44"", ""source_detail"": ""https://www.elections.ca/res/rep/off/ovr2021app/53/data_donnees/pollresults_resultatsbureau35.zip""}, ""roster_reference"": {""dissolution_date"": ""2025-03-23"", ""reference_date"": ""2025-03-22"", ""source_url"": ""https://www.elections.ca/content.aspx?dir=rep/off/sta_ge45&document=for&lang=e&section=res""}}"
ten_064f1f08045b5cf18df596a95022f245,per_5f80445859665d2bb8d28569cba25d63,toronto_city_council,councillor,,,unknown,2003-11-10,at_or_after_reference,election,City of Toronto,"{""entry_method"":""election"",""member_name"":""Joanne Flint"",""rule"":""last_valid_council_composition_before_general_election"",""source"":""wikipedia"",""source_confidence"":0.85,""source_files"":[""data/reference/roster_agent_a.txt"",""data/reference/roster_agent_b.txt""]}"
ten_06513e5401fd5715b82a2ccdd01c6399,per_56d2cf0005bb560da8dd3e54c122569f,toronto_city_council,councillor,,,unknown,2003-11-10,at_or_after_reference,election,City of Toronto,"{""entry_method"":""election"",""member_name"":""George Mammoliti"",""rule"":""last_valid_council_composition_before_general_election"",""source"":""wikipedia"",""source_confidence"":0.7,""source_files"":[""data/reference/roster_agent_a.txt"",""data/reference/roster_agent_b.txt""]}"
ten_066a13aaf0265ca3b12771730a2f857f,per_f43071f7a8d95740a4fcc8890b28d327,toronto_city_council,councillor,dst_9a2b60e0545d5eba9361d07a574fe57e,2003-11-10,election_date,2006-11-13,at_or_after_reference,election,City of Toronto,"{""entry_method"":""election"",""member_name"":""Cesar Palacio"",""rule"":""last_valid_council_composition_before_general_election"",""source"":""wikipedia"",""source_confidence"":0.85,""source_files"":[""data/reference/roster_agent_a.txt"",""data/reference/roster_agent_b.txt""]}"
ten_06771df7564b5d438b7385cd5db11710,per_d6e9f3947fda53a490136416df97c3cf,toronto_city_council,councillor,dst_f1bb08a02f0c53efbe59d0a3ec00be31,2022-10-24,election_date,2023-11-30,at_or_after_reference,election,City of Toronto,"{""event_id"":""evt_ee5715a80b5a532c8b778d94f6b7c9b8"",""prior_candidacy"":{""candidacy_id"":""can_17ebcc2aa7b3539f9110da11b526ed65"",""source_authority"":""Toronto City Clerk"",""source_detail"":""data/interim/results/2022/2022_Toronto_Poll_By_Poll_Councillor.xlsx"",""source_resource"":""Elections — Official Results""},""rule"":""certified_winner_since_latest_general_in_incomplete_by_election_roster""}"
ten_06cddbd8f5425e549d8fe422bf7fa046,per_f560221dfe455207a9cc597093a3b671,ontario_legislative_assembly,mpp,dst_aed6be3b8ec653c089be0939f9a28694,,unknown,2018-05-07,at_or_after_reference,unknown,elections_ontario,https://results.elections.on.ca/api/report-groups/1/report-outputs/932/csv;https://results.elections.on.ca/api/report-groups/1/report-outputs/925/csv;https://results.elections.on.ca/api/report-groups/1/report-outputs/930/csv
ten_07a08db66f53533a9a08e28912943f9f,per_aa5920025b895fe7a144ad14554592dc,toronto_city_council,councillor,dst_329ba69c22385385882d1cb28a72bd3b,2006-11-13,election_date,2010-10-25,at_or_after_reference,election,City of Toronto,"{""member_name"":""Sandra Bussin"",""rule"":""last_valid_council_composition_before_general_election"",""source"":""city_attendance"",""source_confidence"":0.95,""source_file"":""data/raw/council/attendance/councillors-meeting-attendance-2006-2010.csv""}"
ten_0844c3b4c6e4529c9aae674396b480b8,per_e5774591f0d3581eaba97de73805e0f8,canada_house_of_commons,mp,dst_1ec4112389a159178b32713798005783,2021-09-20,election_date,2025-03-22,at_or_after_reference,election,elections_canada,"{""authority_reported_flag_used_as_review_signal_only"": true, ""current_candidacy"": {""candidacy_id"": ""can_90d01019dd4c51ebb6cbdac8f9aa037c"", ""event_id"": ""ec-ge-45"", ""incumbent_reported"": true, ""source_detail"": ""https://www.elections.ca/res/rep/off/ovrGE45/62/data_donnees/pollresults_resultatsbureau35.zip""}, ""evidence_rule"": ""most_recent_prior_candidacy_elected_in_cycle_without_later_seat_winner"", ""prior_elected_candidacy"": {""candidacy_id"": ""can_db946a1db7195e3983c86ff54305b540"", ""district_id"": ""dst_1ec4112389a159178b32713798005783"", ""elected"": true, ""election_date"": ""2021-09-20"", ""event_id"": ""ec-ge-44"", ""source_detail"": ""https://www.elections.ca/res/rep/off/ovr2021app/53/data_donnees/pollresults_resultatsbureau35.zip""}, ""roster_reference"": {""dissolution_date"": ""2025-03-23"", ""reference_date"": ""2025-03-22"", ""source_url"": ""https://www.elections.ca/content.aspx?dir=rep/off/sta_ge45&document=for&lang=e&section=res""}}"
ten_08a813e6fd695e049362720e8117db26,per_86957c0a8b705284af68a6847a16b209,toronto_city_council,councillor,,,unknown,2003-11-10,at_or_after_reference,election,City of Toronto,"{""entry_method"":""election"",""member_name"":""Pam McConnell"",""rule"":""last_valid_council_composition_before_general_election"",""source"":""wikipedia"",""source_confidence"":0.85,""source_files"":[""data/reference/roster_agent_a.txt"",""data/reference/roster_agent_b.txt""]}"
ten_08cfb7b12d195771a046d6fe57ac0ff4,per_0059b325cc605aeeb4c8e1c6f91bc258,toronto_city_council,councillor,dst_3c9bf8c508835550a695467bd818fd5e,2003-11-10,election_date,2006-11-13,at_or_after_reference,election,City of Toronto,"{""entry_method"":""election"",""member_name"":""Case Ootes"",""rule"":""last_valid_council_composition_before_general_election"",""source"":""wikipedia"",""source_confidence"":0.85,""source_files"":[""data/reference/roster_agent_a.txt"",""data/reference/roster_agent_b.txt""]}"
ten_08fb4a239e9850d4a1429e92e155f882,per_2a40024702fe5eff894a5f894cec0f0d,toronto_city_council,councillor,,,unknown,2003-11-10,at_or_after_reference,election,City of Toronto,"{""entry_method"":""election"",""member_name"":""Peter Li Preti"",""rule"":""last_valid_council_composition_before_general_election"",""source"":""wikipedia"",""source_confidence"":0.85,""source_files"":[""data/reference/roster_agent_a.txt"",""data/reference/roster_agent_b.txt""]}"
ten_0932781ee48b5a0ca247ea98305a470b,per_571d27875a9252adbe1f563784928a5a,ontario_legislative_assembly,mpp,dst_aff331b290b35f87b4697a0c7fda7916,,unknown,2003-09-01,at_or_after_reference,unknown,elections_ontario,https://results.elections.on.ca/api/report-groups/5/report-outputs/521/csv;https://results.elections.on.ca/api/report-groups/5/report-outputs/514/csv;https://results.elections.on.ca/api/report-groups/5/report-outputs/519/csv
ten_094e5d51aaf55f5c87b3db21708644a8,per_2500cbb3b00c52229b1ad6cabf5fbaf7,toronto_city_council,councillor,dst_839fe99c6fcd5019b4848ab42a1f25e0,2014-10-27,election_date,2016-07-25,at_or_after_reference,election,City of Toronto,"{""event_id"":""evt_552c4874312956ae84afbbc5ee91b0f7"",""prior_candidacy"":{""candidacy_id"":""can_4191c6818a245d56ad3aa247bb118bd6"",""source_authority"":""Toronto City Clerk"",""source_detail"":""data/interim/results/2014/COUNCILLOR.xls"",""source_resource"":""Elections — Official Results""},""rule"":""certified_winner_since_latest_general_in_incomplete_by_election_roster""}"
ten_09bbaf2f657f5104a2353d12edbdfc23,per_a66ff7324933544bb4a2905d0113b5d0,toronto_city_council,councillor,dst_cadba85ade8a575b894e47378c335a90,2014-10-27,election_date,2018-10-22,at_or_after_reference,election,City of Toronto,"{""member_name"":""Kristyn Wong-Tam"",""rule"":""last_valid_council_composition_before_general_election"",""source"":""city_attendance"",""source_confidence"":0.95,""source_file"":""data/raw/council/attendance/councillors-meeting-attendance-2014-2018.csv""}"
ten_0a3c2fe53e2a5e61bce1859f01465929,per_fc48556488d85fc6aee54d564eff2719,ontario_legislative_assembly,mpp,dst_03717e89d29e545dab102ee92e664ccd,,unknown,2022-05-02,at_or_after_reference,unknown,elections_ontario,https://results.elections.on.ca/api/report-groups/45/report-outputs/1050/csv;https://results.elections.on.ca/api/report-groups/45/report-outputs/1043/csv;https://results.elections.on.ca/api/report-groups/45/report-outputs/1048/csv
ten_0a47b71a0e1a5126a0b02d2e061fde85,per_2058e961126e5e8499b3ea8046068164,toronto_city_council,councillor,dst_6dbcacb473285d91bc3f4bd0e06d4d63,2003-11-10,election_date,2006-11-13,at_or_after_reference,election,City of Toronto,"{""entry_method"":""election"",""member_name"":""Adam Giambrone"",""rule"":""last_valid_council_composition_before_general_election"",""source"":""wikipedia"",""source_confidence"":0.85,""source_files"":[""data/reference/roster_agent_a.txt"",""data/reference/roster_agent_b.txt""]}"
ten_0a4b0eea31915c208db7f783dc06de1d,per_4c6cf1ed32ca56f1abd93c1fd111c75c,canada_house_of_commons,mp,dst_342bb7cf09f15af19dda3175126a3a23,2006-01-23,election_date,2008-09-06,at_or_after_reference,election,elections_canada,"{""authority_reported_flag_used_as_review_signal_only"": true, ""current_candidacy"": {""candidacy_id"": ""can_df327a2c2651539f8d539373ec4c04b6"", ""event_id"": ""ec-ge-40"", ""incumbent_reported"": true, ""source_detail"": ""https://www.elections.ca/scripts/OVR2008/31/data/pollresults_resultatsbureau35.zip""}, ""evidence_rule"": ""most_recent_prior_candidacy_elected_in_cycle_without_later_seat_winner"", ""prior_elected_candidacy"": {""candidacy_id"": ""can_6821dd78841b54c6ae3dacc296ea25df"", ""district_id"": ""dst_342bb7cf09f15af19dda3175126a3a23"", ""elected"": true, ""election_date"": ""2006-01-23"", ""event_id"": ""ec-ge-39"", ""source_detail"": ""https://www.elections.ca/Scripts/OVR2006/25/data_donnees/pollresults_resultatsbureau35.zip""}, ""roster_reference"": {""dissolution_date"": ""2008-09-07"", ""reference_date"": ""2008-09-06"", ""source_url"": ""https://www.elections.ca/content.aspx?dir=rep/off/sta_2008&document=p2&lang=e&section=res""}}"
ten_0b02b082f3a259b583355b2b4855e290,per_d2a78a2d0b1c5d21804593dc11d87914,toronto_city_council,councillor,,,unknown,2003-11-10,at_or_after_reference,election,City of Toronto,"{""entry_method"":""election"",""member_name"":""Joe Pantalone"",""rule"":""last_valid_council_composition_before_general_election"",""source"":""wikipedia"",""source_confidence"":0.85,""source_files"":[""data/reference/roster_agent_a.txt"",""data/reference/roster_agent_b.txt""]}"
ten_0b15ef92ba045a308ac1d2dcfa6eb8df,per_6fca90a21d2a5ecb9adafdac257e7a03,ontario_legislative_assembly,mpp,dst_84631c439c095f0da9af8336062e8ab5,,unknown,2011-09-06,at_or_after_reference,unknown,elections_ontario,https://results.elections.on.ca/api/report-groups/3/report-outputs/499/csv;https://results.elections.on.ca/api/report-groups/3/report-outputs/492/csv;https://results.elections.on.ca/api/report-groups/3/report-outputs/497/csv
ten_0bf9b33a3b665afa8d348846373bfb30,per_149f5bfb67c15086a1790fb82f99e49e,canada_house_of_commons,mp,dst_a06da571594557dfbebbcad2f934b2fb,2015-10-19,election_date,2019-09-10,at_or_after_reference,election,elections_canada,"{""authority_reported_flag_used_as_review_signal_only"": true, ""current_candidacy"": {""candidacy_id"": ""can_b4d73eb7961e5845bbe49dfecb17d849"", ""event_id"": ""ec-ge-43"", ""incumbent_reported"": true, ""source_detail"": ""https://www.elections.ca/res/rep/off/ovr2019app/51/data_donnees/pollresults_resultatsbureau35.zip""}, ""evidence_rule"": ""most_recent_prior_candidacy_elected_in_cycle_without_later_seat_winner"", ""prior_elected_candidacy"": {""candidacy_id"": ""can_e89ad41612fa56e694bcf2dff3cb8262"", ""district_id"": ""dst_a06da571594557dfbebbcad2f934b2fb"", ""elected"": true, ""election_date"": ""2015-10-19"", ""event_id"": ""ec-ge-42"", ""source_detail"": ""https://www.elections.ca/res/rep/off/ovr2015app/41/data_donnees/pollresults_resultatsbureau35.zip""}, ""roster_reference"": {""dissolution_date"": ""2019-09-11"", ""reference_date"": ""2019-09-10"", ""source_url"": ""https://www.elections.ca/content.aspx?dir=rep/off/sta_ge43&document=p2&lang=e&section=res""}}"
ten_0bfea211bffb53aaaf39e952fa76a5ad,per_85286126260c5826bb10831e39d8b19f,toronto_city_council,councillor,dst_0c7514aa1b09538184e94ea59745d5e1,2014-10-27,election_date,2016-07-25,at_or_after_reference,election,City of Toronto,"{""event_id"":""evt_552c4874312956ae84afbbc5ee91b0f7"",""prior_candidacy"":{""candidacy_id"":""can_0220af464804507385774fe3f22c8de7"",""source_authority"":""Toronto City Clerk"",""source_detail"":""data/interim/results/2014/COUNCILLOR.xls"",""source_resource"":""Elections — Official Results""},""rule"":""certified_winner_since_latest_general_in_incomplete_by_election_roster""}"
ten_0c041ded574c5d318e11cf5ae916eb67,per_69529146105a5d85ae577db19104ceed,toronto_city_council,councillor,dst_ed645d04bcf55406ba30df00b1b967c9,2014-10-27,election_date,2016-07-25,at_or_after_reference,election,City of Toronto,"{""event_id"":""evt_552c4874312956ae84afbbc5ee91b0f7"",""prior_candidacy"":{""candidacy_id"":""can_5cf9914b09975c18bcc88e097347be1b"",""source_authority"":""Toronto City Clerk"",""source_detail"":""data/interim/results/2014/COUNCILLOR.xls"",""source_resource"":""Elections — Official Results""},""rule"":""certified_winner_since_latest_general_in_incomplete_by_election_roster""}"
ten_0d3bbf72c33d5e6ab13297dd829db87e,per_0059b325cc605aeeb4c8e1c6f91bc258,toronto_city_council,councillor,,,unknown,2003-11-10,at_or_after_reference,election,City of Toronto,"{""entry_method"":""election"",""member_name"":""Case Ootes"",""rule"":""last_valid_council_composition_before_general_election"",""source"":""wikipedia"",""source_confidence"":0.85,""source_files"":[""data/reference/roster_agent_a.txt"",""data/reference/roster_agent_b.txt""]}"
ten_0d64154c72775dd8bc490c2cb3bfc417,per_78fd07f017e055fdb6645ef054d4f86a,ontario_legislative_assembly,mpp,dst_206af7c7d4b6573f9244ac3252682992,,unknown,2022-05-02,at_or_after_reference,unknown,elections_ontario,https://results.elections.on.ca/api/report-groups/45/report-outputs/1050/csv;https://results.elections.on.ca/api/report-groups/45/report-outputs/1043/csv;https://results.elections.on.ca/api/report-groups/45/report-outputs/1048/csv
ten_0d6996bc1e7a5508b001baf1be55cab5,per_0b90e095f90f5e57a916bb85da2f6888,toronto_city_council,councillor,dst_37dc3c9d918c5bf7a3d55d4188015db0,2003-11-10,election_date,2006-11-13,at_or_after_reference,election,City of Toronto,"{""entry_method"":""election"",""member_name"":""Brian Ashton"",""rule"":""last_valid_council_composition_before_general_election"",""source"":""wikipedia"",""source_confidence"":0.85,""source_files"":[""data/reference/roster_agent_a.txt"",""data/reference/roster_agent_b.txt""]}"
ten_0d989877a71f5a0ab4867ce1dad007a4,per_db35a09069a35a3a84a9eb0d0223ac9b,toronto_city_council,councillor,dst_70f47265fe9155489a0e1f3af81f7a94,2014-10-27,election_date,2016-07-25,at_or_after_reference,election,City of Toronto,"{""event_id"":""evt_552c4874312956ae84afbbc5ee91b0f7"",""prior_candidacy"":{""candidacy_id"":""can_63ea1dc0cc815945835ff3e288803d49"",""source_authority"":""Toronto City Clerk"",""source_detail"":""data/interim/results/2014/COUNCILLOR.xls"",""source_resource"":""Elections — Official Results""},""rule"":""certified_winner_since_latest_general_in_incomplete_by_election_roster""}"
ten_0db3f861593f56dfa546e5aa7ad794f2,per_1595883add5a5e7abb1bcdde1e768611,toronto_city_council,councillor,,,unknown,2006-11-13,at_or_after_reference,election,City of Toronto,"{""entry_method"":""election"",""member_name"":""Norm Kelly"",""rule"":""last_valid_council_composition_before_general_election"",""source"":""wikipedia"",""source_confidence"":0.85,""source_files"":[""data/reference/roster_agent_a.txt"",""data/reference/roster_agent_b.txt""]}"
ten_0eb7b1f20f835ca0b2a931d61ab71320,per_902d7a89688e5b8f9356bd43809a315d,toronto_city_council,councillor,dst_bfe0a089e5f957399386ea186d3306ac,2014-10-27,election_date,2016-07-25,at_or_after_reference,election,City of Toronto,"{""event_id"":""evt_552c4874312956ae84afbbc5ee91b0f7"",""prior_candidacy"":{""candidacy_id"":""can_2845aa673c2057748b97224c2e967be7"",""source_authority"":""Toronto City Clerk"",""source_detail"":""data/interim/results/2014/COUNCILLOR.xls"",""source_resource"":""Elections — Official Results""},""rule"":""certified_winner_since_latest_general_in_incomplete_by_election_roster""}"
ten_0eb9c6d96e44512296ac7b336b3a4cdd,per_59833f8a8e695df29b74149f280fb3fa,canada_house_of_commons,mp,dst_ce61b4f9d4415f01b36f187f572a4a63,2004-06-28,election_date,2005-11-28,at_or_after_reference,election,elections_canada,"{""authority_reported_flag_used_as_review_signal_only"": true, ""current_candidacy"": {""candidacy_id"": ""can_8881563f056f589aa7147ab58db398a4"", ""event_id"": ""ec-ge-39"", ""incumbent_reported"": true, ""source_detail"": ""https://www.elections.ca/Scripts/OVR2006/25/data_donnees/pollresults_resultatsbureau35.zip""}, ""evidence_rule"": ""most_recent_prior_candidacy_elected_in_cycle_without_later_seat_winner"", ""prior_elected_candidacy"": {""candidacy_id"": ""can_13f2cccfed3754b190c4bc74f37c83b7"", ""district_id"": ""dst_ce61b4f9d4415f01b36f187f572a4a63"", ""elected"": true, ""election_date"": ""2004-06-28"", ""event_id"": ""ec-ge-38"", ""source_detail"": ""https://www.elections.ca/scripts/OVR2004/23/data/ON.zip | summary enrichment: https://www.elections.ca/scripts/OVR2004/23/data/table12.csv""}, ""roster_reference"": {""dissolution_date"": ""2005-11-29"", ""reference_date"": ""2005-11-28"", ""source_url"": ""https://www.elections.ca/content.aspx?dir=rep/off/sta_2006&document=p2&lang=e&section=res""}}"
ten_0f47c9909aa255a980140ba345f1fc14,per_f7f1b09bd7d15dc4ac83d841e0fdd27d,ontario_legislative_assembly,mpp,dst_4e001527449c5feaad2527a547beeb8e,,unknown,2025-01-24,at_or_after_reference,unknown,elections_ontario,https://results.elections.on.ca/api/report-groups/48/report-outputs/1096/csv;https://results.elections.on.ca/api/report-groups/48/report-outputs/1089/csv;https://results.elections.on.ca/api/report-groups/48/report-outputs/1094/csv
ten_0f89a2b7b66b504383ee4e581a743d53,per_4238a9a971965995ac6c577c126f8161,toronto_city_council,councillor,dst_a32de63331ab5882ba3224ac1457e939,2022-10-24,election_date,2025-09-29,at_or_after_reference,election,City of Toronto,"{""event_id"":""evt_ca435dada07f5ed9b041b7c3d24de732"",""prior_candidacy"":{""candidacy_id"":""can_ce7185de10085eaaaedc1b064810f59d"",""source_authority"":""Toronto City Clerk"",""source_detail"":""data/interim/results/2022/2022_Toronto_Poll_By_Poll_Councillor.xlsx"",""source_resource"":""Elections — Official Results""},""rule"":""certified_winner_since_latest_general_in_incomplete_by_election_roster""}"
ten_100abb9368c659128d5519f37bffecdb,per_91bbcc30e1e25b29b9107f090c910b96,ontario_legislative_assembly,mpp,dst_a3ead91d6560506e92a15df59da92508,,unknown,2014-05-01,at_or_after_reference,unknown,elections_ontario,https://results.elections.on.ca/api/report-groups/2/report-outputs/488/csv;https://results.elections.on.ca/api/report-groups/2/report-outputs/481/csv;https://results.elections.on.ca/api/report-groups/2/report-outputs/486/csv
ten_1107a66923f4598f820b0387ae178f00,per_4238a9a971965995ac6c577c126f8161,toronto_city_council,councillor,dst_d6f718dc7baf5a049ce2db0a4fb65974,2010-10-25,election_date,2014-10-27,at_or_after_reference,election,City of Toronto,"{""member_name"":""Shelley Carroll"",""rule"":""last_valid_council_composition_before_general_election"",""source"":""city_attendance"",""source_confidence"":0.95,""source_file"":""data/raw/council/attendance/councillors-meeting-attendance-2010-2014.csv""}"
ten_122f041a3e0c5b52b166018dd1fba6f5,per_397ce487a25e5cafaf54f92ce890c243,canada_house_of_commons,mp,dst_b5af0b5ca10b5476b2b0e602c2a428d3,2019-10-21,election_date,2021-08-14,at_or_after_reference,election,elections_canada,"{""authority_reported_flag_used_as_review_signal_only"": true, ""current_candidacy"": {""candidacy_id"": ""can_a347d205097255e8a99602b5ce98a588"", ""event_id"": ""ec-ge-44"", ""incumbent_reported"": true, ""source_detail"": ""https://www.elections.ca/res/rep/off/ovr2021app/53/data_donnees/pollresults_resultatsbureau35.zip""}, ""evidence_rule"": ""most_recent_prior_candidacy_elected_in_cycle_without_later_seat_winner"", ""prior_elected_candidacy"": {""candidacy_id"": ""can_cf2b49e1b87b57a5b66383bead4a73ba"", ""district_id"": ""dst_b5af0b5ca10b5476b2b0e602c2a428d3"", ""elected"": true, ""election_date"": ""2019-10-21"", ""event_id"": ""ec-ge-43"", ""source_detail"": ""https://www.elections.ca/res/rep/off/ovr2019app/51/data_donnees/pollresults_resultatsbureau35.zip""}, ""roster_reference"": {""dissolution_date"": ""2021-08-15"", ""reference_date"": ""2021-08-14"", ""source_url"": ""https://www.elections.ca/content.aspx?dir=rep/off/sta_ge44&document=p2&lang=e&section=res""}}"
ten_123bcabcfd0a5932b48fa9bd8f8295cd,per_e8074a3f1bb8585a801c01e9659db468,canada_house_of_commons,mp,dst_541af9b010e45239b3159885e40045d5,2019-10-21,election_date,2021-08-14,at_or_after_reference,election,elections_canada,"{""authority_reported_flag_used_as_review_signal_only"": true, ""current_candidacy"": {""candidacy_id"": ""can_5667198ba19058028f6237c17567a0f4"", ""event_id"": ""ec-ge-44"", ""incumbent_reported"": true, ""source_detail"": ""https://www.elections.ca/res/rep/off/ovr2021app/53/data_donnees/pollresults_resultatsbureau35.zip""}, ""evidence_rule"": ""most_recent_prior_candidacy_elected_in_cycle_without_later_seat_winner"", ""prior_elected_candidacy"": {""candidacy_id"": ""can_deda0685158c5f92b8995796bd979722"", ""district_id"": ""dst_541af9b010e45239b3159885e40045d5"", ""elected"": true, ""election_date"": ""2019-10-21"", ""event_id"": ""ec-ge-43"", ""source_detail"": ""https://www.elections.ca/res/rep/off/ovr2019app/51/data_donnees/pollresults_resultatsbureau35.zip""}, ""roster_reference"": {""dissolution_date"": ""2021-08-15"", ""reference_date"": ""2021-08-14"", ""source_url"": ""https://www.elections.ca/content.aspx?dir=rep/off/sta_ge44&document=p2&lang=e&section=res""}}"
ten_128324fd88c0501686181f09f0c16757,per_86957c0a8b705284af68a6847a16b209,toronto_city_council,councillor,dst_49a6ee138ca85b318452ec2f5c1befd3,2014-10-27,election_date,2017-02-13,at_or_after_reference,election,City of Toronto,"{""event_id"":""evt_b8284a5341635f79babdf7ddc512c2f6"",""prior_candidacy"":{""candidacy_id"":""can_dce7d4620e3c5e778884ef316336c325"",""source_authority"":""Toronto City Clerk"",""source_detail"":""data/interim/results/2014/COUNCILLOR.xls"",""source_resource"":""Elections — Official Results""},""rule"":""certified_winner_since_latest_general_in_incomplete_by_election_roster""}"
ten_12bb7dd3627d5d0e9230eec2dbae010e,per_195d8880a189532cad9b323cb5260687,toronto_city_council,councillor,dst_0f93f253dfbb539ab9479b9040f2574b,2018-10-22,election_date,2021-01-15,at_or_after_reference,election,City of Toronto,"{""event_id"":""evt_50c15fe55fa753fba75abfada8da3c38"",""prior_candidacy"":{""candidacy_id"":""can_90703f4980675e04b76afb995545f0ef"",""source_authority"":""Toronto City Clerk"",""source_detail"":""data/interim/results/2018/2018_Toronto_Poll_By_Poll_Councillor.xlsx"",""source_resource"":""Elections — Official Results""},""rule"":""certified_winner_since_latest_general_in_incomplete_by_election_roster""}"
ten_139b8e230153575f86301265156aae04,per_4df1127545935df6850849e0b72a8759,toronto_city_council,councillor,dst_5c72aa93cccc58429c93ba95b025805f,2022-10-24,election_date,2023-11-30,at_or_after_reference,election,City of Toronto,"{""event_id"":""evt_ee5715a80b5a532c8b778d94f6b7c9b8"",""prior_candidacy"":{""candidacy_id"":""can_65ba2cff1113567da004dd917ba8ef28"",""source_authority"":""Toronto City Clerk"",""source_detail"":""data/interim/results/2022/2022_Toronto_Poll_By_Poll_Councillor.xlsx"",""source_resource"":""Elections — Official Results""},""rule"":""certified_winner_since_latest_general_in_incomplete_by_election_roster""}"
ten_13a30af093f955f19d7461ccb2c9f081,per_f88f4543543f5627b4305200370f1be3,ontario_legislative_assembly,mpp,dst_73b2957848575f0b82d39a9ebe81e6c6,,unknown,2025-01-24,at_or_after_reference,unknown,elections_ontario,https://results.elections.on.ca/api/report-groups/48/report-outputs/1096/csv;https://results.elections.on.ca/api/report-groups/48/report-outputs/1089/csv;https://results.elections.on.ca/api/report-groups/48/report-outputs/1094/csv
ten_13e15882db835c4eb8beda58a1b53098,per_90df68b63b37556d8cefa4159bfff7fd,canada_house_of_commons,mp,dst_5c7f49d97e1b500c8fb874c86c10474b,2006-01-23,election_date,2008-09-06,at_or_after_reference,election,elections_canada,"{""authority_reported_flag_used_as_review_signal_only"": true, ""current_candidacy"": {""candidacy_id"": ""can_1b15f5fdaa64576cbbf10878d7e9db0b"", ""event_id"": ""ec-ge-40"", ""incumbent_reported"": true, ""source_detail"": ""https://www.elections.ca/scripts/OVR2008/31/data/pollresults_resultatsbureau35.zip""}, ""evidence_rule"": ""most_recent_prior_candidacy_elected_in_cycle_without_later_seat_winner"", ""prior_elected_candidacy"": {""candidacy_id"": ""can_4f59b7791b2d5a9e9261c574c8545c77"", ""district_id"": ""dst_5c7f49d97e1b500c8fb874c86c10474b"", ""elected"": true, ""election_date"": ""2006-01-23"", ""event_id"": ""ec-ge-39"", ""source_detail"": ""https://www.elections.ca/Scripts/OVR2006/25/data_donnees/pollresults_resultatsbureau35.zip""}, ""roster_reference"": {""dissolution_date"": ""2008-09-07"", ""reference_date"": ""2008-09-06"", ""source_url"": ""https://www.elections.ca/content.aspx?dir=rep/off/sta_2008&document=p2&lang=e&section=res""}}"
ten_141d4a0154815099a30ef148f9845382,per_e8074a3f1bb8585a801c01e9659db468,canada_house_of_commons,mp,dst_541af9b010e45239b3159885e40045d5,2015-10-19,election_date,2019-09-10,at_or_after_reference,election,elections_canada,"{""authority_reported_flag_used_as_review_signal_only"": true, ""current_candidacy"": {""candidacy_id"": ""can_deda0685158c5f92b8995796bd979722"", ""event_id"": ""ec-ge-43"", ""incumbent_reported"": true, ""source_detail"": ""https://www.elections.ca/res/rep/off/ovr2019app/51/data_donnees/pollresults_resultatsbureau35.zip""}, ""evidence_rule"": ""most_recent_prior_candidacy_elected_in_cycle_without_later_seat_winner"", ""prior_elected_candidacy"": {""candidacy_id"": ""can_d15277b821b159aca74ef807704ab509"", ""district_id"": ""dst_541af9b010e45239b3159885e40045d5"", ""elected"": true, ""election_date"": ""2015-10-19"", ""event_id"": ""ec-ge-42"", ""source_detail"": ""https://www.elections.ca/res/rep/off/ovr2015app/41/data_donnees/pollresults_resultatsbureau35.zip""}, ""roster_reference"": {""dissolution_date"": ""2019-09-11"", ""reference_date"": ""2019-09-10"", ""source_url"": ""https://www.elections.ca/content.aspx?dir=rep/off/sta_ge43&document=p2&lang=e&section=res""}}"
ten_151a0fef6b1b514896098d007ec97b50,per_d4bb25c4053f5c59840f117e87f63ab6,toronto_city_council,councillor,dst_c54d7cc2856d5e38bc39e904803b5e87,2010-10-25,election_date,2014-10-27,at_or_after_reference,election,City of Toronto,"{""member_name"":""Mike Layton"",""rule"":""last_valid_council_composition_before_general_election"",""source"":""city_attendance"",""source_confidence"":0.95,""source_file"":""data/raw/council/attendance/councillors-meeting-attendance-2010-2014.csv""}"
ten_1605224a10885e168dc465bdceca0993,per_bae4184cf53b5159b67beb668a0d26f4,toronto_city_council,councillor,dst_3c9bf8c508835550a695467bd818fd5e,2014-10-27,election_date,2017-02-13,at_or_after_reference,election,City of Toronto,"{""event_id"":""evt_b8284a5341635f79babdf7ddc512c2f6"",""prior_candidacy"":{""candidacy_id"":""can_0b72337b5b825b818ba68a7ade63fd0c"",""source_authority"":""Toronto City Clerk"",""source_detail"":""data/interim/results/2014/COUNCILLOR.xls"",""source_resource"":""Elections — Official Results""},""rule"":""certified_winner_since_latest_general_in_incomplete_by_election_roster""}"
ten_160bf0b45bbf52c694331cad7dcfcd0a,per_6c4d13bdb048521e8decad122d81128a,ontario_legislative_assembly,mpp,dst_58ab9dd9fc295916800f52359f5983f3,,unknown,2014-05-01,at_or_after_reference,unknown,elections_ontario,https://results.elections.on.ca/api/report-groups/2/report-outputs/488/csv;https://results.elections.on.ca/api/report-groups/2/report-outputs/481/csv;https://results.elections.on.ca/api/report-groups/2/report-outputs/486/csv
ten_16b28474208a557a9c42d2bb4cde24bd,per_35a74b64eea251898e6dec4a1aa09483,ontario_legislative_assembly,mpp,dst_0633eb74c4b85280abe203290c5c616b,,unknown,2025-01-24,at_or_after_reference,unknown,elections_ontario,https://results.elections.on.ca/api/report-groups/48/report-outputs/1096/csv;https://results.elections.on.ca/api/report-groups/48/report-outputs/1089/csv;https://results.elections.on.ca/api/report-groups/48/report-outputs/1094/csv
ten_1780219f9aae510ba5a28c53eafa1ef1,per_3f72f66a6a385b0eae3279e7de8d12a0,toronto_city_council,councillor,dst_12048d7958395aa296f47b0f7a4c315f,2018-10-22,election_date,2022-10-24,at_or_after_reference,election,City of Toronto,"{""member_name"":""James Pasternak"",""rule"":""last_valid_council_composition_before_general_election"",""source"":""city_attendance"",""source_confidence"":0.95,""source_file"":""data/raw/council/attendance/councillors-meeting-attendance-2018-2022.csv""}"
ten_17901efc50965ba199db6da3d71612df,per_0b90e095f90f5e57a916bb85da2f6888,toronto_city_council,councillor,dst_37dc3c9d918c5bf7a3d55d4188015db0,2006-11-13,election_date,2010-10-25,at_or_after_reference,election,City of Toronto,"{""member_name"":""Brian Ashton"",""rule"":""last_valid_council_composition_before_general_election"",""source"":""city_attendance"",""source_confidence"":0.95,""source_file"":""data/raw/council/attendance/councillors-meeting-attendance-2006-2010.csv""}"
ten_17b61e31d0ad51a0a95e648d438d1a4b,per_1fa6d5ee6eb356a2971fcf978880349b,ontario_legislative_assembly,mpp,dst_115f53d3eca350c3b84f6db45846bcc2,,unknown,2011-09-06,at_or_after_reference,unknown,elections_ontario,https://results.elections.on.ca/api/report-groups/3/report-outputs/499/csv;https://results.elections.on.ca/api/report-groups/3/report-outputs/492/csv;https://results.elections.on.ca/api/report-groups/3/report-outputs/497/csv
ten_17bbaf476dbc532f911b972af9c55c69,per_a66ff7324933544bb4a2905d0113b5d0,toronto_city_council,councillor,dst_cadba85ade8a575b894e47378c335a90,2014-10-27,election_date,2016-07-25,at_or_after_reference,election,City of Toronto,"{""event_id"":""evt_552c4874312956ae84afbbc5ee91b0f7"",""prior_candidacy"":{""candidacy_id"":""can_0d15b129859b50f39c14ee0d4b5b0141"",""source_authority"":""Toronto City Clerk"",""source_detail"":""data/interim/results/2014/COUNCILLOR.xls"",""source_resource"":""Elections — Official Results""},""rule"":""certified_winner_since_latest_general_in_incomplete_by_election_roster""}"
ten_17efc647781b5e10ab7f2e5f93640b60,per_78173448185a5e75812ab32b3ef02105,ontario_legislative_assembly,mpp,dst_fbb91282b87850498b033699527216cd,,unknown,2022-05-02,at_or_after_reference,unknown,elections_ontario,https://results.elections.on.ca/api/report-groups/45/report-outputs/1050/csv;https://results.elections.on.ca/api/report-groups/45/report-outputs/1043/csv;https://results.elections.on.ca/api/report-groups/45/report-outputs/1048/csv
ten_1800091647ee5d97867bffa6cf9a7eb8,per_906af205b4ec5f849f79a14ca99c7300,toronto_city_council,councillor,dst_93654977fd595afda3b103483ea4f59e,2014-10-27,election_date,2016-07-25,at_or_after_reference,election,City of Toronto,"{""event_id"":""evt_552c4874312956ae84afbbc5ee91b0f7"",""prior_candidacy"":{""candidacy_id"":""can_79eb33c643155fd58f1a523d8cee24eb"",""source_authority"":""Toronto City Clerk"",""source_detail"":""data/interim/results/2014/COUNCILLOR.xls"",""source_resource"":""Elections — Official Results""},""rule"":""certified_winner_since_latest_general_in_incomplete_by_election_roster""}"
ten_182aff6673925efcb77e7d448af6490f,per_18786ecd2dc7506794ac10340a5f68f6,toronto_city_council,councillor,dst_6962e00ba56b58edbaaea7f0f81504f6,2018-10-22,election_date,2021-01-15,at_or_after_reference,election,City of Toronto,"{""event_id"":""evt_50c15fe55fa753fba75abfada8da3c38"",""prior_candidacy"":{""candidacy_id"":""can_6dfeac63c0665cf483c6ac6a4934541e"",""source_authority"":""Toronto City Clerk"",""source_detail"":""data/interim/results/2018/2018_Toronto_Poll_By_Poll_Councillor.xlsx"",""source_resource"":""Elections — Official Results""},""rule"":""certified_winner_since_latest_general_in_incomplete_by_election_roster""}"
ten_185d3b9276c3538e880140af4aae45a0,per_965b9767b0d0563da65e3a0db59e0afe,canada_house_of_commons,mp,dst_ef7ed07caafd51908684e20f9c3976d3,2006-01-23,election_date,2008-09-06,at_or_after_reference,election,elections_canada,"{""authority_reported_flag_used_as_review_signal_only"": true, ""current_candidacy"": {""candidacy_id"": ""can_bb00615e173e5012a0c2a80af4bbd209"", ""event_id"": ""ec-ge-40"", ""incumbent_reported"": true, ""source_detail"": ""https://www.elections.ca/scripts/OVR2008/31/data/pollresults_resultatsbureau35.zip""}, ""evidence_rule"": ""most_recent_prior_candidacy_elected_in_cycle_without_later_seat_winner"", ""prior_elected_candidacy"": {""candidacy_id"": ""can_353dcc5369b85e309adfb3025e9bd446"", ""district_id"": ""dst_ef7ed07caafd51908684e20f9c3976d3"", ""elected"": true, ""election_date"": ""2006-01-23"", ""event_id"": ""ec-ge-39"", ""source_detail"": ""https://www.elections.ca/Scripts/OVR2006/25/data_donnees/pollresults_resultatsbureau35.zip""}, ""roster_reference"": {""dissolution_date"": ""2008-09-07"", ""reference_date"": ""2008-09-06"", ""source_url"": ""https://www.elections.ca/content.aspx?dir=rep/off/sta_2008&document=p2&lang=e&section=res""}}"
ten_1878c56fb1865fdc81d76db124880284,per_196033818ab75ebe884e40e9b48a7ad1,toronto_city_council,councillor,,,unknown,2003-11-10,at_or_after_reference,election,City of Toronto,"{""entry_method"":""election"",""member_name"":""Chris Korwin-Kuczynski"",""rule"":""last_valid_council_composition_before_general_election"",""source"":""wikipedia"",""source_confidence"":0.85,""source_files"":[""data/reference/roster_agent_a.txt"",""data/reference/roster_agent_b.txt""]}"
ten_187ff94c5b835ee297845fbe78f066d0,per_a0a0b8b1222d525daa9c375c565026f0,toronto_city_council,councillor,dst_6ded7539bac459f6805b028fc38406ad,2018-10-22,election_date,2021-01-15,at_or_after_reference,election,City of Toronto,"{""event_id"":""evt_50c15fe55fa753fba75abfada8da3c38"",""prior_candidacy"":{""candidacy_id"":""can_365f117d8c1a5b0097b2c1b3414d99dd"",""source_authority"":""Toronto City Clerk"",""source_detail"":""data/interim/results/2018/2018_Toronto_Poll_By_Poll_Councillor.xlsx"",""source_resource"":""Elections — Official Results""},""rule"":""certified_winner_since_latest_general_in_incomplete_by_election_roster""}"
ten_18dbc1e33b82507eb1da0b409c7ce9c6,per_e42110d6d55c5145b6ff91e7169bffae,toronto_city_council,councillor,dst_6dbcacb473285d91bc3f4bd0e06d4d63,2010-10-25,election_date,2014-10-27,at_or_after_reference,election,City of Toronto,"{""member_name"":""Ana Bailão"",""rule"":""last_valid_council_composition_before_general_election"",""source"":""city_attendance"",""source_confidence"":0.95,""source_file"":""data/raw/council/attendance/councillors-meeting-attendance-2010-2014.csv""}"
ten_18fac0ab86895debb355120ba3eee877,per_94a78e1366525a339e6ddbba35babcca,toronto_city_council,councillor,dst_adf63b57f77c58829d8e38b24d68ac03,2003-11-10,election_date,2006-11-13,at_or_after_reference,election,City of Toronto,"{""entry_method"":""election"",""member_name"":""Doug Holyday"",""rule"":""last_valid_council_composition_before_general_election"",""source"":""wikipedia"",""source_confidence"":0.85,""source_files"":[""data/reference/roster_agent_a.txt"",""data/reference/roster_agent_b.txt""]}"
ten_194bec73aef0596bb384b8ae295adb67,per_a5dbd8d684c95ba4ac284aba2f85d2e0,toronto_city_council,councillor,dst_c08cfffa686c5648932189dbec3e91f5,2018-10-22,election_date,2021-01-15,at_or_after_reference,election,City of Toronto,"{""event_id"":""evt_50c15fe55fa753fba75abfada8da3c38"",""prior_candidacy"":{""candidacy_id"":""can_d7591ea7a10b549e97f6a6ec33e194d6"",""source_authority"":""Toronto City Clerk"",""source_detail"":""data/interim/results/2018/2018_Toronto_Poll_By_Poll_Councillor.xlsx"",""source_resource"":""Elections — Official Results""},""rule"":""certified_winner_since_latest_general_in_incomplete_by_election_roster""}"
ten_19807a1f49b057a28f3c06e099709633,per_18786ecd2dc7506794ac10340a5f68f6,toronto_city_council,councillor,dst_388c245b76105b2ab99da1f16784e7b8,2014-10-27,election_date,2016-07-25,at_or_after_reference,election,City of Toronto,"{""event_id"":""evt_552c4874312956ae84afbbc5ee91b0f7"",""prior_candidacy"":{""candidacy_id"":""can_0f0b829f62e85c3594446f9eda050784"",""source_authority"":""Toronto City Clerk"",""source_detail"":""data/interim/results/2014/COUNCILLOR.xls"",""source_resource"":""Elections — Official Results""},""rule"":""certified_winner_since_latest_general_in_incomplete_by_election_roster""}"
ten_1a304c6ecbf957eb916d2e3e6f708120,per_3bfc97221e9f5084965a75e92f462451,toronto_city_council,councillor,dst_329ba69c22385385882d1cb28a72bd3b,2014-10-27,election_date,2016-07-25,at_or_after_reference,election,City of Toronto,"{""event_id"":""evt_552c4874312956ae84afbbc5ee91b0f7"",""prior_candidacy"":{""candidacy_id"":""can_101cffe6738b513b8c5049148f624dc5"",""source_authority"":""Toronto City Clerk"",""source_detail"":""data/interim/results/2014/COUNCILLOR.xls"",""source_resource"":""Elections — Official Results""},""rule"":""certified_winner_since_latest_general_in_incomplete_by_election_roster""}"
ten_1b620cac30ed577382180d650ec69374,per_a4291ca7539b53e2acc1c4f108bc73e6,canada_house_of_commons,mp,dst_ec7099a5f12a56dba3805f2ecfcf3f25,2008-10-14,election_date,2011-03-25,at_or_after_reference,election,elections_canada,"{""authority_reported_flag_used_as_review_signal_only"": true, ""current_candidacy"": {""candidacy_id"": ""can_38801a15d10c5a99b98d9879fedfa2c7"", ""event_id"": ""ec-ge-41"", ""incumbent_reported"": true, ""source_detail"": ""https://www.elections.ca/scripts/OVR2011/34/data_donnees/pollresults_resultatsbureau35.zip""}, ""evidence_rule"": ""most_recent_prior_candidacy_elected_in_cycle_without_later_seat_winner"", ""prior_elected_candidacy"": {""candidacy_id"": ""can_6a2df1bf407e5c7e97fa146a927e4a5a"", ""district_id"": ""dst_ec7099a5f12a56dba3805f2ecfcf3f25"", ""elected"": true, ""election_date"": ""2008-10-14"", ""event_id"": ""ec-ge-40"", ""source_detail"": ""https://www.elections.ca/scripts/OVR2008/31/data/pollresults_resultatsbureau35.zip""}, ""roster_reference"": {""dissolution_date"": ""2011-03-26"", ""reference_date"": ""2011-03-25"", ""source_url"": ""https://www.elections.ca/res/rep/off/sta_2011/stat_report2011_e.pdf""}}"
ten_1b81ec8a04d354c09dfaa6a96f51fade,per_cb9a349d2c375d6ca82d06405b9986e0,toronto_city_council,councillor,dst_491164fd0e3a5cdeb806be882bf66569,2018-10-22,election_date,2022-10-24,at_or_after_reference,election,City of Toronto,"{""member_name"":""Stephen Holyday"",""rule"":""last_valid_council_composition_before_general_election"",""source"":""city_attendance"",""source_confidence"":0.95,""source_file"":""data/raw/council/attendance/councillors-meeting-attendance-2018-2022.csv""}"
ten_1c656af17cda5c63b45c87af9a38d0f8,per_86957c0a8b705284af68a6847a16b209,toronto_city_council,councillor,dst_49a6ee138ca85b318452ec2f5c1befd3,2006-11-13,election_date,2010-10-25,at_or_after_reference,election,City of Toronto,"{""member_name"":""Pam McConnell"",""rule"":""last_valid_council_composition_before_general_election"",""source"":""city_attendance"",""source_confidence"":0.95,""source_file"":""data/raw/council/attendance/councillors-meeting-attendance-2006-2010.csv""}"
ten_1cffb4805f945b2c96ffa470bb37d052,per_54481263a78854f5aa3384594f5b8202,toronto_city_council,councillor,,,unknown,2006-11-13,at_or_after_reference,election,City of Toronto,"{""entry_method"":""election"",""member_name"":""Mike Feldman"",""rule"":""last_valid_council_composition_before_general_election"",""source"":""wikipedia"",""source_confidence"":0.85,""source_files"":[""data/reference/roster_agent_a.txt"",""data/reference/roster_agent_b.txt""]}"
ten_1d88cdc4b4e8520b82db25d87dc490d7,per_eb591fcd80585a2f90f11fe1dbfbf43e,canada_house_of_commons,mp,dst_9f60665d10bf5e8c868039ce5faa5068,2008-10-14,election_date,2011-03-25,at_or_after_reference,election,elections_canada,"{""authority_reported_flag_used_as_review_signal_only"": true, ""current_candidacy"": {""candidacy_id"": ""can_1341eeb37fac5f408d8759afd19b53a9"", ""event_id"": ""ec-ge-41"", ""incumbent_reported"": true, ""source_detail"": ""https://www.elections.ca/scripts/OVR2011/34/data_donnees/pollresults_resultatsbureau35.zip""}, ""evidence_rule"": ""most_recent_prior_candidacy_elected_in_cycle_without_later_seat_winner"", ""prior_elected_candidacy"": {""candidacy_id"": ""can_30cb7e77ec195f53b38577fa21092c7b"", ""district_id"": ""dst_9f60665d10bf5e8c868039ce5faa5068"", ""elected"": true, ""election_date"": ""2008-10-14"", ""event_id"": ""ec-ge-40"", ""source_detail"": ""https://www.elections.ca/scripts/OVR2008/31/data/pollresults_resultatsbureau35.zip""}, ""roster_reference"": {""dissolution_date"": ""2011-03-26"", ""reference_date"": ""2011-03-25"", ""source_url"": ""https://www.elections.ca/res/rep/off/sta_2011/stat_report2011_e.pdf""}}"
ten_1e25bcb75d5456cf83e2e900c21e564f,per_9387d636b99c5fdd8edee8549f902b74,toronto_city_council,councillor,dst_49374cc451b65963a30ef206383a4114,2014-10-27,election_date,2017-02-13,at_or_after_reference,election,City of Toronto,"{""event_id"":""evt_b8284a5341635f79babdf7ddc512c2f6"",""prior_candidacy"":{""candidacy_id"":""can_5c7f781da7325bcbb2f1f37f6e424967"",""source_authority"":""Toronto City Clerk"",""source_detail"":""data/interim/results/2014/COUNCILLOR.xls"",""source_resource"":""Elections — Official Results""},""rule"":""certified_winner_since_latest_general_in_incomplete_by_election_roster""}"
ten_1e47f7ac367b50d6806556d6cac494b3,per_3d8c75381a6d5544ba55fe80cb5f946a,toronto_city_council,councillor,dst_cbc5fa1093f05782bf1df8718d039d95,2003-11-10,election_date,2006-11-13,at_or_after_reference,election,City of Toronto,"{""entry_method"":""election"",""member_name"":""Gloria Lindsay Luby"",""rule"":""last_valid_council_composition_before_general_election"",""source"":""wikipedia"",""source_confidence"":0.85,""source_files"":[""data/reference/roster_agent_a.txt"",""data/reference/roster_agent_b.txt""]}"
ten_1e4af502caa85c078fd9fab6476a0ac5,per_a39385ec8fc65555a86f30b50d338a33,toronto_city_council,councillor,dst_d74a992f3f3e5403b0f18e278453428c,2010-10-25,election_date,2014-10-27,at_or_after_reference,election,City of Toronto,"{""member_name"":""Maria Augimeri"",""rule"":""last_valid_council_composition_before_general_election"",""source"":""city_attendance"",""source_confidence"":0.95,""source_file"":""data/raw/council/attendance/councillors-meeting-attendance-2010-2014.csv""}"
ten_1e6257ae9b06595ea856eb55a65f5e7b,per_be3398f5eb7d52188e436eb7b1981a97,canada_house_of_commons,mp,dst_785f283b3f18541f910909c0aa9950ad,2004-06-28,election_date,2005-11-28,at_or_after_reference,election,elections_canada,"{""authority_reported_flag_used_as_review_signal_only"": true, ""current_candidacy"": {""candidacy_id"": ""can_d37bd92dc2585b22852e7ebfc6989c22"", ""event_id"": ""ec-ge-39"", ""incumbent_reported"": true, ""source_detail"": ""https://www.elections.ca/Scripts/OVR2006/25/data_donnees/pollresults_resultatsbureau35.zip""}, ""evidence_rule"": ""most_recent_prior_candidacy_elected_in_cycle_without_later_seat_winner"", ""prior_elected_candidacy"": {""candidacy_id"": ""can_1651f8a2af24565db45f5e64bfb75afd"", ""district_id"": ""dst_785f283b3f18541f910909c0aa9950ad"", ""elected"": true, ""election_date"": ""2004-06-28"", ""event_id"": ""ec-ge-38"", ""source_detail"": ""https://www.elections.ca/scripts/OVR2004/23/data/ON.zip | summary enrichment: https://www.elections.ca/scripts/OVR2004/23/data/table12.csv""}, ""roster_reference"": {""dissolution_date"": ""2005-11-29"", ""reference_date"": ""2005-11-28"", ""source_url"": ""https://www.elections.ca/content.aspx?dir=rep/off/sta_2006&document=p2&lang=e&section=res""}}"
ten_1e7535a1251757cda120b5a9a7532b44,per_8bdaf9064ad85af19ce437be9cb5e447,ontario_legislative_assembly,mpp,dst_4d6fbd4575e5520c84daeb9074d3794d,,unknown,2007-09-09,at_or_after_reference,unknown,elections_ontario,https://results.elections.on.ca/api/report-groups/4/report-outputs/510/csv;https://results.elections.on.ca/api/report-groups/4/report-outputs/503/csv;https://results.elections.on.ca/api/report-groups/4/report-outputs/508/csv
ten_1e9773f9bee6515b824d4cbf6e775ee4,per_a53e9965219950538ffbd906a800eba1,canada_house_of_commons,mp,dst_33975b8b144959008e9471bc04d46d9d,2015-10-19,election_date,2019-09-10,at_or_after_reference,election,elections_canada,"{""authority_reported_flag_used_as_review_signal_only"": true, ""current_candidacy"": {""candidacy_id"": ""can_331ef2ffb19a58b8ad3e30f8d4d45129"", ""event_id"": ""ec-ge-43"", ""incumbent_reported"": true, ""source_detail"": ""https://www.elections.ca/res/rep/off/ovr2019app/51/data_donnees/pollresults_resultatsbureau35.zip""}, ""evidence_rule"": ""most_recent_prior_candidacy_elected_in_cycle_without_later_seat_winner"", ""prior_elected_candidacy"": {""candidacy_id"": ""can_4921cbd3ca345f1db4854c2bbd04729b"", ""district_id"": ""dst_33975b8b144959008e9471bc04d46d9d"", ""elected"": true, ""election_date"": ""2015-10-19"", ""event_id"": ""ec-ge-42"", ""source_detail"": ""https://www.elections.ca/res/rep/off/ovr2015app/41/data_donnees/pollresults_resultatsbureau35.zip""}, ""roster_reference"": {""dissolution_date"": ""2019-09-11"", ""reference_date"": ""2019-09-10"", ""source_url"": ""https://www.elections.ca/content.aspx?dir=rep/off/sta_ge43&document=p2&lang=e&section=res""}}"
ten_1f613acf8f245215b5a324a61d765f18,per_c0e1c9bb6045570b873969e4c462da62,toronto_city_council,councillor,dst_0839fc3522805fceb1fc4eb0bf070465,2022-10-24,election_date,2024-11-04,at_or_after_reference,election,City of Toronto,"{""event_id"":""evt_af73d490abf95ffdae38ca2c830e51f4"",""prior_candidacy"":{""candidacy_id"":""can_765f141c853a5c22bec6091dfb398cef"",""source_authority"":""Toronto City Clerk"",""source_detail"":""data/interim/results/2022/2022_Toronto_Poll_By_Poll_Councillor.xlsx"",""source_resource"":""Elections — Official Results""},""rule"":""certified_winner_since_latest_general_in_incomplete_by_election_roster""}"
ten_1f821af743fb5537922dbafb41c5fa9b,per_a5dbd8d684c95ba4ac284aba2f85d2e0,toronto_city_council,councillor,dst_e85e355506d7551fb2e7a7e39706bb85,2006-11-13,election_date,2010-10-25,at_or_after_reference,election,City of Toronto,"{""member_name"":""Paula Fletcher"",""rule"":""last_valid_council_composition_before_general_election"",""source"":""city_attendance"",""source_confidence"":0.95,""source_file"":""data/raw/council/attendance/councillors-meeting-attendance-2006-2010.csv""}"
ten_206efd1a848f558ea11e3bdf500fd1ad,per_bae4184cf53b5159b67beb668a0d26f4,toronto_city_council,councillor,dst_3c9bf8c508835550a695467bd818fd5e,2010-10-25,election_date,2014-10-27,at_or_after_reference,election,City of Toronto,"{""member_name"":""Mary Fragedakis"",""rule"":""last_valid_council_composition_before_general_election"",""source"":""city_attendance"",""source_confidence"":0.95,""source_file"":""data/raw/council/attendance/councillors-meeting-attendance-2010-2014.csv""}"
ten_21077e897add5dbdbd072386f5b16d45,per_cacdaf09421e5b0e98d0138141449f29,toronto_city_council,councillor,dst_d3b1245f009c5cb48950c9825eb219ee,2003-11-10,election_date,2006-11-13,at_or_after_reference,election,City of Toronto,"{""entry_method"":""election"",""member_name"":""Denzil Minnan-Wong"",""rule"":""last_valid_council_composition_before_general_election"",""source"":""wikipedia"",""source_confidence"":0.85,""source_files"":[""data/reference/roster_agent_a.txt"",""data/reference/roster_agent_b.txt""]}"
ten_2114e3d5c24f54998f5a5ae02ea0a91d,per_9387d636b99c5fdd8edee8549f902b74,toronto_city_council,councillor,dst_49374cc451b65963a30ef206383a4114,2014-10-27,election_date,2018-10-22,at_or_after_reference,election,City of Toronto,"{""member_name"":""Jon Burnside"",""rule"":""last_valid_council_composition_before_general_election"",""source"":""city_attendance"",""source_confidence"":0.95,""source_file"":""data/raw/council/attendance/councillors-meeting-attendance-2014-2018.csv""}"
ten_21ad1dd26d2b5b51846bc30693af9ebd,per_b3471e8be4765e51b0381303a6c7a36d,toronto_city_council,councillor,dst_13b8f4a8ddbd5f0c83aeb4276c97a385,2022-10-24,election_date,2025-09-29,at_or_after_reference,election,City of Toronto,"{""event_id"":""evt_ca435dada07f5ed9b041b7c3d24de732"",""prior_candidacy"":{""candidacy_id"":""can_73ec5ac31ba8585b9b52e77fce07bc31"",""source_authority"":""Toronto City Clerk"",""source_detail"":""data/interim/results/2022/2022_Toronto_Poll_By_Poll_Councillor.xlsx"",""source_resource"":""Elections — Official Results""},""rule"":""certified_winner_since_latest_general_in_incomplete_by_election_roster""}"
ten_224aa29a2b0854569e95ba0918c438bc,per_bfeb35d94dc45455987133a9e9091a58,toronto_city_council,councillor,dst_00ef04bf1da8516e8fcafe4f6798604d,2022-10-24,election_date,2023-11-30,at_or_after_reference,election,City of Toronto,"{""event_id"":""evt_ee5715a80b5a532c8b778d94f6b7c9b8"",""prior_candidacy"":{""candidacy_id"":""can_45aad11df89c511b88aed431e1b1be4e"",""source_authority"":""Toronto City Clerk"",""source_detail"":""data/interim/results/2022/2022_Toronto_Poll_By_Poll_Councillor.xlsx"",""source_resource"":""Elections — Official Results""},""rule"":""certified_winner_since_latest_general_in_incomplete_by_election_roster""}"
ten_228a2252fcb65d978d1e7296de81efa9,per_6fca90a21d2a5ecb9adafdac257e7a03,ontario_legislative_assembly,mpp,dst_dbccfb9859a55c6fa9f992c3fbfc22e4,,unknown,2003-09-01,at_or_after_reference,unknown,elections_ontario,https://results.elections.on.ca/api/report-groups/5/report-outputs/521/csv;https://results.elections.on.ca/api/report-groups/5/report-outputs/514/csv;https://results.elections.on.ca/api/report-groups/5/report-outputs/519/csv
ten_228ed063b8f55c568fc00cf76f83281a,per_6254d5a51a3a57ca9c25f2741efa7eb3,ontario_legislative_assembly,mpp,dst_0a8d2a9d4ed35e829926b3feba9ef26f,,unknown,2003-09-01,at_or_after_reference,unknown,elections_ontario,https://results.elections.on.ca/api/report-groups/5/report-outputs/521/csv;https://results.elections.on.ca/api/report-groups/5/report-outputs/514/csv;https://results.elections.on.ca/api/report-groups/5/report-outputs/519/csv
ten_22d3ce5118bf5dcba0a316813e9b9dc7,per_7b147a95da2c5e71ab742d7c89e403e5,canada_house_of_commons,mp,dst_2b44aeb1727857e0b6020f8aab50fc7a,2008-10-14,election_date,2011-03-25,at_or_after_reference,election,elections_canada,"{""authority_reported_flag_used_as_review_signal_only"": true, ""current_candidacy"": {""candidacy_id"": ""can_be57e7023cb65917ba4c07fefc815868"", ""event_id"": ""ec-ge-41"", ""incumbent_reported"": true, ""source_detail"": ""https://www.elections.ca/scripts/OVR2011/34/data_donnees/pollresults_resultatsbureau35.zip""}, ""evidence_rule"": ""most_recent_prior_candidacy_elected_in_cycle_without_later_seat_winner"", ""prior_elected_candidacy"": {""candidacy_id"": ""can_15640114e65a5ef39da2b72a47275813"", ""district_id"": ""dst_2b44aeb1727857e0b6020f8aab50fc7a"", ""elected"": true, ""election_date"": ""2008-10-14"", ""event_id"": ""ec-ge-40"", ""source_detail"": ""https://www.elections.ca/scripts/OVR2008/31/data/pollresults_resultatsbureau35.zip""}, ""roster_reference"": {""dissolution_date"": ""2011-03-26"", ""reference_date"": ""2011-03-25"", ""source_url"": ""https://www.elections.ca/res/rep/off/sta_2011/stat_report2011_e.pdf""}}"
ten_22da2acb33a7502fbb2e2d68a9589e21,per_211bedcdfcb3585bb14c7398b52068f7,toronto_city_council,councillor,dst_5f3aaa13834b5789bb51c95425758d51,2014-10-27,election_date,2016-07-25,at_or_after_reference,election,City of Toronto,"{""event_id"":""evt_552c4874312956ae84afbbc5ee91b0f7"",""prior_candidacy"":{""candidacy_id"":""can_2f9b5c432e125d55b129256f91ee6f38"",""source_authority"":""Toronto City Clerk"",""source_detail"":""data/interim/results/2014/COUNCILLOR.xls"",""source_resource"":""Elections — Official Results""},""rule"":""certified_winner_since_latest_general_in_incomplete_by_election_roster""}"
ten_231f827542c55ac1a78281d4da79cc5a,per_6889ce57bbda567f950b56abf65ade53,toronto_city_council,councillor,dst_37dc3c9d918c5bf7a3d55d4188015db0,2014-10-27,election_date,2016-07-25,at_or_after_reference,election,City of Toronto,"{""event_id"":""evt_552c4874312956ae84afbbc5ee91b0f7"",""prior_candidacy"":{""candidacy_id"":""can_014994212b475ea8b674461d7c4ae48d"",""source_authority"":""Toronto City Clerk"",""source_detail"":""data/interim/results/2014/COUNCILLOR.xls"",""source_resource"":""Elections — Official Results""},""rule"":""certified_winner_since_latest_general_in_incomplete_by_election_roster""}"
ten_2338652fc39c5052b8e482cfa68d2176,per_00683594eb4059f19f8ab58c09790e70,toronto_city_council,councillor,,,unknown,2010-10-25,at_or_after_reference,unknown,City of Toronto,"{""member_name"":""A.A. Heaps"",""rule"":""last_valid_council_composition_before_general_election"",""source"":""city_attendance"",""source_confidence"":0.95,""source_file"":""data/raw/council/attendance/councillors-meeting-attendance-2006-2010.csv""}"
ten_235e22317b7151178f2bf9695925b186,per_f67e1ad9cb6c5d86a1f3221621b33a9e,ontario_legislative_assembly,mpp,dst_ceb44bd46736557e819a5161fdf2458d,,unknown,2018-05-07,at_or_after_reference,unknown,elections_ontario,https://results.elections.on.ca/api/report-groups/1/report-outputs/932/csv;https://results.elections.on.ca/api/report-groups/1/report-outputs/925/csv;https://results.elections.on.ca/api/report-groups/1/report-outputs/930/csv
ten_23ddbca465745594b6dddfc00172d5d4,per_89dfc328ae8952089fadab7b9c3a0832,ontario_legislative_assembly,mpp,dst_77571e13e9d655fcb4d20a732f60ec5a,,unknown,2018-05-07,at_or_after_reference,unknown,elections_ontario,https://results.elections.on.ca/api/report-groups/1/report-outputs/932/csv;https://results.elections.on.ca/api/report-groups/1/report-outputs/925/csv;https://results.elections.on.ca/api/report-groups/1/report-outputs/930/csv
ten_24615919a7bc59819b27213efc1eeb72,per_c0e1c9bb6045570b873969e4c462da62,toronto_city_council,councillor,,,unknown,2006-11-13,at_or_after_reference,appointment,City of Toronto,"{""entry_method"":""appointment"",""member_name"":""Paul Ainslie"",""rule"":""last_valid_council_composition_before_general_election"",""source"":""wikipedia"",""source_confidence"":0.85,""source_files"":[""data/reference/roster_agent_a.txt"",""data/reference/roster_agent_b.txt""]}"
ten_24f43d213c42533a841e4ed19428a189,per_e42110d6d55c5145b6ff91e7169bffae,toronto_city_council,councillor,dst_6dbcacb473285d91bc3f4bd0e06d4d63,2014-10-27,election_date,2018-10-22,at_or_after_reference,election,City of Toronto,"{""member_name"":""Ana Bailão"",""rule"":""last_valid_council_composition_before_general_election"",""source"":""city_attendance"",""source_confidence"":0.95,""source_file"":""data/raw/council/attendance/councillors-meeting-attendance-2014-2018.csv""}"
ten_25e6b6ce78ef5f0b910dc3ce1fbdf6ed,per_4208833231b15c24b856134aa2d3708c,canada_house_of_commons,mp,dst_91d049e056e05c6c855c5ba55a458282,2019-10-21,election_date,2021-08-14,at_or_after_reference,election,elections_canada,"{""authority_reported_flag_used_as_review_signal_only"": true, ""current_candidacy"": {""candidacy_id"": ""can_123d79f7614b5c23a8a4a35f04c19957"", ""event_id"": ""ec-ge-44"", ""incumbent_reported"": true, ""source_detail"": ""https://www.elections.ca/res/rep/off/ovr2021app/53/data_donnees/pollresults_resultatsbureau35.zip""}, ""evidence_rule"": ""most_recent_prior_candidacy_elected_in_cycle_without_later_seat_winner"", ""prior_elected_candidacy"": {""candidacy_id"": ""can_0dd1cfa140f6538db905f0244426876c"", ""district_id"": ""dst_91d049e056e05c6c855c5ba55a458282"", ""elected"": true, ""election_date"": ""2019-10-21"", ""event_id"": ""ec-ge-43"", ""source_detail"": ""https://www.elections.ca/res/rep/off/ovr2019app/51/data_donnees/pollresults_resultatsbureau35.zip""}, ""roster_reference"": {""dissolution_date"": ""2021-08-15"", ""reference_date"": ""2021-08-14"", ""source_url"": ""https://www.elections.ca/content.aspx?dir=rep/off/sta_ge44&document=p2&lang=e&section=res""}}"
ten_26cd6ccdf7425f89a6b9a01be3b1f790,per_23e90faa5b66501aa48b838f277f5608,ontario_legislative_assembly,mpp,dst_3bee0079968e59b29864461214d85579,,unknown,2011-09-06,at_or_after_reference,unknown,elections_ontario,https://results.elections.on.ca/api/report-groups/3/report-outputs/499/csv;https://results.elections.on.ca/api/report-groups/3/report-outputs/492/csv;https://results.elections.on.ca/api/report-groups/3/report-outputs/497/csv
ten_26eb8b00ecf9558891cb32ec24efd6e1,per_eb591fcd80585a2f90f11fe1dbfbf43e,canada_house_of_commons,mp,dst_940c7a29cb67531d867fe49523e39f59,2015-10-19,election_date,2019-09-10,at_or_after_reference,election,elections_canada,"{""authority_reported_flag_used_as_review_signal_only"": true, ""current_candidacy"": {""candidacy_id"": ""can_92781ea4a40d5db2b0fea17c6964b7a8"", ""event_id"": ""ec-ge-43"", ""incumbent_reported"": true, ""source_detail"": ""https://www.elections.ca/res/rep/off/ovr2019app/51/data_donnees/pollresults_resultatsbureau35.zip""}, ""evidence_rule"": ""most_recent_prior_candidacy_elected_in_cycle_without_later_seat_winner"", ""prior_elected_candidacy"": {""candidacy_id"": ""can_633d0dfcd6395f049670f5ff302d72bc"", ""district_id"": ""dst_940c7a29cb67531d867fe49523e39f59"", ""elected"": true, ""election_date"": ""2015-10-19"", ""event_id"": ""ec-ge-42"", ""source_detail"": ""https://www.elections.ca/res/rep/off/ovr2015app/41/data_donnees/pollresults_resultatsbureau35.zip""}, ""roster_reference"": {""dissolution_date"": ""2019-09-11"", ""reference_date"": ""2019-09-10"", ""source_url"": ""https://www.elections.ca/content.aspx?dir=rep/off/sta_ge43&document=p2&lang=e&section=res""}}"
ten_26ecd91f99ca5c469c07078225cbfb00,per_2db32d1655745b41849c332c58a6ebe2,ontario_legislative_assembly,mpp,dst_77571e13e9d655fcb4d20a732f60ec5a,,unknown,2022-05-02,at_or_after_reference,unknown,elections_ontario,https://results.elections.on.ca/api/report-groups/45/report-outputs/1050/csv;https://results.elections.on.ca/api/report-groups/45/report-outputs/1043/csv;https://results.elections.on.ca/api/report-groups/45/report-outputs/1048/csv
ten_27026d949550526f9a0fa4dace18154e,per_4c6393b083ee5c5da1ef1427456bc19b,toronto_city_council,councillor,dst_cadba85ade8a575b894e47378c335a90,2006-11-13,election_date,2010-10-25,at_or_after_reference,election,City of Toronto,"{""member_name"":""Kyle Rae"",""rule"":""last_valid_council_composition_before_general_election"",""source"":""city_attendance"",""source_confidence"":0.95,""source_file"":""data/raw/council/attendance/councillors-meeting-attendance-2006-2010.csv""}"
ten_28099dc72ddc5492848feb455fc50383,per_9387d636b99c5fdd8edee8549f902b74,toronto_city_council,councillor,dst_49374cc451b65963a30ef206383a4114,2014-10-27,election_date,2016-07-25,at_or_after_reference,election,City of Toronto,"{""event_id"":""evt_552c4874312956ae84afbbc5ee91b0f7"",""prior_candidacy"":{""candidacy_id"":""can_5c7f781da7325bcbb2f1f37f6e424967"",""source_authority"":""Toronto City Clerk"",""source_detail"":""data/interim/results/2014/COUNCILLOR.xls"",""source_resource"":""Elections — Official Results""},""rule"":""certified_winner_since_latest_general_in_incomplete_by_election_roster""}"
ten_281a3df5201150689eb7532581acb936,per_91bbcc30e1e25b29b9107f090c910b96,ontario_legislative_assembly,mpp,dst_56c8e9533c235124b26eada765193820,,unknown,2018-05-07,at_or_after_reference,unknown,elections_ontario,https://results.elections.on.ca/api/report-groups/1/report-outputs/932/csv;https://results.elections.on.ca/api/report-groups/1/report-outputs/925/csv;https://results.elections.on.ca/api/report-groups/1/report-outputs/930/csv
ten_284fa1e3e41c581c9be5b50fc940796e,per_15643a9d6a59549bb8e536af298a4b2c,toronto_city_council,councillor,dst_0c7514aa1b09538184e94ea59745d5e1,2010-10-25,election_date,2014-10-27,at_or_after_reference,election,City of Toronto,"{""member_name"":""Doug Ford"",""rule"":""last_valid_council_composition_before_general_election"",""source"":""city_attendance"",""source_confidence"":0.95,""source_file"":""data/raw/council/attendance/councillors-meeting-attendance-2010-2014.csv""}"
ten_28c2a31e64f5543688854589fc6c612c,per_4efd8e2fcc8059f295f7695304fffcf6,ontario_legislative_assembly,mpp,dst_d33de5b4757e5083abf2e07cb88b096d,,unknown,2007-09-09,at_or_after_reference,unknown,elections_ontario,https://results.elections.on.ca/api/report-groups/4/report-outputs/510/csv;https://results.elections.on.ca/api/report-groups/4/report-outputs/503/csv;https://results.elections.on.ca/api/report-groups/4/report-outputs/508/csv
ten_2913a362bb4d58bbb4b203a172ba18ca,per_59e8fc21d73350fa9478b0f8dbb2c7cb,toronto_city_council,councillor,,,unknown,2003-11-10,at_or_after_reference,election,City of Toronto,"{""entry_method"":""election"",""member_name"":""Lorenzo Berardinetti"",""rule"":""last_valid_council_composition_before_general_election"",""source"":""wikipedia"",""source_confidence"":0.85,""source_files"":[""data/reference/roster_agent_a.txt"",""data/reference/roster_agent_b.txt""]}"
ten_2987c7d8bbdc5e339c9a3dbfd3e66289,per_f2da73ec0f9a504984df002135e44873,ontario_legislative_assembly,mpp,dst_ceb44bd46736557e819a5161fdf2458d,,unknown,2025-01-24,at_or_after_reference,unknown,elections_ontario,https://results.elections.on.ca/api/report-groups/48/report-outputs/1096/csv;https://results.elections.on.ca/api/report-groups/48/report-outputs/1089/csv;https://results.elections.on.ca/api/report-groups/48/report-outputs/1094/csv
ten_29d88a12a587527a9d4f4d926cbc8ffa,per_f43071f7a8d95740a4fcc8890b28d327,toronto_city_council,councillor,dst_9a2b60e0545d5eba9361d07a574fe57e,2014-10-27,election_date,2016-07-25,at_or_after_reference,election,City of Toronto,"{""event_id"":""evt_552c4874312956ae84afbbc5ee91b0f7"",""prior_candidacy"":{""candidacy_id"":""can_7d3363deb16952a59a3bcad67d8a07c6"",""source_authority"":""Toronto City Clerk"",""source_detail"":""data/interim/results/2014/COUNCILLOR.xls"",""source_resource"":""Elections — Official Results""},""rule"":""certified_winner_since_latest_general_in_incomplete_by_election_roster""}"
ten_2a165bbe291c55249f0367e5341b988c,per_90df68b63b37556d8cefa4159bfff7fd,canada_house_of_commons,mp,dst_5c7f49d97e1b500c8fb874c86c10474b,2008-10-14,election_date,2011-03-25,at_or_after_reference,election,elections_canada,"{""authority_reported_flag_used_as_review_signal_only"": true, ""current_candidacy"": {""candidacy_id"": ""can_34e4d39116685499aaa9a4963e4033a1"", ""event_id"": ""ec-ge-41"", ""incumbent_reported"": true, ""source_detail"": ""https://www.elections.ca/scripts/OVR2011/34/data_donnees/pollresults_resultatsbureau35.zip""}, ""evidence_rule"": ""most_recent_prior_candidacy_elected_in_cycle_without_later_seat_winner"", ""prior_elected_candidacy"": {""candidacy_id"": ""can_1b15f5fdaa64576cbbf10878d7e9db0b"", ""district_id"": ""dst_5c7f49d97e1b500c8fb874c86c10474b"", ""elected"": true, ""election_date"": ""2008-10-14"", ""event_id"": ""ec-ge-40"", ""source_detail"": ""https://www.elections.ca/scripts/OVR2008/31/data/pollresults_resultatsbureau35.zip""}, ""roster_reference"": {""dissolution_date"": ""2011-03-26"", ""reference_date"": ""2011-03-25"", ""source_url"": ""https://www.elections.ca/res/rep/off/sta_2011/stat_report2011_e.pdf""}}"
ten_2a20578f2d8b521187aa6fa593c6357b,per_d476ff1e2e605a88914636edbdfcb79a,toronto_city_council,councillor,dst_e45c4398760258f785214d7b514aafb1,2022-10-24,election_date,2023-11-30,at_or_after_reference,election,City of Toronto,"{""event_id"":""evt_ee5715a80b5a532c8b778d94f6b7c9b8"",""prior_candidacy"":{""candidacy_id"":""can_c4e145ff6e765e0082c90ea1a07ae943"",""source_authority"":""Toronto City Clerk"",""source_detail"":""data/interim/results/2022/2022_Toronto_Poll_By_Poll_Councillor.xlsx"",""source_resource"":""Elections — Official Results""},""rule"":""certified_winner_since_latest_general_in_incomplete_by_election_roster""}"
ten_2a9382e7affa58278cc8494f158e13f2,per_d476ff1e2e605a88914636edbdfcb79a,toronto_city_council,councillor,dst_e45c4398760258f785214d7b514aafb1,2022-10-24,election_date,2025-09-29,at_or_after_reference,election,City of Toronto,"{""event_id"":""evt_ca435dada07f5ed9b041b7c3d24de732"",""prior_candidacy"":{""candidacy_id"":""can_c4e145ff6e765e0082c90ea1a07ae943"",""source_authority"":""Toronto City Clerk"",""source_detail"":""data/interim/results/2022/2022_Toronto_Poll_By_Poll_Councillor.xlsx"",""source_resource"":""Elections — Official Results""},""rule"":""certified_winner_since_latest_general_in_incomplete_by_election_roster""}"
ten_2b487d855c7f565ba3137f6fa1de5499,per_9b179068f8d450aa842cf592d57c08e0,toronto_city_council,councillor,dst_d3c79eda632d5af2beb7343ee879dff7,2014-10-27,election_date,2016-07-25,at_or_after_reference,election,City of Toronto,"{""event_id"":""evt_552c4874312956ae84afbbc5ee91b0f7"",""prior_candidacy"":{""candidacy_id"":""can_ce513505751c5fccb73b36106b10ed4e"",""source_authority"":""Toronto City Clerk"",""source_detail"":""data/interim/results/2014/COUNCILLOR.xls"",""source_resource"":""Elections — Official Results""},""rule"":""certified_winner_since_latest_general_in_incomplete_by_election_roster""}"
ten_2b4a086f7a3756238bac95ec8304521d,per_33705bc16481579cb342ead791793e1c,canada_house_of_commons,mp,dst_11670634cc33529aa65ef639613628d1,2019-10-21,election_date,2021-08-14,at_or_after_reference,election,elections_canada,"{""authority_reported_flag_used_as_review_signal_only"": true, ""current_candidacy"": {""candidacy_id"": ""can_a4ea23cab8fe5c3293332d284ee95e75"", ""event_id"": ""ec-ge-44"", ""incumbent_reported"": true, ""source_detail"": ""https://www.elections.ca/res/rep/off/ovr2021app/53/data_donnees/pollresults_resultatsbureau35.zip""}, ""evidence_rule"": ""most_recent_prior_candidacy_elected_in_cycle_without_later_seat_winner"", ""prior_elected_candidacy"": {""candidacy_id"": ""can_6d07621116b35b14bff8ff84294915e3"", ""district_id"": ""dst_11670634cc33529aa65ef639613628d1"", ""elected"": true, ""election_date"": ""2019-10-21"", ""event_id"": ""ec-ge-43"", ""source_detail"": ""https://www.elections.ca/res/rep/off/ovr2019app/51/data_donnees/pollresults_resultatsbureau35.zip""}, ""roster_reference"": {""dissolution_date"": ""2021-08-15"", ""reference_date"": ""2021-08-14"", ""source_url"": ""https://www.elections.ca/content.aspx?dir=rep/off/sta_ge44&document=p2&lang=e&section=res""}}"
ten_2b5d90f661d15f138ac57423bb4d68db,per_f560221dfe455207a9cc597093a3b671,toronto_city_council,councillor,dst_697cda341b945f989c5a4ef65d14e5c1,2018-10-22,election_date,2021-01-15,at_or_after_reference,election,City of Toronto,"{""event_id"":""evt_50c15fe55fa753fba75abfada8da3c38"",""prior_candidacy"":{""candidacy_id"":""can_4f560ce4f469526a9aead47e762a7cd1"",""source_authority"":""Toronto City Clerk"",""source_detail"":""data/interim/results/2018/2018_Toronto_Poll_By_Poll_Councillor.xlsx"",""source_resource"":""Elections — Official Results""},""rule"":""certified_winner_since_latest_general_in_incomplete_by_election_roster""}"
ten_2cd00c6ae6e356b3a30f4df316fb466b,per_b3dc8875d2bb54938ed8676743e5fb47,toronto_city_council,councillor,dst_31b0d3246c42553fa0cefe70cff58cf4,2006-11-13,election_date,2010-10-25,at_or_after_reference,election,City of Toronto,"{""member_name"":""Cliff Jenkins"",""rule"":""last_valid_council_composition_before_general_election"",""source"":""city_attendance"",""source_confidence"":0.95,""source_file"":""data/raw/council/attendance/councillors-meeting-attendance-2006-2010.csv""}"
ten_2d5e381fb0de5c0bbb71d07b83f83296,per_c3c1063b1db255be8fddaa0281613c31,ontario_legislative_assembly,mpp,dst_e8cbb39878cf58069a8008caf736d5f2,,unknown,2003-09-01,at_or_after_reference,unknown,elections_ontario,https://results.elections.on.ca/api/report-groups/5/report-outputs/521/csv;https://results.elections.on.ca/api/report-groups/5/report-outputs/514/csv;https://results.elections.on.ca/api/report-groups/5/report-outputs/519/csv
ten_2d676e84d24b5d1386734b11bcb8d472,per_c4bda40818095aa8928034a09d781f3b,toronto_city_council,councillor,dst_a4d41f4016cf53f6b3565eb145e14fc6,2003-11-10,election_date,2006-11-13,at_or_after_reference,election,City of Toronto,"{""entry_method"":""election"",""member_name"":""Karen Stintz"",""rule"":""last_valid_council_composition_before_general_election"",""source"":""wikipedia"",""source_confidence"":0.85,""source_files"":[""data/reference/roster_agent_a.txt"",""data/reference/roster_agent_b.txt""]}"
ten_2d6b88ad849e593a88343539c2c0ef67,per_3287ce63a006538c9cf677c83bfb2ce7,canada_house_of_commons,mp,dst_37f34fa1abd8523cbe7bbbfb041de0ba,2015-10-19,election_date,2019-09-10,at_or_after_reference,election,elections_canada,"{""authority_reported_flag_used_as_review_signal_only"": true, ""current_candidacy"": {""candidacy_id"": ""can_edd6c9a7481e5f8ab05621a4c86776c9"", ""event_id"": ""ec-ge-43"", ""incumbent_reported"": true, ""source_detail"": ""https://www.elections.ca/res/rep/off/ovr2019app/51/data_donnees/pollresults_resultatsbureau35.zip""}, ""evidence_rule"": ""most_recent_prior_candidacy_elected_in_cycle_without_later_seat_winner"", ""prior_elected_candidacy"": {""candidacy_id"": ""can_9b58ee531fa05abd99061dd008bfab6b"", ""district_id"": ""dst_37f34fa1abd8523cbe7bbbfb041de0ba"", ""elected"": true, ""election_date"": ""2015-10-19"", ""event_id"": ""ec-ge-42"", ""source_detail"": ""https://www.elections.ca/res/rep/off/ovr2015app/41/data_donnees/pollresults_resultatsbureau35.zip""}, ""roster_reference"": {""dissolution_date"": ""2019-09-11"", ""reference_date"": ""2019-09-10"", ""source_url"": ""https://www.elections.ca/content.aspx?dir=rep/off/sta_ge43&document=p2&lang=e&section=res""}}"
ten_2d6ccb843270566ba52c9f0835f1b32d,per_d45bd0a80a1f534789b44389acf113d4,toronto_city_council,councillor,,,unknown,2003-11-10,at_or_after_reference,election,City of Toronto,"{""entry_method"":""election"",""member_name"":""Brad Duguid"",""rule"":""last_valid_council_composition_before_general_election"",""source"":""wikipedia"",""source_confidence"":0.85,""source_files"":[""data/reference/roster_agent_a.txt"",""data/reference/roster_agent_b.txt""]}"
ten_2d7a15b52980550ca9c0a9f7908efde4,per_b3471e8be4765e51b0381303a6c7a36d,toronto_city_council,councillor,dst_13b8f4a8ddbd5f0c83aeb4276c97a385,2022-10-24,election_date,2024-11-04,at_or_after_reference,election,City of Toronto,"{""event_id"":""evt_af73d490abf95ffdae38ca2c830e51f4"",""prior_candidacy"":{""candidacy_id"":""can_73ec5ac31ba8585b9b52e77fce07bc31"",""source_authority"":""Toronto City Clerk"",""source_detail"":""data/interim/results/2022/2022_Toronto_Poll_By_Poll_Councillor.xlsx"",""source_resource"":""Elections — Official Results""},""rule"":""certified_winner_since_latest_general_in_incomplete_by_election_roster""}"
ten_2e6773c912c8520aa02a36393c880345,per_59e8fc21d73350fa9478b0f8dbb2c7cb,ontario_legislative_assembly,mpp,dst_d6b6a7c394c5532b94c3c7e498284844,,unknown,2014-05-01,at_or_after_reference,unknown,elections_ontario,https://results.elections.on.ca/api/report-groups/2/report-outputs/488/csv;https://results.elections.on.ca/api/report-groups/2/report-outputs/481/csv;https://results.elections.on.ca/api/report-groups/2/report-outputs/486/csv
ten_2e892de595d351e29dc44e9502d4a3b8,per_e5774591f0d3581eaba97de73805e0f8,canada_house_of_commons,mp,dst_1ec4112389a159178b32713798005783,2019-10-21,election_date,2021-08-14,at_or_after_reference,election,elections_canada,"{""authority_reported_flag_used_as_review_signal_only"": true, ""current_candidacy"": {""candidacy_id"": ""can_db946a1db7195e3983c86ff54305b540"", ""event_id"": ""ec-ge-44"", ""incumbent_reported"": true, ""source_detail"": ""https://www.elections.ca/res/rep/off/ovr2021app/53/data_donnees/pollresults_resultatsbureau35.zip""}, ""evidence_rule"": ""most_recent_prior_candidacy_elected_in_cycle_without_later_seat_winner"", ""prior_elected_candidacy"": {""candidacy_id"": ""can_5680ef0a50c35e618f8e0deb043dc200"", ""district_id"": ""dst_1ec4112389a159178b32713798005783"", ""elected"": true, ""election_date"": ""2019-10-21"", ""event_id"": ""ec-ge-43"", ""source_detail"": ""https://www.elections.ca/res/rep/off/ovr2019app/51/data_donnees/pollresults_resultatsbureau35.zip""}, ""roster_reference"": {""dissolution_date"": ""2021-08-15"", ""reference_date"": ""2021-08-14"", ""source_url"": ""https://www.elections.ca/content.aspx?dir=rep/off/sta_ge44&document=p2&lang=e&section=res""}}"
ten_3074a013353b55b99567209b0a3cb6c2,per_3e52aa435eb8566fb37510ab305dff54,toronto_city_council,councillor,dst_fdb0ec21f126579eb091e27d38a9b9c8,2014-10-27,election_date,2017-02-13,at_or_after_reference,election,City of Toronto,"{""event_id"":""evt_b8284a5341635f79babdf7ddc512c2f6"",""prior_candidacy"":{""candidacy_id"":""can_6ebe75a5cece5e6bba8e7db840d07b8c"",""source_authority"":""Toronto City Clerk"",""source_detail"":""data/interim/results/2014/COUNCILLOR.xls"",""source_resource"":""Elections — Official Results""},""rule"":""certified_winner_since_latest_general_in_incomplete_by_election_roster""}"
ten_313542ff9cbd564ab681ddb7cc54b1af,per_e190d202b89c56e7b8085751ce0c0370,toronto_city_council,councillor,dst_48f26a0b1b85566c934f7ab1a668978d,2014-10-27,election_date,2016-07-25,at_or_after_reference,election,City of Toronto,"{""event_id"":""evt_552c4874312956ae84afbbc5ee91b0f7"",""prior_candidacy"":{""candidacy_id"":""can_4db5ff0e51715d63897aa99429aa66ac"",""source_authority"":""Toronto City Clerk"",""source_detail"":""data/interim/results/2014/COUNCILLOR.xls"",""source_resource"":""Elections — Official Results""},""rule"":""certified_winner_since_latest_general_in_incomplete_by_election_roster""}"
ten_31be69eb53ce5280b2899182c24b062f,per_1f2774074aab5c1da25e6b21d03f5578,ontario_legislative_assembly,mpp,dst_3dc7bd244f6c5d74afa0ec5c4941786e,,unknown,2003-09-01,at_or_after_reference,unknown,elections_ontario,https://results.elections.on.ca/api/report-groups/5/report-outputs/521/csv;https://results.elections.on.ca/api/report-groups/5/report-outputs/514/csv;https://results.elections.on.ca/api/report-groups/5/report-outputs/519/csv
ten_31e0c4713029581b92a4312564907ea7,per_f560221dfe455207a9cc597093a3b671,ontario_legislative_assembly,mpp,dst_bbbfe77ead88539e8cc8bfb4ca43a6d7,,unknown,2014-05-01,at_or_after_reference,unknown,elections_ontario,https://results.elections.on.ca/api/report-groups/2/report-outputs/488/csv;https://results.elections.on.ca/api/report-groups/2/report-outputs/481/csv;https://results.elections.on.ca/api/report-groups/2/report-outputs/486/csv
ten_32da89c3e68a5b9387f982b1b5c675e6,per_59833f8a8e695df29b74149f280fb3fa,canada_house_of_commons,mp,dst_ce61b4f9d4415f01b36f187f572a4a63,2006-01-23,election_date,2008-09-06,at_or_after_reference,election,elections_canada,"{""authority_reported_flag_used_as_review_signal_only"": true, ""current_candidacy"": {""candidacy_id"": ""can_9c4a91d4b0555b2f805f725f246d42f5"", ""event_id"": ""ec-ge-40"", ""incumbent_reported"": true, ""source_detail"": ""https://www.elections.ca/scripts/OVR2008/31/data/pollresults_resultatsbureau35.zip""}, ""evidence_rule"": ""most_recent_prior_candidacy_elected_in_cycle_without_later_seat_winner"", ""prior_elected_candidacy"": {""candidacy_id"": ""can_8881563f056f589aa7147ab58db398a4"", ""district_id"": ""dst_ce61b4f9d4415f01b36f187f572a4a63"", ""elected"": true, ""election_date"": ""2006-01-23"", ""event_id"": ""ec-ge-39"", ""source_detail"": ""https://www.elections.ca/Scripts/OVR2006/25/data_donnees/pollresults_resultatsbureau35.zip""}, ""roster_reference"": {""dissolution_date"": ""2008-09-07"", ""reference_date"": ""2008-09-06"", ""source_url"": ""https://www.elections.ca/content.aspx?dir=rep/off/sta_2008&document=p2&lang=e&section=res""}}"
ten_330fd80573885928abfde5820e229be1,per_d6e9f3947fda53a490136416df97c3cf,toronto_city_council,councillor,dst_2aa643147fbb50b881bb6298e0f13436,2014-10-27,election_date,2017-02-13,at_or_after_reference,election,City of Toronto,"{""event_id"":""evt_b8284a5341635f79babdf7ddc512c2f6"",""prior_candidacy"":{""candidacy_id"":""can_3ec20907e72051b0a0ab7e5b9e924482"",""source_authority"":""Toronto City Clerk"",""source_detail"":""data/interim/results/2014/COUNCILLOR.xls"",""source_resource"":""Elections — Official Results""},""rule"":""certified_winner_since_latest_general_in_incomplete_by_election_roster""}"
ten_333c9c6937525feebb1022a7bbca7513,per_a5dbd8d684c95ba4ac284aba2f85d2e0,toronto_city_council,councillor,dst_c08cfffa686c5648932189dbec3e91f5,2018-10-22,election_date,2022-10-24,at_or_after_reference,election,City of Toronto,"{""member_name"":""Paula Fletcher"",""rule"":""last_valid_council_composition_before_general_election"",""source"":""city_attendance"",""source_confidence"":0.95,""source_file"":""data/raw/council/attendance/councillors-meeting-attendance-2018-2022.csv""}"
ten_33f935f3305f591eb3c97ff4c3ee88b4,per_18786ecd2dc7506794ac10340a5f68f6,toronto_city_council,councillor,dst_6962e00ba56b58edbaaea7f0f81504f6,2018-10-22,election_date,2022-10-24,at_or_after_reference,election,City of Toronto,"{""member_name"":""Anthony Perruzza"",""rule"":""last_valid_council_composition_before_general_election"",""source"":""city_attendance"",""source_confidence"":0.95,""source_file"":""data/raw/council/attendance/councillors-meeting-attendance-2018-2022.csv""}"
ten_340f2daa6fae5e02bdf4768f786085aa,per_cb9a349d2c375d6ca82d06405b9986e0,toronto_city_council,councillor,dst_491164fd0e3a5cdeb806be882bf66569,2022-10-24,election_date,2025-09-29,at_or_after_reference,election,City of Toronto,"{""event_id"":""evt_ca435dada07f5ed9b041b7c3d24de732"",""prior_candidacy"":{""candidacy_id"":""can_d125264a62a05127bf0f0b53de4f9601"",""source_authority"":""Toronto City Clerk"",""source_detail"":""data/interim/results/2022/2022_Toronto_Poll_By_Poll_Councillor.xlsx"",""source_resource"":""Elections — Official Results""},""rule"":""certified_winner_since_latest_general_in_incomplete_by_election_roster""}"
ten_340f77d3eba9547e95afa3861b13e869,per_a9eb70da799659daaa285f92cfed1674,ontario_legislative_assembly,mpp,dst_f4c8af3f16775eb5984390ab9a41ff59,,unknown,2007-09-09,at_or_after_reference,unknown,elections_ontario,https://results.elections.on.ca/api/report-groups/4/report-outputs/510/csv;https://results.elections.on.ca/api/report-groups/4/report-outputs/503/csv;https://results.elections.on.ca/api/report-groups/4/report-outputs/508/csv
ten_344c49ef0e8e5314a6c03cf8dee74198,per_db35a09069a35a3a84a9eb0d0223ac9b,toronto_city_council,councillor,dst_70f47265fe9155489a0e1f3af81f7a94,2003-11-10,election_date,2006-11-13,at_or_after_reference,election,City of Toronto,"{""entry_method"":""election"",""member_name"":""David Shiner"",""rule"":""last_valid_council_composition_before_general_election"",""source"":""wikipedia"",""source_confidence"":0.85,""source_files"":[""data/reference/roster_agent_a.txt"",""data/reference/roster_agent_b.txt""]}"
ten_345a95ee0a7454af8abcfa7d5943e9c4,per_a9eb70da799659daaa285f92cfed1674,toronto_city_council,mayor,dst_1ccc44a766885c22ae1ec045703dfe91,2022-10-24,election_date,2023-06-26,before_or_at_reference,election,City of Toronto,"{""event_id"":""evt_eabc9f0a14165449acd2f9a1e7d557ce"",""prior_candidacy"":{""candidacy_id"":""can_0101698bc62b5b279cd15537a2e12179"",""source_authority"":""Toronto City Clerk"",""source_detail"":""data/interim/results/2022/2022_Toronto_Poll_By_Poll_Mayor.xlsx"",""source_resource"":""Elections — Official Results""},""rule"":""last_certified_mayoral_holder_before_by_election""}"
ten_346c3909918953139ac247c8369cc8a4,per_7a2dc4616eb255bdb4009a8298fc3e92,toronto_city_council,councillor,,,unknown,2018-10-22,at_or_after_reference,appointment,City of Toronto,"{""entry_method"":""appointment"",""last_holder_reconciliation"":{""former_member"":""Chin Lee"",""last_holder"":""Miganoush Megardichian"",""source"":""https://www.toronto.ca/legdocs/mmis/2019/ex/bgrd/backgroundfile-131208.pdf""},""member_name"":""Miganoush Megardichian"",""rule"":""last_valid_council_composition_before_general_election"",""source"":""city_voting"",""source_confidence"":0.9,""source_file"":""data/raw/council/voting/member-voting-record-2014-2018.csv""}"
ten_34f7bb3a02fd5c3588627ef71c094419,per_e256786d3b3e5f829cdc6defa004044a,toronto_city_council,councillor,dst_a4d41f4016cf53f6b3565eb145e14fc6,2014-10-27,election_date,2016-07-25,at_or_after_reference,election,City of Toronto,"{""event_id"":""evt_552c4874312956ae84afbbc5ee91b0f7"",""prior_candidacy"":{""candidacy_id"":""can_447cc82e88a7572f9e780289142ffbc6"",""source_authority"":""Toronto City Clerk"",""source_detail"":""data/interim/results/2014/COUNCILLOR.xls"",""source_resource"":""Elections — Official Results""},""rule"":""certified_winner_since_latest_general_in_incomplete_by_election_roster""}"
ten_34fc27567a01599b8958fac4e14b2dd4,per_d6e9f3947fda53a490136416df97c3cf,toronto_city_council,councillor,dst_2aa643147fbb50b881bb6298e0f13436,2003-11-10,election_date,2006-11-13,at_or_after_reference,election,City of Toronto,"{""entry_method"":""election"",""member_name"":""Michael Thompson"",""rule"":""last_valid_council_composition_before_general_election"",""source"":""wikipedia"",""source_confidence"":0.85,""source_files"":[""data/reference/roster_agent_a.txt"",""data/reference/roster_agent_b.txt""]}"
ten_35b8a534cff05d3b99cf0c367f43f75e,per_038e210ae4f25864bf2d3e49d7039bb0,toronto_city_council,councillor,,,unknown,2003-11-10,at_or_after_reference,election,City of Toronto,"{""entry_method"":""election"",""member_name"":""Sherene Shaw"",""rule"":""last_valid_council_composition_before_general_election"",""source"":""wikipedia"",""source_confidence"":0.85,""source_files"":[""data/reference/roster_agent_a.txt"",""data/reference/roster_agent_b.txt""]}"
ten_35c5a27153f1524da5523e3f92cc2187,per_d476ff1e2e605a88914636edbdfcb79a,toronto_city_council,councillor,dst_9613494c01b95010bd5287ef1669e3c3,2006-11-13,election_date,2010-10-25,at_or_after_reference,election,City of Toronto,"{""member_name"":""Frances Nunziata"",""rule"":""last_valid_council_composition_before_general_election"",""source"":""city_attendance"",""source_confidence"":0.95,""source_file"":""data/raw/council/attendance/councillors-meeting-attendance-2006-2010.csv""}"
ten_3607dbcab3365d9590770300ad47aab4,per_e256786d3b3e5f829cdc6defa004044a,toronto_city_council,councillor,dst_a4d41f4016cf53f6b3565eb145e14fc6,2014-10-27,election_date,2018-10-22,at_or_after_reference,election,City of Toronto,"{""member_name"":""Christin Carmichael Greb"",""rule"":""last_valid_council_composition_before_general_election"",""source"":""city_attendance"",""source_confidence"":0.95,""source_file"":""data/raw/council/attendance/councillors-meeting-attendance-2014-2018.csv""}"
ten_36310d8d31b255ec8a0ca166c0f72552,per_e9388d60378456ba921db61dc50c5800,ontario_legislative_assembly,mpp,dst_a30596120ac351c895db31301f5be934,,unknown,2011-09-06,at_or_after_reference,unknown,elections_ontario,https://results.elections.on.ca/api/report-groups/3/report-outputs/499/csv;https://results.elections.on.ca/api/report-groups/3/report-outputs/492/csv;https://results.elections.on.ca/api/report-groups/3/report-outputs/497/csv
ten_369b74b9d93459b2ae770599f16b44e0,per_58016e26ffa55f6bbdc8f7490273a4a5,ontario_legislative_assembly,mpp,dst_115f53d3eca350c3b84f6db45846bcc2,,unknown,2007-09-09,at_or_after_reference,unknown,elections_ontario,https://results.elections.on.ca/api/report-groups/4/report-outputs/510/csv;https://results.elections.on.ca/api/report-groups/4/report-outputs/503/csv;https://results.elections.on.ca/api/report-groups/4/report-outputs/508/csv
ten_375e5886bc5e52f1b93ffba1520085ae,per_c5372e6dbb6d53df8414c2da4f9764d8,canada_house_of_commons,mp,dst_1bc62eabeaad547eba65542f394ef772,2019-10-21,election_date,2021-08-14,at_or_after_reference,election,elections_canada,"{""authority_reported_flag_used_as_review_signal_only"": true, ""current_candidacy"": {""candidacy_id"": ""can_3b06db12e1a052f1822bb4be23e49584"", ""event_id"": ""ec-ge-44"", ""incumbent_reported"": true, ""source_detail"": ""https://www.elections.ca/res/rep/off/ovr2021app/53/data_donnees/pollresults_resultatsbureau35.zip""}, ""evidence_rule"": ""most_recent_prior_candidacy_elected_in_cycle_without_later_seat_winner"", ""prior_elected_candidacy"": {""candidacy_id"": ""can_30242e989c72563a97e740942017b5e1"", ""district_id"": ""dst_1bc62eabeaad547eba65542f394ef772"", ""elected"": true, ""election_date"": ""2019-10-21"", ""event_id"": ""ec-ge-43"", ""source_detail"": ""https://www.elections.ca/res/rep/off/ovr2019app/51/data_donnees/pollresults_resultatsbureau35.zip""}, ""roster_reference"": {""dissolution_date"": ""2021-08-15"", ""reference_date"": ""2021-08-14"", ""source_url"": ""https://www.elections.ca/content.aspx?dir=rep/off/sta_ge44&document=p2&lang=e&section=res""}}"
ten_37ef6fce31d4529e92ac6e6d7f7cf95d,per_77139d6966a253d4aa08b6ac8c31c3c4,toronto_city_council,councillor,dst_9203cbbfeedb5dc2a34e5767ba3dfc5d,2010-10-25,election_date,2014-10-27,at_or_after_reference,election,City of Toronto,"{""member_name"":""Ron Moeser"",""rule"":""last_valid_council_composition_before_general_election"",""source"":""city_attendance"",""source_confidence"":0.95,""source_file"":""data/raw/council/attendance/councillors-meeting-attendance-2010-2014.csv""}"
ten_38351e889ae35f61acb26bbac4e01fd8,per_90df68b63b37556d8cefa4159bfff7fd,canada_house_of_commons,mp,dst_5c7f49d97e1b500c8fb874c86c10474b,2004-06-28,election_date,2005-11-28,at_or_after_reference,election,elections_canada,"{""authority_reported_flag_used_as_review_signal_only"": true, ""current_candidacy"": {""candidacy_id"": ""can_4f59b7791b2d5a9e9261c574c8545c77"", ""event_id"": ""ec-ge-39"", ""incumbent_reported"": true, ""source_detail"": ""https://www.elections.ca/Scripts/OVR2006/25/data_donnees/pollresults_resultatsbureau35.zip""}, ""evidence_rule"": ""most_recent_prior_candidacy_elected_in_cycle_without_later_seat_winner"", ""prior_elected_candidacy"": {""candidacy_id"": ""can_029383af76495418965eef944cecc762"", ""district_id"": ""dst_5c7f49d97e1b500c8fb874c86c10474b"", ""elected"": true, ""election_date"": ""2004-06-28"", ""event_id"": ""ec-ge-38"", ""source_detail"": ""https://www.elections.ca/scripts/OVR2004/23/data/ON.zip | summary enrichment: https://www.elections.ca/scripts/OVR2004/23/data/table12.csv""}, ""roster_reference"": {""dissolution_date"": ""2005-11-29"", ""reference_date"": ""2005-11-28"", ""source_url"": ""https://www.elections.ca/content.aspx?dir=rep/off/sta_2006&document=p2&lang=e&section=res""}}"
ten_3858b186acf1537da6cac3274f02cc0c,per_6be87fdd38935b5fad99df3b5699e986,toronto_city_council,mayor,,,unknown,2003-11-10,at_or_after_reference,election,City of Toronto,"{""entry_method"":""election"",""member_name"":""Mel Lastman"",""rule"":""last_valid_council_composition_before_general_election"",""source"":""wikipedia"",""source_confidence"":0.85,""source_files"":[""data/reference/roster_agent_a.txt"",""data/reference/roster_agent_b.txt""]}"
ten_385f676ac1cc581dbe8f30fb2ef0aedb,per_2a01a0cc36c756e097e174940ed0eb78,toronto_city_council,councillor,dst_6afdd28db1b85bf2a12cbb33b215efb9,2022-10-24,election_date,2024-11-04,at_or_after_reference,election,City of Toronto,"{""event_id"":""evt_af73d490abf95ffdae38ca2c830e51f4"",""prior_candidacy"":{""candidacy_id"":""can_5d3cda342f5d5ce9a7bcb18578d4c2b7"",""source_authority"":""Toronto City Clerk"",""source_detail"":""data/interim/results/2022/2022_Toronto_Poll_By_Poll_Councillor.xlsx"",""source_resource"":""Elections — Official Results""},""rule"":""certified_winner_since_latest_general_in_incomplete_by_election_roster""}"
ten_393d395d962d5074a8a13ada0ad9ceaa,per_93dd2a3cb85f59acb3d5ea5a67b3801e,toronto_city_council,councillor,dst_ecad4be4655e5612bff68d3d4de3f8e1,2022-10-24,election_date,2023-11-30,at_or_after_reference,election,City of Toronto,"{""event_id"":""evt_ee5715a80b5a532c8b778d94f6b7c9b8"",""prior_candidacy"":{""candidacy_id"":""can_e0fb35c23e205537af20e765ba2718b7"",""source_authority"":""Toronto City Clerk"",""source_detail"":""data/interim/results/2022/2022_Toronto_Poll_By_Poll_Councillor.xlsx"",""source_resource"":""Elections — Official Results""},""rule"":""certified_winner_since_latest_general_in_incomplete_by_election_roster""}"
ten_396133405ac658759b5786f62f041b16,per_5fe051401d365173bc863062f15be0e2,toronto_city_council,councillor,,,unknown,2003-11-10,at_or_after_reference,election,City of Toronto,"{""entry_method"":""election"",""member_name"":""Bas Balkissoon"",""rule"":""last_valid_council_composition_before_general_election"",""source"":""wikipedia"",""source_confidence"":0.85,""source_files"":[""data/reference/roster_agent_a.txt"",""data/reference/roster_agent_b.txt""]}"
ten_39a178dd244c5920bc97192c496af2ea,per_1595883add5a5e7abb1bcdde1e768611,toronto_city_council,councillor,dst_75067961943e50e7bc3befec65166ee1,2003-11-10,election_date,2014-10-27,at_or_after_reference,election,City of Toronto,"{""member_name"":""Norman Kelly"",""rule"":""last_valid_council_composition_before_general_election"",""source"":""city_attendance"",""source_confidence"":0.95,""source_file"":""data/raw/council/attendance/councillors-meeting-attendance-2010-2014.csv""}"
ten_3a09cec572885cfe9c24b11da27ec0ff,per_4208833231b15c24b856134aa2d3708c,canada_house_of_commons,mp,dst_debd1b7ccab158c7995a4d9d222e8516,2011-05-02,election_date,2015-08-01,at_or_after_reference,election,elections_canada,"{""authority_reported_flag_used_as_review_signal_only"": true, ""current_candidacy"": {""candidacy_id"": ""can_3e8369149a16546e812f3f7e9166d090"", ""event_id"": ""ec-ge-42"", ""incumbent_reported"": true, ""source_detail"": ""https://www.elections.ca/res/rep/off/ovr2015app/41/data_donnees/pollresults_resultatsbureau35.zip""}, ""evidence_rule"": ""most_recent_prior_candidacy_elected_in_cycle_without_later_seat_winner"", ""prior_elected_candidacy"": {""candidacy_id"": ""can_718a8be393425161bd6fb44b01f62e28"", ""district_id"": ""dst_debd1b7ccab158c7995a4d9d222e8516"", ""elected"": true, ""election_date"": ""2011-05-02"", ""event_id"": ""ec-ge-41"", ""source_detail"": ""https://www.elections.ca/scripts/OVR2011/34/data_donnees/pollresults_resultatsbureau35.zip""}, ""roster_reference"": {""dissolution_date"": ""2015-08-02"", ""reference_date"": ""2015-08-01"", ""source_url"": ""https://www.elections.ca/content.aspx?dir=rep/off/sta_2015&document=p2&lang=e&section=res""}}"
ten_3a2cade387725201929a7be809f092d4,per_3bdab327ee4f56e2b4bf90257bb26641,canada_house_of_commons,mp,dst_ec7099a5f12a56dba3805f2ecfcf3f25,2014-06-30,election_date,2015-08-01,at_or_after_reference,election,elections_canada,"{""authority_reported_flag_used_as_review_signal_only"": true, ""current_candidacy"": {""candidacy_id"": ""can_bbb5b489c12652bdaa5d1ece8c00d56d"", ""event_id"": ""ec-ge-42"", ""incumbent_reported"": false, ""source_detail"": ""https://www.elections.ca/res/rep/off/ovr2015app/41/data_donnees/pollresults_resultatsbureau35.zip""}, ""evidence_rule"": ""most_recent_prior_candidacy_elected_in_cycle_without_later_seat_winner"", ""prior_elected_candidacy"": {""candidacy_id"": ""can_c551fcf020b756d3848173f97c9c4d03"", ""district_id"": ""dst_ec7099a5f12a56dba3805f2ecfcf3f25"", ""elected"": true, ""election_date"": ""2014-06-30"", ""event_id"": ""ec-be-2014-06-30"", ""source_detail"": ""https://www.elections.ca/res/rep/off/ovr_2014/csv/35095.csv | summary enrichment: https://www.elections.ca/Scripts/VIS/HistoricalResults/35095_e.html""}, ""roster_reference"": {""dissolution_date"": ""2015-08-02"", ""reference_date"": ""2015-08-01"", ""source_url"": ""https://www.elections.ca/content.aspx?dir=rep/off/sta_2015&document=p2&lang=e&section=res""}}"
ten_3a9cdb063f495421b65bd6b4b8d1be57,per_a66ff7324933544bb4a2905d0113b5d0,toronto_city_council,councillor,dst_cadba85ade8a575b894e47378c335a90,2010-10-25,election_date,2014-10-27,at_or_after_reference,election,City of Toronto,"{""member_name"":""Kristyn Wong-Tam"",""rule"":""last_valid_council_composition_before_general_election"",""source"":""city_attendance"",""source_confidence"":0.95,""source_file"":""data/raw/council/attendance/councillors-meeting-attendance-2010-2014.csv""}"
ten_3aea3af943ab522284fd6daf4ab9039c,per_6e69f959e7b6537bb4bb95220d6f82d9,canada_house_of_commons,mp,dst_ef7ed07caafd51908684e20f9c3976d3,2011-05-02,election_date,2015-08-01,at_or_after_reference,election,elections_canada,"{""authority_reported_flag_used_as_review_signal_only"": true, ""current_candidacy"": {""candidacy_id"": ""can_79d312b1c96a50fe8c539f8074904f94"", ""event_id"": ""ec-ge-42"", ""incumbent_reported"": true, ""source_detail"": ""https://www.elections.ca/res/rep/off/ovr2015app/41/data_donnees/pollresults_resultatsbureau35.zip""}, ""evidence_rule"": ""most_recent_prior_candidacy_elected_in_cycle_without_later_seat_winner"", ""prior_elected_candidacy"": {""candidacy_id"": ""can_6dc95e58dbe65bcf898fabf43cea5cd9"", ""district_id"": ""dst_ef7ed07caafd51908684e20f9c3976d3"", ""elected"": true, ""election_date"": ""2011-05-02"", ""event_id"": ""ec-ge-41"", ""source_detail"": ""https://www.elections.ca/scripts/OVR2011/34/data_donnees/pollresults_resultatsbureau35.zip""}, ""roster_reference"": {""dissolution_date"": ""2015-08-02"", ""reference_date"": ""2015-08-01"", ""source_url"": ""https://www.elections.ca/content.aspx?dir=rep/off/sta_2015&document=p2&lang=e&section=res""}}"
ten_3c4a21a2bcf155cc9b1a9104ff5d03c2,per_247212de46b050cda328eb649ffaf5d3,toronto_city_council,councillor,dst_3b4e2345db0d588992443168b5ca4a7b,2003-11-10,election_date,2006-11-13,at_or_after_reference,election,City of Toronto,"{""entry_method"":""election"",""member_name"":""Joe Mihevc"",""rule"":""last_valid_council_composition_before_general_election"",""source"":""wikipedia"",""source_confidence"":0.85,""source_files"":[""data/reference/roster_agent_a.txt"",""data/reference/roster_agent_b.txt""]}"
ten_3c54000c0a295fb0a54e237212524485,per_4df1127545935df6850849e0b72a8759,toronto_city_council,councillor,dst_5c72aa93cccc58429c93ba95b025805f,2022-10-24,election_date,2025-09-29,at_or_after_reference,election,City of Toronto,"{""event_id"":""evt_ca435dada07f5ed9b041b7c3d24de732"",""prior_candidacy"":{""candidacy_id"":""can_65ba2cff1113567da004dd917ba8ef28"",""source_authority"":""Toronto City Clerk"",""source_detail"":""data/interim/results/2022/2022_Toronto_Poll_By_Poll_Councillor.xlsx"",""source_resource"":""Elections — Official Results""},""rule"":""certified_winner_since_latest_general_in_incomplete_by_election_roster""}"
ten_3cf3f21638345359b74b540b5d50cf96,per_1b7f774773f25d30bee28ee91187ca3d,toronto_city_council,councillor,dst_db2a1e74395b5a2495c8e09b2b657457,2014-10-27,election_date,2018-10-22,at_or_after_reference,election,City of Toronto,"{""member_name"":""Frank Di Giorgio"",""rule"":""last_valid_council_composition_before_general_election"",""source"":""city_attendance"",""source_confidence"":0.95,""source_file"":""data/raw/council/attendance/councillors-meeting-attendance-2014-2018.csv""}"
ten_3d486b873f215a8ba32d0498e09617a9,per_69529146105a5d85ae577db19104ceed,toronto_city_council,councillor,dst_ed645d04bcf55406ba30df00b1b967c9,2014-10-27,election_date,2017-02-13,at_or_after_reference,election,City of Toronto,"{""event_id"":""evt_b8284a5341635f79babdf7ddc512c2f6"",""prior_candidacy"":{""candidacy_id"":""can_5cf9914b09975c18bcc88e097347be1b"",""source_authority"":""Toronto City Clerk"",""source_detail"":""data/interim/results/2014/COUNCILLOR.xls"",""source_resource"":""Elections — Official Results""},""rule"":""certified_winner_since_latest_general_in_incomplete_by_election_roster""}"
ten_3e04a93d26695ddb88f0f8aaf744ee3a,per_4c6393b083ee5c5da1ef1427456bc19b,toronto_city_council,councillor,,,unknown,2003-11-10,at_or_after_reference,election,City of Toronto,"{""entry_method"":""election"",""member_name"":""Kyle Rae"",""rule"":""last_valid_council_composition_before_general_election"",""source"":""wikipedia"",""source_confidence"":0.85,""source_files"":[""data/reference/roster_agent_a.txt"",""data/reference/roster_agent_b.txt""]}"
ten_3e3be9172b4456da870b1ae9dc1fa967,per_195d8880a189532cad9b323cb5260687,toronto_city_council,councillor,dst_87d79f1462925e15ab3b2530ba681b50,2014-10-27,election_date,2016-07-25,at_or_after_reference,election,City of Toronto,"{""event_id"":""evt_552c4874312956ae84afbbc5ee91b0f7"",""prior_candidacy"":{""candidacy_id"":""can_88b3844764dd5dd88e82c008ea736c9f"",""source_authority"":""Toronto City Clerk"",""source_detail"":""data/interim/results/2014/COUNCILLOR.xls"",""source_resource"":""Elections — Official Results""},""rule"":""certified_winner_since_latest_general_in_incomplete_by_election_roster""}"
ten_3e85fe00a0c15a0bb83d35f32fe84c30,per_9b5f9e3c202a5425881c5e952e7e2e46,ontario_legislative_assembly,mpp,dst_fe750437123358eb9afba22a5ba15763,,unknown,2003-09-01,at_or_after_reference,unknown,elections_ontario,https://results.elections.on.ca/api/report-groups/5/report-outputs/521/csv;https://results.elections.on.ca/api/report-groups/5/report-outputs/514/csv;https://results.elections.on.ca/api/report-groups/5/report-outputs/519/csv
ten_3eb01049b1b452e5be32089f2fdc3c31,per_3f72f66a6a385b0eae3279e7de8d12a0,toronto_city_council,councillor,dst_12048d7958395aa296f47b0f7a4c315f,2022-10-24,election_date,2024-11-04,at_or_after_reference,election,City of Toronto,"{""event_id"":""evt_af73d490abf95ffdae38ca2c830e51f4"",""prior_candidacy"":{""candidacy_id"":""can_86b4a8b96048544897930f1f1cd40336"",""source_authority"":""Toronto City Clerk"",""source_detail"":""data/interim/results/2022/2022_Toronto_Poll_By_Poll_Councillor.xlsx"",""source_resource"":""Elections — Official Results""},""rule"":""certified_winner_since_latest_general_in_incomplete_by_election_roster""}"
ten_3f190aa012c3581c9589809761f4ffb8,per_2a01a0cc36c756e097e174940ed0eb78,toronto_city_council,councillor,dst_6afdd28db1b85bf2a12cbb33b215efb9,2022-10-24,election_date,2023-11-30,at_or_after_reference,election,City of Toronto,"{""event_id"":""evt_ee5715a80b5a532c8b778d94f6b7c9b8"",""prior_candidacy"":{""candidacy_id"":""can_5d3cda342f5d5ce9a7bcb18578d4c2b7"",""source_authority"":""Toronto City Clerk"",""source_detail"":""data/interim/results/2022/2022_Toronto_Poll_By_Poll_Councillor.xlsx"",""source_resource"":""Elections — Official Results""},""rule"":""certified_winner_since_latest_general_in_incomplete_by_election_roster""}"
ten_3f3390714e3754a0b64762a42387269f,per_656bf9ee8956529195719d111d5fe53d,ontario_legislative_assembly,mpp,dst_de8896ecec1953e598ce1abf270369d8,,unknown,2003-09-01,at_or_after_reference,unknown,elections_ontario,https://results.elections.on.ca/api/report-groups/5/report-outputs/521/csv;https://results.elections.on.ca/api/report-groups/5/report-outputs/514/csv;https://results.elections.on.ca/api/report-groups/5/report-outputs/519/csv
ten_401cdfdcf8ba58e18ba3a85e2ace5bfb,per_d6e9f3947fda53a490136416df97c3cf,toronto_city_council,councillor,dst_f1bb08a02f0c53efbe59d0a3ec00be31,2018-10-22,election_date,2021-01-15,at_or_after_reference,election,City of Toronto,"{""event_id"":""evt_50c15fe55fa753fba75abfada8da3c38"",""prior_candidacy"":{""candidacy_id"":""can_44edb32c95a155788c97ba51aab252a9"",""source_authority"":""Toronto City Clerk"",""source_detail"":""data/interim/results/2018/2018_Toronto_Poll_By_Poll_Councillor.xlsx"",""source_resource"":""Elections — Official Results""},""rule"":""certified_winner_since_latest_general_in_incomplete_by_election_roster""}"
ten_40cb34ac8dc45f08ba28ef048f3c8a81,per_69529146105a5d85ae577db19104ceed,toronto_city_council,councillor,dst_262b1fe4f5215500ae024ee7e01c0912,2018-10-22,election_date,2022-10-24,at_or_after_reference,election,City of Toronto,"{""member_name"":""Josh Matlow"",""rule"":""last_valid_council_composition_before_general_election"",""source"":""city_attendance"",""source_confidence"":0.95,""source_file"":""data/raw/council/attendance/councillors-meeting-attendance-2018-2022.csv""}"
ten_415be8afa60051ada389dafab7538fe5,per_357da703cf82545ea2598a1fa5d578f5,ontario_legislative_assembly,mpp,dst_2cbf818bc67f5a5f877ca38678ed9710,,unknown,2022-05-02,at_or_after_reference,unknown,elections_ontario,https://results.elections.on.ca/api/report-groups/45/report-outputs/1050/csv;https://results.elections.on.ca/api/report-groups/45/report-outputs/1043/csv;https://results.elections.on.ca/api/report-groups/45/report-outputs/1048/csv
ten_419905b44ba157c8a9f20de62b461ff2,per_d45bd0a80a1f534789b44389acf113d4,ontario_legislative_assembly,mpp,dst_6a40f492123c5272963a2bce94c8e1ce,,unknown,2007-09-09,at_or_after_reference,unknown,elections_ontario,https://results.elections.on.ca/api/report-groups/4/report-outputs/510/csv;https://results.elections.on.ca/api/report-groups/4/report-outputs/503/csv;https://results.elections.on.ca/api/report-groups/4/report-outputs/508/csv
ten_422d9fb148d75638807431daa44d7d81,per_e9a2e6c0447d5f55a6bf9432a4d49352,canada_house_of_commons,mp,dst_bb77fc5619885389a2d08772ad5572cc,2011-05-02,election_date,2015-08-01,at_or_after_reference,election,elections_canada,"{""authority_reported_flag_used_as_review_signal_only"": true, ""current_candidacy"": {""candidacy_id"": ""can_d073fa646eba50858982c47e4508861d"", ""event_id"": ""ec-ge-42"", ""incumbent_reported"": true, ""source_detail"": ""https://www.elections.ca/res/rep/off/ovr2015app/41/data_donnees/pollresults_resultatsbureau35.zip""}, ""evidence_rule"": ""most_recent_prior_candidacy_elected_in_cycle_without_later_seat_winner"", ""prior_elected_candidacy"": {""candidacy_id"": ""can_62babd2b3ab65ad2afbc87b2690cc4e2"", ""district_id"": ""dst_bb77fc5619885389a2d08772ad5572cc"", ""elected"": true, ""election_date"": ""2011-05-02"", ""event_id"": ""ec-ge-41"", ""source_detail"": ""https://www.elections.ca/scripts/OVR2011/34/data_donnees/pollresults_resultatsbureau35.zip""}, ""roster_reference"": {""dissolution_date"": ""2015-08-02"", ""reference_date"": ""2015-08-01"", ""source_url"": ""https://www.elections.ca/content.aspx?dir=rep/off/sta_2015&document=p2&lang=e&section=res""}}"
ten_427258edd81e58e3bffb429f78f94fa4,per_1b7f774773f25d30bee28ee91187ca3d,toronto_city_council,councillor,dst_db2a1e74395b5a2495c8e09b2b657457,2014-10-27,election_date,2016-07-25,at_or_after_reference,election,City of Toronto,"{""event_id"":""evt_552c4874312956ae84afbbc5ee91b0f7"",""prior_candidacy"":{""candidacy_id"":""can_f66d11996c9953d482f85412301184e8"",""source_authority"":""Toronto City Clerk"",""source_detail"":""data/interim/results/2014/COUNCILLOR.xls"",""source_resource"":""Elections — Official Results""},""rule"":""certified_winner_since_latest_general_in_incomplete_by_election_roster""}"
ten_42811230a3c9538bbda7f388232e7784,per_4efd8e2fcc8059f295f7695304fffcf6,ontario_legislative_assembly,mpp,dst_d33de5b4757e5083abf2e07cb88b096d,,unknown,2011-09-06,at_or_after_reference,unknown,elections_ontario,https://results.elections.on.ca/api/report-groups/3/report-outputs/499/csv;https://results.elections.on.ca/api/report-groups/3/report-outputs/492/csv;https://results.elections.on.ca/api/report-groups/3/report-outputs/497/csv
ten_43c9ee59a4c35bc3a47711679ff6f2c1,per_59833f8a8e695df29b74149f280fb3fa,canada_house_of_commons,mp,dst_ce61b4f9d4415f01b36f187f572a4a63,2008-10-14,election_date,2011-03-25,at_or_after_reference,election,elections_canada,"{""authority_reported_flag_used_as_review_signal_only"": true, ""current_candidacy"": {""candidacy_id"": ""can_af1118f88aa453d998d2822fda682900"", ""event_id"": ""ec-ge-41"", ""incumbent_reported"": true, ""source_detail"": ""https://www.elections.ca/scripts/OVR2011/34/data_donnees/pollresults_resultatsbureau35.zip""}, ""evidence_rule"": ""most_recent_prior_candidacy_elected_in_cycle_without_later_seat_winner"", ""prior_elected_candidacy"": {""candidacy_id"": ""can_9c4a91d4b0555b2f805f725f246d42f5"", ""district_id"": ""dst_ce61b4f9d4415f01b36f187f572a4a63"", ""elected"": true, ""election_date"": ""2008-10-14"", ""event_id"": ""ec-ge-40"", ""source_detail"": ""https://www.elections.ca/scripts/OVR2008/31/data/pollresults_resultatsbureau35.zip""}, ""roster_reference"": {""dissolution_date"": ""2011-03-26"", ""reference_date"": ""2011-03-25"", ""source_url"": ""https://www.elections.ca/res/rep/off/sta_2011/stat_report2011_e.pdf""}}"
ten_43f93e8cd84550089420d9d7084c2308,per_2fb6471dcbf154d8b6ce816e8cf7fdd7,toronto_city_council,councillor,dst_cbc5fa1093f05782bf1df8718d039d95,2014-10-27,election_date,2018-10-22,at_or_after_reference,election,City of Toronto,"{""member_name"":""John Campbell"",""rule"":""last_valid_council_composition_before_general_election"",""source"":""city_attendance"",""source_confidence"":0.95,""source_file"":""data/raw/council/attendance/councillors-meeting-attendance-2014-2018.csv""}"
ten_44115c6826b8500a8eceffa0f0513658,per_c3a5a68980145a11b4ff0e9887b85bf1,canada_house_of_commons,mp,dst_878cfa42201351ad99822c60455d318f,2015-10-19,election_date,2019-09-10,at_or_after_reference,election,elections_canada,"{""authority_reported_flag_used_as_review_signal_only"": true, ""current_candidacy"": {""candidacy_id"": ""can_46821c0391605b56bab017cb4d1671d8"", ""event_id"": ""ec-ge-43"", ""incumbent_reported"": true, ""source_detail"": ""https://www.elections.ca/res/rep/off/ovr2019app/51/data_donnees/pollresults_resultatsbureau35.zip""}, ""evidence_rule"": ""most_recent_prior_candidacy_elected_in_cycle_without_later_seat_winner"", ""prior_elected_candidacy"": {""candidacy_id"": ""can_d88b28c60e1152bcb7582bbe5ab95232"", ""district_id"": ""dst_878cfa42201351ad99822c60455d318f"", ""elected"": true, ""election_date"": ""2015-10-19"", ""event_id"": ""ec-ge-42"", ""source_detail"": ""https://www.elections.ca/res/rep/off/ovr2015app/41/data_donnees/pollresults_resultatsbureau35.zip""}, ""roster_reference"": {""dissolution_date"": ""2019-09-11"", ""reference_date"": ""2019-09-10"", ""source_url"": ""https://www.elections.ca/content.aspx?dir=rep/off/sta_ge43&document=p2&lang=e&section=res""}}"
ten_44f3832596d652b2809468cb22092e95,per_61ea362c84225861ba1061353851ae2e,canada_house_of_commons,mp,dst_ef77e3385fda5e2ca1a3f5d4f80e7ed9,2011-05-02,election_date,2015-08-01,at_or_after_reference,election,elections_canada,"{""authority_reported_flag_used_as_review_signal_only"": true, ""current_candidacy"": {""candidacy_id"": ""can_3a9e0b022e3a5058a191995f41bf1567"", ""event_id"": ""ec-ge-42"", ""incumbent_reported"": true, ""source_detail"": ""https://www.elections.ca/res/rep/off/ovr2015app/41/data_donnees/pollresults_resultatsbureau35.zip""}, ""evidence_rule"": ""most_recent_prior_candidacy_elected_in_cycle_without_later_seat_winner"", ""prior_elected_candidacy"": {""candidacy_id"": ""can_2bbec15b7e7159c8be040b3048a57706"", ""district_id"": ""dst_ef77e3385fda5e2ca1a3f5d4f80e7ed9"", ""elected"": true, ""election_date"": ""2011-05-02"", ""event_id"": ""ec-ge-41"", ""source_detail"": ""https://www.elections.ca/scripts/OVR2011/34/data_donnees/pollresults_resultatsbureau35.zip""}, ""roster_reference"": {""dissolution_date"": ""2015-08-02"", ""reference_date"": ""2015-08-01"", ""source_url"": ""https://www.elections.ca/content.aspx?dir=rep/off/sta_2015&document=p2&lang=e&section=res""}}"
ten_4580cb5acc8c5f83b6a3b353ae882fcc,per_211bedcdfcb3585bb14c7398b52068f7,toronto_city_council,councillor,dst_5f3aaa13834b5789bb51c95425758d51,2014-10-27,election_date,2018-10-22,at_or_after_reference,election,City of Toronto,"{""member_name"":""Josh Colle"",""rule"":""last_valid_council_composition_before_general_election"",""source"":""city_attendance"",""source_confidence"":0.95,""source_file"":""data/raw/council/attendance/councillors-meeting-attendance-2014-2018.csv""}"
ten_4619793c729d523da0eeaebc2eef49a7,per_4208833231b15c24b856134aa2d3708c,canada_house_of_commons,mp,dst_91d049e056e05c6c855c5ba55a458282,2015-10-19,election_date,2019-09-10,at_or_after_reference,election,elections_canada,"{""authority_reported_flag_used_as_review_signal_only"": true, ""current_candidacy"": {""candidacy_id"": ""can_0dd1cfa140f6538db905f0244426876c"", ""event_id"": ""ec-ge-43"", ""incumbent_reported"": true, ""source_detail"": ""https://www.elections.ca/res/rep/off/ovr2019app/51/data_donnees/pollresults_resultatsbureau35.zip""}, ""evidence_rule"": ""most_recent_prior_candidacy_elected_in_cycle_without_later_seat_winner"", ""prior_elected_candidacy"": {""candidacy_id"": ""can_3e8369149a16546e812f3f7e9166d090"", ""district_id"": ""dst_91d049e056e05c6c855c5ba55a458282"", ""elected"": true, ""election_date"": ""2015-10-19"", ""event_id"": ""ec-ge-42"", ""source_detail"": ""https://www.elections.ca/res/rep/off/ovr2015app/41/data_donnees/pollresults_resultatsbureau35.zip""}, ""roster_reference"": {""dissolution_date"": ""2019-09-11"", ""reference_date"": ""2019-09-10"", ""source_url"": ""https://www.elections.ca/content.aspx?dir=rep/off/sta_ge43&document=p2&lang=e&section=res""}}"
ten_4665ea700d505260bc33269b2e55f4af,per_1595883add5a5e7abb1bcdde1e768611,toronto_city_council,councillor,dst_75067961943e50e7bc3befec65166ee1,2003-11-10,election_date,2010-10-25,at_or_after_reference,election,City of Toronto,"{""member_name"":""Norman Kelly"",""rule"":""last_valid_council_composition_before_general_election"",""source"":""city_attendance"",""source_confidence"":0.95,""source_file"":""data/raw/council/attendance/councillors-meeting-attendance-2006-2010.csv""}"
ten_466867d452de5a6aa828ee7f0afb884f,per_54481263a78854f5aa3384594f5b8202,toronto_city_council,councillor,,,unknown,2010-10-25,at_or_after_reference,unknown,City of Toronto,"{""member_name"":""Mike Feldman"",""rule"":""last_valid_council_composition_before_general_election"",""source"":""city_attendance"",""source_confidence"":0.95,""source_file"":""data/raw/council/attendance/councillors-meeting-attendance-2006-2010.csv""}"
ten_468d1896fedd56bf9354cf55139993e4,per_bb140e42ff6750dc95adfa2785ffef68,toronto_city_council,councillor,dst_f6f1ed0519d9529797756178682c5516,2022-10-24,election_date,2023-11-30,at_or_after_reference,election,City of Toronto,"{""event_id"":""evt_ee5715a80b5a532c8b778d94f6b7c9b8"",""prior_candidacy"":{""candidacy_id"":""can_c548d94f94645c55a4db7a82d9ccc7f8"",""source_authority"":""Toronto City Clerk"",""source_detail"":""data/interim/results/2022/2022_Toronto_Poll_By_Poll_Councillor.xlsx"",""source_resource"":""Elections — Official Results""},""rule"":""certified_winner_since_latest_general_in_incomplete_by_election_roster""}"
ten_46a0cbc2897456c59cc152d20e2f40cd,per_77139d6966a253d4aa08b6ac8c31c3c4,toronto_city_council,councillor,dst_9203cbbfeedb5dc2a34e5767ba3dfc5d,2006-11-13,election_date,2010-10-25,at_or_after_reference,election,City of Toronto,"{""member_name"":""Ron Moeser"",""rule"":""last_valid_council_composition_before_general_election"",""source"":""city_attendance"",""source_confidence"":0.95,""source_file"":""data/raw/council/attendance/councillors-meeting-attendance-2006-2010.csv""}"
ten_46b3e935cfa7506487bfaf8ea85e6715,per_ba02ae8a21845a909019f9602334e504,ontario_legislative_assembly,mpp,dst_48b998ce4b4552258fb7a504f9201dbd,,unknown,2003-09-01,at_or_after_reference,unknown,elections_ontario,https://results.elections.on.ca/api/report-groups/5/report-outputs/521/csv;https://results.elections.on.ca/api/report-groups/5/report-outputs/514/csv;https://results.elections.on.ca/api/report-groups/5/report-outputs/519/csv
ten_46c760b96ca151288154060ae61b87de,per_fb6a517ea8b55026b7d6afdf59820e53,toronto_city_council,councillor,dst_0f93f253dfbb539ab9479b9040f2574b,2022-10-24,election_date,2023-11-30,at_or_after_reference,election,City of Toronto,"{""event_id"":""evt_ee5715a80b5a532c8b778d94f6b7c9b8"",""prior_candidacy"":{""candidacy_id"":""can_933ed8a454ba5127a1f53e6f4b508546"",""source_authority"":""Toronto City Clerk"",""source_detail"":""data/interim/results/2022/2022_Toronto_Poll_By_Poll_Councillor.xlsx"",""source_resource"":""Elections — Official Results""},""rule"":""certified_winner_since_latest_general_in_incomplete_by_election_roster""}"
ten_46c8f9acd1775cd69c6d946e9deea4f0,per_6e5752eafaac5fc89c476fd62ca84f0b,toronto_city_council,councillor,,,unknown,2018-10-22,at_or_after_reference,appointment,City of Toronto,"{""entry_method"":""appointment"",""last_holder_reconciliation"":{""former_member"":""Ron Moeser"",""last_holder"":""Jim Hart"",""source"":""https://www.toronto.ca/legdocs/mmis/2019/ex/bgrd/backgroundfile-131208.pdf""},""member_name"":""Jim Hart"",""rule"":""last_valid_council_composition_before_general_election"",""source"":""city_voting"",""source_confidence"":0.9,""source_file"":""data/raw/council/voting/member-voting-record-2014-2018.csv""}"
ten_46f6f84e83e6558ab9f7e3bfbdda73f9,per_f43071f7a8d95740a4fcc8890b28d327,toronto_city_council,councillor,dst_9a2b60e0545d5eba9361d07a574fe57e,2010-10-25,election_date,2014-10-27,at_or_after_reference,election,City of Toronto,"{""member_name"":""Cesar Palacio"",""rule"":""last_valid_council_composition_before_general_election"",""source"":""city_attendance"",""source_confidence"":0.95,""source_file"":""data/raw/council/attendance/councillors-meeting-attendance-2010-2014.csv""}"
ten_471131914da3568485b97fe19e30ed9e,per_3f72f66a6a385b0eae3279e7de8d12a0,toronto_city_council,councillor,dst_837f66e6bedf5a759e23b36ee0594137,2014-10-27,election_date,2016-07-25,at_or_after_reference,election,City of Toronto,"{""event_id"":""evt_552c4874312956ae84afbbc5ee91b0f7"",""prior_candidacy"":{""candidacy_id"":""can_856d4ee5096e513396905274d05cf7f7"",""source_authority"":""Toronto City Clerk"",""source_detail"":""data/interim/results/2014/COUNCILLOR.xls"",""source_resource"":""Elections — Official Results""},""rule"":""certified_winner_since_latest_general_in_incomplete_by_election_roster""}"
ten_47eec23ee0985a5387c70d576fbbc1a3,per_85286126260c5826bb10831e39d8b19f,toronto_city_council,councillor,dst_0c7514aa1b09538184e94ea59745d5e1,2006-11-13,election_date,2010-10-25,at_or_after_reference,election,City of Toronto,"{""member_name"":""Rob Ford"",""rule"":""last_valid_council_composition_before_general_election"",""source"":""city_attendance"",""source_confidence"":0.95,""source_file"":""data/raw/council/attendance/councillors-meeting-attendance-2006-2010.csv""}"
ten_4822b67b2e145b43afedf49ed4c13f9f,per_8bdaf9064ad85af19ce437be9cb5e447,ontario_legislative_assembly,mpp,dst_c74bf4468b2858f4b8982c65d2d33ff3,,unknown,2003-09-01,at_or_after_reference,unknown,elections_ontario,https://results.elections.on.ca/api/report-groups/5/report-outputs/521/csv;https://results.elections.on.ca/api/report-groups/5/report-outputs/514/csv;https://results.elections.on.ca/api/report-groups/5/report-outputs/519/csv
ten_492cfa61e59f5b9f8c67c87f4d650292,per_e42110d6d55c5145b6ff91e7169bffae,toronto_city_council,councillor,dst_13b8f4a8ddbd5f0c83aeb4276c97a385,2018-10-22,election_date,2021-01-15,at_or_after_reference,election,City of Toronto,"{""event_id"":""evt_50c15fe55fa753fba75abfada8da3c38"",""prior_candidacy"":{""candidacy_id"":""can_a9d93ea575e9511aad1985615dbd47f9"",""source_authority"":""Toronto City Clerk"",""source_detail"":""data/interim/results/2018/2018_Toronto_Poll_By_Poll_Councillor.xlsx"",""source_resource"":""Elections — Official Results""},""rule"":""certified_winner_since_latest_general_in_incomplete_by_election_roster""}"
ten_49915b47edd05e4b98f239342034ba76,per_841695362d0b5f5b9318600f3b63942c,ontario_legislative_assembly,mpp,dst_f859722e9b2a59ee915f9aa0b247fd16,,unknown,2022-05-02,at_or_after_reference,unknown,elections_ontario,https://results.elections.on.ca/api/report-groups/45/report-outputs/1050/csv;https://results.elections.on.ca/api/report-groups/45/report-outputs/1043/csv;https://results.elections.on.ca/api/report-groups/45/report-outputs/1048/csv
ten_4a2a0c43e11e5ef485b0e3a582b51001,per_4569490f5d825a0ca8c7320b499d8090,toronto_city_council,councillor,dst_9288c6aab4795f139c7675b676e373d5,2022-10-24,election_date,2023-11-30,at_or_after_reference,election,City of Toronto,"{""event_id"":""evt_ee5715a80b5a532c8b778d94f6b7c9b8"",""prior_candidacy"":{""candidacy_id"":""can_a2952161428d58a396a575a9854b7616"",""source_authority"":""Toronto City Clerk"",""source_detail"":""data/interim/results/2022/2022_Toronto_Poll_By_Poll_Councillor.xlsx"",""source_resource"":""Elections — Official Results""},""rule"":""certified_winner_since_latest_general_in_incomplete_by_election_roster""}"
ten_4a74487413f25d6593f6030142c318b2,per_cb9a349d2c375d6ca82d06405b9986e0,toronto_city_council,councillor,dst_491164fd0e3a5cdeb806be882bf66569,2022-10-24,election_date,2024-11-04,at_or_after_reference,election,City of Toronto,"{""event_id"":""evt_af73d490abf95ffdae38ca2c830e51f4"",""prior_candidacy"":{""candidacy_id"":""can_d125264a62a05127bf0f0b53de4f9601"",""source_authority"":""Toronto City Clerk"",""source_detail"":""data/interim/results/2022/2022_Toronto_Poll_By_Poll_Councillor.xlsx"",""source_resource"":""Elections — Official Results""},""rule"":""certified_winner_since_latest_general_in_incomplete_by_election_roster""}"
ten_4a8b28616ba0563eada7fee8706edf41,per_bae4184cf53b5159b67beb668a0d26f4,toronto_city_council,councillor,dst_3c9bf8c508835550a695467bd818fd5e,2014-10-27,election_date,2016-07-25,at_or_after_reference,election,City of Toronto,"{""event_id"":""evt_552c4874312956ae84afbbc5ee91b0f7"",""prior_candidacy"":{""candidacy_id"":""can_0b72337b5b825b818ba68a7ade63fd0c"",""source_authority"":""Toronto City Clerk"",""source_detail"":""data/interim/results/2014/COUNCILLOR.xls"",""source_resource"":""Elections — Official Results""},""rule"":""certified_winner_since_latest_general_in_incomplete_by_election_roster""}"
ten_4b066996303d559093481f91458f9116,per_d476ff1e2e605a88914636edbdfcb79a,toronto_city_council,councillor,,,unknown,2003-11-10,at_or_after_reference,election,City of Toronto,"{""entry_method"":""election"",""member_name"":""Frances Nunziata"",""rule"":""last_valid_council_composition_before_general_election"",""source"":""wikipedia"",""source_confidence"":0.85,""source_files"":[""data/reference/roster_agent_a.txt"",""data/reference/roster_agent_b.txt""]}"
ten_4b646a7f4b5851e88dd1c9658a2358a4,per_3ec6d8e61c565378ae90753ba7c51ab9,ontario_legislative_assembly,mpp,dst_134a3ad2307d5f9bbc7de7d82e379b52,,unknown,2007-09-09,at_or_after_reference,unknown,elections_ontario,https://results.elections.on.ca/api/report-groups/4/report-outputs/510/csv;https://results.elections.on.ca/api/report-groups/4/report-outputs/503/csv;https://results.elections.on.ca/api/report-groups/4/report-outputs/508/csv
ten_4c0062e257e95ce1826f40334d3be24f,per_013de966bb2c56608e603464c752c310,canada_house_of_commons,mp,dst_43256155db1e5c15bf0388fbe1fcb147,2008-10-14,election_date,2011-03-25,at_or_after_reference,election,elections_canada,"{""authority_reported_flag_used_as_review_signal_only"": true, ""current_candidacy"": {""candidacy_id"": ""can_0e734458c63851d0b5af4bbae7650a9f"", ""event_id"": ""ec-ge-41"", ""incumbent_reported"": true, ""source_detail"": ""https://www.elections.ca/scripts/OVR2011/34/data_donnees/pollresults_resultatsbureau35.zip""}, ""evidence_rule"": ""most_recent_prior_candidacy_elected_in_cycle_without_later_seat_winner"", ""prior_elected_candidacy"": {""candidacy_id"": ""can_aeb51fa41e5656d6a203763057b2eb5d"", ""district_id"": ""dst_43256155db1e5c15bf0388fbe1fcb147"", ""elected"": true, ""election_date"": ""2008-10-14"", ""event_id"": ""ec-ge-40"", ""source_detail"": ""https://www.elections.ca/scripts/OVR2008/31/data/pollresults_resultatsbureau35.zip""}, ""roster_reference"": {""dissolution_date"": ""2011-03-26"", ""reference_date"": ""2011-03-25"", ""source_url"": ""https://www.elections.ca/res/rep/off/sta_2011/stat_report2011_e.pdf""}}"
ten_4c2cc4f92b765bbb94eed7d8788713f5,per_2fb6471dcbf154d8b6ce816e8cf7fdd7,toronto_city_council,councillor,dst_cbc5fa1093f05782bf1df8718d039d95,2014-10-27,election_date,2016-07-25,at_or_after_reference,election,City of Toronto,"{""event_id"":""evt_552c4874312956ae84afbbc5ee91b0f7"",""prior_candidacy"":{""candidacy_id"":""can_0cfdf019986053d3b8d100be96affc39"",""source_authority"":""Toronto City Clerk"",""source_detail"":""data/interim/results/2014/COUNCILLOR.xls"",""source_resource"":""Elections — Official Results""},""rule"":""certified_winner_since_latest_general_in_incomplete_by_election_roster""}"
ten_4c5e3940b4fe5e73a3d874794f7e8e38,per_2a40024702fe5eff894a5f894cec0f0d,toronto_city_council,councillor,dst_388c245b76105b2ab99da1f16784e7b8,2003-11-10,election_date,2006-11-13,at_or_after_reference,election,City of Toronto,"{""entry_method"":""election"",""member_name"":""Peter Li Preti"",""rule"":""last_valid_council_composition_before_general_election"",""source"":""wikipedia"",""source_confidence"":0.85,""source_files"":[""data/reference/roster_agent_a.txt"",""data/reference/roster_agent_b.txt""]}"
ten_4db2c49a783a532eb0e949e635649bf9,per_1b7f774773f25d30bee28ee91187ca3d,toronto_city_council,councillor,dst_db2a1e74395b5a2495c8e09b2b657457,2014-10-27,election_date,2017-02-13,at_or_after_reference,election,City of Toronto,"{""event_id"":""evt_b8284a5341635f79babdf7ddc512c2f6"",""prior_candidacy"":{""candidacy_id"":""can_f66d11996c9953d482f85412301184e8"",""source_authority"":""Toronto City Clerk"",""source_detail"":""data/interim/results/2014/COUNCILLOR.xls"",""source_resource"":""Elections — Official Results""},""rule"":""certified_winner_since_latest_general_in_incomplete_by_election_roster""}"
ten_4e2143a09911552f8e15eae572c03153,per_cacdaf09421e5b0e98d0138141449f29,toronto_city_council,councillor,dst_14a751bcf5d35757811c5ea6866f31b0,2018-10-22,election_date,2022-10-24,at_or_after_reference,election,City of Toronto,"{""member_name"":""Denzil Minnan-Wong"",""rule"":""last_valid_council_composition_before_general_election"",""source"":""city_attendance"",""source_confidence"":0.95,""source_file"":""data/raw/council/attendance/councillors-meeting-attendance-2018-2022.csv""}"
ten_4e8bb2d041555e8f807c7e1f033cf79f,per_247212de46b050cda328eb649ffaf5d3,toronto_city_council,councillor,dst_3b4e2345db0d588992443168b5ca4a7b,2014-10-27,election_date,2022-10-24,at_or_after_reference,election,City of Toronto,"{""entry_method"":""appointment"",""last_holder_reconciliation"":{""former_member"":""Joe Cressy"",""last_holder"":""Joe Mihevc"",""source"":""https://www.toronto.ca/legdocs/mmis/2023/ex/bgrd/backgroundfile-235964.pdf""},""member_name"":""Joe Mihevc"",""rule"":""last_valid_council_composition_before_general_election"",""source"":""city_attendance"",""source_confidence"":0.95,""source_file"":""data/raw/council/attendance/councillors-meeting-attendance-2018-2022.csv""}"
ten_4e8e7dce15345c5d96d98c429e09611e,per_cb2a4df836305b1aac1b32d4e7144ef6,toronto_city_council,councillor,,,unknown,2003-11-10,at_or_after_reference,appointment,City of Toronto,"{""entry_method"":""appointment"",""member_name"":""Fred Dominelli"",""rule"":""last_valid_council_composition_before_general_election"",""source"":""wikipedia"",""source_confidence"":0.7,""source_files"":[""data/reference/roster_agent_a.txt"",""data/reference/roster_agent_b.txt""]}"
ten_4ea83787b2c053cf8192a8f2a241bc90,per_b565750840aa5f1d9985bd60de6c423c,toronto_city_council,councillor,,,unknown,2003-11-10,at_or_after_reference,election,City of Toronto,"{""entry_method"":""election"",""member_name"":""Raymond Cho"",""rule"":""last_valid_council_composition_before_general_election"",""source"":""wikipedia"",""source_confidence"":0.85,""source_files"":[""data/reference/roster_agent_a.txt"",""data/reference/roster_agent_b.txt""]}"
ten_4f7786c74fb35b4e878960130dcd8327,per_ed310cf4a763521c84083f6712c1b26f,ontario_legislative_assembly,mpp,dst_ee677e2faa4d5ba7be1ddee079c8f10f,,unknown,2007-09-09,at_or_after_reference,unknown,elections_ontario,https://results.elections.on.ca/api/report-groups/4/report-outputs/510/csv;https://results.elections.on.ca/api/report-groups/4/report-outputs/503/csv;https://results.elections.on.ca/api/report-groups/4/report-outputs/508/csv
ten_4fe96a8eedb65b6ca6c85b5f546bb362,per_3f72f66a6a385b0eae3279e7de8d12a0,toronto_city_council,councillor,dst_837f66e6bedf5a759e23b36ee0594137,2014-10-27,election_date,2017-02-13,at_or_after_reference,election,City of Toronto,"{""event_id"":""evt_b8284a5341635f79babdf7ddc512c2f6"",""prior_candidacy"":{""candidacy_id"":""can_856d4ee5096e513396905274d05cf7f7"",""source_authority"":""Toronto City Clerk"",""source_detail"":""data/interim/results/2014/COUNCILLOR.xls"",""source_resource"":""Elections — Official Results""},""rule"":""certified_winner_since_latest_general_in_incomplete_by_election_roster""}"
ten_4fe9f61fa0a552ff9fa2f05b03f30f3b,per_6fa2e2191a5d5c9fa141a534be4c4ab4,ontario_legislative_assembly,mpp,dst_ef485447e78d5f1aba0375247327da79,,unknown,2022-05-02,at_or_after_reference,unknown,elections_ontario,https://results.elections.on.ca/api/report-groups/45/report-outputs/1050/csv;https://results.elections.on.ca/api/report-groups/45/report-outputs/1043/csv;https://results.elections.on.ca/api/report-groups/45/report-outputs/1048/csv
ten_50b96c6582e2562dbe3588b3d91f2898,per_0fbda58a4d4d53d2882886ec2ab57599,toronto_city_council,councillor,dst_cb8f4d514c36567389345a10287e90a0,2014-10-27,election_date,2016-07-25,at_or_after_reference,election,City of Toronto,"{""event_id"":""evt_552c4874312956ae84afbbc5ee91b0f7"",""prior_candidacy"":{""candidacy_id"":""can_4a4dfb92266c547b948edc0eb0d83d8e"",""source_authority"":""Toronto City Clerk"",""source_detail"":""data/interim/results/2014/COUNCILLOR.xls"",""source_resource"":""Elections — Official Results""},""rule"":""certified_winner_since_latest_general_in_incomplete_by_election_roster""}"
ten_50e3068a8d535deca165a5fbc398bc06,per_8e95fd4f54dd5411a4ec54417b3b638d,canada_house_of_commons,mp,dst_ef77e3385fda5e2ca1a3f5d4f80e7ed9,2004-06-28,election_date,2005-11-28,at_or_after_reference,election,elections_canada,"{""authority_reported_flag_used_as_review_signal_only"": true, ""current_candidacy"": {""candidacy_id"": ""can_060bf30d61af58b6ac20480bb9e73cd3"", ""event_id"": ""ec-ge-39"", ""incumbent_reported"": true, ""source_detail"": ""https://www.elections.ca/Scripts/OVR2006/25/data_donnees/pollresults_resultatsbureau35.zip""}, ""evidence_rule"": ""most_recent_prior_candidacy_elected_in_cycle_without_later_seat_winner"", ""prior_elected_candidacy"": {""candidacy_id"": ""can_f91733aa2f2f53cbad8dd838062fb5a4"", ""district_id"": ""dst_ef77e3385fda5e2ca1a3f5d4f80e7ed9"", ""elected"": true, ""election_date"": ""2004-06-28"", ""event_id"": ""ec-ge-38"", ""source_detail"": ""https://www.elections.ca/scripts/OVR2004/23/data/ON.zip | summary enrichment: https://www.elections.ca/scripts/OVR2004/23/data/table12.csv""}, ""roster_reference"": {""dissolution_date"": ""2005-11-29"", ""reference_date"": ""2005-11-28"", ""source_url"": ""https://www.elections.ca/content.aspx?dir=rep/off/sta_2006&document=p2&lang=e&section=res""}}"
ten_51aca60ac1e757b184b236b0b32c8b2e,per_af6a15e2bea65331bd90c95def47f62f,ontario_legislative_assembly,mpp,dst_7f3aeb0d097d5496845dc69a60e2e024,,unknown,2018-05-07,at_or_after_reference,unknown,elections_ontario,https://results.elections.on.ca/api/report-groups/1/report-outputs/932/csv;https://results.elections.on.ca/api/report-groups/1/report-outputs/925/csv;https://results.elections.on.ca/api/report-groups/1/report-outputs/930/csv
ten_51c18e98ff4350beaa933d51bd338a91,per_4efd8e2fcc8059f295f7695304fffcf6,ontario_legislative_assembly,mpp,dst_4ef1e838f7185ee38a0089c30ee77903,,unknown,2003-09-01,at_or_after_reference,unknown,elections_ontario,https://results.elections.on.ca/api/report-groups/5/report-outputs/521/csv;https://results.elections.on.ca/api/report-groups/5/report-outputs/514/csv;https://results.elections.on.ca/api/report-groups/5/report-outputs/519/csv
ten_5224e6f6c5a25bddb0412da3e78572d5,per_edc75be7d8bc5006bf69f92ad1908102,toronto_city_council,councillor,,,unknown,2003-11-10,at_or_after_reference,election,City of Toronto,"{""entry_method"":""election"",""member_name"":""Howard Moscoe"",""rule"":""last_valid_council_composition_before_general_election"",""source"":""wikipedia"",""source_confidence"":0.85,""source_files"":[""data/reference/roster_agent_a.txt"",""data/reference/roster_agent_b.txt""]}"
ten_5231eca536805819a9bbe83a9d0f604c,per_6c8ba79da7cb5eb989aebcb0bb3fa5e1,canada_house_of_commons,mp,dst_a15da2272f6f5b68bc8a083f8380b0e1,2015-10-19,election_date,2019-09-10,at_or_after_reference,election,elections_canada,"{""authority_reported_flag_used_as_review_signal_only"": true, ""current_candidacy"": {""candidacy_id"": ""can_a13a8da62f0858428f34a410452a8fb3"", ""event_id"": ""ec-ge-43"", ""incumbent_reported"": true, ""source_detail"": ""https://www.elections.ca/res/rep/off/ovr2019app/51/data_donnees/pollresults_resultatsbureau35.zip""}, ""evidence_rule"": ""most_recent_prior_candidacy_elected_in_cycle_without_later_seat_winner"", ""prior_elected_candidacy"": {""candidacy_id"": ""can_e35943a6cad45bb0903a8eb29ad7843a"", ""district_id"": ""dst_a15da2272f6f5b68bc8a083f8380b0e1"", ""elected"": true, ""election_date"": ""2015-10-19"", ""event_id"": ""ec-ge-42"", ""source_detail"": ""https://www.elections.ca/res/rep/off/ovr2015app/41/data_donnees/pollresults_resultatsbureau35.zip""}, ""roster_reference"": {""dissolution_date"": ""2019-09-11"", ""reference_date"": ""2019-09-10"", ""source_url"": ""https://www.elections.ca/content.aspx?dir=rep/off/sta_ge43&document=p2&lang=e&section=res""}}"
ten_5294c2e2c6aa59be8e12686221452309,per_cfe7ac7375535c50be88361fd9360947,canada_house_of_commons,mp,dst_e1e80d04b74d5291a0bd4bb3ae75a749,2008-10-14,election_date,2011-03-25,at_or_after_reference,election,elections_canada,"{""authority_reported_flag_used_as_review_signal_only"": true, ""current_candidacy"": {""candidacy_id"": ""can_c1e3d1fbc0035fe890a4fca8892ed7fb"", ""event_id"": ""ec-ge-41"", ""incumbent_reported"": true, ""source_detail"": ""https://www.elections.ca/scripts/OVR2011/34/data_donnees/pollresults_resultatsbureau35.zip""}, ""evidence_rule"": ""most_recent_prior_candidacy_elected_in_cycle_without_later_seat_winner"", ""prior_elected_candidacy"": {""candidacy_id"": ""can_2832c6c8196950d096e9d5fd0091ff3c"", ""district_id"": ""dst_e1e80d04b74d5291a0bd4bb3ae75a749"", ""elected"": true, ""election_date"": ""2008-10-14"", ""event_id"": ""ec-ge-40"", ""source_detail"": ""https://www.elections.ca/scripts/OVR2008/31/data/pollresults_resultatsbureau35.zip""}, ""roster_reference"": {""dissolution_date"": ""2011-03-26"", ""reference_date"": ""2011-03-25"", ""source_url"": ""https://www.elections.ca/res/rep/off/sta_2011/stat_report2011_e.pdf""}}"
ten_530fa547c2d95795a076a6c3af9c4984,per_3d8c75381a6d5544ba55fe80cb5f946a,toronto_city_council,councillor,dst_cbc5fa1093f05782bf1df8718d039d95,2010-10-25,election_date,2014-10-27,at_or_after_reference,election,City of Toronto,"{""member_name"":""Gloria Lindsay Luby"",""rule"":""last_valid_council_composition_before_general_election"",""source"":""city_attendance"",""source_confidence"":0.95,""source_file"":""data/raw/council/attendance/councillors-meeting-attendance-2010-2014.csv""}"
ten_533d6f68e6645e6fb381181796364f1d,per_e42110d6d55c5145b6ff91e7169bffae,toronto_city_council,councillor,dst_13b8f4a8ddbd5f0c83aeb4276c97a385,2018-10-22,election_date,2022-10-24,at_or_after_reference,election,City of Toronto,"{""member_name"":""Ana Bailão"",""rule"":""last_valid_council_composition_before_general_election"",""source"":""city_attendance"",""source_confidence"":0.95,""source_file"":""data/raw/council/attendance/councillors-meeting-attendance-2018-2022.csv""}"
ten_536b4167fbd75d0d9606807587280d90,per_2ad28fad887850aab3f8edc1c03f90ef,ontario_legislative_assembly,mpp,dst_f4c8af3f16775eb5984390ab9a41ff59,,unknown,2007-09-09,at_or_after_reference,unknown,elections_ontario,https://results.elections.on.ca/api/report-groups/4/report-outputs/510/csv;https://results.elections.on.ca/api/report-groups/4/report-outputs/503/csv;https://results.elections.on.ca/api/report-groups/4/report-outputs/508/csv
ten_53b48df2d02e5b859c3375e034342bfe,per_247212de46b050cda328eb649ffaf5d3,toronto_city_council,councillor,dst_3b4e2345db0d588992443168b5ca4a7b,2010-10-25,election_date,2014-10-27,at_or_after_reference,election,City of Toronto,"{""member_name"":""Joe Mihevc"",""rule"":""last_valid_council_composition_before_general_election"",""source"":""city_attendance"",""source_confidence"":0.95,""source_file"":""data/raw/council/attendance/councillors-meeting-attendance-2010-2014.csv""}"
ten_53d4d3e69e9f5af2ae7ab5b49dab3cab,per_c5372e6dbb6d53df8414c2da4f9764d8,ontario_legislative_assembly,mpp,dst_fbb91282b87850498b033699527216cd,,unknown,2018-05-07,at_or_after_reference,unknown,elections_ontario,https://results.elections.on.ca/api/report-groups/1/report-outputs/932/csv;https://results.elections.on.ca/api/report-groups/1/report-outputs/925/csv;https://results.elections.on.ca/api/report-groups/1/report-outputs/930/csv
ten_540f447ae03e5da69271bf2ec2f936ab,per_e190d202b89c56e7b8085751ce0c0370,toronto_city_council,councillor,dst_48f26a0b1b85566c934f7ab1a668978d,2014-10-27,election_date,2018-10-22,at_or_after_reference,election,City of Toronto,"{""member_name"":""Glenn De Baeremaeker"",""rule"":""last_valid_council_composition_before_general_election"",""source"":""city_attendance"",""source_confidence"":0.95,""source_file"":""data/raw/council/attendance/councillors-meeting-attendance-2014-2018.csv""}"
ten_540fc0f59dda5be0b9d5560890a23e50,per_e9388d60378456ba921db61dc50c5800,ontario_legislative_assembly,mpp,dst_a30596120ac351c895db31301f5be934,,unknown,2007-09-09,at_or_after_reference,unknown,elections_ontario,https://results.elections.on.ca/api/report-groups/4/report-outputs/510/csv;https://results.elections.on.ca/api/report-groups/4/report-outputs/503/csv;https://results.elections.on.ca/api/report-groups/4/report-outputs/508/csv
ten_5414c4cc36885ea3b570a19e59593bb6,per_d87baa6a15115b7fbf1db8c7df591fc3,ontario_legislative_assembly,mpp,dst_aed6be3b8ec653c089be0939f9a28694,,unknown,2022-05-02,at_or_after_reference,unknown,elections_ontario,https://results.elections.on.ca/api/report-groups/45/report-outputs/1050/csv;https://results.elections.on.ca/api/report-groups/45/report-outputs/1043/csv;https://results.elections.on.ca/api/report-groups/45/report-outputs/1048/csv
ten_54591732df845870aaa1fd41af5767c4,per_69529146105a5d85ae577db19104ceed,toronto_city_council,councillor,dst_262b1fe4f5215500ae024ee7e01c0912,2022-10-24,election_date,2023-11-30,at_or_after_reference,election,City of Toronto,"{""event_id"":""evt_ee5715a80b5a532c8b778d94f6b7c9b8"",""prior_candidacy"":{""candidacy_id"":""can_a5a51a39a0825accaf1a1112adefeedf"",""source_authority"":""Toronto City Clerk"",""source_detail"":""data/interim/results/2022/2022_Toronto_Poll_By_Poll_Councillor.xlsx"",""source_resource"":""Elections — Official Results""},""rule"":""certified_winner_since_latest_general_in_incomplete_by_election_roster""}"
ten_548e95a978c15a12b05cec6a39ce6a8c,per_4826264c176d51b9a676838e17f3ba2d,ontario_legislative_assembly,mpp,dst_4d6fbd4575e5520c84daeb9074d3794d,,unknown,2014-05-01,at_or_after_reference,unknown,elections_ontario,https://results.elections.on.ca/api/report-groups/2/report-outputs/488/csv;https://results.elections.on.ca/api/report-groups/2/report-outputs/481/csv;https://results.elections.on.ca/api/report-groups/2/report-outputs/486/csv
ten_54cc95ccc84259c5b9ae7ddef575b8b3,per_11598fb6d485564eb5053b8787400814,toronto_city_council,councillor,dst_1ebfad83fbf45900a012836e069fe964,2022-10-24,election_date,2024-11-04,at_or_after_reference,election,City of Toronto,"{""event_id"":""evt_af73d490abf95ffdae38ca2c830e51f4"",""prior_candidacy"":{""candidacy_id"":""can_2e4aa5191b76594f88dbe6b8af5e48be"",""source_authority"":""Toronto City Clerk"",""source_detail"":""data/interim/results/2022/2022_Toronto_Poll_By_Poll_Councillor.xlsx"",""source_resource"":""Elections — Official Results""},""rule"":""certified_winner_since_latest_general_in_incomplete_by_election_roster""}"
ten_54e91d8940735669af5357999637e5ba,per_f5dca33663575f7bbbc6d7dfe8ebd464,canada_house_of_commons,mp,dst_7960c816dafd5f6a901d49e6e65f9be4,2008-03-17,election_date,2008-09-06,at_or_after_reference,election,elections_canada,"{""authority_reported_flag_used_as_review_signal_only"": true, ""current_candidacy"": {""candidacy_id"": ""can_828602c0d2da594384cc483a5e4e6627"", ""event_id"": ""ec-ge-40"", ""incumbent_reported"": true, ""source_detail"": ""https://www.elections.ca/scripts/OVR2008/31/data/pollresults_resultatsbureau35.zip""}, ""evidence_rule"": ""most_recent_prior_candidacy_elected_in_cycle_without_later_seat_winner"", ""prior_elected_candidacy"": {""candidacy_id"": ""can_d5a65eb8f51851d8bbba76cb8f4106c6"", ""district_id"": ""dst_7960c816dafd5f6a901d49e6e65f9be4"", ""elected"": true, ""election_date"": ""2008-03-17"", ""event_id"": ""ec-be-2008-03-17"", ""source_detail"": ""https://www.elections.ca/ele/pas/2008/csv/pollbypoll35100.csv | summary enrichment: https://www.elections.ca/Scripts/VIS/HistoricalResults/35100_e.html""}, ""roster_reference"": {""dissolution_date"": ""2008-09-07"", ""reference_date"": ""2008-09-06"", ""source_url"": ""https://www.elections.ca/content.aspx?dir=rep/off/sta_2008&document=p2&lang=e&section=res""}}"
ten_5504c57decef58029a1a8b55b61dfbfe,per_b8d0336603b4526bb182e6df53d7c22d,canada_house_of_commons,mp,dst_43c826d785975637a9d02ce9b68dee05,2015-10-19,election_date,2019-09-10,at_or_after_reference,election,elections_canada,"{""authority_reported_flag_used_as_review_signal_only"": true, ""current_candidacy"": {""candidacy_id"": ""can_9175c889a51f5537b77ad964d47e71ab"", ""event_id"": ""ec-ge-43"", ""incumbent_reported"": true, ""source_detail"": ""https://www.elections.ca/res/rep/off/ovr2019app/51/data_donnees/pollresults_resultatsbureau35.zip""}, ""evidence_rule"": ""most_recent_prior_candidacy_elected_in_cycle_without_later_seat_winner"", ""prior_elected_candidacy"": {""candidacy_id"": ""can_0770d5dd6271572bad759669a41c76fe"", ""district_id"": ""dst_43c826d785975637a9d02ce9b68dee05"", ""elected"": true, ""election_date"": ""2015-10-19"", ""event_id"": ""ec-ge-42"", ""source_detail"": ""https://www.elections.ca/res/rep/off/ovr2015app/41/data_donnees/pollresults_resultatsbureau35.zip""}, ""roster_reference"": {""dissolution_date"": ""2019-09-11"", ""reference_date"": ""2019-09-10"", ""source_url"": ""https://www.elections.ca/content.aspx?dir=rep/off/sta_ge43&document=p2&lang=e&section=res""}}"
ten_5547bdd8bb7f51da97792f6178186412,per_3d8c75381a6d5544ba55fe80cb5f946a,toronto_city_council,councillor,dst_cbc5fa1093f05782bf1df8718d039d95,2006-11-13,election_date,2010-10-25,at_or_after_reference,election,City of Toronto,"{""member_name"":""Gloria Lindsay Luby"",""rule"":""last_valid_council_composition_before_general_election"",""source"":""city_attendance"",""source_confidence"":0.95,""source_file"":""data/raw/council/attendance/councillors-meeting-attendance-2006-2010.csv""}"
ten_554bf01f932e525e987103e78fde8f8e,per_3e52aa435eb8566fb37510ab305dff54,toronto_city_council,councillor,dst_fdb0ec21f126579eb091e27d38a9b9c8,2006-11-13,election_date,2010-10-25,at_or_after_reference,election,City of Toronto,"{""member_name"":""Mark Grimes"",""rule"":""last_valid_council_composition_before_general_election"",""source"":""city_attendance"",""source_confidence"":0.95,""source_file"":""data/raw/council/attendance/councillors-meeting-attendance-2006-2010.csv""}"
ten_5579fe3fafc7573e9a526a9378c1e03f,per_b8c7ac1e1bdd57698d5f7955f63c2c25,toronto_city_council,councillor,dst_f6f1ed0519d9529797756178682c5516,2018-10-22,election_date,2021-01-15,at_or_after_reference,election,City of Toronto,"{""event_id"":""evt_50c15fe55fa753fba75abfada8da3c38"",""prior_candidacy"":{""candidacy_id"":""can_b52f6554caab5bc08b7deca203ffd5d5"",""source_authority"":""Toronto City Clerk"",""source_detail"":""data/interim/results/2018/2018_Toronto_Poll_By_Poll_Councillor.xlsx"",""source_resource"":""Elections — Official Results""},""rule"":""certified_winner_since_latest_general_in_incomplete_by_election_roster""}"
ten_55be8219380a5b1d9a2e6fb4197ceeb2,per_7be3d5853e13593a89a34075bd107872,ontario_legislative_assembly,mpp,dst_98ff07ac149750088a356bb6d05173ff,,unknown,2025-01-24,at_or_after_reference,unknown,elections_ontario,https://results.elections.on.ca/api/report-groups/48/report-outputs/1096/csv;https://results.elections.on.ca/api/report-groups/48/report-outputs/1089/csv;https://results.elections.on.ca/api/report-groups/48/report-outputs/1094/csv
ten_55c40c43aec6514f9b0dabd9ae5ccf6c,per_c0e1c9bb6045570b873969e4c462da62,toronto_city_council,councillor,dst_1b5001335c0158b28e0c461fc8d32fd5,2010-10-25,election_date,2014-10-27,at_or_after_reference,election,City of Toronto,"{""member_name"":""Paul Ainslie"",""rule"":""last_valid_council_composition_before_general_election"",""source"":""city_attendance"",""source_confidence"":0.95,""source_file"":""data/raw/council/attendance/councillors-meeting-attendance-2010-2014.csv""}"
ten_563d8a5fd38d5ed6bf0b3d54b2fc78ec,per_1b7f774773f25d30bee28ee91187ca3d,toronto_city_council,councillor,,,unknown,2003-11-10,at_or_after_reference,election,City of Toronto,"{""entry_method"":""election"",""member_name"":""Frank Di Giorgio"",""rule"":""last_valid_council_composition_before_general_election"",""source"":""wikipedia"",""source_confidence"":0.85,""source_files"":[""data/reference/roster_agent_a.txt"",""data/reference/roster_agent_b.txt""]}"
ten_5649783f85aa5a648acf244a3c250551,per_0fbda58a4d4d53d2882886ec2ab57599,toronto_city_council,councillor,dst_cb8f4d514c36567389345a10287e90a0,2014-10-27,election_date,2018-10-22,at_or_after_reference,election,City of Toronto,"{""member_name"":""John Filion"",""rule"":""last_valid_council_composition_before_general_election"",""source"":""city_attendance"",""source_confidence"":0.95,""source_file"":""data/raw/council/attendance/councillors-meeting-attendance-2014-2018.csv""}"
ten_56db4d80350151ce84b75cc0939010c4,per_23e90faa5b66501aa48b838f277f5608,ontario_legislative_assembly,mpp,dst_26f9b7b8a28a524f897cea3f940cbabe,,unknown,2022-05-02,at_or_after_reference,unknown,elections_ontario,https://results.elections.on.ca/api/report-groups/45/report-outputs/1050/csv;https://results.elections.on.ca/api/report-groups/45/report-outputs/1043/csv;https://results.elections.on.ca/api/report-groups/45/report-outputs/1048/csv
ten_57ac36fcaa2850bfbc35ec45f1221fd7,per_f82cc356a3c4516388273690b095fe32,toronto_city_council,councillor,dst_49374cc451b65963a30ef206383a4114,2003-11-10,election_date,2006-11-13,at_or_after_reference,election,City of Toronto,"{""entry_method"":""election"",""member_name"":""Jane Pitfield"",""rule"":""last_valid_council_composition_before_general_election"",""source"":""wikipedia"",""source_confidence"":0.85,""source_files"":[""data/reference/roster_agent_a.txt"",""data/reference/roster_agent_b.txt""]}"
ten_57b008fa744e5f23b4451b48b4ad34eb,per_de1a64ad073f55be8ab96b408929514a,ontario_legislative_assembly,mpp,dst_0caaa3d0d295524bbdbf889f9e71b2b4,,unknown,2007-09-09,at_or_after_reference,unknown,elections_ontario,https://results.elections.on.ca/api/report-groups/4/report-outputs/510/csv;https://results.elections.on.ca/api/report-groups/4/report-outputs/503/csv;https://results.elections.on.ca/api/report-groups/4/report-outputs/508/csv
ten_57dfc27381945b71957d9d5c9d4a5d4e,per_5d4ed9a602615789a5ed8bde2ae82e62,toronto_city_council,councillor,dst_87d79f1462925e15ab3b2530ba681b50,2003-11-10,election_date,2006-11-13,at_or_after_reference,election,City of Toronto,"{""entry_method"":""election"",""member_name"":""Mike Del Grande"",""rule"":""last_valid_council_composition_before_general_election"",""source"":""wikipedia"",""source_confidence"":0.85,""source_files"":[""data/reference/roster_agent_a.txt"",""data/reference/roster_agent_b.txt""]}"
ten_57e168711f4a50439642c8d7888f06c0,per_6889ce57bbda567f950b56abf65ade53,toronto_city_council,councillor,dst_dffb6fdb0597573ca1a1eb3c1993c269,2018-10-22,election_date,2021-01-15,at_or_after_reference,election,City of Toronto,"{""event_id"":""evt_50c15fe55fa753fba75abfada8da3c38"",""prior_candidacy"":{""candidacy_id"":""can_709e43151ddd5089b8c98b7291f7a5ca"",""source_authority"":""Toronto City Clerk"",""source_detail"":""data/interim/results/2018/2018_Toronto_Poll_By_Poll_Councillor.xlsx"",""source_resource"":""Elections — Official Results""},""rule"":""certified_winner_since_latest_general_in_incomplete_by_election_roster""}"
ten_589b17665c24504b93bf4bcbd58245ce,per_0551e61933835487ad593ca1a6280e30,toronto_city_council,councillor,dst_5c19646c134d58c5b8859bba3379c5e7,2003-11-10,election_date,2006-11-13,at_or_after_reference,election,City of Toronto,"{""entry_method"":""election"",""member_name"":""Suzan Hall"",""rule"":""last_valid_council_composition_before_general_election"",""source"":""wikipedia"",""source_confidence"":0.85,""source_files"":[""data/reference/roster_agent_a.txt"",""data/reference/roster_agent_b.txt""]}"
ten_58b875f76dfd5e20ac70677753a97c94,per_85286126260c5826bb10831e39d8b19f,toronto_city_council,councillor,dst_0c7514aa1b09538184e94ea59745d5e1,2003-11-10,election_date,2006-11-13,at_or_after_reference,election,City of Toronto,"{""entry_method"":""election"",""member_name"":""Rob Ford"",""rule"":""last_valid_council_composition_before_general_election"",""source"":""wikipedia"",""source_confidence"":0.85,""source_files"":[""data/reference/roster_agent_a.txt"",""data/reference/roster_agent_b.txt""]}"
ten_5949d26965c25a13b8cb48bbfda78622,per_2a01a0cc36c756e097e174940ed0eb78,toronto_city_council,councillor,dst_91f46887d24056d4b7ca558724be9305,2014-10-27,election_date,2017-02-13,at_or_after_reference,election,City of Toronto,"{""event_id"":""evt_b8284a5341635f79babdf7ddc512c2f6"",""prior_candidacy"":{""candidacy_id"":""can_eb15951728215f8ab958874d4a9f29ef"",""source_authority"":""Toronto City Clerk"",""source_detail"":""data/interim/results/2014/COUNCILLOR.xls"",""source_resource"":""Elections — Official Results""},""rule"":""certified_winner_since_latest_general_in_incomplete_by_election_roster""}"
ten_59d6f8caf916565cb6633e4b68ffab53,per_bae4184cf53b5159b67beb668a0d26f4,toronto_city_council,councillor,dst_3c9bf8c508835550a695467bd818fd5e,2014-10-27,election_date,2018-10-22,at_or_after_reference,election,City of Toronto,"{""member_name"":""Mary Fragedakis"",""rule"":""last_valid_council_composition_before_general_election"",""source"":""city_attendance"",""source_confidence"":0.95,""source_file"":""data/raw/council/attendance/councillors-meeting-attendance-2014-2018.csv""}"
ten_5a2815cc344157579a30943fbea376cf,per_aa5920025b895fe7a144ad14554592dc,toronto_city_council,councillor,dst_329ba69c22385385882d1cb28a72bd3b,2003-11-10,election_date,2006-11-13,at_or_after_reference,election,City of Toronto,"{""entry_method"":""election"",""member_name"":""Sandra Bussin"",""rule"":""last_valid_council_composition_before_general_election"",""source"":""wikipedia"",""source_confidence"":0.85,""source_files"":[""data/reference/roster_agent_a.txt"",""data/reference/roster_agent_b.txt""]}"
ten_5addf9ed4d505d3995441bc46281c8f5,per_2500cbb3b00c52229b1ad6cabf5fbaf7,toronto_city_council,councillor,dst_839fe99c6fcd5019b4848ab42a1f25e0,2006-11-13,election_date,2010-10-25,at_or_after_reference,election,City of Toronto,"{""member_name"":""Janet Davis"",""rule"":""last_valid_council_composition_before_general_election"",""source"":""city_attendance"",""source_confidence"":0.95,""source_file"":""data/raw/council/attendance/councillors-meeting-attendance-2006-2010.csv""}"
ten_5ae0937e1cdf5b37a107debba7c54bd5,per_f560221dfe455207a9cc597093a3b671,toronto_city_council,councillor,dst_697cda341b945f989c5a4ef65d14e5c1,2022-10-24,election_date,2024-11-04,at_or_after_reference,election,City of Toronto,"{""event_id"":""evt_af73d490abf95ffdae38ca2c830e51f4"",""prior_candidacy"":{""candidacy_id"":""can_1c713059ec0357ccb3294d4ec433ba51"",""source_authority"":""Toronto City Clerk"",""source_detail"":""data/interim/results/2022/2022_Toronto_Poll_By_Poll_Councillor.xlsx"",""source_resource"":""Elections — Official Results""},""rule"":""certified_winner_since_latest_general_in_incomplete_by_election_roster""}"
ten_5ae7cb474ce95050b4d8c9b2634d9309,per_2500cbb3b00c52229b1ad6cabf5fbaf7,toronto_city_council,councillor,dst_839fe99c6fcd5019b4848ab42a1f25e0,2003-11-10,election_date,2006-11-13,at_or_after_reference,election,City of Toronto,"{""entry_method"":""election"",""member_name"":""Janet Davis"",""rule"":""last_valid_council_composition_before_general_election"",""source"":""wikipedia"",""source_confidence"":0.85,""source_files"":[""data/reference/roster_agent_a.txt"",""data/reference/roster_agent_b.txt""]}"
ten_5be09c0749545f0aa4cea2b7a1fa0653,per_f43071f7a8d95740a4fcc8890b28d327,toronto_city_council,councillor,dst_9a2b60e0545d5eba9361d07a574fe57e,2014-10-27,election_date,2018-10-22,at_or_after_reference,election,City of Toronto,"{""member_name"":""Cesar Palacio"",""rule"":""last_valid_council_composition_before_general_election"",""source"":""city_attendance"",""source_confidence"":0.95,""source_file"":""data/raw/council/attendance/councillors-meeting-attendance-2014-2018.csv""}"
ten_5c732732b4dd58c4933d22801b8cd7cd,per_2ad28fad887850aab3f8edc1c03f90ef,ontario_legislative_assembly,mpp,dst_f4c8af3f16775eb5984390ab9a41ff59,,unknown,2011-09-06,at_or_after_reference,unknown,elections_ontario,https://results.elections.on.ca/api/report-groups/3/report-outputs/499/csv;https://results.elections.on.ca/api/report-groups/3/report-outputs/492/csv;https://results.elections.on.ca/api/report-groups/3/report-outputs/497/csv
ten_5c81172841975ef5ab3403eee16922ec,per_4238a9a971965995ac6c577c126f8161,toronto_city_council,councillor,dst_a32de63331ab5882ba3224ac1457e939,2022-10-24,election_date,2023-11-30,at_or_after_reference,election,City of Toronto,"{""event_id"":""evt_ee5715a80b5a532c8b778d94f6b7c9b8"",""prior_candidacy"":{""candidacy_id"":""can_ce7185de10085eaaaedc1b064810f59d"",""source_authority"":""Toronto City Clerk"",""source_detail"":""data/interim/results/2022/2022_Toronto_Poll_By_Poll_Councillor.xlsx"",""source_resource"":""Elections — Official Results""},""rule"":""certified_winner_since_latest_general_in_incomplete_by_election_roster""}"
ten_5d01d154806357d1ba7f3324335273ef,per_d6e9f3947fda53a490136416df97c3cf,toronto_city_council,councillor,dst_2aa643147fbb50b881bb6298e0f13436,2014-10-27,election_date,2016-07-25,at_or_after_reference,election,City of Toronto,"{""event_id"":""evt_552c4874312956ae84afbbc5ee91b0f7"",""prior_candidacy"":{""candidacy_id"":""can_3ec20907e72051b0a0ab7e5b9e924482"",""source_authority"":""Toronto City Clerk"",""source_detail"":""data/interim/results/2014/COUNCILLOR.xls"",""source_resource"":""Elections — Official Results""},""rule"":""certified_winner_since_latest_general_in_incomplete_by_election_roster""}"
ten_5d2a093db86955f89b7be48e2f7b5257,per_93dd2a3cb85f59acb3d5ea5a67b3801e,toronto_city_council,councillor,dst_ecad4be4655e5612bff68d3d4de3f8e1,2022-10-24,election_date,2025-09-29,at_or_after_reference,election,City of Toronto,"{""event_id"":""evt_ca435dada07f5ed9b041b7c3d24de732"",""prior_candidacy"":{""candidacy_id"":""can_e0fb35c23e205537af20e765ba2718b7"",""source_authority"":""Toronto City Clerk"",""source_detail"":""data/interim/results/2022/2022_Toronto_Poll_By_Poll_Councillor.xlsx"",""source_resource"":""Elections — Official Results""},""rule"":""certified_winner_since_latest_general_in_incomplete_by_election_roster""}"
ten_5d3189fa881f5d949ba798d7c6eadd01,per_a39385ec8fc65555a86f30b50d338a33,toronto_city_council,councillor,dst_d74a992f3f3e5403b0f18e278453428c,2014-10-27,election_date,2016-07-25,at_or_after_reference,election,City of Toronto,"{""event_id"":""evt_552c4874312956ae84afbbc5ee91b0f7"",""prior_candidacy"":{""candidacy_id"":""can_4ada97541b6c547ca17e6e9983ae4c30"",""source_authority"":""Toronto City Clerk"",""source_detail"":""data/interim/results/2014/COUNCILLOR.xls"",""source_resource"":""Elections — Official Results""},""rule"":""certified_winner_since_latest_general_in_incomplete_by_election_roster""}"
ten_5d501cabd03d56c78582aa935a8d48d9,per_a53e9965219950538ffbd906a800eba1,canada_house_of_commons,mp,dst_33975b8b144959008e9471bc04d46d9d,2021-09-20,election_date,2025-03-22,at_or_after_reference,election,elections_canada,"{""authority_reported_flag_used_as_review_signal_only"": true, ""current_candidacy"": {""candidacy_id"": ""can_44f589040b5e536bb1c1d34a343d5f41"", ""event_id"": ""ec-ge-45"", ""incumbent_reported"": false, ""source_detail"": ""https://www.elections.ca/res/rep/off/ovrGE45/62/data_donnees/pollresults_resultatsbureau35.zip""}, ""evidence_rule"": ""most_recent_prior_candidacy_elected_in_cycle_without_later_seat_winner"", ""prior_elected_candidacy"": {""candidacy_id"": ""can_4f159c74fe7256af9044e4144d7e5b16"", ""district_id"": ""dst_33975b8b144959008e9471bc04d46d9d"", ""elected"": true, ""election_date"": ""2021-09-20"", ""event_id"": ""ec-ge-44"", ""source_detail"": ""https://www.elections.ca/res/rep/off/ovr2021app/53/data_donnees/pollresults_resultatsbureau35.zip""}, ""roster_reference"": {""dissolution_date"": ""2025-03-23"", ""reference_date"": ""2025-03-22"", ""source_url"": ""https://www.elections.ca/content.aspx?dir=rep/off/sta_ge45&document=for&lang=e&section=res""}}"
ten_5d5fb4a6c14c58a5a8729bbb117b2e6b,per_78fd07f017e055fdb6645ef054d4f86a,ontario_legislative_assembly,mpp,dst_206af7c7d4b6573f9244ac3252682992,,unknown,2025-01-24,at_or_after_reference,unknown,elections_ontario,https://results.elections.on.ca/api/report-groups/48/report-outputs/1096/csv;https://results.elections.on.ca/api/report-groups/48/report-outputs/1089/csv;https://results.elections.on.ca/api/report-groups/48/report-outputs/1094/csv
ten_5debe2b6bf305b7eaa15c62d6b4113d1,per_7b147a95da2c5e71ab742d7c89e403e5,canada_house_of_commons,mp,dst_2b44aeb1727857e0b6020f8aab50fc7a,2006-01-23,election_date,2008-09-06,at_or_after_reference,election,elections_canada,"{""authority_reported_flag_used_as_review_signal_only"": true, ""current_candidacy"": {""candidacy_id"": ""can_15640114e65a5ef39da2b72a47275813"", ""event_id"": ""ec-ge-40"", ""incumbent_reported"": true, ""source_detail"": ""https://www.elections.ca/scripts/OVR2008/31/data/pollresults_resultatsbureau35.zip""}, ""evidence_rule"": ""most_recent_prior_candidacy_elected_in_cycle_without_later_seat_winner"", ""prior_elected_candidacy"": {""candidacy_id"": ""can_de5283e864855dfc838e26061ca37a63"", ""district_id"": ""dst_2b44aeb1727857e0b6020f8aab50fc7a"", ""elected"": true, ""election_date"": ""2006-01-23"", ""event_id"": ""ec-ge-39"", ""source_detail"": ""https://www.elections.ca/Scripts/OVR2006/25/data_donnees/pollresults_resultatsbureau35.zip""}, ""roster_reference"": {""dissolution_date"": ""2008-09-07"", ""reference_date"": ""2008-09-06"", ""source_url"": ""https://www.elections.ca/content.aspx?dir=rep/off/sta_2008&document=p2&lang=e&section=res""}}"
ten_5e780f592b835e11b4c2251f88a17a10,per_195d8880a189532cad9b323cb5260687,toronto_city_council,councillor,dst_87d79f1462925e15ab3b2530ba681b50,2014-10-27,election_date,2017-02-13,at_or_after_reference,election,City of Toronto,"{""event_id"":""evt_b8284a5341635f79babdf7ddc512c2f6"",""prior_candidacy"":{""candidacy_id"":""can_88b3844764dd5dd88e82c008ea736c9f"",""source_authority"":""Toronto City Clerk"",""source_detail"":""data/interim/results/2014/COUNCILLOR.xls"",""source_resource"":""Elections — Official Results""},""rule"":""certified_winner_since_latest_general_in_incomplete_by_election_roster""}"
ten_5e9acc15c9e9521b8f593d8aaec5e5ce,per_5a7ce90ce04b51bda92cea74556efcd7,canada_house_of_commons,mp,dst_5a559e78afc85b66812839b10752bb48,2015-10-19,election_date,2019-09-10,at_or_after_reference,election,elections_canada,"{""authority_reported_flag_used_as_review_signal_only"": true, ""current_candidacy"": {""candidacy_id"": ""can_7d2c03c32b635413a4dadacdae03eeac"", ""event_id"": ""ec-ge-43"", ""incumbent_reported"": true, ""source_detail"": ""https://www.elections.ca/res/rep/off/ovr2019app/51/data_donnees/pollresults_resultatsbureau35.zip""}, ""evidence_rule"": ""most_recent_prior_candidacy_elected_in_cycle_without_later_seat_winner"", ""prior_elected_candidacy"": {""candidacy_id"": ""can_507b41ffc03553a2bac3f1ddd670d66a"", ""district_id"": ""dst_5a559e78afc85b66812839b10752bb48"", ""elected"": true, ""election_date"": ""2015-10-19"", ""event_id"": ""ec-ge-42"", ""source_detail"": ""https://www.elections.ca/res/rep/off/ovr2015app/41/data_donnees/pollresults_resultatsbureau35.zip""}, ""roster_reference"": {""dissolution_date"": ""2019-09-11"", ""reference_date"": ""2019-09-10"", ""source_url"": ""https://www.elections.ca/content.aspx?dir=rep/off/sta_ge43&document=p2&lang=e&section=res""}}"
ten_5eb2b2d531655c27b4d7d7df938957bc,per_03d63913c07a5476ad459f21d58ec10b,ontario_legislative_assembly,mpp,dst_c3d8ce50e3cd55fe9b4b2bbc90cc3e6e,,unknown,2014-05-01,at_or_after_reference,unknown,elections_ontario,https://results.elections.on.ca/api/report-groups/2/report-outputs/488/csv;https://results.elections.on.ca/api/report-groups/2/report-outputs/481/csv;https://results.elections.on.ca/api/report-groups/2/report-outputs/486/csv
ten_5f16deba9fe855848b35f7e12ed4ad79,per_cacdaf09421e5b0e98d0138141449f29,toronto_city_council,councillor,dst_d3b1245f009c5cb48950c9825eb219ee,2010-10-25,election_date,2014-10-27,at_or_after_reference,election,City of Toronto,"{""member_name"":""Denzil Minnan-Wong"",""rule"":""last_valid_council_composition_before_general_election"",""source"":""city_attendance"",""source_confidence"":0.95,""source_file"":""data/raw/council/attendance/councillors-meeting-attendance-2010-2014.csv""}"
ten_5f219d5d88685f329b9fa831a59a6753,per_e5774591f0d3581eaba97de73805e0f8,canada_house_of_commons,mp,dst_1ec4112389a159178b32713798005783,2015-10-19,election_date,2019-09-10,at_or_after_reference,election,elections_canada,"{""authority_reported_flag_used_as_review_signal_only"": true, ""current_candidacy"": {""candidacy_id"": ""can_5680ef0a50c35e618f8e0deb043dc200"", ""event_id"": ""ec-ge-43"", ""incumbent_reported"": true, ""source_detail"": ""https://www.elections.ca/res/rep/off/ovr2019app/51/data_donnees/pollresults_resultatsbureau35.zip""}, ""evidence_rule"": ""most_recent_prior_candidacy_elected_in_cycle_without_later_seat_winner"", ""prior_elected_candidacy"": {""candidacy_id"": ""can_142d9c1ed4f35c9d9248ee1a48732fe3"", ""district_id"": ""dst_1ec4112389a159178b32713798005783"", ""elected"": true, ""election_date"": ""2015-10-19"", ""event_id"": ""ec-ge-42"", ""source_detail"": ""https://www.elections.ca/res/rep/off/ovr2015app/41/data_donnees/pollresults_resultatsbureau35.zip""}, ""roster_reference"": {""dissolution_date"": ""2019-09-11"", ""reference_date"": ""2019-09-10"", ""source_url"": ""https://www.elections.ca/content.aspx?dir=rep/off/sta_ge43&document=p2&lang=e&section=res""}}"
ten_5f415bad39be57e3a364b1f55c66783e,per_4208833231b15c24b856134aa2d3708c,canada_house_of_commons,mp,dst_debd1b7ccab158c7995a4d9d222e8516,2004-06-28,election_date,2005-11-28,at_or_after_reference,election,elections_canada,"{""authority_reported_flag_used_as_review_signal_only"": true, ""current_candidacy"": {""candidacy_id"": ""can_78c949e17f4351e2bf53e9c732d54ab9"", ""event_id"": ""ec-ge-39"", ""incumbent_reported"": true, ""source_detail"": ""https://www.elections.ca/Scripts/OVR2006/25/data_donnees/pollresults_resultatsbureau35.zip""}, ""evidence_rule"": ""most_recent_prior_candidacy_elected_in_cycle_without_later_seat_winner"", ""prior_elected_candidacy"": {""candidacy_id"": ""can_dabd69de6f6e5d6e8448a5c72f89b716"", ""district_id"": ""dst_debd1b7ccab158c7995a4d9d222e8516"", ""elected"": true, ""election_date"": ""2004-06-28"", ""event_id"": ""ec-ge-38"", ""source_detail"": ""https://www.elections.ca/scripts/OVR2004/23/data/ON.zip | summary enrichment: https://www.elections.ca/scripts/OVR2004/23/data/table12.csv""}, ""roster_reference"": {""dissolution_date"": ""2005-11-29"", ""reference_date"": ""2005-11-28"", ""source_url"": ""https://www.elections.ca/content.aspx?dir=rep/off/sta_2006&document=p2&lang=e&section=res""}}"
ten_5fe2a2e91f305ab6aed062d565e96208,per_5f9ff0988c5d5bb8aa289e250cd144b0,canada_house_of_commons,mp,dst_f9f2054a899f5b29903afdeb23e753a7,2004-06-28,election_date,2005-11-28,at_or_after_reference,election,elections_canada,"{""authority_reported_flag_used_as_review_signal_only"": true, ""current_candidacy"": {""candidacy_id"": ""can_27f8fa2a44665a018c074f2ca916d71c"", ""event_id"": ""ec-ge-39"", ""incumbent_reported"": true, ""source_detail"": ""https://www.elections.ca/Scripts/OVR2006/25/data_donnees/pollresults_resultatsbureau35.zip""}, ""evidence_rule"": ""most_recent_prior_candidacy_elected_in_cycle_without_later_seat_winner"", ""prior_elected_candidacy"": {""candidacy_id"": ""can_5cb80f192be05ea58c450595f2fcc2c5"", ""district_id"": ""dst_f9f2054a899f5b29903afdeb23e753a7"", ""elected"": true, ""election_date"": ""2004-06-28"", ""event_id"": ""ec-ge-38"", ""source_detail"": ""https://www.elections.ca/scripts/OVR2004/23/data/ON.zip | summary enrichment: https://www.elections.ca/scripts/OVR2004/23/data/table12.csv""}, ""roster_reference"": {""dissolution_date"": ""2005-11-29"", ""reference_date"": ""2005-11-28"", ""source_url"": ""https://www.elections.ca/content.aspx?dir=rep/off/sta_2006&document=p2&lang=e&section=res""}}"
ten_60f45b0cb00059908b6b2c2e053a4c32,per_db35a09069a35a3a84a9eb0d0223ac9b,toronto_city_council,councillor,,,unknown,2003-11-10,at_or_after_reference,election,City of Toronto,"{""entry_method"":""election"",""member_name"":""David Shiner"",""rule"":""last_valid_council_composition_before_general_election"",""source"":""wikipedia"",""source_confidence"":0.85,""source_files"":[""data/reference/roster_agent_a.txt"",""data/reference/roster_agent_b.txt""]}"
ten_612a4d8310b7521d82dcd0f797b64fe1,per_445d107ff6a9566e83f3ee0695af93b7,canada_house_of_commons,mp,dst_9bc3d8beadfa59679ac37416a0371f32,2004-06-28,election_date,2005-11-28,at_or_after_reference,election,elections_canada,"{""authority_reported_flag_used_as_review_signal_only"": true, ""current_candidacy"": {""candidacy_id"": ""can_7ab3b2e8f011534a96751e568d449002"", ""event_id"": ""ec-ge-39"", ""incumbent_reported"": true, ""source_detail"": ""https://www.elections.ca/Scripts/OVR2006/25/data_donnees/pollresults_resultatsbureau35.zip""}, ""evidence_rule"": ""most_recent_prior_candidacy_elected_in_cycle_without_later_seat_winner"", ""prior_elected_candidacy"": {""candidacy_id"": ""can_683d80ba70ea5311aceafe88cf525c1e"", ""district_id"": ""dst_9bc3d8beadfa59679ac37416a0371f32"", ""elected"": true, ""election_date"": ""2004-06-28"", ""event_id"": ""ec-ge-38"", ""source_detail"": ""https://www.elections.ca/scripts/OVR2004/23/data/ON.zip | summary enrichment: https://www.elections.ca/scripts/OVR2004/23/data/table12.csv""}, ""roster_reference"": {""dissolution_date"": ""2005-11-29"", ""reference_date"": ""2005-11-28"", ""source_url"": ""https://www.elections.ca/content.aspx?dir=rep/off/sta_2006&document=p2&lang=e&section=res""}}"
ten_615d63a99a465b9c984582686d483d7b,per_4ba452117bb35c6f8947a0fdf033ad53,toronto_city_council,councillor,dst_ea407e9a03df5ef2bee0d7950b9d2b8f,2014-10-27,election_date,2017-02-13,at_or_after_reference,election,City of Toronto,"{""event_id"":""evt_b8284a5341635f79babdf7ddc512c2f6"",""prior_candidacy"":{""candidacy_id"":""can_8f368351655d5313a6b3222d1db33cdf"",""source_authority"":""Toronto City Clerk"",""source_detail"":""data/interim/results/2014/COUNCILLOR.xls"",""source_resource"":""Elections — Official Results""},""rule"":""certified_winner_since_latest_general_in_incomplete_by_election_roster""}"
ten_617229b1cd1e5f4ebfb76e85718a3214,per_f7f1b09bd7d15dc4ac83d841e0fdd27d,ontario_legislative_assembly,mpp,dst_4e001527449c5feaad2527a547beeb8e,,unknown,2022-05-02,at_or_after_reference,unknown,elections_ontario,https://results.elections.on.ca/api/report-groups/45/report-outputs/1050/csv;https://results.elections.on.ca/api/report-groups/45/report-outputs/1043/csv;https://results.elections.on.ca/api/report-groups/45/report-outputs/1048/csv
ten_61f74d2904c95109ac4abed13e5672b1,per_72b6e33fe0e25796ba7b77131f998662,toronto_city_council,councillor,,,unknown,2006-11-13,at_or_after_reference,appointment,City of Toronto,"{""entry_method"":""appointment"",""member_name"":""Harvey Barron"",""rule"":""last_valid_council_composition_before_general_election"",""source"":""wikipedia"",""source_confidence"":0.7,""source_files"":[""data/reference/roster_agent_a.txt"",""data/reference/roster_agent_b.txt""]}"
ten_62681e4152eb5e779aaf48ee5986c1b7,per_cacdaf09421e5b0e98d0138141449f29,toronto_city_council,councillor,,,unknown,2003-11-10,at_or_after_reference,election,City of Toronto,"{""entry_method"":""election"",""member_name"":""Denzil Minnan-Wong"",""rule"":""last_valid_council_composition_before_general_election"",""source"":""wikipedia"",""source_confidence"":0.85,""source_files"":[""data/reference/roster_agent_a.txt"",""data/reference/roster_agent_b.txt""]}"
ten_629dd229ceb05ef88fb3a89562606c4a,per_a9eb70da799659daaa285f92cfed1674,toronto_city_council,mayor,dst_1ccc44a766885c22ae1ec045703dfe91,2018-10-22,election_date,2022-10-24,at_or_after_reference,election,City of Toronto,"{""member_name"":""John Tory"",""rule"":""last_valid_council_composition_before_general_election"",""source"":""city_attendance"",""source_confidence"":0.95,""source_file"":""data/raw/council/attendance/councillors-meeting-attendance-2018-2022.csv""}"
ten_6318e358e4745810a9321540e11e1669,per_11598fb6d485564eb5053b8787400814,toronto_city_council,councillor,dst_1ebfad83fbf45900a012836e069fe964,2022-10-24,election_date,2025-09-29,at_or_after_reference,election,City of Toronto,"{""event_id"":""evt_ca435dada07f5ed9b041b7c3d24de732"",""prior_candidacy"":{""candidacy_id"":""can_2e4aa5191b76594f88dbe6b8af5e48be"",""source_authority"":""Toronto City Clerk"",""source_detail"":""data/interim/results/2022/2022_Toronto_Poll_By_Poll_Councillor.xlsx"",""source_resource"":""Elections — Official Results""},""rule"":""certified_winner_since_latest_general_in_incomplete_by_election_roster""}"
ten_63820382a9f857b6bb776e9545516705,per_23e90faa5b66501aa48b838f277f5608,ontario_legislative_assembly,mpp,dst_26f9b7b8a28a524f897cea3f940cbabe,,unknown,2018-05-07,at_or_after_reference,unknown,elections_ontario,https://results.elections.on.ca/api/report-groups/1/report-outputs/932/csv;https://results.elections.on.ca/api/report-groups/1/report-outputs/925/csv;https://results.elections.on.ca/api/report-groups/1/report-outputs/930/csv
ten_645139c4c38b5730abd862ec1b64894e,per_906af205b4ec5f849f79a14ca99c7300,toronto_city_council,councillor,dst_93654977fd595afda3b103483ea4f59e,2006-11-13,election_date,2010-10-25,at_or_after_reference,election,City of Toronto,"{""member_name"":""Chin Lee"",""rule"":""last_valid_council_composition_before_general_election"",""source"":""city_attendance"",""source_confidence"":0.95,""source_file"":""data/raw/council/attendance/councillors-meeting-attendance-2006-2010.csv""}"
ten_64ba0e4b3fbd594790a7f7319583cc94,per_a9f196f1be635c4eaf83ff095681fa79,toronto_city_council,councillor,dst_dffb6fdb0597573ca1a1eb3c1993c269,2023-11-30,election_date,2024-11-04,at_or_after_reference,election,City of Toronto,"{""event_id"":""evt_af73d490abf95ffdae38ca2c830e51f4"",""prior_candidacy"":{""candidacy_id"":""can_f1b42d3592b7525a8f115be4bfac3951"",""source_authority"":""Toronto City Clerk"",""source_detail"":""data/raw/byelection/2023-office-of-the-councillor-ward-20-poll-by-poll.xlsx"",""source_resource"":""Elections — Official By-election Results""},""rule"":""certified_winner_since_latest_general_in_incomplete_by_election_roster""}"
ten_64de8586a94a50ac84667285166c8f85,per_3e52aa435eb8566fb37510ab305dff54,toronto_city_council,councillor,dst_5c72aa93cccc58429c93ba95b025805f,2018-10-22,election_date,2022-10-24,at_or_after_reference,election,City of Toronto,"{""member_name"":""Mark Grimes"",""rule"":""last_valid_council_composition_before_general_election"",""source"":""city_attendance"",""source_confidence"":0.95,""source_file"":""data/raw/council/attendance/councillors-meeting-attendance-2018-2022.csv""}"
ten_65310243da275c949619a0ac027985b9,per_0fbda58a4d4d53d2882886ec2ab57599,toronto_city_council,councillor,dst_cb8f4d514c36567389345a10287e90a0,2014-10-27,election_date,2017-02-13,at_or_after_reference,election,City of Toronto,"{""event_id"":""evt_b8284a5341635f79babdf7ddc512c2f6"",""prior_candidacy"":{""candidacy_id"":""can_4a4dfb92266c547b948edc0eb0d83d8e"",""source_authority"":""Toronto City Clerk"",""source_detail"":""data/interim/results/2014/COUNCILLOR.xls"",""source_resource"":""Elections — Official Results""},""rule"":""certified_winner_since_latest_general_in_incomplete_by_election_roster""}"
ten_65b2ccee44ad507ea81e93a267d2d91d,per_0757d1d0b36f52e5ab1c3464ce6a6697,canada_house_of_commons,mp,dst_e5434aacb1c5594584704f304d428428,2008-10-14,election_date,2011-03-25,at_or_after_reference,election,elections_canada,"{""authority_reported_flag_used_as_review_signal_only"": true, ""current_candidacy"": {""candidacy_id"": ""can_80e1a66d3bcb54f1af4a19ae93039c33"", ""event_id"": ""ec-ge-41"", ""incumbent_reported"": true, ""source_detail"": ""https://www.elections.ca/scripts/OVR2011/34/data_donnees/pollresults_resultatsbureau35.zip""}, ""evidence_rule"": ""most_recent_prior_candidacy_elected_in_cycle_without_later_seat_winner"", ""prior_elected_candidacy"": {""candidacy_id"": ""can_f0864753135a53a79af0f8d441bf7424"", ""district_id"": ""dst_e5434aacb1c5594584704f304d428428"", ""elected"": true, ""election_date"": ""2008-10-14"", ""event_id"": ""ec-ge-40"", ""source_detail"": ""https://www.elections.ca/scripts/OVR2008/31/data/pollresults_resultatsbureau35.zip""}, ""roster_reference"": {""dissolution_date"": ""2011-03-26"", ""reference_date"": ""2011-03-25"", ""source_url"": ""https://www.elections.ca/res/rep/off/sta_2011/stat_report2011_e.pdf""}}"
ten_65bc9155c3b35770b1bc08dc00f535b5,per_b5382bf239c9521faee4a4a38f1a7e1c,toronto_city_council,councillor,dst_e845d931b1485ddfacb056ed66c8b3b9,2022-10-24,election_date,2024-11-04,at_or_after_reference,election,City of Toronto,"{""event_id"":""evt_af73d490abf95ffdae38ca2c830e51f4"",""prior_candidacy"":{""candidacy_id"":""can_19bbe15fc35c514cab23e1672f721659"",""source_authority"":""Toronto City Clerk"",""source_detail"":""data/interim/results/2022/2022_Toronto_Poll_By_Poll_Councillor.xlsx"",""source_resource"":""Elections — Official Results""},""rule"":""certified_winner_since_latest_general_in_incomplete_by_election_roster""}"
ten_669e1e4752275485b39c0e0c21172bc9,per_445d107ff6a9566e83f3ee0695af93b7,canada_house_of_commons,mp,dst_9bc3d8beadfa59679ac37416a0371f32,2006-01-23,election_date,2008-09-06,at_or_after_reference,election,elections_canada,"{""authority_reported_flag_used_as_review_signal_only"": true, ""current_candidacy"": {""candidacy_id"": ""can_f0ce68b9694452a29ad8de80ee212eb2"", ""event_id"": ""ec-ge-40"", ""incumbent_reported"": true, ""source_detail"": ""https://www.elections.ca/scripts/OVR2008/31/data/pollresults_resultatsbureau35.zip""}, ""evidence_rule"": ""most_recent_prior_candidacy_elected_in_cycle_without_later_seat_winner"", ""prior_elected_candidacy"": {""candidacy_id"": ""can_7ab3b2e8f011534a96751e568d449002"", ""district_id"": ""dst_9bc3d8beadfa59679ac37416a0371f32"", ""elected"": true, ""election_date"": ""2006-01-23"", ""event_id"": ""ec-ge-39"", ""source_detail"": ""https://www.elections.ca/Scripts/OVR2006/25/data_donnees/pollresults_resultatsbureau35.zip""}, ""roster_reference"": {""dissolution_date"": ""2008-09-07"", ""reference_date"": ""2008-09-06"", ""source_url"": ""https://www.elections.ca/content.aspx?dir=rep/off/sta_2008&document=p2&lang=e&section=res""}}"
ten_66c72c544d2e547ba63218f966250838,per_b3dc8875d2bb54938ed8676743e5fb47,toronto_city_council,councillor,,,unknown,2006-11-13,at_or_after_reference,election,City of Toronto,"{""entry_method"":""election"",""member_name"":""Cliff Jenkins"",""rule"":""last_valid_council_composition_before_general_election"",""source"":""wikipedia"",""source_confidence"":0.85,""source_files"":[""data/reference/roster_agent_a.txt"",""data/reference/roster_agent_b.txt""]}"
ten_66d751c6891f509cae02fe3664c9d387,per_db35a09069a35a3a84a9eb0d0223ac9b,toronto_city_council,councillor,dst_70f47265fe9155489a0e1f3af81f7a94,2014-10-27,election_date,2018-10-22,at_or_after_reference,election,City of Toronto,"{""member_name"":""David Shiner"",""rule"":""last_valid_council_composition_before_general_election"",""source"":""city_attendance"",""source_confidence"":0.95,""source_file"":""data/raw/council/attendance/councillors-meeting-attendance-2014-2018.csv""}"
ten_67377d498ee855c3b83a71d5f3a5f0fc,per_a0a0b8b1222d525daa9c375c565026f0,toronto_city_council,councillor,dst_6ded7539bac459f6805b028fc38406ad,2022-10-24,election_date,2024-11-04,at_or_after_reference,election,City of Toronto,"{""event_id"":""evt_af73d490abf95ffdae38ca2c830e51f4"",""prior_candidacy"":{""candidacy_id"":""can_3c3d60402ebe53679b24342c577cb4f6"",""source_authority"":""Toronto City Clerk"",""source_detail"":""data/interim/results/2022/2022_Toronto_Poll_By_Poll_Councillor.xlsx"",""source_resource"":""Elections — Official Results""},""rule"":""certified_winner_since_latest_general_in_incomplete_by_election_roster""}"
ten_6742635cfbbf5c99a1d41cb9c6ac9c56,per_c10fdd7256dc5cf7b73327f5dc8ce0e6,canada_house_of_commons,mp,dst_41e9f67431d45f4daa4524722f4c6b10,2015-10-19,election_date,2019-09-10,at_or_after_reference,election,elections_canada,"{""authority_reported_flag_used_as_review_signal_only"": true, ""current_candidacy"": {""candidacy_id"": ""can_86bfae7e7b6659bc819fd0d80bee32c2"", ""event_id"": ""ec-ge-43"", ""incumbent_reported"": true, ""source_detail"": ""https://www.elections.ca/res/rep/off/ovr2019app/51/data_donnees/pollresults_resultatsbureau35.zip""}, ""evidence_rule"": ""most_recent_prior_candidacy_elected_in_cycle_without_later_seat_winner"", ""prior_elected_candidacy"": {""candidacy_id"": ""can_8df0716a229f51c5ad7b519b8cdd727e"", ""district_id"": ""dst_41e9f67431d45f4daa4524722f4c6b10"", ""elected"": true, ""election_date"": ""2015-10-19"", ""event_id"": ""ec-ge-42"", ""source_detail"": ""https://www.elections.ca/res/rep/off/ovr2015app/41/data_donnees/pollresults_resultatsbureau35.zip""}, ""roster_reference"": {""dissolution_date"": ""2019-09-11"", ""reference_date"": ""2019-09-10"", ""source_url"": ""https://www.elections.ca/content.aspx?dir=rep/off/sta_ge43&document=p2&lang=e&section=res""}}"
ten_6762d0a7bb715aa3a5e398cf89dc2147,per_3f72f66a6a385b0eae3279e7de8d12a0,toronto_city_council,councillor,dst_837f66e6bedf5a759e23b36ee0594137,2014-10-27,election_date,2018-10-22,at_or_after_reference,election,City of Toronto,"{""member_name"":""James Pasternak"",""rule"":""last_valid_council_composition_before_general_election"",""source"":""city_attendance"",""source_confidence"":0.95,""source_file"":""data/raw/council/attendance/councillors-meeting-attendance-2014-2018.csv""}"
ten_67ffb5662ffe5c6fbdce49750b3108f5,per_b05bca5a3f225453b8484ce46c8b2bb8,canada_house_of_commons,mp,dst_5c7f49d97e1b500c8fb874c86c10474b,2011-05-02,election_date,2015-08-01,at_or_after_reference,election,elections_canada,"{""authority_reported_flag_used_as_review_signal_only"": true, ""current_candidacy"": {""candidacy_id"": ""can_25a95a14828e534d85d5aeabe48bb223"", ""event_id"": ""ec-ge-42"", ""incumbent_reported"": true, ""source_detail"": ""https://www.elections.ca/res/rep/off/ovr2015app/41/data_donnees/pollresults_resultatsbureau35.zip""}, ""evidence_rule"": ""most_recent_prior_candidacy_elected_in_cycle_without_later_seat_winner"", ""prior_elected_candidacy"": {""candidacy_id"": ""can_6d3b392ce3615a01ad6d7b1ed5d86d90"", ""district_id"": ""dst_5c7f49d97e1b500c8fb874c86c10474b"", ""elected"": true, ""election_date"": ""2011-05-02"", ""event_id"": ""ec-ge-41"", ""source_detail"": ""https://www.elections.ca/scripts/OVR2011/34/data_donnees/pollresults_resultatsbureau35.zip""}, ""roster_reference"": {""dissolution_date"": ""2015-08-02"", ""reference_date"": ""2015-08-01"", ""source_url"": ""https://www.elections.ca/content.aspx?dir=rep/off/sta_2015&document=p2&lang=e&section=res""}}"
ten_68092d0d97765af8a461cf9bb4b670b7,per_d8dfddfb642358e299f4b428292666bf,toronto_city_council,councillor,dst_458e8491e170588bbf807d32471358de,2018-10-22,election_date,2022-10-24,at_or_after_reference,election,City of Toronto,"{""member_name"":""Brad Bradford"",""rule"":""last_valid_council_composition_before_general_election"",""source"":""city_attendance"",""source_confidence"":0.95,""source_file"":""data/raw/council/attendance/councillors-meeting-attendance-2018-2022.csv""}"
ten_6829038783a658e5b27f02286e6f3a73,per_d45bd0a80a1f534789b44389acf113d4,ontario_legislative_assembly,mpp,dst_6a40f492123c5272963a2bce94c8e1ce,,unknown,2014-05-01,at_or_after_reference,unknown,elections_ontario,https://results.elections.on.ca/api/report-groups/2/report-outputs/488/csv;https://results.elections.on.ca/api/report-groups/2/report-outputs/481/csv;https://results.elections.on.ca/api/report-groups/2/report-outputs/486/csv
ten_6853e33fac3055fe9e917a5a7305255d,per_b705ffb5006454dcac11cc5405a67875,ontario_legislative_assembly,mpp,dst_134a3ad2307d5f9bbc7de7d82e379b52,,unknown,2014-05-01,at_or_after_reference,unknown,elections_ontario,https://results.elections.on.ca/api/report-groups/2/report-outputs/488/csv;https://results.elections.on.ca/api/report-groups/2/report-outputs/481/csv;https://results.elections.on.ca/api/report-groups/2/report-outputs/486/csv
ten_696e08c6537a57238f94238fc1a56c3d,per_d52d8e10a29452139c1908cef6a85e6f,toronto_city_council,councillor,,,unknown,2003-11-10,at_or_after_reference,election,City of Toronto,"{""entry_method"":""election"",""member_name"":""Anne Johnston"",""rule"":""last_valid_council_composition_before_general_election"",""source"":""wikipedia"",""source_confidence"":0.85,""source_files"":[""data/reference/roster_agent_a.txt"",""data/reference/roster_agent_b.txt""]}"
ten_6998670acba65a78a5d31a16acba81df,per_e9a2e6c0447d5f55a6bf9432a4d49352,canada_house_of_commons,mp,dst_bb77fc5619885389a2d08772ad5572cc,2008-10-14,election_date,2011-03-25,at_or_after_reference,election,elections_canada,"{""authority_reported_flag_used_as_review_signal_only"": true, ""current_candidacy"": {""candidacy_id"": ""can_62babd2b3ab65ad2afbc87b2690cc4e2"", ""event_id"": ""ec-ge-41"", ""incumbent_reported"": true, ""source_detail"": ""https://www.elections.ca/scripts/OVR2011/34/data_donnees/pollresults_resultatsbureau35.zip""}, ""evidence_rule"": ""most_recent_prior_candidacy_elected_in_cycle_without_later_seat_winner"", ""prior_elected_candidacy"": {""candidacy_id"": ""can_7dbb9484a0df5352b89e368d3b35076b"", ""district_id"": ""dst_bb77fc5619885389a2d08772ad5572cc"", ""elected"": true, ""election_date"": ""2008-10-14"", ""event_id"": ""ec-ge-40"", ""source_detail"": ""https://www.elections.ca/scripts/OVR2008/31/data/pollresults_resultatsbureau35.zip""}, ""roster_reference"": {""dissolution_date"": ""2011-03-26"", ""reference_date"": ""2011-03-25"", ""source_url"": ""https://www.elections.ca/res/rep/off/sta_2011/stat_report2011_e.pdf""}}"
ten_6a6a4acb7ae75d398d15a18f73bf8b97,per_3ec4e3ff861d57519f52e15b4a9449a7,toronto_city_council,councillor,dst_0d7e9e08fea05cf28d47a0f262ad8f3f,2006-11-13,election_date,2010-10-25,at_or_after_reference,election,City of Toronto,"{""member_name"":""Giorgio Mammoliti"",""rule"":""last_valid_council_composition_before_general_election"",""source"":""city_attendance"",""source_confidence"":0.95,""source_file"":""data/raw/council/attendance/councillors-meeting-attendance-2006-2010.csv""}"
ten_6a8f76fdb60e5cf4b4e25f72d8db4be3,per_d2a78a2d0b1c5d21804593dc11d87914,toronto_city_council,councillor,dst_c54d7cc2856d5e38bc39e904803b5e87,2003-11-10,election_date,2006-11-13,at_or_after_reference,election,City of Toronto,"{""entry_method"":""election"",""member_name"":""Joe Pantalone"",""rule"":""last_valid_council_composition_before_general_election"",""source"":""wikipedia"",""source_confidence"":0.85,""source_files"":[""data/reference/roster_agent_a.txt"",""data/reference/roster_agent_b.txt""]}"
ten_6ab9f90a641050ed8d04573a84ad0d76,per_397ce487a25e5cafaf54f92ce890c243,canada_house_of_commons,mp,dst_b5af0b5ca10b5476b2b0e602c2a428d3,2021-09-20,election_date,2025-03-22,at_or_after_reference,election,elections_canada,"{""authority_reported_flag_used_as_review_signal_only"": true, ""current_candidacy"": {""candidacy_id"": ""can_2d13e1b9c2025217a924f44ed1c0acee"", ""event_id"": ""ec-ge-45"", ""incumbent_reported"": true, ""source_detail"": ""https://www.elections.ca/res/rep/off/ovrGE45/62/data_donnees/pollresults_resultatsbureau35.zip""}, ""evidence_rule"": ""most_recent_prior_candidacy_elected_in_cycle_without_later_seat_winner"", ""prior_elected_candidacy"": {""candidacy_id"": ""can_a347d205097255e8a99602b5ce98a588"", ""district_id"": ""dst_b5af0b5ca10b5476b2b0e602c2a428d3"", ""elected"": true, ""election_date"": ""2021-09-20"", ""event_id"": ""ec-ge-44"", ""source_detail"": ""https://www.elections.ca/res/rep/off/ovr2021app/53/data_donnees/pollresults_resultatsbureau35.zip""}, ""roster_reference"": {""dissolution_date"": ""2025-03-23"", ""reference_date"": ""2025-03-22"", ""source_url"": ""https://www.elections.ca/content.aspx?dir=rep/off/sta_ge45&document=for&lang=e&section=res""}}"
ten_6af875caf6d85180b4b0cb6f63077934,per_906af205b4ec5f849f79a14ca99c7300,toronto_city_council,councillor,dst_93654977fd595afda3b103483ea4f59e,2014-10-27,election_date,2017-02-13,at_or_after_reference,election,City of Toronto,"{""event_id"":""evt_b8284a5341635f79babdf7ddc512c2f6"",""prior_candidacy"":{""candidacy_id"":""can_79eb33c643155fd58f1a523d8cee24eb"",""source_authority"":""Toronto City Clerk"",""source_detail"":""data/interim/results/2014/COUNCILLOR.xls"",""source_resource"":""Elections — Official Results""},""rule"":""certified_winner_since_latest_general_in_incomplete_by_election_roster""}"
ten_6b2c20b3b1675d1d82a2e3cdcd9383b8,per_d8dfddfb642358e299f4b428292666bf,toronto_city_council,councillor,dst_458e8491e170588bbf807d32471358de,2022-10-24,election_date,2025-09-29,at_or_after_reference,election,City of Toronto,"{""event_id"":""evt_ca435dada07f5ed9b041b7c3d24de732"",""prior_candidacy"":{""candidacy_id"":""can_8a8622ea6deb5fc893af017dd09e6cb6"",""source_authority"":""Toronto City Clerk"",""source_detail"":""data/interim/results/2022/2022_Toronto_Poll_By_Poll_Councillor.xlsx"",""source_resource"":""Elections — Official Results""},""rule"":""certified_winner_since_latest_general_in_incomplete_by_election_roster""}"
ten_6b4330cfe184585488b3d5d7d28a525c,per_7739034f2088547fb930e5baf7f0cac7,canada_house_of_commons,mp,dst_b8b84196ed7e52df8b97bb3f5297870a,2004-06-28,election_date,2005-11-28,at_or_after_reference,election,elections_canada,"{""authority_reported_flag_used_as_review_signal_only"": true, ""current_candidacy"": {""candidacy_id"": ""can_dc3c86953e875f5498c0cd3c57ca41ea"", ""event_id"": ""ec-ge-39"", ""incumbent_reported"": true, ""source_detail"": ""https://www.elections.ca/Scripts/OVR2006/25/data_donnees/pollresults_resultatsbureau35.zip""}, ""evidence_rule"": ""most_recent_prior_candidacy_elected_in_cycle_without_later_seat_winner"", ""prior_elected_candidacy"": {""candidacy_id"": ""can_d333ff6babdf5925b14844063ad3e26c"", ""district_id"": ""dst_b8b84196ed7e52df8b97bb3f5297870a"", ""elected"": true, ""election_date"": ""2004-06-28"", ""event_id"": ""ec-ge-38"", ""source_detail"": ""https://www.elections.ca/scripts/OVR2004/23/data/ON.zip | summary enrichment: https://www.elections.ca/scripts/OVR2004/23/data/table12.csv""}, ""roster_reference"": {""dissolution_date"": ""2005-11-29"", ""reference_date"": ""2005-11-28"", ""source_url"": ""https://www.elections.ca/content.aspx?dir=rep/off/sta_2006&document=p2&lang=e&section=res""}}"
ten_6b9bf3bfb42a553b950c2c391f77bb50,per_f98d57bac1e0594796b01f0566410605,ontario_legislative_assembly,mpp,dst_815ad534273451928b8aac68b26c7cad,,unknown,2011-09-06,at_or_after_reference,unknown,elections_ontario,https://results.elections.on.ca/api/report-groups/3/report-outputs/499/csv;https://results.elections.on.ca/api/report-groups/3/report-outputs/492/csv;https://results.elections.on.ca/api/report-groups/3/report-outputs/497/csv
ten_6ba3b2a8b9de5949baae6401539006aa,per_f2da73ec0f9a504984df002135e44873,ontario_legislative_assembly,mpp,dst_ceb44bd46736557e819a5161fdf2458d,,unknown,2022-05-02,at_or_after_reference,unknown,elections_ontario,https://results.elections.on.ca/api/report-groups/45/report-outputs/1050/csv;https://results.elections.on.ca/api/report-groups/45/report-outputs/1043/csv;https://results.elections.on.ca/api/report-groups/45/report-outputs/1048/csv
ten_6c163ea40484560bab83160a8800c2db,per_5e97564405c75d6c8afd2d6f8166170f,ontario_legislative_assembly,mpp,dst_b67c4717cb635c1997ee7e96485beb32,,unknown,2003-09-01,at_or_after_reference,unknown,elections_ontario,https://results.elections.on.ca/api/report-groups/5/report-outputs/521/csv;https://results.elections.on.ca/api/report-groups/5/report-outputs/514/csv;https://results.elections.on.ca/api/report-groups/5/report-outputs/519/csv
ten_6c1f60d2a7015f63b8c324b6c1e2e246,per_69529146105a5d85ae577db19104ceed,toronto_city_council,councillor,dst_ed645d04bcf55406ba30df00b1b967c9,2010-10-25,election_date,2014-10-27,at_or_after_reference,election,City of Toronto,"{""member_name"":""Josh Matlow"",""rule"":""last_valid_council_composition_before_general_election"",""source"":""city_attendance"",""source_confidence"":0.95,""source_file"":""data/raw/council/attendance/councillors-meeting-attendance-2010-2014.csv""}"
ten_6c5ff79c941952e38a58981ad8ba837b,per_3bfc97221e9f5084965a75e92f462451,toronto_city_council,councillor,dst_329ba69c22385385882d1cb28a72bd3b,2014-10-27,election_date,2017-02-13,at_or_after_reference,election,City of Toronto,"{""event_id"":""evt_b8284a5341635f79babdf7ddc512c2f6"",""prior_candidacy"":{""candidacy_id"":""can_101cffe6738b513b8c5049148f624dc5"",""source_authority"":""Toronto City Clerk"",""source_detail"":""data/interim/results/2014/COUNCILLOR.xls"",""source_resource"":""Elections — Official Results""},""rule"":""certified_winner_since_latest_general_in_incomplete_by_election_roster""}"
ten_6c64d174bf4d5c18baf507f9c5104fea,per_6254d5a51a3a57ca9c25f2741efa7eb3,ontario_legislative_assembly,mpp,dst_3f32bbad1c0b5c299b819d8f0bced773,,unknown,2011-09-06,at_or_after_reference,unknown,elections_ontario,https://results.elections.on.ca/api/report-groups/3/report-outputs/499/csv;https://results.elections.on.ca/api/report-groups/3/report-outputs/492/csv;https://results.elections.on.ca/api/report-groups/3/report-outputs/497/csv
ten_6da400e0250f5b8a81da642f4c612a77,per_4238a9a971965995ac6c577c126f8161,toronto_city_council,councillor,dst_a32de63331ab5882ba3224ac1457e939,2018-10-22,election_date,2022-10-24,at_or_after_reference,election,City of Toronto,"{""member_name"":""Shelley Carroll"",""rule"":""last_valid_council_composition_before_general_election"",""source"":""city_attendance"",""source_confidence"":0.95,""source_file"":""data/raw/council/attendance/councillors-meeting-attendance-2018-2022.csv""}"
ten_6e2fcebb389354f8a2ffc1771d4bdfd6,per_d476ff1e2e605a88914636edbdfcb79a,toronto_city_council,councillor,dst_9613494c01b95010bd5287ef1669e3c3,2014-10-27,election_date,2018-10-22,at_or_after_reference,election,City of Toronto,"{""member_name"":""Frances Nunziata"",""rule"":""last_valid_council_composition_before_general_election"",""source"":""city_attendance"",""source_confidence"":0.95,""source_file"":""data/raw/council/attendance/councillors-meeting-attendance-2014-2018.csv""}"
ten_6e6b32cab44d5180b9481c1d1250f39f,per_f4346776635a55ef8013b7338ab1d898,toronto_city_council,councillor,dst_d2fdd91105a954ff92061f42e11db647,2014-10-27,election_date,2017-02-13,at_or_after_reference,election,City of Toronto,"{""event_id"":""evt_b8284a5341635f79babdf7ddc512c2f6"",""prior_candidacy"":{""candidacy_id"":""can_70142dd603c55957b30f98fa8b76a199"",""source_authority"":""Toronto City Clerk"",""source_detail"":""data/interim/results/2014/COUNCILLOR.xls"",""source_resource"":""Elections — Official Results""},""rule"":""certified_winner_since_latest_general_in_incomplete_by_election_roster""}"
ten_6e6c3b00998e57238f50711e8b7e81a4,per_3eeb22216cb95c79b111379e559ad7e3,toronto_city_council,councillor,,,unknown,2003-11-10,at_or_after_reference,election,City of Toronto,"{""entry_method"":""election"",""member_name"":""David Soknacki"",""rule"":""last_valid_council_composition_before_general_election"",""source"":""wikipedia"",""source_confidence"":0.85,""source_files"":[""data/reference/roster_agent_a.txt"",""data/reference/roster_agent_b.txt""]}"
ten_6f3ff0fcc1415ea2b0c4b3a7dad0f403,per_afe1b989c1315568a8cb59f7194a46ca,ontario_legislative_assembly,mpp,dst_82751d52b72d5276a06cf25b9d170322,,unknown,2011-09-06,at_or_after_reference,unknown,elections_ontario,https://results.elections.on.ca/api/report-groups/3/report-outputs/499/csv;https://results.elections.on.ca/api/report-groups/3/report-outputs/492/csv;https://results.elections.on.ca/api/report-groups/3/report-outputs/497/csv
ten_6f4939929c965d22903c555a71812d87,per_829a9d92988c50a8874e1d470c8b9ada,canada_house_of_commons,mp,dst_e1e80d04b74d5291a0bd4bb3ae75a749,2011-05-02,election_date,2015-08-01,at_or_after_reference,election,elections_canada,"{""authority_reported_flag_used_as_review_signal_only"": true, ""current_candidacy"": {""candidacy_id"": ""can_1fd9bc99fdfe537882fe38df77c5b0ca"", ""event_id"": ""ec-ge-42"", ""incumbent_reported"": true, ""source_detail"": ""https://www.elections.ca/res/rep/off/ovr2015app/41/data_donnees/pollresults_resultatsbureau35.zip""}, ""evidence_rule"": ""most_recent_prior_candidacy_elected_in_cycle_without_later_seat_winner"", ""prior_elected_candidacy"": {""candidacy_id"": ""can_77c1ba26feb5581ab7421dd2386d9c15"", ""district_id"": ""dst_e1e80d04b74d5291a0bd4bb3ae75a749"", ""elected"": true, ""election_date"": ""2011-05-02"", ""event_id"": ""ec-ge-41"", ""source_detail"": ""https://www.elections.ca/scripts/OVR2011/34/data_donnees/pollresults_resultatsbureau35.zip""}, ""roster_reference"": {""dissolution_date"": ""2015-08-02"", ""reference_date"": ""2015-08-01"", ""source_url"": ""https://www.elections.ca/content.aspx?dir=rep/off/sta_2015&document=p2&lang=e&section=res""}}"
ten_6ff6a3bddbda5b82a37bfd594458dc6e,per_149f5bfb67c15086a1790fb82f99e49e,canada_house_of_commons,mp,dst_f5794c52ec5f50fca9ffc04fd7cc24d4,2008-10-14,election_date,2011-03-25,at_or_after_reference,election,elections_canada,"{""authority_reported_flag_used_as_review_signal_only"": true, ""current_candidacy"": {""candidacy_id"": ""can_5791cd8661f75189a7a89aef848cedd4"", ""event_id"": ""ec-ge-41"", ""incumbent_reported"": true, ""source_detail"": ""https://www.elections.ca/scripts/OVR2011/34/data_donnees/pollresults_resultatsbureau35.zip""}, ""evidence_rule"": ""most_recent_prior_candidacy_elected_in_cycle_without_later_seat_winner"", ""prior_elected_candidacy"": {""candidacy_id"": ""can_8039b1735b6c5749bd1995726898ab31"", ""district_id"": ""dst_f5794c52ec5f50fca9ffc04fd7cc24d4"", ""elected"": true, ""election_date"": ""2008-10-14"", ""event_id"": ""ec-ge-40"", ""source_detail"": ""https://www.elections.ca/scripts/OVR2008/31/data/pollresults_resultatsbureau35.zip""}, ""roster_reference"": {""dissolution_date"": ""2011-03-26"", ""reference_date"": ""2011-03-25"", ""source_url"": ""https://www.elections.ca/res/rep/off/sta_2011/stat_report2011_e.pdf""}}"
ten_703c5543b38a552cb74d98d227be4702,per_eebf1caae41455fdb16e92dced03d455,canada_house_of_commons,mp,dst_45baa2d62a2d50f88b119df3940fb9a2,2015-10-19,election_date,2019-09-10,at_or_after_reference,election,elections_canada,"{""authority_reported_flag_used_as_review_signal_only"": true, ""current_candidacy"": {""candidacy_id"": ""can_8ab4296faacf5f6abe53114bd5ac5360"", ""event_id"": ""ec-ge-43"", ""incumbent_reported"": true, ""source_detail"": ""https://www.elections.ca/res/rep/off/ovr2019app/51/data_donnees/pollresults_resultatsbureau35.zip""}, ""evidence_rule"": ""most_recent_prior_candidacy_elected_in_cycle_without_later_seat_winner"", ""prior_elected_candidacy"": {""candidacy_id"": ""can_273c7ab8feb453b7a4b0d7f4161aa59d"", ""district_id"": ""dst_45baa2d62a2d50f88b119df3940fb9a2"", ""elected"": true, ""election_date"": ""2015-10-19"", ""event_id"": ""ec-ge-42"", ""source_detail"": ""https://www.elections.ca/res/rep/off/ovr2015app/41/data_donnees/pollresults_resultatsbureau35.zip""}, ""roster_reference"": {""dissolution_date"": ""2019-09-11"", ""reference_date"": ""2019-09-10"", ""source_url"": ""https://www.elections.ca/content.aspx?dir=rep/off/sta_ge43&document=p2&lang=e&section=res""}}"
ten_70b19214445d5da3a4923a43418ab79f,per_fc9cfb91b6245c00b476af357e9bfb7e,ontario_legislative_assembly,mpp,dst_146835b0119b5032819fdfd3b404bb2a,,unknown,2003-09-01,at_or_after_reference,unknown,elections_ontario,https://results.elections.on.ca/api/report-groups/5/report-outputs/521/csv;https://results.elections.on.ca/api/report-groups/5/report-outputs/514/csv;https://results.elections.on.ca/api/report-groups/5/report-outputs/519/csv
ten_70cc71889e0c55a5bfebb7585760cdf9,per_3bfc97221e9f5084965a75e92f462451,toronto_city_council,councillor,dst_329ba69c22385385882d1cb28a72bd3b,2010-10-25,election_date,2014-10-27,at_or_after_reference,election,City of Toronto,"{""member_name"":""Mary-Margaret McMahon"",""rule"":""last_valid_council_composition_before_general_election"",""source"":""city_attendance"",""source_confidence"":0.95,""source_file"":""data/raw/council/attendance/councillors-meeting-attendance-2010-2014.csv""}"
ten_70e92e4a4d4159a98c9bb1a131fb6695,per_0e93ad2dfc325ddf9a6cd5451ec43e93,canada_house_of_commons,mp,dst_7960c816dafd5f6a901d49e6e65f9be4,2004-06-28,election_date,2005-11-28,at_or_after_reference,election,elections_canada,"{""authority_reported_flag_used_as_review_signal_only"": true, ""current_candidacy"": {""candidacy_id"": ""can_32348c44f3255ce693d310006caf8568"", ""event_id"": ""ec-ge-39"", ""incumbent_reported"": true, ""source_detail"": ""https://www.elections.ca/Scripts/OVR2006/25/data_donnees/pollresults_resultatsbureau35.zip""}, ""evidence_rule"": ""most_recent_prior_candidacy_elected_in_cycle_without_later_seat_winner"", ""prior_elected_candidacy"": {""candidacy_id"": ""can_6202df61672d5d1d9fb8d3c5b78ef2ba"", ""district_id"": ""dst_7960c816dafd5f6a901d49e6e65f9be4"", ""elected"": true, ""election_date"": ""2004-06-28"", ""event_id"": ""ec-ge-38"", ""source_detail"": ""https://www.elections.ca/scripts/OVR2004/23/data/ON.zip | summary enrichment: https://www.elections.ca/scripts/OVR2004/23/data/table12.csv""}, ""roster_reference"": {""dissolution_date"": ""2005-11-29"", ""reference_date"": ""2005-11-28"", ""source_url"": ""https://www.elections.ca/content.aspx?dir=rep/off/sta_2006&document=p2&lang=e&section=res""}}"
ten_7185b7dcec135a8c952a5c87a49f6d69,per_2ad28fad887850aab3f8edc1c03f90ef,ontario_legislative_assembly,mpp,dst_98ff07ac149750088a356bb6d05173ff,,unknown,2018-05-07,at_or_after_reference,unknown,elections_ontario,https://results.elections.on.ca/api/report-groups/1/report-outputs/932/csv;https://results.elections.on.ca/api/report-groups/1/report-outputs/925/csv;https://results.elections.on.ca/api/report-groups/1/report-outputs/930/csv
ten_7197ba4413935ef288affcbbbcce784c,per_0fbda58a4d4d53d2882886ec2ab57599,toronto_city_council,councillor,dst_ecad4be4655e5612bff68d3d4de3f8e1,2018-10-22,election_date,2021-01-15,at_or_after_reference,election,City of Toronto,"{""event_id"":""evt_50c15fe55fa753fba75abfada8da3c38"",""prior_candidacy"":{""candidacy_id"":""can_50efd04d9eff575c962188ce491bc94c"",""source_authority"":""Toronto City Clerk"",""source_detail"":""data/interim/results/2018/2018_Toronto_Poll_By_Poll_Councillor.xlsx"",""source_resource"":""Elections — Official Results""},""rule"":""certified_winner_since_latest_general_in_incomplete_by_election_roster""}"
ten_720406fbd0925c38971041f5a76fb8eb,per_e9388d60378456ba921db61dc50c5800,ontario_legislative_assembly,mpp,dst_bfa54f79b68655e899f27091bfbfd49e,,unknown,2003-09-01,at_or_after_reference,unknown,elections_ontario,https://results.elections.on.ca/api/report-groups/5/report-outputs/521/csv;https://results.elections.on.ca/api/report-groups/5/report-outputs/514/csv;https://results.elections.on.ca/api/report-groups/5/report-outputs/519/csv
ten_727be6f293165dae98367585dde4343f,per_902d7a89688e5b8f9356bd43809a315d,toronto_city_council,councillor,dst_bfe0a089e5f957399386ea186d3306ac,2014-10-27,election_date,2017-02-13,at_or_after_reference,election,City of Toronto,"{""event_id"":""evt_b8284a5341635f79babdf7ddc512c2f6"",""prior_candidacy"":{""candidacy_id"":""can_2845aa673c2057748b97224c2e967be7"",""source_authority"":""Toronto City Clerk"",""source_detail"":""data/interim/results/2014/COUNCILLOR.xls"",""source_resource"":""Elections — Official Results""},""rule"":""certified_winner_since_latest_general_in_incomplete_by_election_roster""}"
ten_72864cd3eecf5331b1194b16d5f54579,per_f43071f7a8d95740a4fcc8890b28d327,toronto_city_council,councillor,dst_9a2b60e0545d5eba9361d07a574fe57e,2006-11-13,election_date,2010-10-25,at_or_after_reference,election,City of Toronto,"{""member_name"":""Cesar Palacio"",""rule"":""last_valid_council_composition_before_general_election"",""source"":""city_attendance"",""source_confidence"":0.95,""source_file"":""data/raw/council/attendance/councillors-meeting-attendance-2006-2010.csv""}"
ten_72ca4465600554cb80d161225f0de74b,per_f989af8943665c76bd68d40eb08ffb94,canada_house_of_commons,mp,dst_070935ea15895262bd2d2f99e4ada2ac,2015-10-19,election_date,2019-09-10,at_or_after_reference,election,elections_canada,"{""authority_reported_flag_used_as_review_signal_only"": true, ""current_candidacy"": {""candidacy_id"": ""can_b2cc6fdf36ba5b18a5076df1f8e90ab3"", ""event_id"": ""ec-ge-43"", ""incumbent_reported"": true, ""source_detail"": ""https://www.elections.ca/res/rep/off/ovr2019app/51/data_donnees/pollresults_resultatsbureau35.zip""}, ""evidence_rule"": ""most_recent_prior_candidacy_elected_in_cycle_without_later_seat_winner"", ""prior_elected_candidacy"": {""candidacy_id"": ""can_41d228d805645738bafafd60ddcc97ed"", ""district_id"": ""dst_070935ea15895262bd2d2f99e4ada2ac"", ""elected"": true, ""election_date"": ""2015-10-19"", ""event_id"": ""ec-ge-42"", ""source_detail"": ""https://www.elections.ca/res/rep/off/ovr2015app/41/data_donnees/pollresults_resultatsbureau35.zip""}, ""roster_reference"": {""dissolution_date"": ""2019-09-11"", ""reference_date"": ""2019-09-10"", ""source_url"": ""https://www.elections.ca/content.aspx?dir=rep/off/sta_ge43&document=p2&lang=e&section=res""}}"
ten_732cbe46e920566ba1097c4dd0fad5b0,per_f1f71e7ebd7157cda9b8d44c62c4c294,toronto_city_council,councillor,dst_0e240cb2dab65f8db224ad8fd83d506c,2022-10-24,election_date,2025-09-29,at_or_after_reference,election,City of Toronto,"{""event_id"":""evt_ca435dada07f5ed9b041b7c3d24de732"",""prior_candidacy"":{""candidacy_id"":""can_4b78f4587dab5e69b879563516563791"",""source_authority"":""Toronto City Clerk"",""source_detail"":""data/interim/results/2022/2022_Toronto_Poll_By_Poll_Councillor.xlsx"",""source_resource"":""Elections — Official Results""},""rule"":""certified_winner_since_latest_general_in_incomplete_by_election_roster""}"
ten_7345f92c508a5e1284e0e724fc7a6b72,per_5c5a2caf9dd05533a76a5f76dcef6eca,canada_house_of_commons,mp,dst_2b44aeb1727857e0b6020f8aab50fc7a,2012-03-19,election_date,2015-08-01,at_or_after_reference,election,elections_canada,"{""authority_reported_flag_used_as_review_signal_only"": true, ""current_candidacy"": {""candidacy_id"": ""can_971523db1f625f7f9fdc803225789b32"", ""event_id"": ""ec-ge-42"", ""incumbent_reported"": false, ""source_detail"": ""https://www.elections.ca/res/rep/off/ovr2015app/41/data_donnees/pollresults_resultatsbureau35.zip""}, ""evidence_rule"": ""most_recent_prior_candidacy_elected_in_cycle_without_later_seat_winner"", ""prior_elected_candidacy"": {""candidacy_id"": ""can_5c8e9fda46a35a45b9704c89abf8504d"", ""district_id"": ""dst_2b44aeb1727857e0b6020f8aab50fc7a"", ""elected"": true, ""election_date"": ""2012-03-19"", ""event_id"": ""ec-be-2012-03-19"", ""source_detail"": ""https://www.elections.ca/res/rep/off/ovr_2012/pollbypoll_bureauparbureau35094.csv | summary enrichment: https://www.elections.ca/Scripts/VIS/HistoricalResults/35094_e.html""}, ""roster_reference"": {""dissolution_date"": ""2015-08-02"", ""reference_date"": ""2015-08-01"", ""source_url"": ""https://www.elections.ca/content.aspx?dir=rep/off/sta_2015&document=p2&lang=e&section=res""}}"
ten_73fee7ae021553f0b5adce70b0cc2f03,per_4238a9a971965995ac6c577c126f8161,toronto_city_council,councillor,dst_d6f718dc7baf5a049ce2db0a4fb65974,2014-10-27,election_date,2017-02-13,at_or_after_reference,election,City of Toronto,"{""event_id"":""evt_b8284a5341635f79babdf7ddc512c2f6"",""prior_candidacy"":{""candidacy_id"":""can_78df6bd59a7c54a0aea5e8546dfe7165"",""source_authority"":""Toronto City Clerk"",""source_detail"":""data/interim/results/2014/COUNCILLOR.xls"",""source_resource"":""Elections — Official Results""},""rule"":""certified_winner_since_latest_general_in_incomplete_by_election_roster""}"
ten_74309b61d2d954c985a19f068c658ee7,per_da2ed4974252569fbccce4d1d45cf20c,canada_house_of_commons,mp,dst_d58f3bdb6a6551c5ba69aa73fe9d0f8b,2015-10-19,election_date,2019-09-10,at_or_after_reference,election,elections_canada,"{""authority_reported_flag_used_as_review_signal_only"": true, ""current_candidacy"": {""candidacy_id"": ""can_c277ee4b8330529cb26c3404d15f0ca2"", ""event_id"": ""ec-ge-43"", ""incumbent_reported"": true, ""source_detail"": ""https://www.elections.ca/res/rep/off/ovr2019app/51/data_donnees/pollresults_resultatsbureau35.zip""}, ""evidence_rule"": ""most_recent_prior_candidacy_elected_in_cycle_without_later_seat_winner"", ""prior_elected_candidacy"": {""candidacy_id"": ""can_9589d5325e995dc3b2468e3c27eb5f59"", ""district_id"": ""dst_d58f3bdb6a6551c5ba69aa73fe9d0f8b"", ""elected"": true, ""election_date"": ""2015-10-19"", ""event_id"": ""ec-ge-42"", ""source_detail"": ""https://www.elections.ca/res/rep/off/ovr2015app/41/data_donnees/pollresults_resultatsbureau35.zip""}, ""roster_reference"": {""dissolution_date"": ""2019-09-11"", ""reference_date"": ""2019-09-10"", ""source_url"": ""https://www.elections.ca/content.aspx?dir=rep/off/sta_ge43&document=p2&lang=e&section=res""}}"
ten_744e7b76fe9958fe8a5ed0011d8ce9d8,per_247212de46b050cda328eb649ffaf5d3,toronto_city_council,councillor,dst_3b4e2345db0d588992443168b5ca4a7b,2014-10-27,election_date,2017-02-13,at_or_after_reference,election,City of Toronto,"{""event_id"":""evt_b8284a5341635f79babdf7ddc512c2f6"",""prior_candidacy"":{""candidacy_id"":""can_da14565abff1514b95e74ec4d75afb73"",""source_authority"":""Toronto City Clerk"",""source_detail"":""data/interim/results/2014/COUNCILLOR.xls"",""source_resource"":""Elections — Official Results""},""rule"":""certified_winner_since_latest_general_in_incomplete_by_election_roster""}"
ten_744ee9772e8c564e8e19ac78543569d5,per_4fcb7a34e1d35287849f372ade93c202,toronto_city_council,councillor,,,unknown,2003-11-10,at_or_after_reference,election,City of Toronto,"{""entry_method"":""election"",""member_name"":""Michael Tziretas"",""rule"":""last_valid_council_composition_before_general_election"",""source"":""wikipedia"",""source_confidence"":0.85,""source_files"":[""data/reference/roster_agent_a.txt"",""data/reference/roster_agent_b.txt""]}"
ten_74eb9925a60b5af693942173ae53adc0,per_69529146105a5d85ae577db19104ceed,toronto_city_council,councillor,dst_262b1fe4f5215500ae024ee7e01c0912,2022-10-24,election_date,2024-11-04,at_or_after_reference,election,City of Toronto,"{""event_id"":""evt_af73d490abf95ffdae38ca2c830e51f4"",""prior_candidacy"":{""candidacy_id"":""can_a5a51a39a0825accaf1a1112adefeedf"",""source_authority"":""Toronto City Clerk"",""source_detail"":""data/interim/results/2022/2022_Toronto_Poll_By_Poll_Councillor.xlsx"",""source_resource"":""Elections — Official Results""},""rule"":""certified_winner_since_latest_general_in_incomplete_by_election_roster""}"
ten_74fcd091630959e9a28f63008dd6e76a,per_f15ce6590bcb5250ae4aedeaaccb3431,ontario_legislative_assembly,mpp,dst_8bcaf4f49bfd55f2bab7e9ce2f128fd2,,unknown,2022-05-02,at_or_after_reference,unknown,elections_ontario,https://results.elections.on.ca/api/report-groups/45/report-outputs/1050/csv;https://results.elections.on.ca/api/report-groups/45/report-outputs/1043/csv;https://results.elections.on.ca/api/report-groups/45/report-outputs/1048/csv
ten_752302d84b8555688038079d1ede1fc2,per_b705ffb5006454dcac11cc5405a67875,ontario_legislative_assembly,mpp,dst_134a3ad2307d5f9bbc7de7d82e379b52,,unknown,2011-09-06,at_or_after_reference,unknown,elections_ontario,https://results.elections.on.ca/api/report-groups/3/report-outputs/499/csv;https://results.elections.on.ca/api/report-groups/3/report-outputs/492/csv;https://results.elections.on.ca/api/report-groups/3/report-outputs/497/csv
ten_756c1d8f5e0d5e16a7aeff47b76eb2a6,per_094ad060da2654dfa39a6a04fdfab959,ontario_legislative_assembly,mpp,dst_78b71c062ecc5459ba78658d651cc200,,unknown,2003-09-01,at_or_after_reference,unknown,elections_ontario,https://results.elections.on.ca/api/report-groups/5/report-outputs/521/csv;https://results.elections.on.ca/api/report-groups/5/report-outputs/514/csv;https://results.elections.on.ca/api/report-groups/5/report-outputs/519/csv
ten_7595df877b165d07b0d222e9bcd7aaa7,per_a66ff7324933544bb4a2905d0113b5d0,toronto_city_council,councillor,dst_cadba85ade8a575b894e47378c335a90,2014-10-27,election_date,2017-02-13,at_or_after_reference,election,City of Toronto,"{""event_id"":""evt_b8284a5341635f79babdf7ddc512c2f6"",""prior_candidacy"":{""candidacy_id"":""can_0d15b129859b50f39c14ee0d4b5b0141"",""source_authority"":""Toronto City Clerk"",""source_detail"":""data/interim/results/2014/COUNCILLOR.xls"",""source_resource"":""Elections — Official Results""},""rule"":""certified_winner_since_latest_general_in_incomplete_by_election_roster""}"
ten_76db02d36b995923adec794c1b7318e1,per_86957c0a8b705284af68a6847a16b209,toronto_city_council,councillor,dst_49a6ee138ca85b318452ec2f5c1befd3,2014-10-27,election_date,2016-07-25,at_or_after_reference,election,City of Toronto,"{""event_id"":""evt_552c4874312956ae84afbbc5ee91b0f7"",""prior_candidacy"":{""candidacy_id"":""can_dce7d4620e3c5e778884ef316336c325"",""source_authority"":""Toronto City Clerk"",""source_detail"":""data/interim/results/2014/COUNCILLOR.xls"",""source_resource"":""Elections — Official Results""},""rule"":""certified_winner_since_latest_general_in_incomplete_by_election_roster""}"
ten_7793c78020f05414a55c506329695434,per_b8c7ac1e1bdd57698d5f7955f63c2c25,toronto_city_council,councillor,dst_0c7514aa1b09538184e94ea59745d5e1,2016-07-25,election_date,2017-02-13,at_or_after_reference,election,City of Toronto,"{""event_id"":""evt_b8284a5341635f79babdf7ddc512c2f6"",""prior_candidacy"":{""candidacy_id"":""can_6144c5a90b155256a2d43c7a997028a3"",""source_authority"":""Toronto City Clerk"",""source_detail"":""data/raw/byelection/2016-councillor-ward-2.xlsx"",""source_resource"":""Elections — Official By-election Results""},""rule"":""certified_winner_since_latest_general_in_incomplete_by_election_roster""}"
ten_77d648e8136d5ac087f70a3707f56886,per_0b81d67c3a195d4382abb0dc1f6d9839,ontario_legislative_assembly,mpp,dst_56c8e9533c235124b26eada765193820,,unknown,2022-05-02,at_or_after_reference,unknown,elections_ontario,https://results.elections.on.ca/api/report-groups/45/report-outputs/1050/csv;https://results.elections.on.ca/api/report-groups/45/report-outputs/1043/csv;https://results.elections.on.ca/api/report-groups/45/report-outputs/1048/csv
ten_78142da166ec5625824380908a5cbce3,per_1e050548381953f7b04a0284a97ac566,canada_house_of_commons,mp,dst_92017db2af865480aa8059d9ec1aee79,2019-10-21,election_date,2021-08-14,at_or_after_reference,election,elections_canada,"{""authority_reported_flag_used_as_review_signal_only"": true, ""current_candidacy"": {""candidacy_id"": ""can_fa74370cc26e5df8b8f3b6fb23e5ad01"", ""event_id"": ""ec-ge-44"", ""incumbent_reported"": true, ""source_detail"": ""https://www.elections.ca/res/rep/off/ovr2021app/53/data_donnees/pollresults_resultatsbureau35.zip""}, ""evidence_rule"": ""most_recent_prior_candidacy_elected_in_cycle_without_later_seat_winner"", ""prior_elected_candidacy"": {""candidacy_id"": ""can_f71288e1cb665b939808d61dfd404750"", ""district_id"": ""dst_92017db2af865480aa8059d9ec1aee79"", ""elected"": true, ""election_date"": ""2019-10-21"", ""event_id"": ""ec-ge-43"", ""source_detail"": ""https://www.elections.ca/res/rep/off/ovr2019app/51/data_donnees/pollresults_resultatsbureau35.zip""}, ""roster_reference"": {""dissolution_date"": ""2021-08-15"", ""reference_date"": ""2021-08-14"", ""source_url"": ""https://www.elections.ca/content.aspx?dir=rep/off/sta_ge44&document=p2&lang=e&section=res""}}"
ten_78431c7660e75734b3cd38b9b0bd9010,per_a39385ec8fc65555a86f30b50d338a33,toronto_city_council,councillor,dst_d74a992f3f3e5403b0f18e278453428c,2003-11-10,election_date,2006-11-13,at_or_after_reference,election,City of Toronto,"{""entry_method"":""election"",""member_name"":""Maria Augimeri"",""rule"":""last_valid_council_composition_before_general_election"",""source"":""wikipedia"",""source_confidence"":0.85,""source_files"":[""data/reference/roster_agent_a.txt"",""data/reference/roster_agent_b.txt""]}"
ten_78fd87a22e375500bb51277f7e390b9f,per_bb140e42ff6750dc95adfa2785ffef68,toronto_city_council,councillor,dst_5c19646c134d58c5b8859bba3379c5e7,2014-10-27,election_date,2016-07-25,at_or_after_reference,election,City of Toronto,"{""event_id"":""evt_552c4874312956ae84afbbc5ee91b0f7"",""prior_candidacy"":{""candidacy_id"":""can_cfffbc0c4a1953b6a415401b3aea2987"",""source_authority"":""Toronto City Clerk"",""source_detail"":""data/interim/results/2014/COUNCILLOR.xls"",""source_resource"":""Elections — Official Results""},""rule"":""certified_winner_since_latest_general_in_incomplete_by_election_roster""}"
ten_79b650a283605cc79050a9d031557af6,per_965b9767b0d0563da65e3a0db59e0afe,canada_house_of_commons,mp,dst_ef7ed07caafd51908684e20f9c3976d3,2008-10-14,election_date,2011-03-25,at_or_after_reference,election,elections_canada,"{""authority_reported_flag_used_as_review_signal_only"": true, ""current_candidacy"": {""candidacy_id"": ""can_8d7e3d1643e3542190662b11ac261d9d"", ""event_id"": ""ec-ge-41"", ""incumbent_reported"": true, ""source_detail"": ""https://www.elections.ca/scripts/OVR2011/34/data_donnees/pollresults_resultatsbureau35.zip""}, ""evidence_rule"": ""most_recent_prior_candidacy_elected_in_cycle_without_later_seat_winner"", ""prior_elected_candidacy"": {""candidacy_id"": ""can_bb00615e173e5012a0c2a80af4bbd209"", ""district_id"": ""dst_ef7ed07caafd51908684e20f9c3976d3"", ""elected"": true, ""election_date"": ""2008-10-14"", ""event_id"": ""ec-ge-40"", ""source_detail"": ""https://www.elections.ca/scripts/OVR2008/31/data/pollresults_resultatsbureau35.zip""}, ""roster_reference"": {""dissolution_date"": ""2011-03-26"", ""reference_date"": ""2011-03-25"", ""source_url"": ""https://www.elections.ca/res/rep/off/sta_2011/stat_report2011_e.pdf""}}"
ten_79d177fce6ac5636a904a28e5825e6f7,per_f560221dfe455207a9cc597093a3b671,toronto_city_council,councillor,dst_697cda341b945f989c5a4ef65d14e5c1,2018-10-22,election_date,2022-10-24,at_or_after_reference,election,City of Toronto,"{""member_name"":""Mike Colle"",""rule"":""last_valid_council_composition_before_general_election"",""source"":""city_attendance"",""source_confidence"":0.95,""source_file"":""data/raw/council/attendance/councillors-meeting-attendance-2018-2022.csv""}"
ten_79f4acc540445250a803fda2d43da026,per_247212de46b050cda328eb649ffaf5d3,toronto_city_council,councillor,dst_3b4e2345db0d588992443168b5ca4a7b,2014-10-27,election_date,2018-10-22,at_or_after_reference,election,City of Toronto,"{""member_name"":""Joe Mihevc"",""rule"":""last_valid_council_composition_before_general_election"",""source"":""city_attendance"",""source_confidence"":0.95,""source_file"":""data/raw/council/attendance/councillors-meeting-attendance-2014-2018.csv""}"
ten_7b4a0389123e56dea09619441b100d97,per_3ec4e3ff861d57519f52e15b4a9449a7,toronto_city_council,councillor,dst_0d7e9e08fea05cf28d47a0f262ad8f3f,2014-10-27,election_date,2018-10-22,at_or_after_reference,election,City of Toronto,"{""member_name"":""Giorgio Mammoliti"",""rule"":""last_valid_council_composition_before_general_election"",""source"":""city_attendance"",""source_confidence"":0.95,""source_file"":""data/raw/council/attendance/councillors-meeting-attendance-2014-2018.csv""}"
ten_7bd0b48ae6885d9ab075cb9874874252,per_cb9a349d2c375d6ca82d06405b9986e0,toronto_city_council,councillor,dst_491164fd0e3a5cdeb806be882bf66569,2018-10-22,election_date,2021-01-15,at_or_after_reference,election,City of Toronto,"{""event_id"":""evt_50c15fe55fa753fba75abfada8da3c38"",""prior_candidacy"":{""candidacy_id"":""can_02d0984005935af0b592f3ad185eff48"",""source_authority"":""Toronto City Clerk"",""source_detail"":""data/interim/results/2018/2018_Toronto_Poll_By_Poll_Councillor.xlsx"",""source_resource"":""Elections — Official Results""},""rule"":""certified_winner_since_latest_general_in_incomplete_by_election_roster""}"
ten_7c1273a452a7588bba870c13c472cbaf,per_5d36b4760f89591fb13860aebbda726d,toronto_city_council,councillor,dst_ea407e9a03df5ef2bee0d7950b9d2b8f,2006-11-13,election_date,2010-10-25,at_or_after_reference,election,City of Toronto,"{""member_name"":""Bill Saundercook"",""rule"":""last_valid_council_composition_before_general_election"",""source"":""city_attendance"",""source_confidence"":0.95,""source_file"":""data/raw/council/attendance/councillors-meeting-attendance-2006-2010.csv""}"
ten_7c525bcf76a656b5925ab3a487c81eb1,per_d6e9f3947fda53a490136416df97c3cf,toronto_city_council,councillor,dst_2aa643147fbb50b881bb6298e0f13436,2014-10-27,election_date,2018-10-22,at_or_after_reference,election,City of Toronto,"{""member_name"":""Michael Thompson"",""rule"":""last_valid_council_composition_before_general_election"",""source"":""city_attendance"",""source_confidence"":0.95,""source_file"":""data/raw/council/attendance/councillors-meeting-attendance-2014-2018.csv""}"
ten_7ce25897440d5e37b2e81cc66f922613,per_b705ffb5006454dcac11cc5405a67875,ontario_legislative_assembly,mpp,dst_8bcaf4f49bfd55f2bab7e9ce2f128fd2,,unknown,2018-05-07,at_or_after_reference,unknown,elections_ontario,https://results.elections.on.ca/api/report-groups/1/report-outputs/932/csv;https://results.elections.on.ca/api/report-groups/1/report-outputs/925/csv;https://results.elections.on.ca/api/report-groups/1/report-outputs/930/csv
ten_7ceac0cc5e7a5a9b9db2a1470dfbf06e,per_357da703cf82545ea2598a1fa5d578f5,ontario_legislative_assembly,mpp,dst_2cbf818bc67f5a5f877ca38678ed9710,,unknown,2025-01-24,at_or_after_reference,unknown,elections_ontario,https://results.elections.on.ca/api/report-groups/48/report-outputs/1096/csv;https://results.elections.on.ca/api/report-groups/48/report-outputs/1089/csv;https://results.elections.on.ca/api/report-groups/48/report-outputs/1094/csv
ten_7d03d2690a4e55c99954e432faf9a57e,per_58016e26ffa55f6bbdc8f7490273a4a5,ontario_legislative_assembly,mpp,dst_1e03383bcef15c95ae26f28c2834bbf1,,unknown,2003-09-01,at_or_after_reference,unknown,elections_ontario,https://results.elections.on.ca/api/report-groups/5/report-outputs/521/csv;https://results.elections.on.ca/api/report-groups/5/report-outputs/514/csv;https://results.elections.on.ca/api/report-groups/5/report-outputs/519/csv
ten_7d25a9d87bc156628881b449ee9af953,per_7739034f2088547fb930e5baf7f0cac7,toronto_city_council,councillor,,,unknown,2003-11-10,at_or_after_reference,election,City of Toronto,"{""entry_method"":""election"",""member_name"":""Mario Silva"",""rule"":""last_valid_council_composition_before_general_election"",""source"":""wikipedia"",""source_confidence"":0.85,""source_files"":[""data/reference/roster_agent_a.txt"",""data/reference/roster_agent_b.txt""]}"
ten_7da9211e7f6c5b1d959f187c718bf1b9,per_3e52aa435eb8566fb37510ab305dff54,toronto_city_council,councillor,dst_fdb0ec21f126579eb091e27d38a9b9c8,2010-10-25,election_date,2014-10-27,at_or_after_reference,election,City of Toronto,"{""member_name"":""Mark Grimes"",""rule"":""last_valid_council_composition_before_general_election"",""source"":""city_attendance"",""source_confidence"":0.95,""source_file"":""data/raw/council/attendance/councillors-meeting-attendance-2010-2014.csv""}"
ten_7db4cf10cf5258a3a3a1268175e8967a,per_3bfc97221e9f5084965a75e92f462451,toronto_city_council,councillor,dst_329ba69c22385385882d1cb28a72bd3b,2014-10-27,election_date,2018-10-22,at_or_after_reference,election,City of Toronto,"{""member_name"":""Mary-Margaret McMahon"",""rule"":""last_valid_council_composition_before_general_election"",""source"":""city_attendance"",""source_confidence"":0.95,""source_file"":""data/raw/council/attendance/councillors-meeting-attendance-2014-2018.csv""}"
ten_7dbe4e0c7ace51aa97280f6dd532ee55,per_21ab1613f1c058e48024d7074b3966c5,canada_house_of_commons,mp,dst_c2bfdfdeb1c35e558a986cd033434806,2015-10-19,election_date,2019-09-10,at_or_after_reference,election,elections_canada,"{""authority_reported_flag_used_as_review_signal_only"": true, ""current_candidacy"": {""candidacy_id"": ""can_6d258e50b5d7540dbc328775dca18060"", ""event_id"": ""ec-ge-43"", ""incumbent_reported"": true, ""source_detail"": ""https://www.elections.ca/res/rep/off/ovr2019app/51/data_donnees/pollresults_resultatsbureau35.zip""}, ""evidence_rule"": ""most_recent_prior_candidacy_elected_in_cycle_without_later_seat_winner"", ""prior_elected_candidacy"": {""candidacy_id"": ""can_f31b75d7ca3454fdbb94a38ebe8cc8fb"", ""district_id"": ""dst_c2bfdfdeb1c35e558a986cd033434806"", ""elected"": true, ""election_date"": ""2015-10-19"", ""event_id"": ""ec-ge-42"", ""source_detail"": ""https://www.elections.ca/res/rep/off/ovr2015app/41/data_donnees/pollresults_resultatsbureau35.zip""}, ""roster_reference"": {""dissolution_date"": ""2019-09-11"", ""reference_date"": ""2019-09-10"", ""source_url"": ""https://www.elections.ca/content.aspx?dir=rep/off/sta_ge43&document=p2&lang=e&section=res""}}"
ten_7e4dc7e963915a4fa452540c14bd94da,per_91bbcc30e1e25b29b9107f090c910b96,ontario_legislative_assembly,mpp,dst_a3ead91d6560506e92a15df59da92508,,unknown,2011-09-06,at_or_after_reference,unknown,elections_ontario,https://results.elections.on.ca/api/report-groups/3/report-outputs/499/csv;https://results.elections.on.ca/api/report-groups/3/report-outputs/492/csv;https://results.elections.on.ca/api/report-groups/3/report-outputs/497/csv
ten_7e5d3c8d34ba52cb942b59d2d198575c,per_cacdaf09421e5b0e98d0138141449f29,toronto_city_council,councillor,dst_d3b1245f009c5cb48950c9825eb219ee,2006-11-13,election_date,2010-10-25,at_or_after_reference,election,City of Toronto,"{""member_name"":""Denzil Minnan-Wong"",""rule"":""last_valid_council_composition_before_general_election"",""source"":""city_attendance"",""source_confidence"":0.95,""source_file"":""data/raw/council/attendance/councillors-meeting-attendance-2006-2010.csv""}"
ten_7e9b35a6574d50318b8e78dfbf659c5d,per_eb591fcd80585a2f90f11fe1dbfbf43e,canada_house_of_commons,mp,dst_9f60665d10bf5e8c868039ce5faa5068,2006-01-23,election_date,2008-09-06,at_or_after_reference,election,elections_canada,"{""authority_reported_flag_used_as_review_signal_only"": true, ""current_candidacy"": {""candidacy_id"": ""can_30cb7e77ec195f53b38577fa21092c7b"", ""event_id"": ""ec-ge-40"", ""incumbent_reported"": true, ""source_detail"": ""https://www.elections.ca/scripts/OVR2008/31/data/pollresults_resultatsbureau35.zip""}, ""evidence_rule"": ""most_recent_prior_candidacy_elected_in_cycle_without_later_seat_winner"", ""prior_elected_candidacy"": {""candidacy_id"": ""can_29f8c9e96ed65a67b5e616a8936d0fdb"", ""district_id"": ""dst_9f60665d10bf5e8c868039ce5faa5068"", ""elected"": true, ""election_date"": ""2006-01-23"", ""event_id"": ""ec-ge-39"", ""source_detail"": ""https://www.elections.ca/Scripts/OVR2006/25/data_donnees/pollresults_resultatsbureau35.zip""}, ""roster_reference"": {""dissolution_date"": ""2008-09-07"", ""reference_date"": ""2008-09-06"", ""source_url"": ""https://www.elections.ca/content.aspx?dir=rep/off/sta_2008&document=p2&lang=e&section=res""}}"
ten_7ff469dafc9f5873a02cba821bddfb9a,per_2a01a0cc36c756e097e174940ed0eb78,toronto_city_council,councillor,dst_91f46887d24056d4b7ca558724be9305,2006-11-13,election_date,2010-10-25,at_or_after_reference,election,City of Toronto,"{""member_name"":""Gord Perks"",""rule"":""last_valid_council_composition_before_general_election"",""source"":""city_attendance"",""source_confidence"":0.95,""source_file"":""data/raw/council/attendance/councillors-meeting-attendance-2006-2010.csv""}"
ten_800291c1e64651fa9fca04cab9827b6a,per_0757d1d0b36f52e5ab1c3464ce6a6697,canada_house_of_commons,mp,dst_e5434aacb1c5594584704f304d428428,2006-01-23,election_date,2008-09-06,at_or_after_reference,election,elections_canada,"{""authority_reported_flag_used_as_review_signal_only"": true, ""current_candidacy"": {""candidacy_id"": ""can_f0864753135a53a79af0f8d441bf7424"", ""event_id"": ""ec-ge-40"", ""incumbent_reported"": true, ""source_detail"": ""https://www.elections.ca/scripts/OVR2008/31/data/pollresults_resultatsbureau35.zip""}, ""evidence_rule"": ""most_recent_prior_candidacy_elected_in_cycle_without_later_seat_winner"", ""prior_elected_candidacy"": {""candidacy_id"": ""can_195f1e38b3cb5009a6f8920e1ed3a7e6"", ""district_id"": ""dst_e5434aacb1c5594584704f304d428428"", ""elected"": true, ""election_date"": ""2006-01-23"", ""event_id"": ""ec-ge-39"", ""source_detail"": ""https://www.elections.ca/Scripts/OVR2006/25/data_donnees/pollresults_resultatsbureau35.zip""}, ""roster_reference"": {""dissolution_date"": ""2008-09-07"", ""reference_date"": ""2008-09-06"", ""source_url"": ""https://www.elections.ca/content.aspx?dir=rep/off/sta_2008&document=p2&lang=e&section=res""}}"
ten_80315caeda565eefabd315b44a2ae6da,per_a66ff7324933544bb4a2905d0113b5d0,ontario_legislative_assembly,mpp,dst_7cba76a13c7258f9934f96e9c9332c91,,unknown,2025-01-24,at_or_after_reference,unknown,elections_ontario,https://results.elections.on.ca/api/report-groups/48/report-outputs/1096/csv;https://results.elections.on.ca/api/report-groups/48/report-outputs/1089/csv;https://results.elections.on.ca/api/report-groups/48/report-outputs/1094/csv
ten_805721cf3c32519ca1e9db98766d7cd0,per_cacdaf09421e5b0e98d0138141449f29,toronto_city_council,councillor,dst_d3b1245f009c5cb48950c9825eb219ee,2014-10-27,election_date,2018-10-22,at_or_after_reference,election,City of Toronto,"{""member_name"":""Denzil Minnan-Wong"",""rule"":""last_valid_council_composition_before_general_election"",""source"":""city_attendance"",""source_confidence"":0.95,""source_file"":""data/raw/council/attendance/councillors-meeting-attendance-2014-2018.csv""}"
ten_813181b782c95c88a8e6a7ba51c56fc6,per_2500cbb3b00c52229b1ad6cabf5fbaf7,toronto_city_council,councillor,dst_839fe99c6fcd5019b4848ab42a1f25e0,2014-10-27,election_date,2018-10-22,at_or_after_reference,election,City of Toronto,"{""member_name"":""Janet Davis"",""rule"":""last_valid_council_composition_before_general_election"",""source"":""city_attendance"",""source_confidence"":0.95,""source_file"":""data/raw/council/attendance/councillors-meeting-attendance-2014-2018.csv""}"
ten_8208766138395659bbaf9e7ac8d5203a,per_eb591fcd80585a2f90f11fe1dbfbf43e,canada_house_of_commons,mp,dst_9f60665d10bf5e8c868039ce5faa5068,2004-06-28,election_date,2005-11-28,at_or_after_reference,election,elections_canada,"{""authority_reported_flag_used_as_review_signal_only"": true, ""current_candidacy"": {""candidacy_id"": ""can_29f8c9e96ed65a67b5e616a8936d0fdb"", ""event_id"": ""ec-ge-39"", ""incumbent_reported"": true, ""source_detail"": ""https://www.elections.ca/Scripts/OVR2006/25/data_donnees/pollresults_resultatsbureau35.zip""}, ""evidence_rule"": ""most_recent_prior_candidacy_elected_in_cycle_without_later_seat_winner"", ""prior_elected_candidacy"": {""candidacy_id"": ""can_8ee1d5dd41345c21a77c4499e4d7b280"", ""district_id"": ""dst_9f60665d10bf5e8c868039ce5faa5068"", ""elected"": true, ""election_date"": ""2004-06-28"", ""event_id"": ""ec-ge-38"", ""source_detail"": ""https://www.elections.ca/scripts/OVR2004/23/data/ON.zip | summary enrichment: https://www.elections.ca/scripts/OVR2004/23/data/table12.csv""}, ""roster_reference"": {""dissolution_date"": ""2005-11-29"", ""reference_date"": ""2005-11-28"", ""source_url"": ""https://www.elections.ca/content.aspx?dir=rep/off/sta_2006&document=p2&lang=e&section=res""}}"
ten_825812c1635058238eb42a9892c081c4,per_1595883add5a5e7abb1bcdde1e768611,toronto_city_council,councillor,,,unknown,2003-11-10,at_or_after_reference,election,City of Toronto,"{""entry_method"":""election"",""member_name"":""Norm Kelly"",""rule"":""last_valid_council_composition_before_general_election"",""source"":""wikipedia"",""source_confidence"":0.85,""source_files"":[""data/reference/roster_agent_a.txt"",""data/reference/roster_agent_b.txt""]}"
ten_826a034f72125aeda99aab93594d1697,per_5e97564405c75d6c8afd2d6f8166170f,canada_house_of_commons,mp,dst_342bb7cf09f15af19dda3175126a3a23,2008-10-14,election_date,2011-03-25,at_or_after_reference,election,elections_canada,"{""authority_reported_flag_used_as_review_signal_only"": true, ""current_candidacy"": {""candidacy_id"": ""can_0a0972a1976951dba4d4b8751cf7803c"", ""event_id"": ""ec-ge-41"", ""incumbent_reported"": true, ""source_detail"": ""https://www.elections.ca/scripts/OVR2011/34/data_donnees/pollresults_resultatsbureau35.zip""}, ""evidence_rule"": ""most_recent_prior_candidacy_elected_in_cycle_without_later_seat_winner"", ""prior_elected_candidacy"": {""candidacy_id"": ""can_5f07089ba1e45e1bbc1f6063ba75143d"", ""district_id"": ""dst_342bb7cf09f15af19dda3175126a3a23"", ""elected"": true, ""election_date"": ""2008-10-14"", ""event_id"": ""ec-ge-40"", ""source_detail"": ""https://www.elections.ca/scripts/OVR2008/31/data/pollresults_resultatsbureau35.zip""}, ""roster_reference"": {""dissolution_date"": ""2011-03-26"", ""reference_date"": ""2011-03-25"", ""source_url"": ""https://www.elections.ca/res/rep/off/sta_2011/stat_report2011_e.pdf""}}"
ten_826b1d70441c5bc18d09fc8d208b8ead,per_195d8880a189532cad9b323cb5260687,canada_house_of_commons,mp,dst_3744596ff33b5448b4953b6087725656,2008-10-14,election_date,2011-03-25,at_or_after_reference,election,elections_canada,"{""authority_reported_flag_used_as_review_signal_only"": true, ""current_candidacy"": {""candidacy_id"": ""can_5d5edae72eb55d0293328563e8444194"", ""event_id"": ""ec-ge-41"", ""incumbent_reported"": true, ""source_detail"": ""https://www.elections.ca/scripts/OVR2011/34/data_donnees/pollresults_resultatsbureau35.zip""}, ""evidence_rule"": ""most_recent_prior_candidacy_elected_in_cycle_without_later_seat_winner"", ""prior_elected_candidacy"": {""candidacy_id"": ""can_d2771c88bde4517d8cda13f513c2bd3c"", ""district_id"": ""dst_3744596ff33b5448b4953b6087725656"", ""elected"": true, ""election_date"": ""2008-10-14"", ""event_id"": ""ec-ge-40"", ""source_detail"": ""https://www.elections.ca/scripts/OVR2008/31/data/pollresults_resultatsbureau35.zip""}, ""roster_reference"": {""dissolution_date"": ""2011-03-26"", ""reference_date"": ""2011-03-25"", ""source_url"": ""https://www.elections.ca/res/rep/off/sta_2011/stat_report2011_e.pdf""}}"
ten_82aa032b7c815608b5bf659483b3e7b9,per_77139d6966a253d4aa08b6ac8c31c3c4,toronto_city_council,councillor,dst_9203cbbfeedb5dc2a34e5767ba3dfc5d,2014-10-27,election_date,2016-07-25,at_or_after_reference,election,City of Toronto,"{""event_id"":""evt_552c4874312956ae84afbbc5ee91b0f7"",""prior_candidacy"":{""candidacy_id"":""can_d1b1258e6c9556149fd7776be86ff175"",""source_authority"":""Toronto City Clerk"",""source_detail"":""data/interim/results/2014/COUNCILLOR.xls"",""source_resource"":""Elections — Official Results""},""rule"":""certified_winner_since_latest_general_in_incomplete_by_election_roster""}"
ten_82b52876c4af5de28c0ba04cae62974a,per_bb140e42ff6750dc95adfa2785ffef68,toronto_city_council,councillor,dst_f6f1ed0519d9529797756178682c5516,2022-10-24,election_date,2025-09-29,at_or_after_reference,election,City of Toronto,"{""event_id"":""evt_ca435dada07f5ed9b041b7c3d24de732"",""prior_candidacy"":{""candidacy_id"":""can_c548d94f94645c55a4db7a82d9ccc7f8"",""source_authority"":""Toronto City Clerk"",""source_detail"":""data/interim/results/2022/2022_Toronto_Poll_By_Poll_Councillor.xlsx"",""source_resource"":""Elections — Official Results""},""rule"":""certified_winner_since_latest_general_in_incomplete_by_election_roster""}"
ten_82c9cc98c3bb594da550e1d727563012,per_0fbda58a4d4d53d2882886ec2ab57599,toronto_city_council,councillor,dst_cb8f4d514c36567389345a10287e90a0,2006-11-13,election_date,2010-10-25,at_or_after_reference,election,City of Toronto,"{""member_name"":""John Filion"",""rule"":""last_valid_council_composition_before_general_election"",""source"":""city_attendance"",""source_confidence"":0.95,""source_file"":""data/raw/council/attendance/councillors-meeting-attendance-2006-2010.csv""}"
ten_834a636e4b335716b5fbe8009a17fc6a,per_7739034f2088547fb930e5baf7f0cac7,canada_house_of_commons,mp,dst_b8b84196ed7e52df8b97bb3f5297870a,2006-01-23,election_date,2008-09-06,at_or_after_reference,election,elections_canada,"{""authority_reported_flag_used_as_review_signal_only"": true, ""current_candidacy"": {""candidacy_id"": ""can_eef9c1705b515912b1f2a00a2b584d1d"", ""event_id"": ""ec-ge-40"", ""incumbent_reported"": true, ""source_detail"": ""https://www.elections.ca/scripts/OVR2008/31/data/pollresults_resultatsbureau35.zip""}, ""evidence_rule"": ""most_recent_prior_candidacy_elected_in_cycle_without_later_seat_winner"", ""prior_elected_candidacy"": {""candidacy_id"": ""can_dc3c86953e875f5498c0cd3c57ca41ea"", ""district_id"": ""dst_b8b84196ed7e52df8b97bb3f5297870a"", ""elected"": true, ""election_date"": ""2006-01-23"", ""event_id"": ""ec-ge-39"", ""source_detail"": ""https://www.elections.ca/Scripts/OVR2006/25/data_donnees/pollresults_resultatsbureau35.zip""}, ""roster_reference"": {""dissolution_date"": ""2008-09-07"", ""reference_date"": ""2008-09-06"", ""source_url"": ""https://www.elections.ca/content.aspx?dir=rep/off/sta_2008&document=p2&lang=e&section=res""}}"
ten_839bcd6f4f82539e8f3ffb346fef36e2,per_a5dbd8d684c95ba4ac284aba2f85d2e0,toronto_city_council,councillor,dst_e85e355506d7551fb2e7a7e39706bb85,2014-10-27,election_date,2018-10-22,at_or_after_reference,election,City of Toronto,"{""member_name"":""Paula Fletcher"",""rule"":""last_valid_council_composition_before_general_election"",""source"":""city_attendance"",""source_confidence"":0.95,""source_file"":""data/raw/council/attendance/councillors-meeting-attendance-2014-2018.csv""}"
ten_83a1ef2428ef5586a854ff4a3e816d39,per_33705bc16481579cb342ead791793e1c,canada_house_of_commons,mp,dst_11670634cc33529aa65ef639613628d1,2021-09-20,election_date,2025-03-22,at_or_after_reference,election,elections_canada,"{""authority_reported_flag_used_as_review_signal_only"": true, ""current_candidacy"": {""candidacy_id"": ""can_e2dcc5979bc059c0ba85723d430153f1"", ""event_id"": ""ec-ge-45"", ""incumbent_reported"": true, ""source_detail"": ""https://www.elections.ca/res/rep/off/ovrGE45/62/data_donnees/pollresults_resultatsbureau35.zip""}, ""evidence_rule"": ""most_recent_prior_candidacy_elected_in_cycle_without_later_seat_winner"", ""prior_elected_candidacy"": {""candidacy_id"": ""can_a4ea23cab8fe5c3293332d284ee95e75"", ""district_id"": ""dst_11670634cc33529aa65ef639613628d1"", ""elected"": true, ""election_date"": ""2021-09-20"", ""event_id"": ""ec-ge-44"", ""source_detail"": ""https://www.elections.ca/res/rep/off/ovr2021app/53/data_donnees/pollresults_resultatsbureau35.zip""}, ""roster_reference"": {""dissolution_date"": ""2025-03-23"", ""reference_date"": ""2025-03-22"", ""source_url"": ""https://www.elections.ca/content.aspx?dir=rep/off/sta_ge45&document=for&lang=e&section=res""}}"
ten_83b83649e3135eb28947a57e89f26f4b,per_3ec4e3ff861d57519f52e15b4a9449a7,toronto_city_council,councillor,dst_0d7e9e08fea05cf28d47a0f262ad8f3f,2014-10-27,election_date,2016-07-25,at_or_after_reference,election,City of Toronto,"{""event_id"":""evt_552c4874312956ae84afbbc5ee91b0f7"",""prior_candidacy"":{""candidacy_id"":""can_36b1f3ca2cd1506cb9ce1ab47e60e02c"",""source_authority"":""Toronto City Clerk"",""source_detail"":""data/interim/results/2014/COUNCILLOR.xls"",""source_resource"":""Elections — Official Results""},""rule"":""certified_winner_since_latest_general_in_incomplete_by_election_roster""}"
ten_83d2a127af035985b374348a90a8110e,per_54481263a78854f5aa3384594f5b8202,toronto_city_council,councillor,,,unknown,2003-11-10,at_or_after_reference,election,City of Toronto,"{""entry_method"":""election"",""member_name"":""Mike Feldman"",""rule"":""last_valid_council_composition_before_general_election"",""source"":""wikipedia"",""source_confidence"":0.85,""source_files"":[""data/reference/roster_agent_a.txt"",""data/reference/roster_agent_b.txt""]}"
ten_83d48ac87f4c516eabf9b3790260e753,per_f67e1ad9cb6c5d86a1f3221621b33a9e,toronto_city_council,councillor,,,unknown,2003-11-10,at_or_after_reference,election,City of Toronto,"{""entry_method"":""election"",""member_name"":""Peter Milczyn"",""rule"":""last_valid_council_composition_before_general_election"",""source"":""wikipedia"",""source_confidence"":0.85,""source_files"":[""data/reference/roster_agent_a.txt"",""data/reference/roster_agent_b.txt""]}"
ten_840a6448f0985902b204941138d2de7b,per_c5372e6dbb6d53df8414c2da4f9764d8,canada_house_of_commons,mp,dst_1bc62eabeaad547eba65542f394ef772,2021-09-20,election_date,2025-03-22,at_or_after_reference,election,elections_canada,"{""authority_reported_flag_used_as_review_signal_only"": true, ""current_candidacy"": {""candidacy_id"": ""can_61c8c7197ba35d5283d6c9d2fa79e0b4"", ""event_id"": ""ec-ge-45"", ""incumbent_reported"": true, ""source_detail"": ""https://www.elections.ca/res/rep/off/ovrGE45/62/data_donnees/pollresults_resultatsbureau35.zip""}, ""evidence_rule"": ""most_recent_prior_candidacy_elected_in_cycle_without_later_seat_winner"", ""prior_elected_candidacy"": {""candidacy_id"": ""can_3b06db12e1a052f1822bb4be23e49584"", ""district_id"": ""dst_1bc62eabeaad547eba65542f394ef772"", ""elected"": true, ""election_date"": ""2021-09-20"", ""event_id"": ""ec-ge-44"", ""source_detail"": ""https://www.elections.ca/res/rep/off/ovr2021app/53/data_donnees/pollresults_resultatsbureau35.zip""}, ""roster_reference"": {""dissolution_date"": ""2025-03-23"", ""reference_date"": ""2025-03-22"", ""source_url"": ""https://www.elections.ca/content.aspx?dir=rep/off/sta_ge45&document=for&lang=e&section=res""}}"
ten_841e4d5da7f25ace826cb1562463bc20,per_c10fdd7256dc5cf7b73327f5dc8ce0e6,canada_house_of_commons,mp,dst_41e9f67431d45f4daa4524722f4c6b10,2019-10-21,election_date,2021-08-14,at_or_after_reference,election,elections_canada,"{""authority_reported_flag_used_as_review_signal_only"": true, ""current_candidacy"": {""candidacy_id"": ""can_c50b0806273c5920908a7a8e219666f3"", ""event_id"": ""ec-ge-44"", ""incumbent_reported"": true, ""source_detail"": ""https://www.elections.ca/res/rep/off/ovr2021app/53/data_donnees/pollresults_resultatsbureau35.zip""}, ""evidence_rule"": ""most_recent_prior_candidacy_elected_in_cycle_without_later_seat_winner"", ""prior_elected_candidacy"": {""candidacy_id"": ""can_86bfae7e7b6659bc819fd0d80bee32c2"", ""district_id"": ""dst_41e9f67431d45f4daa4524722f4c6b10"", ""elected"": true, ""election_date"": ""2019-10-21"", ""event_id"": ""ec-ge-43"", ""source_detail"": ""https://www.elections.ca/res/rep/off/ovr2019app/51/data_donnees/pollresults_resultatsbureau35.zip""}, ""roster_reference"": {""dissolution_date"": ""2021-08-15"", ""reference_date"": ""2021-08-14"", ""source_url"": ""https://www.elections.ca/content.aspx?dir=rep/off/sta_ge44&document=p2&lang=e&section=res""}}"
ten_848ba6894aa053b591c5728f9ddd7176,per_195d8880a189532cad9b323cb5260687,canada_house_of_commons,mp,dst_3744596ff33b5448b4953b6087725656,2006-01-23,election_date,2008-09-06,at_or_after_reference,election,elections_canada,"{""authority_reported_flag_used_as_review_signal_only"": true, ""current_candidacy"": {""candidacy_id"": ""can_d2771c88bde4517d8cda13f513c2bd3c"", ""event_id"": ""ec-ge-40"", ""incumbent_reported"": true, ""source_detail"": ""https://www.elections.ca/scripts/OVR2008/31/data/pollresults_resultatsbureau35.zip""}, ""evidence_rule"": ""most_recent_prior_candidacy_elected_in_cycle_without_later_seat_winner"", ""prior_elected_candidacy"": {""candidacy_id"": ""can_5423962cd05e5dde8f272ba11190058a"", ""district_id"": ""dst_3744596ff33b5448b4953b6087725656"", ""elected"": true, ""election_date"": ""2006-01-23"", ""event_id"": ""ec-ge-39"", ""source_detail"": ""https://www.elections.ca/Scripts/OVR2006/25/data_donnees/pollresults_resultatsbureau35.zip""}, ""roster_reference"": {""dissolution_date"": ""2008-09-07"", ""reference_date"": ""2008-09-06"", ""source_url"": ""https://www.elections.ca/content.aspx?dir=rep/off/sta_2008&document=p2&lang=e&section=res""}}"
ten_84ae82eed72150b380a4aae29ba4490d,per_18786ecd2dc7506794ac10340a5f68f6,toronto_city_council,councillor,dst_6962e00ba56b58edbaaea7f0f81504f6,2022-10-24,election_date,2023-11-30,at_or_after_reference,election,City of Toronto,"{""event_id"":""evt_ee5715a80b5a532c8b778d94f6b7c9b8"",""prior_candidacy"":{""candidacy_id"":""can_75961c4df15e5d8c85f6a63ffa59f246"",""source_authority"":""Toronto City Clerk"",""source_detail"":""data/interim/results/2022/2022_Toronto_Poll_By_Poll_Councillor.xlsx"",""source_resource"":""Elections — Official Results""},""rule"":""certified_winner_since_latest_general_in_incomplete_by_election_roster""}"
ten_85d5555abbdd5ad285d4e66d4252a655,per_6889ce57bbda567f950b56abf65ade53,toronto_city_council,councillor,dst_37dc3c9d918c5bf7a3d55d4188015db0,2010-10-25,election_date,2014-10-27,at_or_after_reference,election,City of Toronto,"{""member_name"":""Gary Crawford"",""rule"":""last_valid_council_composition_before_general_election"",""source"":""city_attendance"",""source_confidence"":0.95,""source_file"":""data/raw/council/attendance/councillors-meeting-attendance-2010-2014.csv""}"
ten_8673fc8b271f550e8457f01ab49b078a,per_0b90e095f90f5e57a916bb85da2f6888,toronto_city_council,councillor,,,unknown,2003-11-10,at_or_after_reference,election,City of Toronto,"{""entry_method"":""election"",""member_name"":""Brian Ashton"",""rule"":""last_valid_council_composition_before_general_election"",""source"":""wikipedia"",""source_confidence"":0.85,""source_files"":[""data/reference/roster_agent_a.txt"",""data/reference/roster_agent_b.txt""]}"
ten_86edd83709165f31aaf602407e36d0e0,per_4ba452117bb35c6f8947a0fdf033ad53,toronto_city_council,councillor,dst_ea407e9a03df5ef2bee0d7950b9d2b8f,2010-10-25,election_date,2014-10-27,at_or_after_reference,election,City of Toronto,"{""member_name"":""Sarah Doucette"",""rule"":""last_valid_council_composition_before_general_election"",""source"":""city_attendance"",""source_confidence"":0.95,""source_file"":""data/raw/council/attendance/councillors-meeting-attendance-2010-2014.csv""}"
ten_87061812e4225a66963fc945a40f5c0d,per_de1a64ad073f55be8ab96b408929514a,ontario_legislative_assembly,mpp,dst_4a323e68e46553c6876d936fcf958a40,,unknown,2003-09-01,at_or_after_reference,unknown,elections_ontario,https://results.elections.on.ca/api/report-groups/5/report-outputs/521/csv;https://results.elections.on.ca/api/report-groups/5/report-outputs/514/csv;https://results.elections.on.ca/api/report-groups/5/report-outputs/519/csv
ten_8730dfef82a957dbb8f9798fd2283145,per_10e1d04497dd5d54b666003f47edc5bb,toronto_city_council,councillor,dst_9203cbbfeedb5dc2a34e5767ba3dfc5d,2003-11-10,election_date,2006-11-13,at_or_after_reference,election,City of Toronto,"{""entry_method"":""election"",""member_name"":""Gay Cowbourne"",""rule"":""last_valid_council_composition_before_general_election"",""source"":""wikipedia"",""source_confidence"":0.85,""source_files"":[""data/reference/roster_agent_a.txt"",""data/reference/roster_agent_b.txt""]}"
ten_883ca44b4eae5c2586e2e5e5cb682ee0,per_a0a0b8b1222d525daa9c375c565026f0,toronto_city_council,councillor,dst_31b0d3246c42553fa0cefe70cff58cf4,2014-10-27,election_date,2016-07-25,at_or_after_reference,election,City of Toronto,"{""event_id"":""evt_552c4874312956ae84afbbc5ee91b0f7"",""prior_candidacy"":{""candidacy_id"":""can_265d242844d856a3a67d627039398b73"",""source_authority"":""Toronto City Clerk"",""source_detail"":""data/interim/results/2014/COUNCILLOR.xls"",""source_resource"":""Elections — Official Results""},""rule"":""certified_winner_since_latest_general_in_incomplete_by_election_roster""}"
ten_8875b1dcb56f596ca7259af883bca469,per_bfeb35d94dc45455987133a9e9091a58,toronto_city_council,councillor,dst_00ef04bf1da8516e8fcafe4f6798604d,2022-10-24,election_date,2025-09-29,at_or_after_reference,election,City of Toronto,"{""event_id"":""evt_ca435dada07f5ed9b041b7c3d24de732"",""prior_candidacy"":{""candidacy_id"":""can_45aad11df89c511b88aed431e1b1be4e"",""source_authority"":""Toronto City Clerk"",""source_detail"":""data/interim/results/2022/2022_Toronto_Poll_By_Poll_Councillor.xlsx"",""source_resource"":""Elections — Official Results""},""rule"":""certified_winner_since_latest_general_in_incomplete_by_election_roster""}"
ten_890a09b2027d5e6c86cd5ca62a3e6a55,per_03d63913c07a5476ad459f21d58ec10b,canada_house_of_commons,mp,dst_940c7a29cb67531d867fe49523e39f59,2021-09-20,election_date,2025-03-22,at_or_after_reference,election,elections_canada,"{""authority_reported_flag_used_as_review_signal_only"": true, ""current_candidacy"": {""candidacy_id"": ""can_f173313a6ce15ad7b42303f26e0ed785"", ""event_id"": ""ec-ge-45"", ""incumbent_reported"": true, ""source_detail"": ""https://www.elections.ca/res/rep/off/ovrGE45/62/data_donnees/pollresults_resultatsbureau35.zip""}, ""evidence_rule"": ""most_recent_prior_candidacy_elected_in_cycle_without_later_seat_winner"", ""prior_elected_candidacy"": {""candidacy_id"": ""can_44c2c1ff92a35fe198a4679339fdc07b"", ""district_id"": ""dst_940c7a29cb67531d867fe49523e39f59"", ""elected"": true, ""election_date"": ""2021-09-20"", ""event_id"": ""ec-ge-44"", ""source_detail"": ""https://www.elections.ca/res/rep/off/ovr2021app/53/data_donnees/pollresults_resultatsbureau35.zip""}, ""roster_reference"": {""dissolution_date"": ""2025-03-23"", ""reference_date"": ""2025-03-22"", ""source_url"": ""https://www.elections.ca/content.aspx?dir=rep/off/sta_ge45&document=for&lang=e&section=res""}}"
ten_8925ca946fa45b3cb87a74daf1a67a49,per_15643a9d6a59549bb8e536af298a4b2c,ontario_legislative_assembly,mpp,dst_7f3aeb0d097d5496845dc69a60e2e024,,unknown,2022-05-02,at_or_after_reference,unknown,elections_ontario,https://results.elections.on.ca/api/report-groups/45/report-outputs/1050/csv;https://results.elections.on.ca/api/report-groups/45/report-outputs/1043/csv;https://results.elections.on.ca/api/report-groups/45/report-outputs/1048/csv
ten_89321fefb92b51dfbf5b5032d07a3b9a,per_c69632b7167c533dbffd7ea1dd4fd59e,canada_house_of_commons,mp,dst_9bc3d8beadfa59679ac37416a0371f32,2011-05-02,election_date,2015-08-01,at_or_after_reference,election,elections_canada,"{""authority_reported_flag_used_as_review_signal_only"": true, ""current_candidacy"": {""candidacy_id"": ""can_c453d427ea7f5b6fb42a72ce9102e9c1"", ""event_id"": ""ec-ge-42"", ""incumbent_reported"": true, ""source_detail"": ""https://www.elections.ca/res/rep/off/ovr2015app/41/data_donnees/pollresults_resultatsbureau35.zip""}, ""evidence_rule"": ""most_recent_prior_candidacy_elected_in_cycle_without_later_seat_winner"", ""prior_elected_candidacy"": {""candidacy_id"": ""can_685d7c51836d522ca6a15c8fbccae2ac"", ""district_id"": ""dst_9bc3d8beadfa59679ac37416a0371f32"", ""elected"": true, ""election_date"": ""2011-05-02"", ""event_id"": ""ec-ge-41"", ""source_detail"": ""https://www.elections.ca/scripts/OVR2011/34/data_donnees/pollresults_resultatsbureau35.zip""}, ""roster_reference"": {""dissolution_date"": ""2015-08-02"", ""reference_date"": ""2015-08-01"", ""source_url"": ""https://www.elections.ca/content.aspx?dir=rep/off/sta_2015&document=p2&lang=e&section=res""}}"
ten_897804a366db5bcca0e1f627389965a8,per_0059b325cc605aeeb4c8e1c6f91bc258,toronto_city_council,councillor,dst_3c9bf8c508835550a695467bd818fd5e,2006-11-13,election_date,2010-10-25,at_or_after_reference,election,City of Toronto,"{""member_name"":""Case Ootes"",""rule"":""last_valid_council_composition_before_general_election"",""source"":""city_attendance"",""source_confidence"":0.95,""source_file"":""data/raw/council/attendance/councillors-meeting-attendance-2006-2010.csv""}"
ten_89a9bc8f43f35e6298511cc7a3277c11,per_a4291ca7539b53e2acc1c4f108bc73e6,toronto_city_council,councillor,,,unknown,2003-11-10,at_or_after_reference,election,City of Toronto,"{""entry_method"":""election"",""member_name"":""Olivia Chow"",""rule"":""last_valid_council_composition_before_general_election"",""source"":""wikipedia"",""source_confidence"":0.85,""source_files"":[""data/reference/roster_agent_a.txt"",""data/reference/roster_agent_b.txt""]}"
ten_89aa88ae426a5246b58d782c02987d35,per_5f9ff0988c5d5bb8aa289e250cd144b0,canada_house_of_commons,mp,dst_f9f2054a899f5b29903afdeb23e753a7,2006-01-23,election_date,2008-09-06,at_or_after_reference,election,elections_canada,"{""authority_reported_flag_used_as_review_signal_only"": true, ""current_candidacy"": {""candidacy_id"": ""can_84d0e456011e5c9295850b62e914f003"", ""event_id"": ""ec-ge-40"", ""incumbent_reported"": true, ""source_detail"": ""https://www.elections.ca/scripts/OVR2008/31/data/pollresults_resultatsbureau35.zip""}, ""evidence_rule"": ""most_recent_prior_candidacy_elected_in_cycle_without_later_seat_winner"", ""prior_elected_candidacy"": {""candidacy_id"": ""can_27f8fa2a44665a018c074f2ca916d71c"", ""district_id"": ""dst_f9f2054a899f5b29903afdeb23e753a7"", ""elected"": true, ""election_date"": ""2006-01-23"", ""event_id"": ""ec-ge-39"", ""source_detail"": ""https://www.elections.ca/Scripts/OVR2006/25/data_donnees/pollresults_resultatsbureau35.zip""}, ""roster_reference"": {""dissolution_date"": ""2008-09-07"", ""reference_date"": ""2008-09-06"", ""source_url"": ""https://www.elections.ca/content.aspx?dir=rep/off/sta_2008&document=p2&lang=e&section=res""}}"
ten_89b8fc4fcc8e5741a145ed92ef613080,per_0fbda58a4d4d53d2882886ec2ab57599,toronto_city_council,councillor,dst_cb8f4d514c36567389345a10287e90a0,2003-11-10,election_date,2006-11-13,at_or_after_reference,election,City of Toronto,"{""entry_method"":""election"",""member_name"":""John Filion"",""rule"":""last_valid_council_composition_before_general_election"",""source"":""wikipedia"",""source_confidence"":0.85,""source_files"":[""data/reference/roster_agent_a.txt"",""data/reference/roster_agent_b.txt""]}"
ten_8beb9245b74c50c08102f9aff13ad7e1,per_b8c7ac1e1bdd57698d5f7955f63c2c25,toronto_city_council,councillor,dst_0c7514aa1b09538184e94ea59745d5e1,2016-07-25,election_date,2018-10-22,at_or_after_reference,election,City of Toronto,"{""member_name"":""Michael Ford"",""rule"":""last_valid_council_composition_before_general_election"",""source"":""city_attendance"",""source_confidence"":0.95,""source_file"":""data/raw/council/attendance/councillors-meeting-attendance-2014-2018.csv""}"
ten_8bf452b7850556a692d3ebd99a6f5854,per_4dcec440468d54acb6dfdd05c244837e,canada_house_of_commons,mp,dst_ba53feb75e295515a7fec976395f12a8,2004-06-28,election_date,2005-11-28,at_or_after_reference,election,elections_canada,"{""authority_reported_flag_used_as_review_signal_only"": true, ""current_candidacy"": {""candidacy_id"": ""can_b20e364fc5665c6fb02973c7c0381097"", ""event_id"": ""ec-ge-39"", ""incumbent_reported"": true, ""source_detail"": ""https://www.elections.ca/Scripts/OVR2006/25/data_donnees/pollresults_resultatsbureau35.zip""}, ""evidence_rule"": ""most_recent_prior_candidacy_elected_in_cycle_without_later_seat_winner"", ""prior_elected_candidacy"": {""candidacy_id"": ""can_3c6b3bcddae4555b8de84a2055a54ecb"", ""district_id"": ""dst_ba53feb75e295515a7fec976395f12a8"", ""elected"": true, ""election_date"": ""2004-06-28"", ""event_id"": ""ec-ge-38"", ""source_detail"": ""https://www.elections.ca/scripts/OVR2004/23/data/ON.zip | summary enrichment: https://www.elections.ca/scripts/OVR2004/23/data/table12.csv""}, ""roster_reference"": {""dissolution_date"": ""2005-11-29"", ""reference_date"": ""2005-11-28"", ""source_url"": ""https://www.elections.ca/content.aspx?dir=rep/off/sta_2006&document=p2&lang=e&section=res""}}"
ten_8c94fccaec36573895e99f387fa43155,per_cacdaf09421e5b0e98d0138141449f29,toronto_city_council,councillor,dst_14a751bcf5d35757811c5ea6866f31b0,2018-10-22,election_date,2021-01-15,at_or_after_reference,election,City of Toronto,"{""event_id"":""evt_50c15fe55fa753fba75abfada8da3c38"",""prior_candidacy"":{""candidacy_id"":""can_f9ea8f5f2f22545b961d7d1aebffe984"",""source_authority"":""Toronto City Clerk"",""source_detail"":""data/interim/results/2018/2018_Toronto_Poll_By_Poll_Councillor.xlsx"",""source_resource"":""Elections — Official Results""},""rule"":""certified_winner_since_latest_general_in_incomplete_by_election_roster""}"
ten_8cc549baebe555938a2a085e908b375a,per_2500cbb3b00c52229b1ad6cabf5fbaf7,toronto_city_council,councillor,dst_839fe99c6fcd5019b4848ab42a1f25e0,2010-10-25,election_date,2014-10-27,at_or_after_reference,election,City of Toronto,"{""member_name"":""Janet Davis"",""rule"":""last_valid_council_composition_before_general_election"",""source"":""city_attendance"",""source_confidence"":0.95,""source_file"":""data/raw/council/attendance/councillors-meeting-attendance-2010-2014.csv""}"
ten_8d405a71b1da536db120684a64cc47fd,per_a53e9965219950538ffbd906a800eba1,canada_house_of_commons,mp,dst_33975b8b144959008e9471bc04d46d9d,2019-10-21,election_date,2021-08-14,at_or_after_reference,election,elections_canada,"{""authority_reported_flag_used_as_review_signal_only"": true, ""current_candidacy"": {""candidacy_id"": ""can_4f159c74fe7256af9044e4144d7e5b16"", ""event_id"": ""ec-ge-44"", ""incumbent_reported"": true, ""source_detail"": ""https://www.elections.ca/res/rep/off/ovr2021app/53/data_donnees/pollresults_resultatsbureau35.zip""}, ""evidence_rule"": ""most_recent_prior_candidacy_elected_in_cycle_without_later_seat_winner"", ""prior_elected_candidacy"": {""candidacy_id"": ""can_331ef2ffb19a58b8ad3e30f8d4d45129"", ""district_id"": ""dst_33975b8b144959008e9471bc04d46d9d"", ""elected"": true, ""election_date"": ""2019-10-21"", ""event_id"": ""ec-ge-43"", ""source_detail"": ""https://www.elections.ca/res/rep/off/ovr2019app/51/data_donnees/pollresults_resultatsbureau35.zip""}, ""roster_reference"": {""dissolution_date"": ""2021-08-15"", ""reference_date"": ""2021-08-14"", ""source_url"": ""https://www.elections.ca/content.aspx?dir=rep/off/sta_ge44&document=p2&lang=e&section=res""}}"
ten_8d8260812b51592c89c350af771f0ad0,per_be3398f5eb7d52188e436eb7b1981a97,canada_house_of_commons,mp,dst_785f283b3f18541f910909c0aa9950ad,2008-10-14,election_date,2011-03-25,at_or_after_reference,election,elections_canada,"{""authority_reported_flag_used_as_review_signal_only"": true, ""current_candidacy"": {""candidacy_id"": ""can_44583b0f39645588899560c97993a33c"", ""event_id"": ""ec-ge-41"", ""incumbent_reported"": true, ""source_detail"": ""https://www.elections.ca/scripts/OVR2011/34/data_donnees/pollresults_resultatsbureau35.zip""}, ""evidence_rule"": ""most_recent_prior_candidacy_elected_in_cycle_without_later_seat_winner"", ""prior_elected_candidacy"": {""candidacy_id"": ""can_7213e595e11f502b9569c4debd20c697"", ""district_id"": ""dst_785f283b3f18541f910909c0aa9950ad"", ""elected"": true, ""election_date"": ""2008-10-14"", ""event_id"": ""ec-ge-40"", ""source_detail"": ""https://www.elections.ca/scripts/OVR2008/31/data/pollresults_resultatsbureau35.zip""}, ""roster_reference"": {""dissolution_date"": ""2011-03-26"", ""reference_date"": ""2011-03-25"", ""source_url"": ""https://www.elections.ca/res/rep/off/sta_2011/stat_report2011_e.pdf""}}"
ten_8ddff3a5eb835a20a6eebb923996c183,per_56d2cf0005bb560da8dd3e54c122569f,toronto_city_council,councillor,,,unknown,2006-11-13,at_or_after_reference,election,City of Toronto,"{""entry_method"":""election"",""member_name"":""George Mammoliti"",""rule"":""last_valid_council_composition_before_general_election"",""source"":""wikipedia"",""source_confidence"":0.7,""source_files"":[""data/reference/roster_agent_a.txt"",""data/reference/roster_agent_b.txt""]}"
ten_8e7959bfbf775aed99cd19455404b992,per_791106f36261525dbc579ab6cf45b553,canada_house_of_commons,mp,dst_e5434aacb1c5594584704f304d428428,2011-05-02,election_date,2015-08-01,at_or_after_reference,election,elections_canada,"{""authority_reported_flag_used_as_review_signal_only"": true, ""current_candidacy"": {""candidacy_id"": ""can_280e026200465692873ee1d41b628f60"", ""event_id"": ""ec-ge-42"", ""incumbent_reported"": true, ""source_detail"": ""https://www.elections.ca/res/rep/off/ovr2015app/41/data_donnees/pollresults_resultatsbureau35.zip""}, ""evidence_rule"": ""most_recent_prior_candidacy_elected_in_cycle_without_later_seat_winner"", ""prior_elected_candidacy"": {""candidacy_id"": ""can_3b1425d6cd655aed98d3e3691c03e82a"", ""district_id"": ""dst_e5434aacb1c5594584704f304d428428"", ""elected"": true, ""election_date"": ""2011-05-02"", ""event_id"": ""ec-ge-41"", ""source_detail"": ""https://www.elections.ca/scripts/OVR2011/34/data_donnees/pollresults_resultatsbureau35.zip""}, ""roster_reference"": {""dissolution_date"": ""2015-08-02"", ""reference_date"": ""2015-08-01"", ""source_url"": ""https://www.elections.ca/content.aspx?dir=rep/off/sta_2015&document=p2&lang=e&section=res""}}"
ten_8ebd541fbd80529085296785488e7994,per_656bf9ee8956529195719d111d5fe53d,ontario_legislative_assembly,mpp,dst_c3d8ce50e3cd55fe9b4b2bbc90cc3e6e,,unknown,2007-09-09,at_or_after_reference,unknown,elections_ontario,https://results.elections.on.ca/api/report-groups/4/report-outputs/510/csv;https://results.elections.on.ca/api/report-groups/4/report-outputs/503/csv;https://results.elections.on.ca/api/report-groups/4/report-outputs/508/csv
ten_8ec0a6b01c3a5539adb7f31219cf230b,per_d6e9f3947fda53a490136416df97c3cf,toronto_city_council,councillor,dst_f1bb08a02f0c53efbe59d0a3ec00be31,2022-10-24,election_date,2024-11-04,at_or_after_reference,election,City of Toronto,"{""event_id"":""evt_af73d490abf95ffdae38ca2c830e51f4"",""prior_candidacy"":{""candidacy_id"":""can_17ebcc2aa7b3539f9110da11b526ed65"",""source_authority"":""Toronto City Clerk"",""source_detail"":""data/interim/results/2022/2022_Toronto_Poll_By_Poll_Councillor.xlsx"",""source_resource"":""Elections — Official Results""},""rule"":""certified_winner_since_latest_general_in_incomplete_by_election_roster""}"
ten_8f03ae33a32451b1918ffb07e70d220e,per_3e52aa435eb8566fb37510ab305dff54,toronto_city_council,councillor,dst_fdb0ec21f126579eb091e27d38a9b9c8,2014-10-27,election_date,2018-10-22,at_or_after_reference,election,City of Toronto,"{""member_name"":""Mark Grimes"",""rule"":""last_valid_council_composition_before_general_election"",""source"":""city_attendance"",""source_confidence"":0.95,""source_file"":""data/raw/council/attendance/councillors-meeting-attendance-2014-2018.csv""}"
ten_8f0583b5a9d851e8b243c09d90b42ea4,per_7b147a95da2c5e71ab742d7c89e403e5,canada_house_of_commons,mp,dst_2b44aeb1727857e0b6020f8aab50fc7a,2004-06-28,election_date,2005-11-28,at_or_after_reference,election,elections_canada,"{""authority_reported_flag_used_as_review_signal_only"": true, ""current_candidacy"": {""candidacy_id"": ""can_de5283e864855dfc838e26061ca37a63"", ""event_id"": ""ec-ge-39"", ""incumbent_reported"": true, ""source_detail"": ""https://www.elections.ca/Scripts/OVR2006/25/data_donnees/pollresults_resultatsbureau35.zip""}, ""evidence_rule"": ""most_recent_prior_candidacy_elected_in_cycle_without_later_seat_winner"", ""prior_elected_candidacy"": {""candidacy_id"": ""can_33e464bd65e357828bfbe1c61b2d0d9b"", ""district_id"": ""dst_2b44aeb1727857e0b6020f8aab50fc7a"", ""elected"": true, ""election_date"": ""2004-06-28"", ""event_id"": ""ec-ge-38"", ""source_detail"": ""https://www.elections.ca/scripts/OVR2004/23/data/ON.zip | summary enrichment: https://www.elections.ca/scripts/OVR2004/23/data/table12.csv""}, ""roster_reference"": {""dissolution_date"": ""2005-11-29"", ""reference_date"": ""2005-11-28"", ""source_url"": ""https://www.elections.ca/content.aspx?dir=rep/off/sta_2006&document=p2&lang=e&section=res""}}"
ten_8f22f99cc4ea5dc0baed4e5702b7b72b,per_18786ecd2dc7506794ac10340a5f68f6,toronto_city_council,councillor,dst_388c245b76105b2ab99da1f16784e7b8,2014-10-27,election_date,2018-10-22,at_or_after_reference,election,City of Toronto,"{""member_name"":""Anthony Perruzza"",""rule"":""last_valid_council_composition_before_general_election"",""source"":""city_attendance"",""source_confidence"":0.95,""source_file"":""data/raw/council/attendance/councillors-meeting-attendance-2014-2018.csv""}"
ten_8f68a7b9a29a5588ab2eae9603b99200,per_c3a5a68980145a11b4ff0e9887b85bf1,canada_house_of_commons,mp,dst_878cfa42201351ad99822c60455d318f,2019-10-21,election_date,2021-08-14,at_or_after_reference,election,elections_canada,"{""authority_reported_flag_used_as_review_signal_only"": true, ""current_candidacy"": {""candidacy_id"": ""can_e92ccefccf8d594da1c086f52b6eff07"", ""event_id"": ""ec-ge-44"", ""incumbent_reported"": true, ""source_detail"": ""https://www.elections.ca/res/rep/off/ovr2021app/53/data_donnees/pollresults_resultatsbureau35.zip""}, ""evidence_rule"": ""most_recent_prior_candidacy_elected_in_cycle_without_later_seat_winner"", ""prior_elected_candidacy"": {""candidacy_id"": ""can_46821c0391605b56bab017cb4d1671d8"", ""district_id"": ""dst_878cfa42201351ad99822c60455d318f"", ""elected"": true, ""election_date"": ""2019-10-21"", ""event_id"": ""ec-ge-43"", ""source_detail"": ""https://www.elections.ca/res/rep/off/ovr2019app/51/data_donnees/pollresults_resultatsbureau35.zip""}, ""roster_reference"": {""dissolution_date"": ""2021-08-15"", ""reference_date"": ""2021-08-14"", ""source_url"": ""https://www.elections.ca/content.aspx?dir=rep/off/sta_ge44&document=p2&lang=e&section=res""}}"
ten_8ff6ac68acd053dcbc8b165fabc3b15b,per_8e0e56e3ed2358e0ab9ded05d302437f,ontario_legislative_assembly,mpp,dst_577d8042fb21525fbc20f7347ab8e488,,unknown,2018-05-07,at_or_after_reference,unknown,elections_ontario,https://results.elections.on.ca/api/report-groups/1/report-outputs/932/csv;https://results.elections.on.ca/api/report-groups/1/report-outputs/925/csv;https://results.elections.on.ca/api/report-groups/1/report-outputs/930/csv
ten_9021c3de4eb05cb0a1dc2eddcb164990,per_87efbe376bd65a3cb9cecc821dec0081,canada_house_of_commons,mp,dst_318428fd5bba5a75a4f2ec0ba8cd2e2b,2021-09-20,election_date,2025-03-22,at_or_after_reference,election,elections_canada,"{""authority_reported_flag_used_as_review_signal_only"": true, ""current_candidacy"": {""candidacy_id"": ""can_c390870269c95a8cb944c08fb249d87a"", ""event_id"": ""ec-ge-45"", ""incumbent_reported"": true, ""source_detail"": ""https://www.elections.ca/res/rep/off/ovrGE45/62/data_donnees/pollresults_resultatsbureau35.zip""}, ""evidence_rule"": ""most_recent_prior_candidacy_elected_in_cycle_without_later_seat_winner"", ""prior_elected_candidacy"": {""candidacy_id"": ""can_919cdd55cb4d5df49060108e22008a24"", ""district_id"": ""dst_318428fd5bba5a75a4f2ec0ba8cd2e2b"", ""elected"": true, ""election_date"": ""2021-09-20"", ""event_id"": ""ec-ge-44"", ""source_detail"": ""https://www.elections.ca/res/rep/off/ovr2021app/53/data_donnees/pollresults_resultatsbureau35.zip""}, ""roster_reference"": {""dissolution_date"": ""2025-03-23"", ""reference_date"": ""2025-03-22"", ""source_url"": ""https://www.elections.ca/content.aspx?dir=rep/off/sta_ge45&document=for&lang=e&section=res""}}"
ten_909e1b42723e506d9a31d6b7d0d001e7,per_cacdaf09421e5b0e98d0138141449f29,toronto_city_council,councillor,dst_d3b1245f009c5cb48950c9825eb219ee,2014-10-27,election_date,2017-02-13,at_or_after_reference,election,City of Toronto,"{""event_id"":""evt_b8284a5341635f79babdf7ddc512c2f6"",""prior_candidacy"":{""candidacy_id"":""can_96f21a337879501a940a9d83c4c2cca3"",""source_authority"":""Toronto City Clerk"",""source_detail"":""data/interim/results/2014/COUNCILLOR.xls"",""source_resource"":""Elections — Official Results""},""rule"":""certified_winner_since_latest_general_in_incomplete_by_election_roster""}"
ten_9139c02f887251d0ab49f38322ff4115,per_2a01a0cc36c756e097e174940ed0eb78,toronto_city_council,councillor,dst_91f46887d24056d4b7ca558724be9305,2014-10-27,election_date,2018-10-22,at_or_after_reference,election,City of Toronto,"{""member_name"":""Gord Perks"",""rule"":""last_valid_council_composition_before_general_election"",""source"":""city_attendance"",""source_confidence"":0.95,""source_file"":""data/raw/council/attendance/councillors-meeting-attendance-2014-2018.csv""}"
ten_917069da6e2c5d26b928e7f1a3c8866c,per_2cca1e22c6125cc6ad6b3c491b53cf3e,toronto_city_council,councillor,,,unknown,2018-10-22,at_or_after_reference,appointment,City of Toronto,"{""entry_method"":""appointment"",""last_holder_reconciliation"":{""former_member"":""Pam McConnell"",""last_holder"":""Lucy Troisi"",""source"":""https://www.toronto.ca/legdocs/mmis/2019/ex/bgrd/backgroundfile-131208.pdf""},""member_name"":""Lucy Troisi"",""rule"":""last_valid_council_composition_before_general_election"",""source"":""city_voting"",""source_confidence"":0.9,""source_file"":""data/raw/council/voting/member-voting-record-2014-2018.csv""}"
ten_9199002419975e09a5499cded7938e33,per_23e90faa5b66501aa48b838f277f5608,ontario_legislative_assembly,mpp,dst_26f9b7b8a28a524f897cea3f940cbabe,,unknown,2025-01-24,at_or_after_reference,unknown,elections_ontario,https://results.elections.on.ca/api/report-groups/48/report-outputs/1096/csv;https://results.elections.on.ca/api/report-groups/48/report-outputs/1089/csv;https://results.elections.on.ca/api/report-groups/48/report-outputs/1094/csv
ten_91da0b177f2c5acfae0ee132028b6ea8,per_69529146105a5d85ae577db19104ceed,toronto_city_council,councillor,dst_262b1fe4f5215500ae024ee7e01c0912,2018-10-22,election_date,2021-01-15,at_or_after_reference,election,City of Toronto,"{""event_id"":""evt_50c15fe55fa753fba75abfada8da3c38"",""prior_candidacy"":{""candidacy_id"":""can_959affa9be1555e5bc0612838e927027"",""source_authority"":""Toronto City Clerk"",""source_detail"":""data/interim/results/2018/2018_Toronto_Poll_By_Poll_Councillor.xlsx"",""source_resource"":""Elections — Official Results""},""rule"":""certified_winner_since_latest_general_in_incomplete_by_election_roster""}"
ten_91da47391f7d5203ab299a20004d4622,per_e42110d6d55c5145b6ff91e7169bffae,toronto_city_council,councillor,dst_6dbcacb473285d91bc3f4bd0e06d4d63,2014-10-27,election_date,2016-07-25,at_or_after_reference,election,City of Toronto,"{""event_id"":""evt_552c4874312956ae84afbbc5ee91b0f7"",""prior_candidacy"":{""candidacy_id"":""can_e20224e32d205d5f8ee21f1cba9c6661"",""source_authority"":""Toronto City Clerk"",""source_detail"":""data/interim/results/2014/COUNCILLOR.xls"",""source_resource"":""Elections — Official Results""},""rule"":""certified_winner_since_latest_general_in_incomplete_by_election_roster""}"
ten_91e205c73ace5cfdb7dbed556bd231e1,per_d476ff1e2e605a88914636edbdfcb79a,toronto_city_council,councillor,dst_e45c4398760258f785214d7b514aafb1,2022-10-24,election_date,2024-11-04,at_or_after_reference,election,City of Toronto,"{""event_id"":""evt_af73d490abf95ffdae38ca2c830e51f4"",""prior_candidacy"":{""candidacy_id"":""can_c4e145ff6e765e0082c90ea1a07ae943"",""source_authority"":""Toronto City Clerk"",""source_detail"":""data/interim/results/2022/2022_Toronto_Poll_By_Poll_Councillor.xlsx"",""source_resource"":""Elections — Official Results""},""rule"":""certified_winner_since_latest_general_in_incomplete_by_election_roster""}"
ten_924ce8e733e85cd8abad55fc73527d08,per_03d63913c07a5476ad459f21d58ec10b,ontario_legislative_assembly,mpp,dst_c8719fc218515eaaba7e47cbbe712714,,unknown,2018-05-07,at_or_after_reference,unknown,elections_ontario,https://results.elections.on.ca/api/report-groups/1/report-outputs/932/csv;https://results.elections.on.ca/api/report-groups/1/report-outputs/925/csv;https://results.elections.on.ca/api/report-groups/1/report-outputs/930/csv
ten_92625fe7fd125b4e9d42dde6910004cd,per_bb140e42ff6750dc95adfa2785ffef68,toronto_city_council,councillor,dst_5c19646c134d58c5b8859bba3379c5e7,2014-10-27,election_date,2017-02-13,at_or_after_reference,election,City of Toronto,"{""event_id"":""evt_b8284a5341635f79babdf7ddc512c2f6"",""prior_candidacy"":{""candidacy_id"":""can_cfffbc0c4a1953b6a415401b3aea2987"",""source_authority"":""Toronto City Clerk"",""source_detail"":""data/interim/results/2014/COUNCILLOR.xls"",""source_resource"":""Elections — Official Results""},""rule"":""certified_winner_since_latest_general_in_incomplete_by_election_roster""}"
ten_9270c5d828d7594ba2afea92c2e1fede,per_ad293f1387af572cad45897886519bb6,toronto_city_council,councillor,,,unknown,2003-11-10,at_or_after_reference,election,City of Toronto,"{""entry_method"":""election"",""member_name"":""David Miller"",""rule"":""last_valid_council_composition_before_general_election"",""source"":""wikipedia"",""source_confidence"":0.85,""source_files"":[""data/reference/roster_agent_a.txt"",""data/reference/roster_agent_b.txt""]}"
ten_928bf8dd70425b8fa27484a1308e11d0,per_b565750840aa5f1d9985bd60de6c423c,toronto_city_council,councillor,dst_65a81c104a8c5c0194e7fee5f09545d3,2014-10-27,election_date,2016-07-25,at_or_after_reference,election,City of Toronto,"{""event_id"":""evt_552c4874312956ae84afbbc5ee91b0f7"",""prior_candidacy"":{""candidacy_id"":""can_9a9fedcc800858c0a0006939568cc607"",""source_authority"":""Toronto City Clerk"",""source_detail"":""data/interim/results/2014/COUNCILLOR.xls"",""source_resource"":""Elections — Official Results""},""rule"":""certified_winner_since_latest_general_in_incomplete_by_election_roster""}"
ten_928bfea6ce6555e5b7ad3417cef4d293,per_f832b6d6a71955bcbeba52b37d43f228,toronto_city_council,councillor,,,unknown,2003-11-10,at_or_after_reference,election,City of Toronto,"{""entry_method"":""election"",""member_name"":""Irene Jones"",""rule"":""last_valid_council_composition_before_general_election"",""source"":""wikipedia"",""source_confidence"":0.85,""source_files"":[""data/reference/roster_agent_a.txt"",""data/reference/roster_agent_b.txt""]}"
ten_92c5f8854657592195e550c21163b90f,per_eebf1caae41455fdb16e92dced03d455,canada_house_of_commons,mp,dst_45baa2d62a2d50f88b119df3940fb9a2,2019-10-21,election_date,2021-08-14,at_or_after_reference,election,elections_canada,"{""authority_reported_flag_used_as_review_signal_only"": true, ""current_candidacy"": {""candidacy_id"": ""can_0ea88636b16c50feb28d9644b5d3e05e"", ""event_id"": ""ec-ge-44"", ""incumbent_reported"": true, ""source_detail"": ""https://www.elections.ca/res/rep/off/ovr2021app/53/data_donnees/pollresults_resultatsbureau35.zip""}, ""evidence_rule"": ""most_recent_prior_candidacy_elected_in_cycle_without_later_seat_winner"", ""prior_elected_candidacy"": {""candidacy_id"": ""can_8ab4296faacf5f6abe53114bd5ac5360"", ""district_id"": ""dst_45baa2d62a2d50f88b119df3940fb9a2"", ""elected"": true, ""election_date"": ""2019-10-21"", ""event_id"": ""ec-ge-43"", ""source_detail"": ""https://www.elections.ca/res/rep/off/ovr2019app/51/data_donnees/pollresults_resultatsbureau35.zip""}, ""roster_reference"": {""dissolution_date"": ""2021-08-15"", ""reference_date"": ""2021-08-14"", ""source_url"": ""https://www.elections.ca/content.aspx?dir=rep/off/sta_ge44&document=p2&lang=e&section=res""}}"
ten_933ea29bc8d1596e859d0122854cc848,per_6889ce57bbda567f950b56abf65ade53,toronto_city_council,councillor,dst_37dc3c9d918c5bf7a3d55d4188015db0,2014-10-27,election_date,2017-02-13,at_or_after_reference,election,City of Toronto,"{""event_id"":""evt_b8284a5341635f79babdf7ddc512c2f6"",""prior_candidacy"":{""candidacy_id"":""can_014994212b475ea8b674461d7c4ae48d"",""source_authority"":""Toronto City Clerk"",""source_detail"":""data/interim/results/2014/COUNCILLOR.xls"",""source_resource"":""Elections — Official Results""},""rule"":""certified_winner_since_latest_general_in_incomplete_by_election_roster""}"
ten_94aeecafe0fd5c7ca026abcbf3215952,per_862b8cbfcf92520896d872844b4455b7,toronto_city_council,councillor,dst_e845d931b1485ddfacb056ed66c8b3b9,2018-10-22,election_date,2022-10-24,at_or_after_reference,election,City of Toronto,"{""member_name"":""Cynthia Lai"",""rule"":""last_valid_council_composition_before_general_election"",""source"":""city_attendance"",""source_confidence"":0.95,""source_file"":""data/raw/council/attendance/councillors-meeting-attendance-2018-2022.csv""}"
ten_953f204b782b5e67b96a83832b64991b,per_f88f4543543f5627b4305200370f1be3,ontario_legislative_assembly,mpp,dst_73b2957848575f0b82d39a9ebe81e6c6,,unknown,2022-05-02,at_or_after_reference,unknown,elections_ontario,https://results.elections.on.ca/api/report-groups/45/report-outputs/1050/csv;https://results.elections.on.ca/api/report-groups/45/report-outputs/1043/csv;https://results.elections.on.ca/api/report-groups/45/report-outputs/1048/csv
ten_95576cfe095453d1acb2b21ac8304d82,per_79227bb8180e547fb44f233c97fcb027,ontario_legislative_assembly,mpp,dst_a362943345ae5b3eb28a0df96fe50b91,,unknown,2025-01-24,at_or_after_reference,unknown,elections_ontario,https://results.elections.on.ca/api/report-groups/48/report-outputs/1096/csv;https://results.elections.on.ca/api/report-groups/48/report-outputs/1089/csv;https://results.elections.on.ca/api/report-groups/48/report-outputs/1094/csv
ten_959c45b9ee215e5fa4c7d632f5463df0,per_e8074a3f1bb8585a801c01e9659db468,canada_house_of_commons,mp,dst_541af9b010e45239b3159885e40045d5,2021-09-20,election_date,2025-03-22,at_or_after_reference,election,elections_canada,"{""authority_reported_flag_used_as_review_signal_only"": true, ""current_candidacy"": {""candidacy_id"": ""can_b80ef7e47b7356e98b7a00dab311a4f3"", ""event_id"": ""ec-ge-45"", ""incumbent_reported"": true, ""source_detail"": ""https://www.elections.ca/res/rep/off/ovrGE45/62/data_donnees/pollresults_resultatsbureau35.zip""}, ""evidence_rule"": ""most_recent_prior_candidacy_elected_in_cycle_without_later_seat_winner"", ""prior_elected_candidacy"": {""candidacy_id"": ""can_5667198ba19058028f6237c17567a0f4"", ""district_id"": ""dst_541af9b010e45239b3159885e40045d5"", ""elected"": true, ""election_date"": ""2021-09-20"", ""event_id"": ""ec-ge-44"", ""source_detail"": ""https://www.elections.ca/res/rep/off/ovr2021app/53/data_donnees/pollresults_resultatsbureau35.zip""}, ""roster_reference"": {""dissolution_date"": ""2025-03-23"", ""reference_date"": ""2025-03-22"", ""source_url"": ""https://www.elections.ca/content.aspx?dir=rep/off/sta_ge45&document=for&lang=e&section=res""}}"
ten_96036d579e705d8bab4d0f67b47cb6a7,per_211bedcdfcb3585bb14c7398b52068f7,toronto_city_council,councillor,dst_5f3aaa13834b5789bb51c95425758d51,2010-10-25,election_date,2014-10-27,at_or_after_reference,election,City of Toronto,"{""member_name"":""Josh Colle"",""rule"":""last_valid_council_composition_before_general_election"",""source"":""city_attendance"",""source_confidence"":0.95,""source_file"":""data/raw/council/attendance/councillors-meeting-attendance-2010-2014.csv""}"
ten_961a687087f85337b8111ce556e29952,per_36f6ac9eac7850daaaec301268dc3a59,toronto_city_council,councillor,dst_91f46887d24056d4b7ca558724be9305,2003-11-10,election_date,2006-11-13,at_or_after_reference,election,City of Toronto,"{""entry_method"":""election"",""member_name"":""Sylvia Watson"",""rule"":""last_valid_council_composition_before_general_election"",""source"":""wikipedia"",""source_confidence"":0.85,""source_files"":[""data/reference/roster_agent_a.txt"",""data/reference/roster_agent_b.txt""]}"
ten_96295a8c9e9a5f948a6079297bbd675d,per_c0e1c9bb6045570b873969e4c462da62,toronto_city_council,councillor,dst_0839fc3522805fceb1fc4eb0bf070465,2022-10-24,election_date,2025-09-29,at_or_after_reference,election,City of Toronto,"{""event_id"":""evt_ca435dada07f5ed9b041b7c3d24de732"",""prior_candidacy"":{""candidacy_id"":""can_765f141c853a5c22bec6091dfb398cef"",""source_authority"":""Toronto City Clerk"",""source_detail"":""data/interim/results/2022/2022_Toronto_Poll_By_Poll_Councillor.xlsx"",""source_resource"":""Elections — Official Results""},""rule"":""certified_winner_since_latest_general_in_incomplete_by_election_roster""}"
ten_9697b1b7041c51eda722c9a1ee514896,per_149f5bfb67c15086a1790fb82f99e49e,canada_house_of_commons,mp,dst_a06da571594557dfbebbcad2f934b2fb,2021-09-20,election_date,2025-03-22,at_or_after_reference,election,elections_canada,"{""authority_reported_flag_used_as_review_signal_only"": true, ""current_candidacy"": {""candidacy_id"": ""can_4219644cb2db52598d2450c1c164c4e8"", ""event_id"": ""ec-ge-45"", ""incumbent_reported"": true, ""source_detail"": ""https://www.elections.ca/res/rep/off/ovrGE45/62/data_donnees/pollresults_resultatsbureau35.zip""}, ""evidence_rule"": ""most_recent_prior_candidacy_elected_in_cycle_without_later_seat_winner"", ""prior_elected_candidacy"": {""candidacy_id"": ""can_0b35e15f84ef59c3b1833193d58d372e"", ""district_id"": ""dst_a06da571594557dfbebbcad2f934b2fb"", ""elected"": true, ""election_date"": ""2021-09-20"", ""event_id"": ""ec-ge-44"", ""source_detail"": ""https://www.elections.ca/res/rep/off/ovr2021app/53/data_donnees/pollresults_resultatsbureau35.zip""}, ""roster_reference"": {""dissolution_date"": ""2025-03-23"", ""reference_date"": ""2025-03-22"", ""source_url"": ""https://www.elections.ca/content.aspx?dir=rep/off/sta_ge45&document=for&lang=e&section=res""}}"
ten_9697bfcc4f5c55b9b057e9f93bc5082d,per_94a78e1366525a339e6ddbba35babcca,toronto_city_council,councillor,,,unknown,2003-11-10,at_or_after_reference,election,City of Toronto,"{""entry_method"":""election"",""member_name"":""Doug Holyday"",""rule"":""last_valid_council_composition_before_general_election"",""source"":""wikipedia"",""source_confidence"":0.85,""source_files"":[""data/reference/roster_agent_a.txt"",""data/reference/roster_agent_b.txt""]}"
ten_96e62c5175ba5e29b01cb42f44f7b953,per_eebf1caae41455fdb16e92dced03d455,canada_house_of_commons,mp,dst_833f9855578c5e41afa4546db6e63c44,2013-11-25,election_date,2015-08-01,at_or_after_reference,election,elections_canada,"{""authority_reported_flag_used_as_review_signal_only"": true, ""current_candidacy"": {""candidacy_id"": ""can_273c7ab8feb453b7a4b0d7f4161aa59d"", ""event_id"": ""ec-ge-42"", ""incumbent_reported"": true, ""source_detail"": ""https://www.elections.ca/res/rep/off/ovr2015app/41/data_donnees/pollresults_resultatsbureau35.zip""}, ""evidence_rule"": ""most_recent_prior_candidacy_elected_in_cycle_without_later_seat_winner"", ""prior_elected_candidacy"": {""candidacy_id"": ""can_97477f84c60359978a3c1ded32cd30a0"", ""district_id"": ""dst_833f9855578c5e41afa4546db6e63c44"", ""elected"": true, ""election_date"": ""2013-11-25"", ""event_id"": ""ec-be-2013-11-25"", ""source_detail"": ""https://www.elections.ca/res/rep/off/ovr_2013b2/csv/35093_e.csv | summary enrichment: https://www.elections.ca/Scripts/VIS/HistoricalResults/35093_e.html""}, ""roster_reference"": {""dissolution_date"": ""2015-08-02"", ""reference_date"": ""2015-08-01"", ""source_url"": ""https://www.elections.ca/content.aspx?dir=rep/off/sta_2015&document=p2&lang=e&section=res""}}"
ten_96ec642fea685092ab59fbb9dbb84df4,per_afe1b989c1315568a8cb59f7194a46ca,ontario_legislative_assembly,mpp,dst_82751d52b72d5276a06cf25b9d170322,,unknown,2014-05-01,at_or_after_reference,unknown,elections_ontario,https://results.elections.on.ca/api/report-groups/2/report-outputs/488/csv;https://results.elections.on.ca/api/report-groups/2/report-outputs/481/csv;https://results.elections.on.ca/api/report-groups/2/report-outputs/486/csv
ten_97849160b1745a42b868f6b8e91c5b9b,per_862b8cbfcf92520896d872844b4455b7,toronto_city_council,councillor,dst_e845d931b1485ddfacb056ed66c8b3b9,2018-10-22,election_date,2021-01-15,at_or_after_reference,election,City of Toronto,"{""event_id"":""evt_50c15fe55fa753fba75abfada8da3c38"",""prior_candidacy"":{""candidacy_id"":""can_736c4515a83c5c4d99d7bbb1acdd5f7a"",""source_authority"":""Toronto City Clerk"",""source_detail"":""data/interim/results/2018/2018_Toronto_Poll_By_Poll_Councillor.xlsx"",""source_resource"":""Elections — Official Results""},""rule"":""certified_winner_since_latest_general_in_incomplete_by_election_roster""}"
ten_981a799fad395a969642f03ad37f449c,per_6889ce57bbda567f950b56abf65ade53,toronto_city_council,councillor,dst_dffb6fdb0597573ca1a1eb3c1993c269,2018-10-22,election_date,2022-10-24,at_or_after_reference,election,City of Toronto,"{""member_name"":""Gary Crawford"",""rule"":""last_valid_council_composition_before_general_election"",""source"":""city_attendance"",""source_confidence"":0.95,""source_file"":""data/raw/council/attendance/councillors-meeting-attendance-2018-2022.csv""}"
ten_98674b7e8d8f5c969f06591025c03402,per_a5dbd8d684c95ba4ac284aba2f85d2e0,toronto_city_council,councillor,dst_e85e355506d7551fb2e7a7e39706bb85,2014-10-27,election_date,2017-02-13,at_or_after_reference,election,City of Toronto,"{""event_id"":""evt_b8284a5341635f79babdf7ddc512c2f6"",""prior_candidacy"":{""candidacy_id"":""can_05e436c873355ce9ac7cc4f41e4432dc"",""source_authority"":""Toronto City Clerk"",""source_detail"":""data/interim/results/2014/COUNCILLOR.xls"",""source_resource"":""Elections — Official Results""},""rule"":""certified_winner_since_latest_general_in_incomplete_by_election_roster""}"
ten_986e7c148f7a52bf84e58906e3a1c363,per_6e051e430a9a568ca5d62347b12e5620,toronto_city_council,councillor,,,unknown,2014-10-27,at_or_after_reference,appointment,City of Toronto,"{""entry_method"":""appointment"",""last_holder_reconciliation"":{""former_member"":""Adam Vaughan"",""last_holder"":""Ceta Ramkhalawansingh"",""source"":""https://www.toronto.ca/legdocs/mmis/2015/ex/bgrd/backgroundfile-78750.pdf""},""member_name"":""Ceta Ramkhalawansingh"",""rule"":""last_valid_council_composition_before_general_election"",""source"":""city_voting"",""source_confidence"":0.9,""source_file"":""data/raw/council/voting/member-voting-record-2010-2014.csv""}"
ten_98bdaaf189e7558793b56f2720e4994e,per_d476ff1e2e605a88914636edbdfcb79a,toronto_city_council,councillor,dst_9613494c01b95010bd5287ef1669e3c3,2014-10-27,election_date,2016-07-25,at_or_after_reference,election,City of Toronto,"{""event_id"":""evt_552c4874312956ae84afbbc5ee91b0f7"",""prior_candidacy"":{""candidacy_id"":""can_2ec48b55ecb551b0bd149a2d3236181f"",""source_authority"":""Toronto City Clerk"",""source_detail"":""data/interim/results/2014/COUNCILLOR.xls"",""source_resource"":""Elections — Official Results""},""rule"":""certified_winner_since_latest_general_in_incomplete_by_election_roster""}"
ten_98ee6522753f5c2dbf33fec56fa576fc,per_3287ce63a006538c9cf677c83bfb2ce7,canada_house_of_commons,mp,dst_37f34fa1abd8523cbe7bbbfb041de0ba,2021-09-20,election_date,2025-03-22,at_or_after_reference,election,elections_canada,"{""authority_reported_flag_used_as_review_signal_only"": true, ""current_candidacy"": {""candidacy_id"": ""can_06f51bf5debb5dbfa1cdb52fb38fedd5"", ""event_id"": ""ec-ge-45"", ""incumbent_reported"": true, ""source_detail"": ""https://www.elections.ca/res/rep/off/ovrGE45/62/data_donnees/pollresults_resultatsbureau35.zip""}, ""evidence_rule"": ""most_recent_prior_candidacy_elected_in_cycle_without_later_seat_winner"", ""prior_elected_candidacy"": {""candidacy_id"": ""can_98c4a8accdf1505f919ba8fc5778cc8e"", ""district_id"": ""dst_37f34fa1abd8523cbe7bbbfb041de0ba"", ""elected"": true, ""election_date"": ""2021-09-20"", ""event_id"": ""ec-ge-44"", ""source_detail"": ""https://www.elections.ca/res/rep/off/ovr2021app/53/data_donnees/pollresults_resultatsbureau35.zip""}, ""roster_reference"": {""dissolution_date"": ""2025-03-23"", ""reference_date"": ""2025-03-22"", ""source_url"": ""https://www.elections.ca/content.aspx?dir=rep/off/sta_ge45&document=for&lang=e&section=res""}}"
ten_990938cc01e2508994f36efcab4ed66e,per_4238a9a971965995ac6c577c126f8161,toronto_city_council,councillor,dst_d6f718dc7baf5a049ce2db0a4fb65974,2014-10-27,election_date,2016-07-25,at_or_after_reference,election,City of Toronto,"{""event_id"":""evt_552c4874312956ae84afbbc5ee91b0f7"",""prior_candidacy"":{""candidacy_id"":""can_78df6bd59a7c54a0aea5e8546dfe7165"",""source_authority"":""Toronto City Clerk"",""source_detail"":""data/interim/results/2014/COUNCILLOR.xls"",""source_resource"":""Elections — Official Results""},""rule"":""certified_winner_since_latest_general_in_incomplete_by_election_roster""}"
ten_99629874043e5716aa37de7311b3491f,per_b565750840aa5f1d9985bd60de6c423c,ontario_legislative_assembly,mpp,dst_bec089852a36580a994ccab45e0c906b,,unknown,2025-01-24,at_or_after_reference,unknown,elections_ontario,https://results.elections.on.ca/api/report-groups/48/report-outputs/1096/csv;https://results.elections.on.ca/api/report-groups/48/report-outputs/1089/csv;https://results.elections.on.ca/api/report-groups/48/report-outputs/1094/csv
ten_99e08613e4b85481974c40a22e9fe36b,per_4569490f5d825a0ca8c7320b499d8090,toronto_city_council,councillor,dst_9288c6aab4795f139c7675b676e373d5,2022-10-24,election_date,2024-11-04,at_or_after_reference,election,City of Toronto,"{""event_id"":""evt_af73d490abf95ffdae38ca2c830e51f4"",""prior_candidacy"":{""candidacy_id"":""can_a2952161428d58a396a575a9854b7616"",""source_authority"":""Toronto City Clerk"",""source_detail"":""data/interim/results/2022/2022_Toronto_Poll_By_Poll_Councillor.xlsx"",""source_resource"":""Elections — Official Results""},""rule"":""certified_winner_since_latest_general_in_incomplete_by_election_roster""}"
ten_9a080c699cb75387b16f0deb40dac4fe,per_e9a2e6c0447d5f55a6bf9432a4d49352,canada_house_of_commons,mp,dst_37a6a2de4cf95ebf87c2a951f0ed16fa,2019-10-21,election_date,2021-08-14,at_or_after_reference,election,elections_canada,"{""authority_reported_flag_used_as_review_signal_only"": true, ""current_candidacy"": {""candidacy_id"": ""can_b7add41b9ac0586683c7bf52584c45ac"", ""event_id"": ""ec-ge-44"", ""incumbent_reported"": true, ""source_detail"": ""https://www.elections.ca/res/rep/off/ovr2021app/53/data_donnees/pollresults_resultatsbureau35.zip""}, ""evidence_rule"": ""most_recent_prior_candidacy_elected_in_cycle_without_later_seat_winner"", ""prior_elected_candidacy"": {""candidacy_id"": ""can_527f952e10665ceabde9b4fa920908b6"", ""district_id"": ""dst_37a6a2de4cf95ebf87c2a951f0ed16fa"", ""elected"": true, ""election_date"": ""2019-10-21"", ""event_id"": ""ec-ge-43"", ""source_detail"": ""https://www.elections.ca/res/rep/off/ovr2019app/51/data_donnees/pollresults_resultatsbureau35.zip""}, ""roster_reference"": {""dissolution_date"": ""2021-08-15"", ""reference_date"": ""2021-08-14"", ""source_url"": ""https://www.elections.ca/content.aspx?dir=rep/off/sta_ge44&document=p2&lang=e&section=res""}}"
ten_9a56275af5af598fb912a864c67861c9,per_fb6a517ea8b55026b7d6afdf59820e53,toronto_city_council,councillor,dst_0f93f253dfbb539ab9479b9040f2574b,2022-10-24,election_date,2024-11-04,at_or_after_reference,election,City of Toronto,"{""event_id"":""evt_af73d490abf95ffdae38ca2c830e51f4"",""prior_candidacy"":{""candidacy_id"":""can_933ed8a454ba5127a1f53e6f4b508546"",""source_authority"":""Toronto City Clerk"",""source_detail"":""data/interim/results/2022/2022_Toronto_Poll_By_Poll_Councillor.xlsx"",""source_resource"":""Elections — Official Results""},""rule"":""certified_winner_since_latest_general_in_incomplete_by_election_roster""}"
ten_9aeee3a9972658209670d57de5f28c3c,per_10d1c0f15d7e566ba4eec7f92f24636f,canada_house_of_commons,mp,dst_833f9855578c5e41afa4546db6e63c44,2008-10-14,election_date,2011-03-25,at_or_after_reference,election,elections_canada,"{""authority_reported_flag_used_as_review_signal_only"": true, ""current_candidacy"": {""candidacy_id"": ""can_4beebf81d0d25d629537fd21be48e2c7"", ""event_id"": ""ec-ge-41"", ""incumbent_reported"": true, ""source_detail"": ""https://www.elections.ca/scripts/OVR2011/34/data_donnees/pollresults_resultatsbureau35.zip""}, ""evidence_rule"": ""most_recent_prior_candidacy_elected_in_cycle_without_later_seat_winner"", ""prior_elected_candidacy"": {""candidacy_id"": ""can_7276420db1895d728ca5e1d318604897"", ""district_id"": ""dst_833f9855578c5e41afa4546db6e63c44"", ""elected"": true, ""election_date"": ""2008-10-14"", ""event_id"": ""ec-ge-40"", ""source_detail"": ""https://www.elections.ca/scripts/OVR2008/31/data/pollresults_resultatsbureau35.zip""}, ""roster_reference"": {""dissolution_date"": ""2011-03-26"", ""reference_date"": ""2011-03-25"", ""source_url"": ""https://www.elections.ca/res/rep/off/sta_2011/stat_report2011_e.pdf""}}"
ten_9b1eca0560565b519645b2930939edaf,per_d4bb25c4053f5c59840f117e87f63ab6,toronto_city_council,councillor,dst_9288c6aab4795f139c7675b676e373d5,2018-10-22,election_date,2021-01-15,at_or_after_reference,election,City of Toronto,"{""event_id"":""evt_50c15fe55fa753fba75abfada8da3c38"",""prior_candidacy"":{""candidacy_id"":""can_aa928563d472570d901401bff637b922"",""source_authority"":""Toronto City Clerk"",""source_detail"":""data/interim/results/2018/2018_Toronto_Poll_By_Poll_Councillor.xlsx"",""source_resource"":""Elections — Official Results""},""rule"":""certified_winner_since_latest_general_in_incomplete_by_election_roster""}"
ten_9b46e30436d45362acf9279eecd43857,per_bf05264cccdc516a9c06919760cf28c3,canada_house_of_commons,mp,dst_43256155db1e5c15bf0388fbe1fcb147,2004-06-28,election_date,2005-11-28,at_or_after_reference,election,elections_canada,"{""authority_reported_flag_used_as_review_signal_only"": true, ""current_candidacy"": {""candidacy_id"": ""can_c66bc27bf02856f4806ac3b1ca07fc54"", ""event_id"": ""ec-ge-39"", ""incumbent_reported"": true, ""source_detail"": ""https://www.elections.ca/Scripts/OVR2006/25/data_donnees/pollresults_resultatsbureau35.zip""}, ""evidence_rule"": ""most_recent_prior_candidacy_elected_in_cycle_without_later_seat_winner"", ""prior_elected_candidacy"": {""candidacy_id"": ""can_3a5dc7fbdc6f577794e052bd15d56aed"", ""district_id"": ""dst_43256155db1e5c15bf0388fbe1fcb147"", ""elected"": true, ""election_date"": ""2004-06-28"", ""event_id"": ""ec-ge-38"", ""source_detail"": ""https://www.elections.ca/scripts/OVR2004/23/data/ON.zip | summary enrichment: https://www.elections.ca/scripts/OVR2004/23/data/table12.csv""}, ""roster_reference"": {""dissolution_date"": ""2005-11-29"", ""reference_date"": ""2005-11-28"", ""source_url"": ""https://www.elections.ca/content.aspx?dir=rep/off/sta_2006&document=p2&lang=e&section=res""}}"
ten_9b98d494885a5bb9a2f6cc554dc643c2,per_86957c0a8b705284af68a6847a16b209,toronto_city_council,councillor,dst_49a6ee138ca85b318452ec2f5c1befd3,2010-10-25,election_date,2014-10-27,at_or_after_reference,election,City of Toronto,"{""member_name"":""Pam McConnell"",""rule"":""last_valid_council_composition_before_general_election"",""source"":""city_attendance"",""source_confidence"":0.95,""source_file"":""data/raw/council/attendance/councillors-meeting-attendance-2010-2014.csv""}"
ten_9bbaef94d88659118e24be9b4081fa50,per_e5774591f0d3581eaba97de73805e0f8,canada_house_of_commons,mp,dst_ba53feb75e295515a7fec976395f12a8,2008-10-14,election_date,2011-03-25,at_or_after_reference,election,elections_canada,"{""authority_reported_flag_used_as_review_signal_only"": true, ""current_candidacy"": {""candidacy_id"": ""can_a82dfe47accc58b9abd926429272f9e9"", ""event_id"": ""ec-ge-41"", ""incumbent_reported"": true, ""source_detail"": ""https://www.elections.ca/scripts/OVR2011/34/data_donnees/pollresults_resultatsbureau35.zip""}, ""evidence_rule"": ""most_recent_prior_candidacy_elected_in_cycle_without_later_seat_winner"", ""prior_elected_candidacy"": {""candidacy_id"": ""can_72ae1a68c3c2512994f52e11dcca3ed3"", ""district_id"": ""dst_ba53feb75e295515a7fec976395f12a8"", ""elected"": true, ""election_date"": ""2008-10-14"", ""event_id"": ""ec-ge-40"", ""source_detail"": ""https://www.elections.ca/scripts/OVR2008/31/data/pollresults_resultatsbureau35.zip""}, ""roster_reference"": {""dissolution_date"": ""2011-03-26"", ""reference_date"": ""2011-03-25"", ""source_url"": ""https://www.elections.ca/res/rep/off/sta_2011/stat_report2011_e.pdf""}}"
ten_9be5de5902d154eb86e0cf87d9d664e6,per_af6a15e2bea65331bd90c95def47f62f,ontario_legislative_assembly,mpp,dst_9d44b274735f502a8f34417baaf9d6ef,,unknown,2014-05-01,at_or_after_reference,unknown,elections_ontario,https://results.elections.on.ca/api/report-groups/2/report-outputs/488/csv;https://results.elections.on.ca/api/report-groups/2/report-outputs/481/csv;https://results.elections.on.ca/api/report-groups/2/report-outputs/486/csv
ten_9c0dac2cc188584fb78be944cf94b44b,per_3bfc97221e9f5084965a75e92f462451,ontario_legislative_assembly,mpp,dst_577d8042fb21525fbc20f7347ab8e488,,unknown,2025-01-24,at_or_after_reference,unknown,elections_ontario,https://results.elections.on.ca/api/report-groups/48/report-outputs/1096/csv;https://results.elections.on.ca/api/report-groups/48/report-outputs/1089/csv;https://results.elections.on.ca/api/report-groups/48/report-outputs/1094/csv
ten_9c13dcb00d9e5657b03e70ab96a411f6,per_f1f71e7ebd7157cda9b8d44c62c4c294,toronto_city_council,councillor,dst_0e240cb2dab65f8db224ad8fd83d506c,2022-10-24,election_date,2024-11-04,at_or_after_reference,election,City of Toronto,"{""event_id"":""evt_af73d490abf95ffdae38ca2c830e51f4"",""prior_candidacy"":{""candidacy_id"":""can_4b78f4587dab5e69b879563516563791"",""source_authority"":""Toronto City Clerk"",""source_detail"":""data/interim/results/2022/2022_Toronto_Poll_By_Poll_Councillor.xlsx"",""source_resource"":""Elections — Official Results""},""rule"":""certified_winner_since_latest_general_in_incomplete_by_election_roster""}"
ten_9c69c49d033b534db0557e2440c78603,per_11598fb6d485564eb5053b8787400814,toronto_city_council,councillor,dst_1ebfad83fbf45900a012836e069fe964,2018-10-22,election_date,2022-10-24,at_or_after_reference,election,City of Toronto,"{""member_name"":""Jennifer McKelvie"",""rule"":""last_valid_council_composition_before_general_election"",""source"":""city_attendance"",""source_confidence"":0.95,""source_file"":""data/raw/council/attendance/councillors-meeting-attendance-2018-2022.csv""}"
ten_9c7e6b74002d57ac899a4c8a22d1baca,per_21ab1613f1c058e48024d7074b3966c5,canada_house_of_commons,mp,dst_c2bfdfdeb1c35e558a986cd033434806,2019-10-21,election_date,2021-08-14,at_or_after_reference,election,elections_canada,"{""authority_reported_flag_used_as_review_signal_only"": true, ""current_candidacy"": {""candidacy_id"": ""can_7c9848520cb2574a936627b26de0fdc5"", ""event_id"": ""ec-ge-44"", ""incumbent_reported"": true, ""source_detail"": ""https://www.elections.ca/res/rep/off/ovr2021app/53/data_donnees/pollresults_resultatsbureau35.zip""}, ""evidence_rule"": ""most_recent_prior_candidacy_elected_in_cycle_without_later_seat_winner"", ""prior_elected_candidacy"": {""candidacy_id"": ""can_6d258e50b5d7540dbc328775dca18060"", ""district_id"": ""dst_c2bfdfdeb1c35e558a986cd033434806"", ""elected"": true, ""election_date"": ""2019-10-21"", ""event_id"": ""ec-ge-43"", ""source_detail"": ""https://www.elections.ca/res/rep/off/ovr2019app/51/data_donnees/pollresults_resultatsbureau35.zip""}, ""roster_reference"": {""dissolution_date"": ""2021-08-15"", ""reference_date"": ""2021-08-14"", ""source_url"": ""https://www.elections.ca/content.aspx?dir=rep/off/sta_ge44&document=p2&lang=e&section=res""}}"
ten_9caa9124265b5522a6aa012d1855bef1,per_6889ce57bbda567f950b56abf65ade53,toronto_city_council,councillor,dst_dffb6fdb0597573ca1a1eb3c1993c269,2022-10-24,election_date,2023-11-30,at_or_after_reference,election,City of Toronto,"{""event_id"":""evt_ee5715a80b5a532c8b778d94f6b7c9b8"",""prior_candidacy"":{""candidacy_id"":""can_4be13ddaed1f5fd69bb23af3743ef443"",""source_authority"":""Toronto City Clerk"",""source_detail"":""data/interim/results/2022/2022_Toronto_Poll_By_Poll_Councillor.xlsx"",""source_resource"":""Elections — Official Results""},""rule"":""certified_winner_since_latest_general_in_incomplete_by_election_roster""}"
ten_9cad922d223d51a1a6905bf10c3a4715,per_d4bb25c4053f5c59840f117e87f63ab6,toronto_city_council,councillor,dst_c54d7cc2856d5e38bc39e904803b5e87,2014-10-27,election_date,2016-07-25,at_or_after_reference,election,City of Toronto,"{""event_id"":""evt_552c4874312956ae84afbbc5ee91b0f7"",""prior_candidacy"":{""candidacy_id"":""can_e99a2609a62e54cda99754cc90c5fa9c"",""source_authority"":""Toronto City Clerk"",""source_detail"":""data/interim/results/2014/COUNCILLOR.xls"",""source_resource"":""Elections — Official Results""},""rule"":""certified_winner_since_latest_general_in_incomplete_by_election_roster""}"
ten_9d50b7e58f945d729d2819bbf7de66eb,per_d6e9f3947fda53a490136416df97c3cf,toronto_city_council,councillor,dst_2aa643147fbb50b881bb6298e0f13436,2006-11-13,election_date,2010-10-25,at_or_after_reference,election,City of Toronto,"{""member_name"":""Michael Thompson"",""rule"":""last_valid_council_composition_before_general_election"",""source"":""city_attendance"",""source_confidence"":0.95,""source_file"":""data/raw/council/attendance/councillors-meeting-attendance-2006-2010.csv""}"
ten_9d59d519653b5f18bb853d1e7561cab8,per_d4bb25c4053f5c59840f117e87f63ab6,toronto_city_council,councillor,dst_c54d7cc2856d5e38bc39e904803b5e87,2014-10-27,election_date,2018-10-22,at_or_after_reference,election,City of Toronto,"{""member_name"":""Mike Layton"",""rule"":""last_valid_council_composition_before_general_election"",""source"":""city_attendance"",""source_confidence"":0.95,""source_file"":""data/raw/council/attendance/councillors-meeting-attendance-2014-2018.csv""}"
ten_9df448f801705402b9a15a03827382ff,per_388439f4a559551a93ee9f577b3b7df6,ontario_legislative_assembly,mpp,dst_9feded937df554da8c8702335ef2dbaf,,unknown,2003-09-01,at_or_after_reference,unknown,elections_ontario,https://results.elections.on.ca/api/report-groups/5/report-outputs/521/csv;https://results.elections.on.ca/api/report-groups/5/report-outputs/514/csv;https://results.elections.on.ca/api/report-groups/5/report-outputs/519/csv
ten_9f62440a31c35a33b81bf6aaa248bf14,per_d6e9f3947fda53a490136416df97c3cf,toronto_city_council,councillor,dst_f1bb08a02f0c53efbe59d0a3ec00be31,2018-10-22,election_date,2022-10-24,at_or_after_reference,election,City of Toronto,"{""member_name"":""Michael Thompson"",""rule"":""last_valid_council_composition_before_general_election"",""source"":""city_attendance"",""source_confidence"":0.95,""source_file"":""data/raw/council/attendance/councillors-meeting-attendance-2018-2022.csv""}"
ten_9f8a030ce66a5f038086d68d1983ac92,per_b3bb5c3e743e5980abcc4bbacceeac47,ontario_legislative_assembly,mpp,dst_99f2ac1d3a9a5a1590d519c4ef7c84e3,,unknown,2025-01-24,at_or_after_reference,unknown,elections_ontario,https://results.elections.on.ca/api/report-groups/48/report-outputs/1096/csv;https://results.elections.on.ca/api/report-groups/48/report-outputs/1089/csv;https://results.elections.on.ca/api/report-groups/48/report-outputs/1094/csv
ten_a004856f8b475bdfaa3b84b9dcd0dea7,per_f82cc356a3c4516388273690b095fe32,toronto_city_council,councillor,,,unknown,2003-11-10,at_or_after_reference,election,City of Toronto,"{""entry_method"":""election"",""member_name"":""Jane Pitfield"",""rule"":""last_valid_council_composition_before_general_election"",""source"":""wikipedia"",""source_confidence"":0.85,""source_files"":[""data/reference/roster_agent_a.txt"",""data/reference/roster_agent_b.txt""]}"
ten_a02c96dd9e8051e3b80d2e0c770eb827,per_9387d636b99c5fdd8edee8549f902b74,toronto_city_council,councillor,dst_14a751bcf5d35757811c5ea6866f31b0,2022-10-24,election_date,2023-11-30,at_or_after_reference,election,City of Toronto,"{""event_id"":""evt_ee5715a80b5a532c8b778d94f6b7c9b8"",""prior_candidacy"":{""candidacy_id"":""can_03d6f16490885a9bb430aa263793788d"",""source_authority"":""Toronto City Clerk"",""source_detail"":""data/interim/results/2022/2022_Toronto_Poll_By_Poll_Councillor.xlsx"",""source_resource"":""Elections — Official Results""},""rule"":""certified_winner_since_latest_general_in_incomplete_by_election_roster""}"
ten_a0b73be86ab353bc8e678ff4ad6032d4,per_195d8880a189532cad9b323cb5260687,canada_house_of_commons,mp,dst_3744596ff33b5448b4953b6087725656,2004-06-28,election_date,2005-11-28,at_or_after_reference,election,elections_canada,"{""authority_reported_flag_used_as_review_signal_only"": true, ""current_candidacy"": {""candidacy_id"": ""can_5423962cd05e5dde8f272ba11190058a"", ""event_id"": ""ec-ge-39"", ""incumbent_reported"": true, ""source_detail"": ""https://www.elections.ca/Scripts/OVR2006/25/data_donnees/pollresults_resultatsbureau35.zip""}, ""evidence_rule"": ""most_recent_prior_candidacy_elected_in_cycle_without_later_seat_winner"", ""prior_elected_candidacy"": {""candidacy_id"": ""can_7727d9606e245998acd2afc85b0132b0"", ""district_id"": ""dst_3744596ff33b5448b4953b6087725656"", ""elected"": true, ""election_date"": ""2004-06-28"", ""event_id"": ""ec-ge-38"", ""source_detail"": ""https://www.elections.ca/scripts/OVR2004/23/data/ON.zip | summary enrichment: https://www.elections.ca/scripts/OVR2004/23/data/table12.csv""}, ""roster_reference"": {""dissolution_date"": ""2005-11-29"", ""reference_date"": ""2005-11-28"", ""source_url"": ""https://www.elections.ca/content.aspx?dir=rep/off/sta_2006&document=p2&lang=e&section=res""}}"
ten_a184525cc73d5fe3acdeb76a7bc1bc86,per_2db32d1655745b41849c332c58a6ebe2,ontario_legislative_assembly,mpp,dst_77571e13e9d655fcb4d20a732f60ec5a,,unknown,2025-01-24,at_or_after_reference,unknown,elections_ontario,https://results.elections.on.ca/api/report-groups/48/report-outputs/1096/csv;https://results.elections.on.ca/api/report-groups/48/report-outputs/1089/csv;https://results.elections.on.ca/api/report-groups/48/report-outputs/1094/csv
ten_a18b7ba745f3589a91bea25029b53f41,per_247212de46b050cda328eb649ffaf5d3,toronto_city_council,councillor,dst_3b4e2345db0d588992443168b5ca4a7b,2006-11-13,election_date,2010-10-25,at_or_after_reference,election,City of Toronto,"{""member_name"":""Joe Mihevc"",""rule"":""last_valid_council_composition_before_general_election"",""source"":""city_attendance"",""source_confidence"":0.95,""source_file"":""data/raw/council/attendance/councillors-meeting-attendance-2006-2010.csv""}"
ten_a19f4858b27550ab944cf2c37c1783f7,per_d6e9f3947fda53a490136416df97c3cf,toronto_city_council,councillor,dst_2aa643147fbb50b881bb6298e0f13436,2010-10-25,election_date,2014-10-27,at_or_after_reference,election,City of Toronto,"{""member_name"":""Michael Thompson"",""rule"":""last_valid_council_composition_before_general_election"",""source"":""city_attendance"",""source_confidence"":0.95,""source_file"":""data/raw/council/attendance/councillors-meeting-attendance-2010-2014.csv""}"
ten_a3f31eab9f8a54428c469cc0df658523,per_dbb3c79176935d2887a5ffc79b6e13f1,toronto_city_council,councillor,,,unknown,2014-10-27,at_or_after_reference,appointment,City of Toronto,"{""entry_method"":""appointment"",""last_holder_reconciliation"":{""former_member"":""Doug Holyday"",""last_holder"":""Peter Leon"",""source"":""https://www.toronto.ca/legdocs/mmis/2014/ex/bgrd/backgroundfile-68167.pdf""},""member_name"":""Peter Leon"",""rule"":""last_valid_council_composition_before_general_election"",""source"":""city_voting"",""source_confidence"":0.9,""source_file"":""data/raw/council/voting/member-voting-record-2010-2014.csv""}"
ten_a4b9f3d264d6525dacd6ba84769b95c6,per_195d8880a189532cad9b323cb5260687,toronto_city_council,councillor,dst_87d79f1462925e15ab3b2530ba681b50,2014-10-27,election_date,2018-10-22,at_or_after_reference,election,City of Toronto,"{""member_name"":""Jim Karygiannis"",""rule"":""last_valid_council_composition_before_general_election"",""source"":""city_attendance"",""source_confidence"":0.95,""source_file"":""data/raw/council/attendance/councillors-meeting-attendance-2014-2018.csv""}"
ten_a5156e28b2555268b270c3ee3d39fb08,per_dc61c3287bb457c588a78e1be5a29f72,ontario_legislative_assembly,mpp,dst_849dd4e924cf515da92315d753dbfc8e,,unknown,2007-09-09,at_or_after_reference,unknown,elections_ontario,https://results.elections.on.ca/api/report-groups/4/report-outputs/510/csv;https://results.elections.on.ca/api/report-groups/4/report-outputs/503/csv;https://results.elections.on.ca/api/report-groups/4/report-outputs/508/csv
ten_a551a07267d859819250d9933426d077,per_a0a0b8b1222d525daa9c375c565026f0,toronto_city_council,councillor,dst_6ded7539bac459f6805b028fc38406ad,2018-10-22,election_date,2022-10-24,at_or_after_reference,election,City of Toronto,"{""member_name"":""Jaye Robinson"",""rule"":""last_valid_council_composition_before_general_election"",""source"":""city_attendance"",""source_confidence"":0.95,""source_file"":""data/raw/council/attendance/councillors-meeting-attendance-2018-2022.csv""}"
ten_a5b2639926635693b5b7ef78c5dca9b3,per_db35a09069a35a3a84a9eb0d0223ac9b,toronto_city_council,councillor,dst_70f47265fe9155489a0e1f3af81f7a94,2014-10-27,election_date,2017-02-13,at_or_after_reference,election,City of Toronto,"{""event_id"":""evt_b8284a5341635f79babdf7ddc512c2f6"",""prior_candidacy"":{""candidacy_id"":""can_63ea1dc0cc815945835ff3e288803d49"",""source_authority"":""Toronto City Clerk"",""source_detail"":""data/interim/results/2014/COUNCILLOR.xls"",""source_resource"":""Elections — Official Results""},""rule"":""certified_winner_since_latest_general_in_incomplete_by_election_roster""}"
ten_a6172728d25e55749d4f33fcd18fd622,per_a5dbd8d684c95ba4ac284aba2f85d2e0,toronto_city_council,councillor,dst_c08cfffa686c5648932189dbec3e91f5,2022-10-24,election_date,2025-09-29,at_or_after_reference,election,City of Toronto,"{""event_id"":""evt_ca435dada07f5ed9b041b7c3d24de732"",""prior_candidacy"":{""candidacy_id"":""can_0e66b13370375a32876db67694e0ddbd"",""source_authority"":""Toronto City Clerk"",""source_detail"":""data/interim/results/2022/2022_Toronto_Poll_By_Poll_Councillor.xlsx"",""source_resource"":""Elections — Official Results""},""rule"":""certified_winner_since_latest_general_in_incomplete_by_election_roster""}"
ten_a63fc4d7805c5e3589ca2b01cc1690ee,per_be8539f801a05a118dd65b59f48b76a9,ontario_legislative_assembly,mpp,dst_c8719fc218515eaaba7e47cbbe712714,,unknown,2025-01-24,at_or_after_reference,unknown,elections_ontario,https://results.elections.on.ca/api/report-groups/48/report-outputs/1096/csv;https://results.elections.on.ca/api/report-groups/48/report-outputs/1089/csv;https://results.elections.on.ca/api/report-groups/48/report-outputs/1094/csv
ten_a682ddda2c91573b8059c6cb47efc2a7,per_e9388d60378456ba921db61dc50c5800,ontario_legislative_assembly,mpp,dst_a30596120ac351c895db31301f5be934,,unknown,2014-05-01,at_or_after_reference,unknown,elections_ontario,https://results.elections.on.ca/api/report-groups/2/report-outputs/488/csv;https://results.elections.on.ca/api/report-groups/2/report-outputs/481/csv;https://results.elections.on.ca/api/report-groups/2/report-outputs/486/csv
ten_a6a0c2bda0945f1dbee7f393152c94b7,per_8b9e35cf6a065328a1113acf55d27319,canada_house_of_commons,mp,dst_07e5477b7f2b5c2a91214ffad9156308,2019-10-21,election_date,2021-08-14,at_or_after_reference,election,elections_canada,"{""authority_reported_flag_used_as_review_signal_only"": true, ""current_candidacy"": {""candidacy_id"": ""can_5c1f78de045455e7a4fce7fdb4aff80c"", ""event_id"": ""ec-ge-44"", ""incumbent_reported"": true, ""source_detail"": ""https://www.elections.ca/res/rep/off/ovr2021app/53/data_donnees/pollresults_resultatsbureau35.zip""}, ""evidence_rule"": ""most_recent_prior_candidacy_elected_in_cycle_without_later_seat_winner"", ""prior_elected_candidacy"": {""candidacy_id"": ""can_c07f3382bb035ba4bee629df5a40fdfb"", ""district_id"": ""dst_07e5477b7f2b5c2a91214ffad9156308"", ""elected"": true, ""election_date"": ""2019-10-21"", ""event_id"": ""ec-ge-43"", ""source_detail"": ""https://www.elections.ca/res/rep/off/ovr2019app/51/data_donnees/pollresults_resultatsbureau35.zip""}, ""roster_reference"": {""dissolution_date"": ""2021-08-15"", ""reference_date"": ""2021-08-14"", ""source_url"": ""https://www.elections.ca/content.aspx?dir=rep/off/sta_ge44&document=p2&lang=e&section=res""}}"
ten_a6cab27f87e25a5ebbd83fe59425d2db,per_4c6393b083ee5c5da1ef1427456bc19b,toronto_city_council,councillor,dst_cadba85ade8a575b894e47378c335a90,2003-11-10,election_date,2006-11-13,at_or_after_reference,election,City of Toronto,"{""entry_method"":""election"",""member_name"":""Kyle Rae"",""rule"":""last_valid_council_composition_before_general_election"",""source"":""wikipedia"",""source_confidence"":0.85,""source_files"":[""data/reference/roster_agent_a.txt"",""data/reference/roster_agent_b.txt""]}"
ten_a6da241d95515d32ac25e60aab6170e4,per_15643a9d6a59549bb8e536af298a4b2c,ontario_legislative_assembly,mpp,dst_7f3aeb0d097d5496845dc69a60e2e024,,unknown,2025-01-24,at_or_after_reference,unknown,elections_ontario,https://results.elections.on.ca/api/report-groups/48/report-outputs/1096/csv;https://results.elections.on.ca/api/report-groups/48/report-outputs/1089/csv;https://results.elections.on.ca/api/report-groups/48/report-outputs/1094/csv
ten_a6e5a7e1415553fa93fcc8d6ee5b2d80,per_d8dfddfb642358e299f4b428292666bf,toronto_city_council,councillor,dst_458e8491e170588bbf807d32471358de,2022-10-24,election_date,2024-11-04,at_or_after_reference,election,City of Toronto,"{""event_id"":""evt_af73d490abf95ffdae38ca2c830e51f4"",""prior_candidacy"":{""candidacy_id"":""can_8a8622ea6deb5fc893af017dd09e6cb6"",""source_authority"":""Toronto City Clerk"",""source_detail"":""data/interim/results/2022/2022_Toronto_Poll_By_Poll_Councillor.xlsx"",""source_resource"":""Elections — Official Results""},""rule"":""certified_winner_since_latest_general_in_incomplete_by_election_roster""}"
ten_a8e2a772a8fe5c4992cb03395f20d356,per_1fa6d5ee6eb356a2971fcf978880349b,ontario_legislative_assembly,mpp,dst_115f53d3eca350c3b84f6db45846bcc2,,unknown,2014-05-01,at_or_after_reference,unknown,elections_ontario,https://results.elections.on.ca/api/report-groups/2/report-outputs/488/csv;https://results.elections.on.ca/api/report-groups/2/report-outputs/481/csv;https://results.elections.on.ca/api/report-groups/2/report-outputs/486/csv
ten_a8ebde616cc65413b9db0208ae2392d9,per_afe1b989c1315568a8cb59f7194a46ca,ontario_legislative_assembly,mpp,dst_82751d52b72d5276a06cf25b9d170322,,unknown,2007-09-09,at_or_after_reference,unknown,elections_ontario,https://results.elections.on.ca/api/report-groups/4/report-outputs/510/csv;https://results.elections.on.ca/api/report-groups/4/report-outputs/503/csv;https://results.elections.on.ca/api/report-groups/4/report-outputs/508/csv
ten_a9d5f2507bf3567babeeb44089e4544e,per_149f5bfb67c15086a1790fb82f99e49e,canada_house_of_commons,mp,dst_f5794c52ec5f50fca9ffc04fd7cc24d4,2006-01-23,election_date,2008-09-06,at_or_after_reference,election,elections_canada,"{""authority_reported_flag_used_as_review_signal_only"": true, ""current_candidacy"": {""candidacy_id"": ""can_8039b1735b6c5749bd1995726898ab31"", ""event_id"": ""ec-ge-40"", ""incumbent_reported"": true, ""source_detail"": ""https://www.elections.ca/scripts/OVR2008/31/data/pollresults_resultatsbureau35.zip""}, ""evidence_rule"": ""most_recent_prior_candidacy_elected_in_cycle_without_later_seat_winner"", ""prior_elected_candidacy"": {""candidacy_id"": ""can_2886fd5bb5d955b09f8bbd82a1378c94"", ""district_id"": ""dst_f5794c52ec5f50fca9ffc04fd7cc24d4"", ""elected"": true, ""election_date"": ""2006-01-23"", ""event_id"": ""ec-ge-39"", ""source_detail"": ""https://www.elections.ca/Scripts/OVR2006/25/data_donnees/pollresults_resultatsbureau35.zip""}, ""roster_reference"": {""dissolution_date"": ""2008-09-07"", ""reference_date"": ""2008-09-06"", ""source_url"": ""https://www.elections.ca/content.aspx?dir=rep/off/sta_2008&document=p2&lang=e&section=res""}}"
ten_a9f02b127fbb57f896f0dd51f2880712,per_4238a9a971965995ac6c577c126f8161,toronto_city_council,councillor,dst_d6f718dc7baf5a049ce2db0a4fb65974,2003-11-10,election_date,2006-11-13,at_or_after_reference,election,City of Toronto,"{""entry_method"":""election"",""member_name"":""Shelley Carroll"",""rule"":""last_valid_council_composition_before_general_election"",""source"":""wikipedia"",""source_confidence"":0.85,""source_files"":[""data/reference/roster_agent_a.txt"",""data/reference/roster_agent_b.txt""]}"
ten_aa46bef131245f63b6a6078b4737bd6c,per_2a01a0cc36c756e097e174940ed0eb78,toronto_city_council,councillor,dst_6afdd28db1b85bf2a12cbb33b215efb9,2018-10-22,election_date,2022-10-24,at_or_after_reference,election,City of Toronto,"{""member_name"":""Gord Perks"",""rule"":""last_valid_council_composition_before_general_election"",""source"":""city_attendance"",""source_confidence"":0.95,""source_file"":""data/raw/council/attendance/councillors-meeting-attendance-2018-2022.csv""}"
ten_aa9c3fad501051389e8cfdfb253fa0e8,per_9b179068f8d450aa842cf592d57c08e0,toronto_city_council,councillor,dst_00ef04bf1da8516e8fcafe4f6798604d,2018-10-22,election_date,2021-01-15,at_or_after_reference,election,City of Toronto,"{""event_id"":""evt_50c15fe55fa753fba75abfada8da3c38"",""prior_candidacy"":{""candidacy_id"":""can_c17e828fbf045e0087095cfa28321105"",""source_authority"":""Toronto City Clerk"",""source_detail"":""data/interim/results/2018/2018_Toronto_Poll_By_Poll_Councillor.xlsx"",""source_resource"":""Elections — Official Results""},""rule"":""certified_winner_since_latest_general_in_incomplete_by_election_roster""}"
ten_aad0ada2ba395ec9a4ed925f8be66da8,per_a0a0b8b1222d525daa9c375c565026f0,toronto_city_council,councillor,dst_31b0d3246c42553fa0cefe70cff58cf4,2014-10-27,election_date,2018-10-22,at_or_after_reference,election,City of Toronto,"{""member_name"":""Jaye Robinson"",""rule"":""last_valid_council_composition_before_general_election"",""source"":""city_attendance"",""source_confidence"":0.95,""source_file"":""data/raw/council/attendance/councillors-meeting-attendance-2014-2018.csv""}"
ten_ab1209c8bacf5e46b1130a81238bbaa4,per_0fbda58a4d4d53d2882886ec2ab57599,toronto_city_council,councillor,,,unknown,2003-11-10,at_or_after_reference,election,City of Toronto,"{""entry_method"":""election"",""member_name"":""John Filion"",""rule"":""last_valid_council_composition_before_general_election"",""source"":""wikipedia"",""source_confidence"":0.85,""source_files"":[""data/reference/roster_agent_a.txt"",""data/reference/roster_agent_b.txt""]}"
ten_abafda56cc6855a59c7f12d3f3cb9caa,per_b565750840aa5f1d9985bd60de6c423c,ontario_legislative_assembly,mpp,dst_bec089852a36580a994ccab45e0c906b,,unknown,2018-05-07,at_or_after_reference,unknown,elections_ontario,https://results.elections.on.ca/api/report-groups/1/report-outputs/932/csv;https://results.elections.on.ca/api/report-groups/1/report-outputs/925/csv;https://results.elections.on.ca/api/report-groups/1/report-outputs/930/csv
ten_ac205a3754f953c7a8f4c160819b55cd,per_4c6cf1ed32ca56f1abd93c1fd111c75c,canada_house_of_commons,mp,dst_342bb7cf09f15af19dda3175126a3a23,2011-05-02,election_date,2015-08-01,at_or_after_reference,election,elections_canada,"{""authority_reported_flag_used_as_review_signal_only"": true, ""current_candidacy"": {""candidacy_id"": ""can_308d650453f253afb4d139b9c30095bb"", ""event_id"": ""ec-ge-42"", ""incumbent_reported"": true, ""source_detail"": ""https://www.elections.ca/res/rep/off/ovr2015app/41/data_donnees/pollresults_resultatsbureau35.zip""}, ""evidence_rule"": ""most_recent_prior_candidacy_elected_in_cycle_without_later_seat_winner"", ""prior_elected_candidacy"": {""candidacy_id"": ""can_52313b44608a5888b2b19e8a194e2cd8"", ""district_id"": ""dst_342bb7cf09f15af19dda3175126a3a23"", ""elected"": true, ""election_date"": ""2011-05-02"", ""event_id"": ""ec-ge-41"", ""source_detail"": ""https://www.elections.ca/scripts/OVR2011/34/data_donnees/pollresults_resultatsbureau35.zip""}, ""roster_reference"": {""dissolution_date"": ""2015-08-02"", ""reference_date"": ""2015-08-01"", ""source_url"": ""https://www.elections.ca/content.aspx?dir=rep/off/sta_2015&document=p2&lang=e&section=res""}}"
ten_ae31bfa2353e572ba8f273e21e4ab265,per_5d4ed9a602615789a5ed8bde2ae82e62,toronto_city_council,councillor,dst_87d79f1462925e15ab3b2530ba681b50,2010-10-25,election_date,2014-10-27,at_or_after_reference,election,City of Toronto,"{""member_name"":""Mike Del Grande"",""rule"":""last_valid_council_composition_before_general_election"",""source"":""city_attendance"",""source_confidence"":0.95,""source_file"":""data/raw/council/attendance/councillors-meeting-attendance-2010-2014.csv""}"
ten_aeae971f34d459d7aabba2a22c193126,per_18786ecd2dc7506794ac10340a5f68f6,toronto_city_council,councillor,dst_388c245b76105b2ab99da1f16784e7b8,2010-10-25,election_date,2014-10-27,at_or_after_reference,election,City of Toronto,"{""member_name"":""Anthony Perruzza"",""rule"":""last_valid_council_composition_before_general_election"",""source"":""city_attendance"",""source_confidence"":0.95,""source_file"":""data/raw/council/attendance/councillors-meeting-attendance-2010-2014.csv""}"
ten_af223253f2df55e180e513f821623f00,per_6889ce57bbda567f950b56abf65ade53,toronto_city_council,councillor,dst_37dc3c9d918c5bf7a3d55d4188015db0,2014-10-27,election_date,2018-10-22,at_or_after_reference,election,City of Toronto,"{""member_name"":""Gary Crawford"",""rule"":""last_valid_council_composition_before_general_election"",""source"":""city_attendance"",""source_confidence"":0.95,""source_file"":""data/raw/council/attendance/councillors-meeting-attendance-2014-2018.csv""}"
ten_af3103a120365c7d9cbdf2d8b11beb83,per_69529146105a5d85ae577db19104ceed,toronto_city_council,councillor,dst_ed645d04bcf55406ba30df00b1b967c9,2014-10-27,election_date,2018-10-22,at_or_after_reference,election,City of Toronto,"{""member_name"":""Josh Matlow"",""rule"":""last_valid_council_composition_before_general_election"",""source"":""city_attendance"",""source_confidence"":0.95,""source_file"":""data/raw/council/attendance/councillors-meeting-attendance-2014-2018.csv""}"
ten_af84314dd64057038eb4a6d19ed6e52e,per_edc75be7d8bc5006bf69f92ad1908102,toronto_city_council,councillor,dst_5f3aaa13834b5789bb51c95425758d51,2006-11-13,election_date,2010-10-25,at_or_after_reference,election,City of Toronto,"{""member_name"":""Howard Moscoe"",""rule"":""last_valid_council_composition_before_general_election"",""source"":""city_attendance"",""source_confidence"":0.95,""source_file"":""data/raw/council/attendance/councillors-meeting-attendance-2006-2010.csv""}"
ten_b07fa362b13257d8a3077de6d05320f6,per_1cd576998bf25df0b9f1e4ab31842e5d,ontario_legislative_assembly,mpp,dst_849dd4e924cf515da92315d753dbfc8e,,unknown,2014-05-01,at_or_after_reference,unknown,elections_ontario,https://results.elections.on.ca/api/report-groups/2/report-outputs/488/csv;https://results.elections.on.ca/api/report-groups/2/report-outputs/481/csv;https://results.elections.on.ca/api/report-groups/2/report-outputs/486/csv
ten_b086082107b25c1dbd9507413b75a3f0,per_e9a2e6c0447d5f55a6bf9432a4d49352,canada_house_of_commons,mp,dst_bb77fc5619885389a2d08772ad5572cc,2004-06-28,election_date,2005-11-28,at_or_after_reference,election,elections_canada,"{""authority_reported_flag_used_as_review_signal_only"": true, ""current_candidacy"": {""candidacy_id"": ""can_cba70f64ee6a5e218fb71e321cf657cb"", ""event_id"": ""ec-ge-39"", ""incumbent_reported"": true, ""source_detail"": ""https://www.elections.ca/Scripts/OVR2006/25/data_donnees/pollresults_resultatsbureau35.zip""}, ""evidence_rule"": ""most_recent_prior_candidacy_elected_in_cycle_without_later_seat_winner"", ""prior_elected_candidacy"": {""candidacy_id"": ""can_f1f8beeec4ff5fbca940f896bdc12ebc"", ""district_id"": ""dst_bb77fc5619885389a2d08772ad5572cc"", ""elected"": true, ""election_date"": ""2004-06-28"", ""event_id"": ""ec-ge-38"", ""source_detail"": ""https://www.elections.ca/scripts/OVR2004/23/data/ON.zip | summary enrichment: https://www.elections.ca/scripts/OVR2004/23/data/table12.csv""}, ""roster_reference"": {""dissolution_date"": ""2005-11-29"", ""reference_date"": ""2005-11-28"", ""source_url"": ""https://www.elections.ca/content.aspx?dir=rep/off/sta_2006&document=p2&lang=e&section=res""}}"
ten_b0deafb6d2ee559fa380b9fa557b9123,per_2a01a0cc36c756e097e174940ed0eb78,toronto_city_council,councillor,dst_91f46887d24056d4b7ca558724be9305,2014-10-27,election_date,2016-07-25,at_or_after_reference,election,City of Toronto,"{""event_id"":""evt_552c4874312956ae84afbbc5ee91b0f7"",""prior_candidacy"":{""candidacy_id"":""can_eb15951728215f8ab958874d4a9f29ef"",""source_authority"":""Toronto City Clerk"",""source_detail"":""data/interim/results/2014/COUNCILLOR.xls"",""source_resource"":""Elections — Official Results""},""rule"":""certified_winner_since_latest_general_in_incomplete_by_election_roster""}"
ten_b0ff06761c7f565a86dae7f9a649944e,per_965b9767b0d0563da65e3a0db59e0afe,canada_house_of_commons,mp,dst_ef7ed07caafd51908684e20f9c3976d3,2004-06-28,election_date,2005-11-28,at_or_after_reference,election,elections_canada,"{""authority_reported_flag_used_as_review_signal_only"": true, ""current_candidacy"": {""candidacy_id"": ""can_353dcc5369b85e309adfb3025e9bd446"", ""event_id"": ""ec-ge-39"", ""incumbent_reported"": true, ""source_detail"": ""https://www.elections.ca/Scripts/OVR2006/25/data_donnees/pollresults_resultatsbureau35.zip""}, ""evidence_rule"": ""most_recent_prior_candidacy_elected_in_cycle_without_later_seat_winner"", ""prior_elected_candidacy"": {""candidacy_id"": ""can_f5be4fcb924d5f5ea2727e8870412931"", ""district_id"": ""dst_ef7ed07caafd51908684e20f9c3976d3"", ""elected"": true, ""election_date"": ""2004-06-28"", ""event_id"": ""ec-ge-38"", ""source_detail"": ""https://www.elections.ca/scripts/OVR2004/23/data/ON.zip | summary enrichment: https://www.elections.ca/scripts/OVR2004/23/data/table12.csv""}, ""roster_reference"": {""dissolution_date"": ""2005-11-29"", ""reference_date"": ""2005-11-28"", ""source_url"": ""https://www.elections.ca/content.aspx?dir=rep/off/sta_2006&document=p2&lang=e&section=res""}}"
ten_b103a154f0315a4097627b5bb60330fe,per_bb140e42ff6750dc95adfa2785ffef68,toronto_city_council,councillor,dst_5c19646c134d58c5b8859bba3379c5e7,2010-10-25,election_date,2014-10-27,at_or_after_reference,election,City of Toronto,"{""member_name"":""Vincent Crisanti"",""rule"":""last_valid_council_composition_before_general_election"",""source"":""city_attendance"",""source_confidence"":0.95,""source_file"":""data/raw/council/attendance/councillors-meeting-attendance-2010-2014.csv""}"
ten_b14774a7b9c454869d548c0323ddb479,per_c0e1c9bb6045570b873969e4c462da62,toronto_city_council,councillor,dst_1b5001335c0158b28e0c461fc8d32fd5,2014-10-27,election_date,2016-07-25,at_or_after_reference,election,City of Toronto,"{""event_id"":""evt_552c4874312956ae84afbbc5ee91b0f7"",""prior_candidacy"":{""candidacy_id"":""can_2f7d5d43e5c958a598ed4b02de07da90"",""source_authority"":""Toronto City Clerk"",""source_detail"":""data/interim/results/2014/COUNCILLOR.xls"",""source_resource"":""Elections — Official Results""},""rule"":""certified_winner_since_latest_general_in_incomplete_by_election_roster""}"
ten_b167f5b734b85a59bebc3d03054f6a23,per_345dd6a9ee645c0bb5a8ade615f91579,canada_house_of_commons,mp,dst_63883ef3b1165db082475fd4dd524fdc,2011-05-02,election_date,2015-08-01,at_or_after_reference,election,elections_canada,"{""authority_reported_flag_used_as_review_signal_only"": true, ""current_candidacy"": {""candidacy_id"": ""can_60e2c80c7a2558c1b618498e48755eeb"", ""event_id"": ""ec-ge-42"", ""incumbent_reported"": null, ""source_detail"": ""https://www.elections.ca/res/rep/off/ovr2015app/41/table12E.html""}, ""evidence_rule"": ""most_recent_prior_candidacy_elected_in_cycle_without_later_seat_winner"", ""prior_elected_candidacy"": {""candidacy_id"": ""can_e180f58792365381b3446c220eec1ab5"", ""district_id"": ""dst_63883ef3b1165db082475fd4dd524fdc"", ""elected"": true, ""election_date"": ""2011-05-02"", ""event_id"": ""ec-ge-41"", ""source_detail"": ""https://www.elections.ca/Scripts/VIS/HistoricalResults/35001_e.html""}, ""roster_reference"": {""dissolution_date"": ""2015-08-02"", ""reference_date"": ""2015-08-01"", ""source_url"": ""https://www.elections.ca/content.aspx?dir=rep/off/sta_2015&document=p2&lang=e&section=res""}}"
ten_b1b84a02896a5ed9b4152cffd7a5c034,per_6254d5a51a3a57ca9c25f2741efa7eb3,ontario_legislative_assembly,mpp,dst_3f32bbad1c0b5c299b819d8f0bced773,,unknown,2014-05-01,at_or_after_reference,unknown,elections_ontario,https://results.elections.on.ca/api/report-groups/2/report-outputs/488/csv;https://results.elections.on.ca/api/report-groups/2/report-outputs/481/csv;https://results.elections.on.ca/api/report-groups/2/report-outputs/486/csv
ten_b215a3bdd1675722affab8c7ab26297d,per_4208833231b15c24b856134aa2d3708c,canada_house_of_commons,mp,dst_debd1b7ccab158c7995a4d9d222e8516,2008-10-14,election_date,2011-03-25,at_or_after_reference,election,elections_canada,"{""authority_reported_flag_used_as_review_signal_only"": true, ""current_candidacy"": {""candidacy_id"": ""can_718a8be393425161bd6fb44b01f62e28"", ""event_id"": ""ec-ge-41"", ""incumbent_reported"": true, ""source_detail"": ""https://www.elections.ca/scripts/OVR2011/34/data_donnees/pollresults_resultatsbureau35.zip""}, ""evidence_rule"": ""most_recent_prior_candidacy_elected_in_cycle_without_later_seat_winner"", ""prior_elected_candidacy"": {""candidacy_id"": ""can_58d0fda3bb9a5de9af5e08a350a7f44a"", ""district_id"": ""dst_debd1b7ccab158c7995a4d9d222e8516"", ""elected"": true, ""election_date"": ""2008-10-14"", ""event_id"": ""ec-ge-40"", ""source_detail"": ""https://www.elections.ca/scripts/OVR2008/31/data/pollresults_resultatsbureau35.zip""}, ""roster_reference"": {""dissolution_date"": ""2011-03-26"", ""reference_date"": ""2011-03-25"", ""source_url"": ""https://www.elections.ca/res/rep/off/sta_2011/stat_report2011_e.pdf""}}"
ten_b2bf87c78cb55e5eb2eb5e6510497bf9,per_247212de46b050cda328eb649ffaf5d3,toronto_city_council,councillor,dst_3b4e2345db0d588992443168b5ca4a7b,2014-10-27,election_date,2016-07-25,at_or_after_reference,election,City of Toronto,"{""event_id"":""evt_552c4874312956ae84afbbc5ee91b0f7"",""prior_candidacy"":{""candidacy_id"":""can_da14565abff1514b95e74ec4d75afb73"",""source_authority"":""Toronto City Clerk"",""source_detail"":""data/interim/results/2014/COUNCILLOR.xls"",""source_resource"":""Elections — Official Results""},""rule"":""certified_winner_since_latest_general_in_incomplete_by_election_roster""}"
ten_b2f0b8116da451cdb217e2bc64f3b562,per_1b7f774773f25d30bee28ee91187ca3d,toronto_city_council,councillor,dst_db2a1e74395b5a2495c8e09b2b657457,2006-11-13,election_date,2010-10-25,at_or_after_reference,election,City of Toronto,"{""member_name"":""Frank Di Giorgio"",""rule"":""last_valid_council_composition_before_general_election"",""source"":""city_attendance"",""source_confidence"":0.95,""source_file"":""data/raw/council/attendance/councillors-meeting-attendance-2006-2010.csv""}"
ten_b36846d984615c9986c5dcdbe20da4f4,per_f4c7c3bbb0985a41aee8ae58c46b2126,toronto_city_council,councillor,dst_ed645d04bcf55406ba30df00b1b967c9,2003-11-10,election_date,2006-11-13,at_or_after_reference,election,City of Toronto,"{""entry_method"":""election"",""member_name"":""Michael Walker"",""rule"":""last_valid_council_composition_before_general_election"",""source"":""wikipedia"",""source_confidence"":0.85,""source_files"":[""data/reference/roster_agent_a.txt"",""data/reference/roster_agent_b.txt""]}"
ten_b38c84d7d3205d2ebe898a34bd9c73e5,per_33705bc16481579cb342ead791793e1c,canada_house_of_commons,mp,dst_11670634cc33529aa65ef639613628d1,2015-10-19,election_date,2019-09-10,at_or_after_reference,election,elections_canada,"{""authority_reported_flag_used_as_review_signal_only"": true, ""current_candidacy"": {""candidacy_id"": ""can_6d07621116b35b14bff8ff84294915e3"", ""event_id"": ""ec-ge-43"", ""incumbent_reported"": true, ""source_detail"": ""https://www.elections.ca/res/rep/off/ovr2019app/51/data_donnees/pollresults_resultatsbureau35.zip""}, ""evidence_rule"": ""most_recent_prior_candidacy_elected_in_cycle_without_later_seat_winner"", ""prior_elected_candidacy"": {""candidacy_id"": ""can_4d680b43b889574f9d6982bbb45bfbe9"", ""district_id"": ""dst_11670634cc33529aa65ef639613628d1"", ""elected"": true, ""election_date"": ""2015-10-19"", ""event_id"": ""ec-ge-42"", ""source_detail"": ""https://www.elections.ca/res/rep/off/ovr2015app/41/data_donnees/pollresults_resultatsbureau35.zip""}, ""roster_reference"": {""dissolution_date"": ""2019-09-11"", ""reference_date"": ""2019-09-10"", ""source_url"": ""https://www.elections.ca/content.aspx?dir=rep/off/sta_ge43&document=p2&lang=e&section=res""}}"
ten_b49577562ca75499b5c4171a87c6eb36,per_b565750840aa5f1d9985bd60de6c423c,toronto_city_council,councillor,dst_65a81c104a8c5c0194e7fee5f09545d3,2010-10-25,election_date,2014-10-27,at_or_after_reference,election,City of Toronto,"{""member_name"":""Raymond Cho"",""rule"":""last_valid_council_composition_before_general_election"",""source"":""city_attendance"",""source_confidence"":0.95,""source_file"":""data/raw/council/attendance/councillors-meeting-attendance-2010-2014.csv""}"
ten_b513208c25b7590ab0424328702018ca,per_cb9a349d2c375d6ca82d06405b9986e0,toronto_city_council,councillor,dst_adf63b57f77c58829d8e38b24d68ac03,2014-10-27,election_date,2018-10-22,at_or_after_reference,election,City of Toronto,"{""member_name"":""Stephen Holyday"",""rule"":""last_valid_council_composition_before_general_election"",""source"":""city_attendance"",""source_confidence"":0.95,""source_file"":""data/raw/council/attendance/councillors-meeting-attendance-2014-2018.csv""}"
ten_b542004a9d7855d1baf15c7c6568563b,per_a0a0b8b1222d525daa9c375c565026f0,toronto_city_council,councillor,dst_31b0d3246c42553fa0cefe70cff58cf4,2010-10-25,election_date,2014-10-27,at_or_after_reference,election,City of Toronto,"{""member_name"":""Jaye Robinson"",""rule"":""last_valid_council_composition_before_general_election"",""source"":""city_attendance"",""source_confidence"":0.95,""source_file"":""data/raw/council/attendance/councillors-meeting-attendance-2010-2014.csv""}"
ten_b5be3ca16db7516ebe49bf5e83b292fc,per_2ca884fa7ffe5c61a4bd0afcbf153fed,toronto_city_council,councillor,dst_6ded7539bac459f6805b028fc38406ad,2024-11-04,election_date,2025-09-29,at_or_after_reference,election,City of Toronto,"{""event_id"":""evt_ca435dada07f5ed9b041b7c3d24de732"",""prior_candidacy"":{""candidacy_id"":""can_d76fc0919aba52d79fa61644ab457786"",""source_authority"":""Toronto City Clerk"",""source_detail"":""data/raw/byelection/2024-councillor-ward-15-poll-by-poll.xlsx"",""source_resource"":""Elections — Official By-election Results""},""rule"":""certified_winner_since_latest_general_in_incomplete_by_election_roster""}"
ten_b5c8bbe480b25418ba24112d26fd4ed4,per_23e90faa5b66501aa48b838f277f5608,ontario_legislative_assembly,mpp,dst_3bee0079968e59b29864461214d85579,,unknown,2014-05-01,at_or_after_reference,unknown,elections_ontario,https://results.elections.on.ca/api/report-groups/2/report-outputs/488/csv;https://results.elections.on.ca/api/report-groups/2/report-outputs/481/csv;https://results.elections.on.ca/api/report-groups/2/report-outputs/486/csv
ten_b7687bd4b5cf563dbe2a3e6cce0d53dd,per_4ba452117bb35c6f8947a0fdf033ad53,toronto_city_council,councillor,dst_ea407e9a03df5ef2bee0d7950b9d2b8f,2014-10-27,election_date,2016-07-25,at_or_after_reference,election,City of Toronto,"{""event_id"":""evt_552c4874312956ae84afbbc5ee91b0f7"",""prior_candidacy"":{""candidacy_id"":""can_8f368351655d5313a6b3222d1db33cdf"",""source_authority"":""Toronto City Clerk"",""source_detail"":""data/interim/results/2014/COUNCILLOR.xls"",""source_resource"":""Elections — Official Results""},""rule"":""certified_winner_since_latest_general_in_incomplete_by_election_roster""}"
ten_b7c929bca4ba5f10810d881c58d51fa9,per_dc61c3287bb457c588a78e1be5a29f72,ontario_legislative_assembly,mpp,dst_8e086e65a34c5336b817d80fe90dfa0e,,unknown,2003-09-01,at_or_after_reference,unknown,elections_ontario,https://results.elections.on.ca/api/report-groups/5/report-outputs/521/csv;https://results.elections.on.ca/api/report-groups/5/report-outputs/514/csv;https://results.elections.on.ca/api/report-groups/5/report-outputs/519/csv
ten_b834362e24e05fadbd9bba9009d7b989,per_a5dbd8d684c95ba4ac284aba2f85d2e0,toronto_city_council,councillor,dst_c08cfffa686c5648932189dbec3e91f5,2022-10-24,election_date,2023-11-30,at_or_after_reference,election,City of Toronto,"{""event_id"":""evt_ee5715a80b5a532c8b778d94f6b7c9b8"",""prior_candidacy"":{""candidacy_id"":""can_0e66b13370375a32876db67694e0ddbd"",""source_authority"":""Toronto City Clerk"",""source_detail"":""data/interim/results/2022/2022_Toronto_Poll_By_Poll_Councillor.xlsx"",""source_resource"":""Elections — Official Results""},""rule"":""certified_winner_since_latest_general_in_incomplete_by_election_roster""}"
ten_b8a6b790f88853ae9eb10e405d7f9cbb,per_2e862df7dac85e2f8407e3fac034ea8d,canada_house_of_commons,mp,dst_070935ea15895262bd2d2f99e4ada2ac,2020-10-26,election_date,2021-08-14,at_or_after_reference,election,elections_canada,"{""authority_reported_flag_used_as_review_signal_only"": true, ""current_candidacy"": {""candidacy_id"": ""can_5665507534205e25ae03377a7d71caf7"", ""event_id"": ""ec-ge-44"", ""incumbent_reported"": true, ""source_detail"": ""https://www.elections.ca/res/rep/off/ovr2021app/53/data_donnees/pollresults_resultatsbureau35.zip""}, ""evidence_rule"": ""most_recent_prior_candidacy_elected_in_cycle_without_later_seat_winner"", ""prior_elected_candidacy"": {""candidacy_id"": ""can_0021df0d9a665be98a70f0da86224ecb"", ""district_id"": ""dst_070935ea15895262bd2d2f99e4ada2ac"", ""elected"": true, ""election_date"": ""2020-10-26"", ""event_id"": ""ec-be-2020-10-26"", ""source_detail"": ""https://www.elections.ca/res/rep/off/ovr_2020/52/data_donnees/pollresults_resultatsbureau35118.csv""}, ""roster_reference"": {""dissolution_date"": ""2021-08-15"", ""reference_date"": ""2021-08-14"", ""source_url"": ""https://www.elections.ca/content.aspx?dir=rep/off/sta_ge44&document=p2&lang=e&section=res""}}"
ten_b8c6bea5fb525931892eebce11cfb815,per_f1f71e7ebd7157cda9b8d44c62c4c294,toronto_city_council,councillor,dst_0e240cb2dab65f8db224ad8fd83d506c,2022-10-24,election_date,2023-11-30,at_or_after_reference,election,City of Toronto,"{""event_id"":""evt_ee5715a80b5a532c8b778d94f6b7c9b8"",""prior_candidacy"":{""candidacy_id"":""can_4b78f4587dab5e69b879563516563791"",""source_authority"":""Toronto City Clerk"",""source_detail"":""data/interim/results/2022/2022_Toronto_Poll_By_Poll_Councillor.xlsx"",""source_resource"":""Elections — Official Results""},""rule"":""certified_winner_since_latest_general_in_incomplete_by_election_roster""}"
ten_b933f44046835c1281ba0991a681a561,per_69529146105a5d85ae577db19104ceed,toronto_city_council,councillor,dst_262b1fe4f5215500ae024ee7e01c0912,2022-10-24,election_date,2025-09-29,at_or_after_reference,election,City of Toronto,"{""event_id"":""evt_ca435dada07f5ed9b041b7c3d24de732"",""prior_candidacy"":{""candidacy_id"":""can_a5a51a39a0825accaf1a1112adefeedf"",""source_authority"":""Toronto City Clerk"",""source_detail"":""data/interim/results/2022/2022_Toronto_Poll_By_Poll_Councillor.xlsx"",""source_resource"":""Elections — Official Results""},""rule"":""certified_winner_since_latest_general_in_incomplete_by_election_roster""}"
ten_ba22f920ad6059529525678ca50388bd,per_93dd2a3cb85f59acb3d5ea5a67b3801e,toronto_city_council,councillor,dst_ecad4be4655e5612bff68d3d4de3f8e1,2022-10-24,election_date,2024-11-04,at_or_after_reference,election,City of Toronto,"{""event_id"":""evt_af73d490abf95ffdae38ca2c830e51f4"",""prior_candidacy"":{""candidacy_id"":""can_e0fb35c23e205537af20e765ba2718b7"",""source_authority"":""Toronto City Clerk"",""source_detail"":""data/interim/results/2022/2022_Toronto_Poll_By_Poll_Councillor.xlsx"",""source_resource"":""Elections — Official Results""},""rule"":""certified_winner_since_latest_general_in_incomplete_by_election_roster""}"
ten_baa0e217e34a5a3eb2fe30980178be3d,per_5fe051401d365173bc863062f15be0e2,ontario_legislative_assembly,mpp,dst_85c97b7570435349b2a6509a06b5fc8c,,unknown,2014-05-01,at_or_after_reference,unknown,elections_ontario,https://results.elections.on.ca/api/report-groups/2/report-outputs/488/csv;https://results.elections.on.ca/api/report-groups/2/report-outputs/481/csv;https://results.elections.on.ca/api/report-groups/2/report-outputs/486/csv
ten_baa61d5426cc51bfb42e6c609a1f50fc,per_4d40b7f91f0250ed83cf63d98457244d,toronto_city_council,councillor,,,unknown,2003-11-10,at_or_after_reference,election,City of Toronto,"{""entry_method"":""election"",""member_name"":""Gerry Altobello"",""rule"":""last_valid_council_composition_before_general_election"",""source"":""wikipedia"",""source_confidence"":0.85,""source_files"":[""data/reference/roster_agent_a.txt"",""data/reference/roster_agent_b.txt""]}"
ten_bb056c6b62935fc3b9181548a62a5bf5,per_61ea362c84225861ba1061353851ae2e,canada_house_of_commons,mp,dst_46f51e7fe2f753afa59bf958f4acd933,2015-10-19,election_date,2019-09-10,at_or_after_reference,election,elections_canada,"{""authority_reported_flag_used_as_review_signal_only"": true, ""current_candidacy"": {""candidacy_id"": ""can_d16118c556d75ec194018dea4867cf21"", ""event_id"": ""ec-ge-43"", ""incumbent_reported"": true, ""source_detail"": ""https://www.elections.ca/res/rep/off/ovr2019app/51/data_donnees/pollresults_resultatsbureau35.zip""}, ""evidence_rule"": ""most_recent_prior_candidacy_elected_in_cycle_without_later_seat_winner"", ""prior_elected_candidacy"": {""candidacy_id"": ""can_3a9e0b022e3a5058a191995f41bf1567"", ""district_id"": ""dst_46f51e7fe2f753afa59bf958f4acd933"", ""elected"": true, ""election_date"": ""2015-10-19"", ""event_id"": ""ec-ge-42"", ""source_detail"": ""https://www.elections.ca/res/rep/off/ovr2015app/41/data_donnees/pollresults_resultatsbureau35.zip""}, ""roster_reference"": {""dissolution_date"": ""2019-09-11"", ""reference_date"": ""2019-09-10"", ""source_url"": ""https://www.elections.ca/content.aspx?dir=rep/off/sta_ge43&document=p2&lang=e&section=res""}}"
ten_bb4206a343d55ff99b12472ac18513eb,per_ba93265add5250b287d017a337c4d179,ontario_legislative_assembly,mpp,dst_5bbe445bb66a5c9da49b1b14d6a7b1e5,,unknown,2003-09-01,at_or_after_reference,unknown,elections_ontario,https://results.elections.on.ca/api/report-groups/5/report-outputs/521/csv;https://results.elections.on.ca/api/report-groups/5/report-outputs/514/csv;https://results.elections.on.ca/api/report-groups/5/report-outputs/519/csv
ten_bbd6d179a68d590d8055086a8c6e6dbe,per_f560221dfe455207a9cc597093a3b671,ontario_legislative_assembly,mpp,dst_3e460298e4265c0ebfd462a9677716de,,unknown,2003-09-01,at_or_after_reference,unknown,elections_ontario,https://results.elections.on.ca/api/report-groups/5/report-outputs/521/csv;https://results.elections.on.ca/api/report-groups/5/report-outputs/514/csv;https://results.elections.on.ca/api/report-groups/5/report-outputs/519/csv
ten_bbf008ba49f652b6889d1efd2749b3d2,per_77139d6966a253d4aa08b6ac8c31c3c4,toronto_city_council,councillor,,,unknown,2003-11-10,at_or_after_reference,election,City of Toronto,"{""entry_method"":""election"",""member_name"":""Ron Moeser"",""rule"":""last_valid_council_composition_before_general_election"",""source"":""wikipedia"",""source_confidence"":0.85,""source_files"":[""data/reference/roster_agent_a.txt"",""data/reference/roster_agent_b.txt""]}"
ten_bc1c5d3144115c5ba82b794b04cd881c,per_5e078da852c05f82854fb7256c4afd9b,canada_house_of_commons,mp,dst_342bb7cf09f15af19dda3175126a3a23,2004-06-28,election_date,2005-11-28,at_or_after_reference,election,elections_canada,"{""authority_reported_flag_used_as_review_signal_only"": true, ""current_candidacy"": {""candidacy_id"": ""can_c896fcfcd29058119787f6d27dc332da"", ""event_id"": ""ec-ge-39"", ""incumbent_reported"": true, ""source_detail"": ""https://www.elections.ca/Scripts/OVR2006/25/data_donnees/pollresults_resultatsbureau35.zip""}, ""evidence_rule"": ""most_recent_prior_candidacy_elected_in_cycle_without_later_seat_winner"", ""prior_elected_candidacy"": {""candidacy_id"": ""can_9febe5510296550b9031c3322f9b8099"", ""district_id"": ""dst_342bb7cf09f15af19dda3175126a3a23"", ""elected"": true, ""election_date"": ""2004-06-28"", ""event_id"": ""ec-ge-38"", ""source_detail"": ""https://www.elections.ca/scripts/OVR2004/23/data/ON.zip | summary enrichment: https://www.elections.ca/scripts/OVR2004/23/data/table12.csv""}, ""roster_reference"": {""dissolution_date"": ""2005-11-29"", ""reference_date"": ""2005-11-28"", ""source_url"": ""https://www.elections.ca/content.aspx?dir=rep/off/sta_2006&document=p2&lang=e&section=res""}}"
ten_bc2304899ad4508b83846d1540c5d570,per_10d1c0f15d7e566ba4eec7f92f24636f,canada_house_of_commons,mp,dst_833f9855578c5e41afa4546db6e63c44,2008-03-17,election_date,2008-09-06,at_or_after_reference,election,elections_canada,"{""authority_reported_flag_used_as_review_signal_only"": true, ""current_candidacy"": {""candidacy_id"": ""can_7276420db1895d728ca5e1d318604897"", ""event_id"": ""ec-ge-40"", ""incumbent_reported"": true, ""source_detail"": ""https://www.elections.ca/scripts/OVR2008/31/data/pollresults_resultatsbureau35.zip""}, ""evidence_rule"": ""most_recent_prior_candidacy_elected_in_cycle_without_later_seat_winner"", ""prior_elected_candidacy"": {""candidacy_id"": ""can_58afba288f1d5a98b3e576c9aaf9f749"", ""district_id"": ""dst_833f9855578c5e41afa4546db6e63c44"", ""elected"": true, ""election_date"": ""2008-03-17"", ""event_id"": ""ec-be-2008-03-17"", ""source_detail"": ""https://www.elections.ca/ele/pas/2008/csv/pollbypoll35093.csv | summary enrichment: https://www.elections.ca/Scripts/VIS/HistoricalResults/35093_e.html""}, ""roster_reference"": {""dissolution_date"": ""2008-09-07"", ""reference_date"": ""2008-09-06"", ""source_url"": ""https://www.elections.ca/content.aspx?dir=rep/off/sta_2008&document=p2&lang=e&section=res""}}"
ten_bc5193c931c752f1a1d149fac59874f9,per_edc75be7d8bc5006bf69f92ad1908102,toronto_city_council,councillor,dst_5f3aaa13834b5789bb51c95425758d51,2003-11-10,election_date,2006-11-13,at_or_after_reference,election,City of Toronto,"{""entry_method"":""election"",""member_name"":""Howard Moscoe"",""rule"":""last_valid_council_composition_before_general_election"",""source"":""wikipedia"",""source_confidence"":0.85,""source_files"":[""data/reference/roster_agent_a.txt"",""data/reference/roster_agent_b.txt""]}"
ten_bc9bdd861a905851a0a956e93b7763cf,per_d476ff1e2e605a88914636edbdfcb79a,toronto_city_council,councillor,dst_e45c4398760258f785214d7b514aafb1,2018-10-22,election_date,2022-10-24,at_or_after_reference,election,City of Toronto,"{""member_name"":""Frances Nunziata"",""rule"":""last_valid_council_composition_before_general_election"",""source"":""city_attendance"",""source_confidence"":0.95,""source_file"":""data/raw/council/attendance/councillors-meeting-attendance-2018-2022.csv""}"
ten_bcd7e664254e55d3a526f6bcbaa1c3e8,per_78173448185a5e75812ab32b3ef02105,ontario_legislative_assembly,mpp,dst_fbb91282b87850498b033699527216cd,,unknown,2025-01-24,at_or_after_reference,unknown,elections_ontario,https://results.elections.on.ca/api/report-groups/48/report-outputs/1096/csv;https://results.elections.on.ca/api/report-groups/48/report-outputs/1089/csv;https://results.elections.on.ca/api/report-groups/48/report-outputs/1094/csv
ten_bcdcf37ba8355c4caab96534f50c8c74,per_cf1e0cd9b5f1535c9a788ba649da119b,toronto_city_council,councillor,,,unknown,2006-11-13,at_or_after_reference,appointment,City of Toronto,"{""entry_method"":""appointment"",""member_name"":""Martin Silva"",""rule"":""last_valid_council_composition_before_general_election"",""source"":""wikipedia"",""source_confidence"":0.85,""source_files"":[""data/reference/roster_agent_a.txt"",""data/reference/roster_agent_b.txt""]}"
ten_bce54b47e00952ac94ad0154732a7d8c,per_18786ecd2dc7506794ac10340a5f68f6,toronto_city_council,councillor,dst_6962e00ba56b58edbaaea7f0f81504f6,2022-10-24,election_date,2025-09-29,at_or_after_reference,election,City of Toronto,"{""event_id"":""evt_ca435dada07f5ed9b041b7c3d24de732"",""prior_candidacy"":{""candidacy_id"":""can_75961c4df15e5d8c85f6a63ffa59f246"",""source_authority"":""Toronto City Clerk"",""source_detail"":""data/interim/results/2022/2022_Toronto_Poll_By_Poll_Councillor.xlsx"",""source_resource"":""Elections — Official Results""},""rule"":""certified_winner_since_latest_general_in_incomplete_by_election_roster""}"
ten_bcea354fd6e45734b62d8b8ef54d4c08,per_eebf1caae41455fdb16e92dced03d455,canada_house_of_commons,mp,dst_45baa2d62a2d50f88b119df3940fb9a2,2021-09-20,election_date,2025-03-22,at_or_after_reference,election,elections_canada,"{""authority_reported_flag_used_as_review_signal_only"": true, ""current_candidacy"": {""candidacy_id"": ""can_0d28be31d9955b6c85ca41e46868b864"", ""event_id"": ""ec-ge-45"", ""incumbent_reported"": true, ""source_detail"": ""https://www.elections.ca/res/rep/off/ovrGE45/62/data_donnees/pollresults_resultatsbureau35.zip""}, ""evidence_rule"": ""most_recent_prior_candidacy_elected_in_cycle_without_later_seat_winner"", ""prior_elected_candidacy"": {""candidacy_id"": ""can_0ea88636b16c50feb28d9644b5d3e05e"", ""district_id"": ""dst_45baa2d62a2d50f88b119df3940fb9a2"", ""elected"": true, ""election_date"": ""2021-09-20"", ""event_id"": ""ec-ge-44"", ""source_detail"": ""https://www.elections.ca/res/rep/off/ovr2021app/53/data_donnees/pollresults_resultatsbureau35.zip""}, ""roster_reference"": {""dissolution_date"": ""2025-03-23"", ""reference_date"": ""2025-03-22"", ""source_url"": ""https://www.elections.ca/content.aspx?dir=rep/off/sta_ge45&document=for&lang=e&section=res""}}"
ten_be016c1a6661506fa4db73d16e0f926e,per_1b7f774773f25d30bee28ee91187ca3d,toronto_city_council,councillor,dst_db2a1e74395b5a2495c8e09b2b657457,2003-11-10,election_date,2006-11-13,at_or_after_reference,election,City of Toronto,"{""entry_method"":""election"",""member_name"":""Frank Di Giorgio"",""rule"":""last_valid_council_composition_before_general_election"",""source"":""wikipedia"",""source_confidence"":0.85,""source_files"":[""data/reference/roster_agent_a.txt"",""data/reference/roster_agent_b.txt""]}"
ten_be81ee6d88835067a2819206ebed57d5,per_e9a2e6c0447d5f55a6bf9432a4d49352,canada_house_of_commons,mp,dst_bb77fc5619885389a2d08772ad5572cc,2006-01-23,election_date,2008-09-06,at_or_after_reference,election,elections_canada,"{""authority_reported_flag_used_as_review_signal_only"": true, ""current_candidacy"": {""candidacy_id"": ""can_7dbb9484a0df5352b89e368d3b35076b"", ""event_id"": ""ec-ge-40"", ""incumbent_reported"": true, ""source_detail"": ""https://www.elections.ca/scripts/OVR2008/31/data/pollresults_resultatsbureau35.zip""}, ""evidence_rule"": ""most_recent_prior_candidacy_elected_in_cycle_without_later_seat_winner"", ""prior_elected_candidacy"": {""candidacy_id"": ""can_cba70f64ee6a5e218fb71e321cf657cb"", ""district_id"": ""dst_bb77fc5619885389a2d08772ad5572cc"", ""elected"": true, ""election_date"": ""2006-01-23"", ""event_id"": ""ec-ge-39"", ""source_detail"": ""https://www.elections.ca/Scripts/OVR2006/25/data_donnees/pollresults_resultatsbureau35.zip""}, ""roster_reference"": {""dissolution_date"": ""2008-09-07"", ""reference_date"": ""2008-09-06"", ""source_url"": ""https://www.elections.ca/content.aspx?dir=rep/off/sta_2008&document=p2&lang=e&section=res""}}"
ten_bfad0294ed955d4693bbc1952d36e0e6,per_e190d202b89c56e7b8085751ce0c0370,toronto_city_council,councillor,dst_48f26a0b1b85566c934f7ab1a668978d,2010-10-25,election_date,2014-10-27,at_or_after_reference,election,City of Toronto,"{""member_name"":""Glenn De Baeremaeker"",""rule"":""last_valid_council_composition_before_general_election"",""source"":""city_attendance"",""source_confidence"":0.95,""source_file"":""data/raw/council/attendance/councillors-meeting-attendance-2010-2014.csv""}"
ten_bfd35e8a31aa5569b64c5c64878fac32,per_a39385ec8fc65555a86f30b50d338a33,toronto_city_council,councillor,dst_d74a992f3f3e5403b0f18e278453428c,2014-10-27,election_date,2017-02-13,at_or_after_reference,election,City of Toronto,"{""event_id"":""evt_b8284a5341635f79babdf7ddc512c2f6"",""prior_candidacy"":{""candidacy_id"":""can_4ada97541b6c547ca17e6e9983ae4c30"",""source_authority"":""Toronto City Clerk"",""source_detail"":""data/interim/results/2014/COUNCILLOR.xls"",""source_resource"":""Elections — Official Results""},""rule"":""certified_winner_since_latest_general_in_incomplete_by_election_roster""}"
ten_c0b56083a21950d68c5c021522ef43d1,per_e4214231002a5638a7e68fafb00a57d4,toronto_city_council,councillor,,,unknown,2022-10-24,at_or_after_reference,appointment,City of Toronto,"{""entry_method"":""appointment"",""last_holder_reconciliation"":{""former_member"":""Michael Ford"",""last_holder"":""Rose Milczyn"",""source"":""https://www.toronto.ca/legdocs/mmis/2023/ex/bgrd/backgroundfile-235964.pdf""},""member_name"":""Rose Milczyn"",""rule"":""last_valid_council_composition_before_general_election"",""source"":""city_voting"",""source_confidence"":0.9,""source_file"":""data/raw/council/voting/member-voting-record-2018-2022.csv""}"
ten_c0c67f08e89a57a387ebd6d0a4908f8f,per_33f4ac26b2805c19aa783a9f52de4ba7,toronto_city_council,councillor,,,unknown,2003-11-10,at_or_after_reference,appointment,City of Toronto,"{""entry_method"":""appointment"",""member_name"":""Laura Jones"",""rule"":""last_valid_council_composition_before_general_election"",""source"":""wikipedia"",""source_confidence"":0.85,""source_files"":[""data/reference/roster_agent_a.txt"",""data/reference/roster_agent_b.txt""]}"
ten_c0c81fdce8e050b6aaae27ea8b1e1281,per_c479aa3742b456459e18f07fa93185ce,canada_house_of_commons,mp,dst_91d049e056e05c6c855c5ba55a458282,2024-06-24,election_date,2025-03-22,at_or_after_reference,election,elections_canada,"{""authority_reported_flag_used_as_review_signal_only"": true, ""current_candidacy"": {""candidacy_id"": ""can_d16e344cfd595b2a9de0012fa4172110"", ""event_id"": ""ec-ge-45"", ""incumbent_reported"": true, ""source_detail"": ""https://www.elections.ca/res/rep/off/ovrGE45/62/data_donnees/pollresults_resultatsbureau35.zip""}, ""evidence_rule"": ""most_recent_prior_candidacy_elected_in_cycle_without_later_seat_winner"", ""prior_elected_candidacy"": {""candidacy_id"": ""can_1703a784f3b659ec87d39bfee53c4e5b"", ""district_id"": ""dst_91d049e056e05c6c855c5ba55a458282"", ""elected"": true, ""election_date"": ""2024-06-24"", ""event_id"": ""ec-be-2024-06-24"", ""source_detail"": ""https://www.elections.ca/res/rep/off/ovr_2024b/58/data_donnees/pollresults_resultatsbureau35090.csv""}, ""roster_reference"": {""dissolution_date"": ""2025-03-23"", ""reference_date"": ""2025-03-22"", ""source_url"": ""https://www.elections.ca/content.aspx?dir=rep/off/sta_ge45&document=for&lang=e&section=res""}}"
ten_c1b28337b3715b16b60bd46527a8d552,per_0b81d67c3a195d4382abb0dc1f6d9839,ontario_legislative_assembly,mpp,dst_56c8e9533c235124b26eada765193820,,unknown,2025-01-24,at_or_after_reference,unknown,elections_ontario,https://results.elections.on.ca/api/report-groups/48/report-outputs/1096/csv;https://results.elections.on.ca/api/report-groups/48/report-outputs/1089/csv;https://results.elections.on.ca/api/report-groups/48/report-outputs/1094/csv
ten_c23d5189a6085e24801247f276cd36cc,per_18786ecd2dc7506794ac10340a5f68f6,toronto_city_council,councillor,dst_6962e00ba56b58edbaaea7f0f81504f6,2022-10-24,election_date,2024-11-04,at_or_after_reference,election,City of Toronto,"{""event_id"":""evt_af73d490abf95ffdae38ca2c830e51f4"",""prior_candidacy"":{""candidacy_id"":""can_75961c4df15e5d8c85f6a63ffa59f246"",""source_authority"":""Toronto City Clerk"",""source_detail"":""data/interim/results/2022/2022_Toronto_Poll_By_Poll_Councillor.xlsx"",""source_resource"":""Elections — Official Results""},""rule"":""certified_winner_since_latest_general_in_incomplete_by_election_roster""}"
ten_c2699f787fd15820983da1bccc2245d5,per_6fa2e2191a5d5c9fa141a534be4c4ab4,ontario_legislative_assembly,mpp,dst_ef485447e78d5f1aba0375247327da79,,unknown,2025-01-24,at_or_after_reference,unknown,elections_ontario,https://results.elections.on.ca/api/report-groups/48/report-outputs/1096/csv;https://results.elections.on.ca/api/report-groups/48/report-outputs/1089/csv;https://results.elections.on.ca/api/report-groups/48/report-outputs/1094/csv
ten_c27396c384b8569292175792b6f3503c,per_5fe051401d365173bc863062f15be0e2,ontario_legislative_assembly,mpp,dst_85c97b7570435349b2a6509a06b5fc8c,,unknown,2011-09-06,at_or_after_reference,unknown,elections_ontario,https://results.elections.on.ca/api/report-groups/3/report-outputs/499/csv;https://results.elections.on.ca/api/report-groups/3/report-outputs/492/csv;https://results.elections.on.ca/api/report-groups/3/report-outputs/497/csv
ten_c32239f36b6a5855845129ffe4c4869a,per_f4c7c3bbb0985a41aee8ae58c46b2126,toronto_city_council,councillor,,,unknown,2003-11-10,at_or_after_reference,election,City of Toronto,"{""entry_method"":""election"",""member_name"":""Michael Walker"",""rule"":""last_valid_council_composition_before_general_election"",""source"":""wikipedia"",""source_confidence"":0.85,""source_files"":[""data/reference/roster_agent_a.txt"",""data/reference/roster_agent_b.txt""]}"
ten_c364422780e551f3a5349c2af0e6bd1f,per_b5382bf239c9521faee4a4a38f1a7e1c,toronto_city_council,councillor,dst_e845d931b1485ddfacb056ed66c8b3b9,2022-10-24,election_date,2023-11-30,at_or_after_reference,election,City of Toronto,"{""event_id"":""evt_ee5715a80b5a532c8b778d94f6b7c9b8"",""prior_candidacy"":{""candidacy_id"":""can_19bbe15fc35c514cab23e1672f721659"",""source_authority"":""Toronto City Clerk"",""source_detail"":""data/interim/results/2022/2022_Toronto_Poll_By_Poll_Councillor.xlsx"",""source_resource"":""Elections — Official Results""},""rule"":""certified_winner_since_latest_general_in_incomplete_by_election_roster""}"
ten_c37e6a79d175548dbfb751797ab42b11,per_d6e9f3947fda53a490136416df97c3cf,toronto_city_council,councillor,dst_f1bb08a02f0c53efbe59d0a3ec00be31,2022-10-24,election_date,2025-09-29,at_or_after_reference,election,City of Toronto,"{""event_id"":""evt_ca435dada07f5ed9b041b7c3d24de732"",""prior_candidacy"":{""candidacy_id"":""can_17ebcc2aa7b3539f9110da11b526ed65"",""source_authority"":""Toronto City Clerk"",""source_detail"":""data/interim/results/2022/2022_Toronto_Poll_By_Poll_Councillor.xlsx"",""source_resource"":""Elections — Official Results""},""rule"":""certified_winner_since_latest_general_in_incomplete_by_election_roster""}"
ten_c3c528866d4c5ab7a72543dfcf8a5cbd,per_bb140e42ff6750dc95adfa2785ffef68,toronto_city_council,councillor,dst_5c19646c134d58c5b8859bba3379c5e7,2014-10-27,election_date,2018-10-22,at_or_after_reference,election,City of Toronto,"{""member_name"":""Vincent Crisanti"",""rule"":""last_valid_council_composition_before_general_election"",""source"":""city_attendance"",""source_confidence"":0.95,""source_file"":""data/raw/council/attendance/councillors-meeting-attendance-2014-2018.csv""}"
ten_c3e782f6e6af51199ee7a052396f5132,per_211bedcdfcb3585bb14c7398b52068f7,toronto_city_council,councillor,dst_5f3aaa13834b5789bb51c95425758d51,2014-10-27,election_date,2017-02-13,at_or_after_reference,election,City of Toronto,"{""event_id"":""evt_b8284a5341635f79babdf7ddc512c2f6"",""prior_candidacy"":{""candidacy_id"":""can_2f9b5c432e125d55b129256f91ee6f38"",""source_authority"":""Toronto City Clerk"",""source_detail"":""data/interim/results/2014/COUNCILLOR.xls"",""source_resource"":""Elections — Official Results""},""rule"":""certified_winner_since_latest_general_in_incomplete_by_election_roster""}"
ten_c4535e704f9d517181cb2374bd3fd717,per_1b7f774773f25d30bee28ee91187ca3d,toronto_city_council,councillor,dst_db2a1e74395b5a2495c8e09b2b657457,2010-10-25,election_date,2014-10-27,at_or_after_reference,election,City of Toronto,"{""member_name"":""Frank Di Giorgio"",""rule"":""last_valid_council_composition_before_general_election"",""source"":""city_attendance"",""source_confidence"":0.95,""source_file"":""data/raw/council/attendance/councillors-meeting-attendance-2010-2014.csv""}"
ten_c461d72b9a3a5c4ea2d4287588186a0a,per_4df1127545935df6850849e0b72a8759,toronto_city_council,councillor,dst_5c72aa93cccc58429c93ba95b025805f,2022-10-24,election_date,2024-11-04,at_or_after_reference,election,City of Toronto,"{""event_id"":""evt_af73d490abf95ffdae38ca2c830e51f4"",""prior_candidacy"":{""candidacy_id"":""can_65ba2cff1113567da004dd917ba8ef28"",""source_authority"":""Toronto City Clerk"",""source_detail"":""data/interim/results/2022/2022_Toronto_Poll_By_Poll_Councillor.xlsx"",""source_resource"":""Elections — Official Results""},""rule"":""certified_winner_since_latest_general_in_incomplete_by_election_roster""}"
ten_c4c8f2b5a14f5ffbbdc068c8b9d8f80d,per_a5dbd8d684c95ba4ac284aba2f85d2e0,toronto_city_council,councillor,dst_e85e355506d7551fb2e7a7e39706bb85,2014-10-27,election_date,2016-07-25,at_or_after_reference,election,City of Toronto,"{""event_id"":""evt_552c4874312956ae84afbbc5ee91b0f7"",""prior_candidacy"":{""candidacy_id"":""can_05e436c873355ce9ac7cc4f41e4432dc"",""source_authority"":""Toronto City Clerk"",""source_detail"":""data/interim/results/2014/COUNCILLOR.xls"",""source_resource"":""Elections — Official Results""},""rule"":""certified_winner_since_latest_general_in_incomplete_by_election_roster""}"
ten_c5131cf4ad405e7a95f0ffacae2f60f9,per_5a7ce90ce04b51bda92cea74556efcd7,canada_house_of_commons,mp,dst_5a559e78afc85b66812839b10752bb48,2021-09-20,election_date,2025-03-22,at_or_after_reference,election,elections_canada,"{""authority_reported_flag_used_as_review_signal_only"": true, ""current_candidacy"": {""candidacy_id"": ""can_b346aab66a0b5993a2beaef37907feb3"", ""event_id"": ""ec-ge-45"", ""incumbent_reported"": true, ""source_detail"": ""https://www.elections.ca/res/rep/off/ovrGE45/62/data_donnees/pollresults_resultatsbureau35.zip""}, ""evidence_rule"": ""most_recent_prior_candidacy_elected_in_cycle_without_later_seat_winner"", ""prior_elected_candidacy"": {""candidacy_id"": ""can_b63d80e3b18e506eb4ab175aaba6d7cc"", ""district_id"": ""dst_5a559e78afc85b66812839b10752bb48"", ""elected"": true, ""election_date"": ""2021-09-20"", ""event_id"": ""ec-ge-44"", ""source_detail"": ""https://www.elections.ca/res/rep/off/ovr2021app/53/data_donnees/pollresults_resultatsbureau35.zip""}, ""roster_reference"": {""dissolution_date"": ""2025-03-23"", ""reference_date"": ""2025-03-22"", ""source_url"": ""https://www.elections.ca/content.aspx?dir=rep/off/sta_ge45&document=for&lang=e&section=res""}}"
ten_c52af7551b395819bde33f25eb614fab,per_a0a0b8b1222d525daa9c375c565026f0,toronto_city_council,councillor,dst_31b0d3246c42553fa0cefe70cff58cf4,2014-10-27,election_date,2017-02-13,at_or_after_reference,election,City of Toronto,"{""event_id"":""evt_b8284a5341635f79babdf7ddc512c2f6"",""prior_candidacy"":{""candidacy_id"":""can_265d242844d856a3a67d627039398b73"",""source_authority"":""Toronto City Clerk"",""source_detail"":""data/interim/results/2014/COUNCILLOR.xls"",""source_resource"":""Elections — Official Results""},""rule"":""certified_winner_since_latest_general_in_incomplete_by_election_roster""}"
ten_c54742c281df5cd1b7cb5027190bd52c,per_79227bb8180e547fb44f233c97fcb027,ontario_legislative_assembly,mpp,dst_a362943345ae5b3eb28a0df96fe50b91,,unknown,2022-05-02,at_or_after_reference,unknown,elections_ontario,https://results.elections.on.ca/api/report-groups/45/report-outputs/1050/csv;https://results.elections.on.ca/api/report-groups/45/report-outputs/1043/csv;https://results.elections.on.ca/api/report-groups/45/report-outputs/1048/csv
ten_c581d9d3264758098c18a5a8c7e5880a,per_4238a9a971965995ac6c577c126f8161,toronto_city_council,councillor,dst_a32de63331ab5882ba3224ac1457e939,2022-10-24,election_date,2024-11-04,at_or_after_reference,election,City of Toronto,"{""event_id"":""evt_af73d490abf95ffdae38ca2c830e51f4"",""prior_candidacy"":{""candidacy_id"":""can_ce7185de10085eaaaedc1b064810f59d"",""source_authority"":""Toronto City Clerk"",""source_detail"":""data/interim/results/2022/2022_Toronto_Poll_By_Poll_Councillor.xlsx"",""source_resource"":""Elections — Official Results""},""rule"":""certified_winner_since_latest_general_in_incomplete_by_election_roster""}"
ten_c58398ccc387574191bf1449ad4b660e,per_d2a78a2d0b1c5d21804593dc11d87914,toronto_city_council,councillor,dst_c54d7cc2856d5e38bc39e904803b5e87,2006-11-13,election_date,2010-10-25,at_or_after_reference,election,City of Toronto,"{""member_name"":""Joe Pantalone"",""rule"":""last_valid_council_composition_before_general_election"",""source"":""city_attendance"",""source_confidence"":0.95,""source_file"":""data/raw/council/attendance/councillors-meeting-attendance-2006-2010.csv""}"
ten_c5cdb22c471e5331aed5befc7353d96e,per_841695362d0b5f5b9318600f3b63942c,ontario_legislative_assembly,mpp,dst_f859722e9b2a59ee915f9aa0b247fd16,,unknown,2025-01-24,at_or_after_reference,unknown,elections_ontario,https://results.elections.on.ca/api/report-groups/48/report-outputs/1096/csv;https://results.elections.on.ca/api/report-groups/48/report-outputs/1089/csv;https://results.elections.on.ca/api/report-groups/48/report-outputs/1094/csv
ten_c5d300ddc3325fe5a7ddbe8833f61dad,per_c4bda40818095aa8928034a09d781f3b,toronto_city_council,councillor,dst_a4d41f4016cf53f6b3565eb145e14fc6,2006-11-13,election_date,2010-10-25,at_or_after_reference,election,City of Toronto,"{""member_name"":""Karen Stintz"",""rule"":""last_valid_council_composition_before_general_election"",""source"":""city_attendance"",""source_confidence"":0.95,""source_file"":""data/raw/council/attendance/councillors-meeting-attendance-2006-2010.csv""}"
ten_c6033ed8e7105e1eb61f37de5277a160,per_a39385ec8fc65555a86f30b50d338a33,toronto_city_council,councillor,,,unknown,2003-11-10,at_or_after_reference,election,City of Toronto,"{""entry_method"":""election"",""member_name"":""Maria Augimeri"",""rule"":""last_valid_council_composition_before_general_election"",""source"":""wikipedia"",""source_confidence"":0.85,""source_files"":[""data/reference/roster_agent_a.txt"",""data/reference/roster_agent_b.txt""]}"
ten_c6097f00c89f56eb9d348694702a7cb7,per_db35a09069a35a3a84a9eb0d0223ac9b,toronto_city_council,councillor,dst_70f47265fe9155489a0e1f3af81f7a94,2010-10-25,election_date,2014-10-27,at_or_after_reference,election,City of Toronto,"{""member_name"":""David Shiner"",""rule"":""last_valid_council_composition_before_general_election"",""source"":""city_attendance"",""source_confidence"":0.95,""source_file"":""data/raw/council/attendance/councillors-meeting-attendance-2010-2014.csv""}"
ten_c60f4a09907754e5a327975eb174019b,per_85286126260c5826bb10831e39d8b19f,toronto_city_council,councillor,,,unknown,2003-11-10,at_or_after_reference,election,City of Toronto,"{""entry_method"":""election"",""member_name"":""Rob Ford"",""rule"":""last_valid_council_composition_before_general_election"",""source"":""wikipedia"",""source_confidence"":0.85,""source_files"":[""data/reference/roster_agent_a.txt"",""data/reference/roster_agent_b.txt""]}"
ten_c61ab750f7e25d73a16e8782b55cec00,per_f4346776635a55ef8013b7338ab1d898,toronto_city_council,councillor,dst_d2fdd91105a954ff92061f42e11db647,2010-10-25,election_date,2014-10-27,at_or_after_reference,election,City of Toronto,"{""member_name"":""Michelle Berardinetti"",""rule"":""last_valid_council_composition_before_general_election"",""source"":""city_attendance"",""source_confidence"":0.95,""source_file"":""data/raw/council/attendance/councillors-meeting-attendance-2010-2014.csv""}"
ten_c61ca4206060571ca394259ad20287ec,per_2a01a0cc36c756e097e174940ed0eb78,toronto_city_council,councillor,dst_6afdd28db1b85bf2a12cbb33b215efb9,2022-10-24,election_date,2025-09-29,at_or_after_reference,election,City of Toronto,"{""event_id"":""evt_ca435dada07f5ed9b041b7c3d24de732"",""prior_candidacy"":{""candidacy_id"":""can_5d3cda342f5d5ce9a7bcb18578d4c2b7"",""source_authority"":""Toronto City Clerk"",""source_detail"":""data/interim/results/2022/2022_Toronto_Poll_By_Poll_Councillor.xlsx"",""source_resource"":""Elections — Official Results""},""rule"":""certified_winner_since_latest_general_in_incomplete_by_election_roster""}"
ten_c64857fb88595a82a15c365c03f744da,per_f43071f7a8d95740a4fcc8890b28d327,toronto_city_council,councillor,dst_9a2b60e0545d5eba9361d07a574fe57e,2014-10-27,election_date,2017-02-13,at_or_after_reference,election,City of Toronto,"{""event_id"":""evt_b8284a5341635f79babdf7ddc512c2f6"",""prior_candidacy"":{""candidacy_id"":""can_7d3363deb16952a59a3bcad67d8a07c6"",""source_authority"":""Toronto City Clerk"",""source_detail"":""data/interim/results/2014/COUNCILLOR.xls"",""source_resource"":""Elections — Official Results""},""rule"":""certified_winner_since_latest_general_in_incomplete_by_election_roster""}"
ten_c6c65f9b672e52fcb4e61466b7339faa,per_18786ecd2dc7506794ac10340a5f68f6,toronto_city_council,councillor,dst_388c245b76105b2ab99da1f16784e7b8,2006-11-13,election_date,2010-10-25,at_or_after_reference,election,City of Toronto,"{""member_name"":""Anthony Perruzza"",""rule"":""last_valid_council_composition_before_general_election"",""source"":""city_attendance"",""source_confidence"":0.95,""source_file"":""data/raw/council/attendance/councillors-meeting-attendance-2006-2010.csv""}"
ten_c70440c65cca5ee9a2c14a32950d0247,per_fb6a517ea8b55026b7d6afdf59820e53,toronto_city_council,councillor,dst_0f93f253dfbb539ab9479b9040f2574b,2021-01-15,election_date,2022-10-24,at_or_after_reference,election,City of Toronto,"{""member_name"":""Nick Mantas"",""rule"":""last_valid_council_composition_before_general_election"",""source"":""city_attendance"",""source_confidence"":0.95,""source_file"":""data/raw/council/attendance/councillors-meeting-attendance-2018-2022.csv""}"
ten_c73e8837f0675c268ca3c8a3ca46d4f2,per_6c4d13bdb048521e8decad122d81128a,ontario_legislative_assembly,mpp,dst_fe960514ec145803955c7b14d593e4dc,,unknown,2022-05-02,at_or_after_reference,unknown,elections_ontario,https://results.elections.on.ca/api/report-groups/45/report-outputs/1050/csv;https://results.elections.on.ca/api/report-groups/45/report-outputs/1043/csv;https://results.elections.on.ca/api/report-groups/45/report-outputs/1048/csv
ten_c8344ae6e8325653ac48e4e3e63c6467,per_4238a9a971965995ac6c577c126f8161,toronto_city_council,councillor,dst_a32de63331ab5882ba3224ac1457e939,2018-10-22,election_date,2021-01-15,at_or_after_reference,election,City of Toronto,"{""event_id"":""evt_50c15fe55fa753fba75abfada8da3c38"",""prior_candidacy"":{""candidacy_id"":""can_577ddf8125b85bf18e731f150dca4600"",""source_authority"":""Toronto City Clerk"",""source_detail"":""data/interim/results/2018/2018_Toronto_Poll_By_Poll_Councillor.xlsx"",""source_resource"":""Elections — Official Results""},""rule"":""certified_winner_since_latest_general_in_incomplete_by_election_roster""}"
ten_c8365fde19ff5e7d85653c3f0f82083e,per_edecabd8d350592d805ade3e15a65d99,ontario_legislative_assembly,mpp,dst_0caaa3d0d295524bbdbf889f9e71b2b4,,unknown,2011-09-06,at_or_after_reference,unknown,elections_ontario,https://results.elections.on.ca/api/report-groups/3/report-outputs/499/csv;https://results.elections.on.ca/api/report-groups/3/report-outputs/492/csv;https://results.elections.on.ca/api/report-groups/3/report-outputs/497/csv
ten_c84a60646bec568f8db5af9efece5249,per_d8dfddfb642358e299f4b428292666bf,toronto_city_council,councillor,dst_458e8491e170588bbf807d32471358de,2022-10-24,election_date,2023-11-30,at_or_after_reference,election,City of Toronto,"{""event_id"":""evt_ee5715a80b5a532c8b778d94f6b7c9b8"",""prior_candidacy"":{""candidacy_id"":""can_8a8622ea6deb5fc893af017dd09e6cb6"",""source_authority"":""Toronto City Clerk"",""source_detail"":""data/interim/results/2022/2022_Toronto_Poll_By_Poll_Councillor.xlsx"",""source_resource"":""Elections — Official Results""},""rule"":""certified_winner_since_latest_general_in_incomplete_by_election_roster""}"
ten_c8c02db26c6f5746b41434ea4fb41680,per_3bdab327ee4f56e2b4bf90257bb26641,toronto_city_council,councillor,dst_d3c79eda632d5af2beb7343ee879dff7,2006-11-13,election_date,2010-10-25,at_or_after_reference,election,City of Toronto,"{""member_name"":""Adam Vaughan"",""rule"":""last_valid_council_composition_before_general_election"",""source"":""city_attendance"",""source_confidence"":0.95,""source_file"":""data/raw/council/attendance/councillors-meeting-attendance-2006-2010.csv""}"
ten_c8ea6559bcec557dbbc8ed0a5852c9d8,per_c0e1c9bb6045570b873969e4c462da62,toronto_city_council,councillor,dst_1b5001335c0158b28e0c461fc8d32fd5,2014-10-27,election_date,2018-10-22,at_or_after_reference,election,City of Toronto,"{""member_name"":""Paul Ainslie"",""rule"":""last_valid_council_composition_before_general_election"",""source"":""city_attendance"",""source_confidence"":0.95,""source_file"":""data/raw/council/attendance/councillors-meeting-attendance-2014-2018.csv""}"
ten_ca0040357e06599ab6043e2525b4bf23,per_9357f8bf332550b6af971c04eafa3dbd,canada_house_of_commons,mp,dst_43256155db1e5c15bf0388fbe1fcb147,2011-05-02,election_date,2015-08-01,at_or_after_reference,election,elections_canada,"{""authority_reported_flag_used_as_review_signal_only"": true, ""current_candidacy"": {""candidacy_id"": ""can_f6fb247bff26599e899907e3b5af59a8"", ""event_id"": ""ec-ge-42"", ""incumbent_reported"": true, ""source_detail"": ""https://www.elections.ca/res/rep/off/ovr2015app/41/data_donnees/pollresults_resultatsbureau35.zip""}, ""evidence_rule"": ""most_recent_prior_candidacy_elected_in_cycle_without_later_seat_winner"", ""prior_elected_candidacy"": {""candidacy_id"": ""can_e54e71044e725c96b219011ac10e13a7"", ""district_id"": ""dst_43256155db1e5c15bf0388fbe1fcb147"", ""elected"": true, ""election_date"": ""2011-05-02"", ""event_id"": ""ec-ge-41"", ""source_detail"": ""https://www.elections.ca/scripts/OVR2011/34/data_donnees/pollresults_resultatsbureau35.zip""}, ""roster_reference"": {""dissolution_date"": ""2015-08-02"", ""reference_date"": ""2015-08-01"", ""source_url"": ""https://www.elections.ca/content.aspx?dir=rep/off/sta_2015&document=p2&lang=e&section=res""}}"
ten_ca224a166f735d7ea6c2816f1bdabe5a,per_fc48556488d85fc6aee54d564eff2719,ontario_legislative_assembly,mpp,dst_03717e89d29e545dab102ee92e664ccd,,unknown,2025-01-24,at_or_after_reference,unknown,elections_ontario,https://results.elections.on.ca/api/report-groups/48/report-outputs/1096/csv;https://results.elections.on.ca/api/report-groups/48/report-outputs/1089/csv;https://results.elections.on.ca/api/report-groups/48/report-outputs/1094/csv
ten_ca4a712427a15ca78ef50d81442c15be,per_5c16add0f57c57ffb6108decd999bb64,canada_house_of_commons,mp,dst_785f283b3f18541f910909c0aa9950ad,2011-05-02,election_date,2015-08-01,at_or_after_reference,election,elections_canada,"{""authority_reported_flag_used_as_review_signal_only"": true, ""current_candidacy"": {""candidacy_id"": ""can_9c5bf2bde07251d8baf74fba70ff1628"", ""event_id"": ""ec-ge-42"", ""incumbent_reported"": true, ""source_detail"": ""https://www.elections.ca/res/rep/off/ovr2015app/41/data_donnees/pollresults_resultatsbureau35.zip""}, ""evidence_rule"": ""most_recent_prior_candidacy_elected_in_cycle_without_later_seat_winner"", ""prior_elected_candidacy"": {""candidacy_id"": ""can_9614af21fb295c3dad31a6a716e290fe"", ""district_id"": ""dst_785f283b3f18541f910909c0aa9950ad"", ""elected"": true, ""election_date"": ""2011-05-02"", ""event_id"": ""ec-ge-41"", ""source_detail"": ""https://www.elections.ca/scripts/OVR2011/34/data_donnees/pollresults_resultatsbureau35.zip""}, ""roster_reference"": {""dissolution_date"": ""2015-08-02"", ""reference_date"": ""2015-08-01"", ""source_url"": ""https://www.elections.ca/content.aspx?dir=rep/off/sta_2015&document=p2&lang=e&section=res""}}"
ten_ca5707e4061f55c0a46c06cec6c9ded9,per_9387d636b99c5fdd8edee8549f902b74,toronto_city_council,councillor,dst_14a751bcf5d35757811c5ea6866f31b0,2022-10-24,election_date,2024-11-04,at_or_after_reference,election,City of Toronto,"{""event_id"":""evt_af73d490abf95ffdae38ca2c830e51f4"",""prior_candidacy"":{""candidacy_id"":""can_03d6f16490885a9bb430aa263793788d"",""source_authority"":""Toronto City Clerk"",""source_detail"":""data/interim/results/2022/2022_Toronto_Poll_By_Poll_Councillor.xlsx"",""source_resource"":""Elections — Official Results""},""rule"":""certified_winner_since_latest_general_in_incomplete_by_election_roster""}"
ten_ca9cde81f833546ea7919b7aeda2bf33,per_61ea362c84225861ba1061353851ae2e,canada_house_of_commons,mp,dst_46f51e7fe2f753afa59bf958f4acd933,2019-10-21,election_date,2021-08-14,at_or_after_reference,election,elections_canada,"{""authority_reported_flag_used_as_review_signal_only"": true, ""current_candidacy"": {""candidacy_id"": ""can_304616b59edb5d65a0dfd337df488edd"", ""event_id"": ""ec-ge-44"", ""incumbent_reported"": false, ""source_detail"": ""https://www.elections.ca/res/rep/off/ovr2021app/53/data_donnees/pollresults_resultatsbureau35.zip""}, ""evidence_rule"": ""most_recent_prior_candidacy_elected_in_cycle_without_later_seat_winner"", ""prior_elected_candidacy"": {""candidacy_id"": ""can_d16118c556d75ec194018dea4867cf21"", ""district_id"": ""dst_46f51e7fe2f753afa59bf958f4acd933"", ""elected"": true, ""election_date"": ""2019-10-21"", ""event_id"": ""ec-ge-43"", ""source_detail"": ""https://www.elections.ca/res/rep/off/ovr2019app/51/data_donnees/pollresults_resultatsbureau35.zip""}, ""roster_reference"": {""dissolution_date"": ""2021-08-15"", ""reference_date"": ""2021-08-14"", ""source_url"": ""https://www.elections.ca/content.aspx?dir=rep/off/sta_ge44&document=p2&lang=e&section=res""}}"
ten_caa418518d0e5a348b1830dcdebcc8b3,per_e256786d3b3e5f829cdc6defa004044a,toronto_city_council,councillor,dst_a4d41f4016cf53f6b3565eb145e14fc6,2014-10-27,election_date,2017-02-13,at_or_after_reference,election,City of Toronto,"{""event_id"":""evt_b8284a5341635f79babdf7ddc512c2f6"",""prior_candidacy"":{""candidacy_id"":""can_447cc82e88a7572f9e780289142ffbc6"",""source_authority"":""Toronto City Clerk"",""source_detail"":""data/interim/results/2014/COUNCILLOR.xls"",""source_resource"":""Elections — Official Results""},""rule"":""certified_winner_since_latest_general_in_incomplete_by_election_roster""}"
ten_cb5baf8bbe045a9eb251068adcbec6b9,per_930482e0d745566fac65e93e31b7596c,toronto_city_council,councillor,,,unknown,2018-10-22,at_or_after_reference,unknown,City of Toronto,"{""member_name"":""Justin J. Di Ciano"",""rule"":""last_valid_council_composition_before_general_election"",""source"":""city_attendance"",""source_confidence"":0.95,""source_file"":""data/raw/council/attendance/councillors-meeting-attendance-2014-2018.csv""}"
ten_cc93962f9408595b8353095bf447a62f,per_e9a2e6c0447d5f55a6bf9432a4d49352,canada_house_of_commons,mp,dst_37a6a2de4cf95ebf87c2a951f0ed16fa,2015-10-19,election_date,2019-09-10,at_or_after_reference,election,elections_canada,"{""authority_reported_flag_used_as_review_signal_only"": true, ""current_candidacy"": {""candidacy_id"": ""can_527f952e10665ceabde9b4fa920908b6"", ""event_id"": ""ec-ge-43"", ""incumbent_reported"": true, ""source_detail"": ""https://www.elections.ca/res/rep/off/ovr2019app/51/data_donnees/pollresults_resultatsbureau35.zip""}, ""evidence_rule"": ""most_recent_prior_candidacy_elected_in_cycle_without_later_seat_winner"", ""prior_elected_candidacy"": {""candidacy_id"": ""can_d073fa646eba50858982c47e4508861d"", ""district_id"": ""dst_37a6a2de4cf95ebf87c2a951f0ed16fa"", ""elected"": true, ""election_date"": ""2015-10-19"", ""event_id"": ""ec-ge-42"", ""source_detail"": ""https://www.elections.ca/res/rep/off/ovr2015app/41/data_donnees/pollresults_resultatsbureau35.zip""}, ""roster_reference"": {""dissolution_date"": ""2019-09-11"", ""reference_date"": ""2019-09-10"", ""source_url"": ""https://www.elections.ca/content.aspx?dir=rep/off/sta_ge43&document=p2&lang=e&section=res""}}"
ten_ccd3333732405968b95c4b93040bc680,per_aa5920025b895fe7a144ad14554592dc,toronto_city_council,councillor,,,unknown,2003-11-10,at_or_after_reference,election,City of Toronto,"{""entry_method"":""election"",""member_name"":""Sandra Bussin"",""rule"":""last_valid_council_composition_before_general_election"",""source"":""wikipedia"",""source_confidence"":0.85,""source_files"":[""data/reference/roster_agent_a.txt"",""data/reference/roster_agent_b.txt""]}"
ten_cce90dd5be3458ac82087d28394e9038,per_8b9e35cf6a065328a1113acf55d27319,canada_house_of_commons,mp,dst_07e5477b7f2b5c2a91214ffad9156308,2017-12-11,election_date,2019-09-10,at_or_after_reference,election,elections_canada,"{""authority_reported_flag_used_as_review_signal_only"": true, ""current_candidacy"": {""candidacy_id"": ""can_c07f3382bb035ba4bee629df5a40fdfb"", ""event_id"": ""ec-ge-43"", ""incumbent_reported"": true, ""source_detail"": ""https://www.elections.ca/res/rep/off/ovr2019app/51/data_donnees/pollresults_resultatsbureau35.zip""}, ""evidence_rule"": ""most_recent_prior_candidacy_elected_in_cycle_without_later_seat_winner"", ""prior_elected_candidacy"": {""candidacy_id"": ""can_fe72a4f99bfd59c8b8d64f119c67d8bb"", ""district_id"": ""dst_07e5477b7f2b5c2a91214ffad9156308"", ""elected"": true, ""election_date"": ""2017-12-11"", ""event_id"": ""ec-be-2017-12-11"", ""source_detail"": ""https://www.elections.ca/res/rep/off/ovr_2017d/46/data_donnees/pollresults_resultatsbureau35093.csv""}, ""roster_reference"": {""dissolution_date"": ""2019-09-11"", ""reference_date"": ""2019-09-10"", ""source_url"": ""https://www.elections.ca/content.aspx?dir=rep/off/sta_ge43&document=p2&lang=e&section=res""}}"
ten_ce1c7917bc085e25a235af95c176e83c,per_3bdab327ee4f56e2b4bf90257bb26641,canada_house_of_commons,mp,dst_de8904d51a775a2a9c7bfa8ffecb0ebf,2015-10-19,election_date,2019-09-10,at_or_after_reference,election,elections_canada,"{""authority_reported_flag_used_as_review_signal_only"": true, ""current_candidacy"": {""candidacy_id"": ""can_9aaf3136995d5437befa9f897b88b531"", ""event_id"": ""ec-ge-43"", ""incumbent_reported"": true, ""source_detail"": ""https://www.elections.ca/res/rep/off/ovr2019app/51/data_donnees/pollresults_resultatsbureau35.zip""}, ""evidence_rule"": ""most_recent_prior_candidacy_elected_in_cycle_without_later_seat_winner"", ""prior_elected_candidacy"": {""candidacy_id"": ""can_bbb5b489c12652bdaa5d1ece8c00d56d"", ""district_id"": ""dst_de8904d51a775a2a9c7bfa8ffecb0ebf"", ""elected"": true, ""election_date"": ""2015-10-19"", ""event_id"": ""ec-ge-42"", ""source_detail"": ""https://www.elections.ca/res/rep/off/ovr2015app/41/data_donnees/pollresults_resultatsbureau35.zip""}, ""roster_reference"": {""dissolution_date"": ""2019-09-11"", ""reference_date"": ""2019-09-10"", ""source_url"": ""https://www.elections.ca/content.aspx?dir=rep/off/sta_ge43&document=p2&lang=e&section=res""}}"
ten_ceb517343a2e592e9ffc2303a2036c63,per_4c3aaee74ba25b559eac08297dcc4d7f,canada_house_of_commons,mp,dst_3744596ff33b5448b4953b6087725656,2014-06-30,election_date,2015-08-01,at_or_after_reference,election,elections_canada,"{""authority_reported_flag_used_as_review_signal_only"": true, ""current_candidacy"": {""candidacy_id"": ""can_8125dd87298454c3b523b9f7d57404da"", ""event_id"": ""ec-ge-42"", ""incumbent_reported"": true, ""source_detail"": ""https://www.elections.ca/res/rep/off/ovr2015app/41/data_donnees/pollresults_resultatsbureau35.zip""}, ""evidence_rule"": ""most_recent_prior_candidacy_elected_in_cycle_without_later_seat_winner"", ""prior_elected_candidacy"": {""candidacy_id"": ""can_2e3e541b011a5abb9e572e3d7a9b1087"", ""district_id"": ""dst_3744596ff33b5448b4953b6087725656"", ""elected"": true, ""election_date"": ""2014-06-30"", ""event_id"": ""ec-be-2014-06-30"", ""source_detail"": ""https://www.elections.ca/res/rep/off/ovr_2014/csv/35080.csv | summary enrichment: https://www.elections.ca/Scripts/VIS/HistoricalResults/35080_e.html""}, ""roster_reference"": {""dissolution_date"": ""2015-08-02"", ""reference_date"": ""2015-08-01"", ""source_url"": ""https://www.elections.ca/content.aspx?dir=rep/off/sta_2015&document=p2&lang=e&section=res""}}"
ten_cee63f6322d05deba79fe1da6a765f73,per_3f72f66a6a385b0eae3279e7de8d12a0,toronto_city_council,councillor,dst_12048d7958395aa296f47b0f7a4c315f,2022-10-24,election_date,2025-09-29,at_or_after_reference,election,City of Toronto,"{""event_id"":""evt_ca435dada07f5ed9b041b7c3d24de732"",""prior_candidacy"":{""candidacy_id"":""can_86b4a8b96048544897930f1f1cd40336"",""source_authority"":""Toronto City Clerk"",""source_detail"":""data/interim/results/2022/2022_Toronto_Poll_By_Poll_Councillor.xlsx"",""source_resource"":""Elections — Official Results""},""rule"":""certified_winner_since_latest_general_in_incomplete_by_election_roster""}"
ten_cf031b9be215573b9fff4b918b3a423d,per_11598fb6d485564eb5053b8787400814,toronto_city_council,councillor,dst_1ebfad83fbf45900a012836e069fe964,2018-10-22,election_date,2021-01-15,at_or_after_reference,election,City of Toronto,"{""event_id"":""evt_50c15fe55fa753fba75abfada8da3c38"",""prior_candidacy"":{""candidacy_id"":""can_76a5898fec8b5e3983638f5c9354afe3"",""source_authority"":""Toronto City Clerk"",""source_detail"":""data/interim/results/2018/2018_Toronto_Poll_By_Poll_Councillor.xlsx"",""source_resource"":""Elections — Official Results""},""rule"":""certified_winner_since_latest_general_in_incomplete_by_election_roster""}"
ten_cf28daca94375c5e83b0da5d5911d22a,per_30d0307cd62f523eab7d82eb2840c9ce,canada_house_of_commons,mp,dst_833f9855578c5e41afa4546db6e63c44,2004-06-28,election_date,2005-11-28,at_or_after_reference,election,elections_canada,"{""authority_reported_flag_used_as_review_signal_only"": true, ""current_candidacy"": {""candidacy_id"": ""can_dd41ec29be355096a1bef25481f541e2"", ""event_id"": ""ec-ge-39"", ""incumbent_reported"": true, ""source_detail"": ""https://www.elections.ca/Scripts/OVR2006/25/data_donnees/pollresults_resultatsbureau35.zip""}, ""evidence_rule"": ""most_recent_prior_candidacy_elected_in_cycle_without_later_seat_winner"", ""prior_elected_candidacy"": {""candidacy_id"": ""can_9c677b8ded255c67baa0c37bcda21f5c"", ""district_id"": ""dst_833f9855578c5e41afa4546db6e63c44"", ""elected"": true, ""election_date"": ""2004-06-28"", ""event_id"": ""ec-ge-38"", ""source_detail"": ""https://www.elections.ca/scripts/OVR2004/23/data/ON.zip | summary enrichment: https://www.elections.ca/scripts/OVR2004/23/data/table12.csv""}, ""roster_reference"": {""dissolution_date"": ""2005-11-29"", ""reference_date"": ""2005-11-28"", ""source_url"": ""https://www.elections.ca/content.aspx?dir=rep/off/sta_2006&document=p2&lang=e&section=res""}}"
ten_cfbd986750725e51b2484357a9d5058d,per_a0a0b8b1222d525daa9c375c565026f0,toronto_city_council,councillor,dst_6ded7539bac459f6805b028fc38406ad,2022-10-24,election_date,2023-11-30,at_or_after_reference,election,City of Toronto,"{""event_id"":""evt_ee5715a80b5a532c8b778d94f6b7c9b8"",""prior_candidacy"":{""candidacy_id"":""can_3c3d60402ebe53679b24342c577cb4f6"",""source_authority"":""Toronto City Clerk"",""source_detail"":""data/interim/results/2022/2022_Toronto_Poll_By_Poll_Councillor.xlsx"",""source_resource"":""Elections — Official Results""},""rule"":""certified_winner_since_latest_general_in_incomplete_by_election_roster""}"
ten_cfdd3433c5c45224a244e2f14f2edcce,per_4208833231b15c24b856134aa2d3708c,canada_house_of_commons,mp,dst_debd1b7ccab158c7995a4d9d222e8516,2006-01-23,election_date,2008-09-06,at_or_after_reference,election,elections_canada,"{""authority_reported_flag_used_as_review_signal_only"": true, ""current_candidacy"": {""candidacy_id"": ""can_58d0fda3bb9a5de9af5e08a350a7f44a"", ""event_id"": ""ec-ge-40"", ""incumbent_reported"": true, ""source_detail"": ""https://www.elections.ca/scripts/OVR2008/31/data/pollresults_resultatsbureau35.zip""}, ""evidence_rule"": ""most_recent_prior_candidacy_elected_in_cycle_without_later_seat_winner"", ""prior_elected_candidacy"": {""candidacy_id"": ""can_78c949e17f4351e2bf53e9c732d54ab9"", ""district_id"": ""dst_debd1b7ccab158c7995a4d9d222e8516"", ""elected"": true, ""election_date"": ""2006-01-23"", ""event_id"": ""ec-ge-39"", ""source_detail"": ""https://www.elections.ca/Scripts/OVR2006/25/data_donnees/pollresults_resultatsbureau35.zip""}, ""roster_reference"": {""dissolution_date"": ""2008-09-07"", ""reference_date"": ""2008-09-06"", ""source_url"": ""https://www.elections.ca/content.aspx?dir=rep/off/sta_2008&document=p2&lang=e&section=res""}}"
ten_cff0a2cef4435ed8a98cade9f2c6375b,per_e42110d6d55c5145b6ff91e7169bffae,toronto_city_council,councillor,dst_6dbcacb473285d91bc3f4bd0e06d4d63,2014-10-27,election_date,2017-02-13,at_or_after_reference,election,City of Toronto,"{""event_id"":""evt_b8284a5341635f79babdf7ddc512c2f6"",""prior_candidacy"":{""candidacy_id"":""can_e20224e32d205d5f8ee21f1cba9c6661"",""source_authority"":""Toronto City Clerk"",""source_detail"":""data/interim/results/2014/COUNCILLOR.xls"",""source_resource"":""Elections — Official Results""},""rule"":""certified_winner_since_latest_general_in_incomplete_by_election_roster""}"
ten_d01806ce6f8a5e799fbc71e35b4396ee,per_2a01a0cc36c756e097e174940ed0eb78,toronto_city_council,councillor,dst_91f46887d24056d4b7ca558724be9305,2010-10-25,election_date,2014-10-27,at_or_after_reference,election,City of Toronto,"{""member_name"":""Gord Perks"",""rule"":""last_valid_council_composition_before_general_election"",""source"":""city_attendance"",""source_confidence"":0.95,""source_file"":""data/raw/council/attendance/councillors-meeting-attendance-2010-2014.csv""}"
ten_d02328b7225558a7a2794c6559d9392b,per_cb9a349d2c375d6ca82d06405b9986e0,toronto_city_council,councillor,dst_adf63b57f77c58829d8e38b24d68ac03,2014-10-27,election_date,2017-02-13,at_or_after_reference,election,City of Toronto,"{""event_id"":""evt_b8284a5341635f79babdf7ddc512c2f6"",""prior_candidacy"":{""candidacy_id"":""can_4439ed92e3a352c29a780d9bcf1db5b4"",""source_authority"":""Toronto City Clerk"",""source_detail"":""data/interim/results/2014/COUNCILLOR.xls"",""source_resource"":""Elections — Official Results""},""rule"":""certified_winner_since_latest_general_in_incomplete_by_election_roster""}"
ten_d087dcf97a6158568ccebcba30c952d9,per_5fe051401d365173bc863062f15be0e2,ontario_legislative_assembly,mpp,dst_85c97b7570435349b2a6509a06b5fc8c,,unknown,2007-09-09,at_or_after_reference,unknown,elections_ontario,https://results.elections.on.ca/api/report-groups/4/report-outputs/510/csv;https://results.elections.on.ca/api/report-groups/4/report-outputs/503/csv;https://results.elections.on.ca/api/report-groups/4/report-outputs/508/csv
ten_d115dd3390ff53abb65841667dfc659e,per_b8d0336603b4526bb182e6df53d7c22d,canada_house_of_commons,mp,dst_43c826d785975637a9d02ce9b68dee05,2019-10-21,election_date,2021-08-14,at_or_after_reference,election,elections_canada,"{""authority_reported_flag_used_as_review_signal_only"": true, ""current_candidacy"": {""candidacy_id"": ""can_336900d992cc5b438103584b9e037f10"", ""event_id"": ""ec-ge-44"", ""incumbent_reported"": true, ""source_detail"": ""https://www.elections.ca/res/rep/off/ovr2021app/53/data_donnees/pollresults_resultatsbureau35.zip""}, ""evidence_rule"": ""most_recent_prior_candidacy_elected_in_cycle_without_later_seat_winner"", ""prior_elected_candidacy"": {""candidacy_id"": ""can_9175c889a51f5537b77ad964d47e71ab"", ""district_id"": ""dst_43c826d785975637a9d02ce9b68dee05"", ""elected"": true, ""election_date"": ""2019-10-21"", ""event_id"": ""ec-ge-43"", ""source_detail"": ""https://www.elections.ca/res/rep/off/ovr2019app/51/data_donnees/pollresults_resultatsbureau35.zip""}, ""roster_reference"": {""dissolution_date"": ""2021-08-15"", ""reference_date"": ""2021-08-14"", ""source_url"": ""https://www.elections.ca/content.aspx?dir=rep/off/sta_ge44&document=p2&lang=e&section=res""}}"
ten_d12bb151116d553981eed1595a4f6000,per_cfe7ac7375535c50be88361fd9360947,canada_house_of_commons,mp,dst_e1e80d04b74d5291a0bd4bb3ae75a749,2006-01-23,election_date,2008-09-06,at_or_after_reference,election,elections_canada,"{""authority_reported_flag_used_as_review_signal_only"": true, ""current_candidacy"": {""candidacy_id"": ""can_2832c6c8196950d096e9d5fd0091ff3c"", ""event_id"": ""ec-ge-40"", ""incumbent_reported"": true, ""source_detail"": ""https://www.elections.ca/scripts/OVR2008/31/data/pollresults_resultatsbureau35.zip""}, ""evidence_rule"": ""most_recent_prior_candidacy_elected_in_cycle_without_later_seat_winner"", ""prior_elected_candidacy"": {""candidacy_id"": ""can_fdef2c8b215c58bfb3ef74354e351cbf"", ""district_id"": ""dst_e1e80d04b74d5291a0bd4bb3ae75a749"", ""elected"": true, ""election_date"": ""2006-01-23"", ""event_id"": ""ec-ge-39"", ""source_detail"": ""https://www.elections.ca/Scripts/OVR2006/25/data_donnees/pollresults_resultatsbureau35.zip""}, ""roster_reference"": {""dissolution_date"": ""2008-09-07"", ""reference_date"": ""2008-09-06"", ""source_url"": ""https://www.elections.ca/content.aspx?dir=rep/off/sta_2008&document=p2&lang=e&section=res""}}"
ten_d2957e09179a517ca746d2b479c4efb7,per_2ad28fad887850aab3f8edc1c03f90ef,ontario_legislative_assembly,mpp,dst_f4c8af3f16775eb5984390ab9a41ff59,,unknown,2014-05-01,at_or_after_reference,unknown,elections_ontario,https://results.elections.on.ca/api/report-groups/2/report-outputs/488/csv;https://results.elections.on.ca/api/report-groups/2/report-outputs/481/csv;https://results.elections.on.ca/api/report-groups/2/report-outputs/486/csv
ten_d3411e9afb9f5208be1bddb20eda9c1e,per_bb140e42ff6750dc95adfa2785ffef68,toronto_city_council,councillor,dst_f6f1ed0519d9529797756178682c5516,2022-10-24,election_date,2024-11-04,at_or_after_reference,election,City of Toronto,"{""event_id"":""evt_af73d490abf95ffdae38ca2c830e51f4"",""prior_candidacy"":{""candidacy_id"":""can_c548d94f94645c55a4db7a82d9ccc7f8"",""source_authority"":""Toronto City Clerk"",""source_detail"":""data/interim/results/2022/2022_Toronto_Poll_By_Poll_Councillor.xlsx"",""source_resource"":""Elections — Official Results""},""rule"":""certified_winner_since_latest_general_in_incomplete_by_election_roster""}"
ten_d35933b44d995353992bd14fb4ae544d,per_b565750840aa5f1d9985bd60de6c423c,ontario_legislative_assembly,mpp,dst_bec089852a36580a994ccab45e0c906b,,unknown,2022-05-02,at_or_after_reference,unknown,elections_ontario,https://results.elections.on.ca/api/report-groups/45/report-outputs/1050/csv;https://results.elections.on.ca/api/report-groups/45/report-outputs/1043/csv;https://results.elections.on.ca/api/report-groups/45/report-outputs/1048/csv
ten_d36b8d1ed78a54968c80c987ad01d46f,per_a9eb70da799659daaa285f92cfed1674,toronto_city_council,mayor,dst_269ebab087895e5790e71568164f1865,2014-10-27,election_date,2018-10-22,at_or_after_reference,election,City of Toronto,"{""member_name"":""John Tory"",""rule"":""last_valid_council_composition_before_general_election"",""source"":""city_attendance"",""source_confidence"":0.95,""source_file"":""data/raw/council/attendance/councillors-meeting-attendance-2014-2018.csv""}"
ten_d384825b822751789721fcc50bc0e319,per_5e50494bdb4855d59ea7ed60abb82b40,canada_house_of_commons,mp,dst_b8b84196ed7e52df8b97bb3f5297870a,2011-05-02,election_date,2015-08-01,at_or_after_reference,election,elections_canada,"{""authority_reported_flag_used_as_review_signal_only"": true, ""current_candidacy"": {""candidacy_id"": ""can_d143fc1fd4a75b408852915f3d4e68f8"", ""event_id"": ""ec-ge-42"", ""incumbent_reported"": true, ""source_detail"": ""https://www.elections.ca/res/rep/off/ovr2015app/41/data_donnees/pollresults_resultatsbureau35.zip""}, ""evidence_rule"": ""most_recent_prior_candidacy_elected_in_cycle_without_later_seat_winner"", ""prior_elected_candidacy"": {""candidacy_id"": ""can_d7203be4d9cc5a04b86fc47ff2d8892a"", ""district_id"": ""dst_b8b84196ed7e52df8b97bb3f5297870a"", ""elected"": true, ""election_date"": ""2011-05-02"", ""event_id"": ""ec-ge-41"", ""source_detail"": ""https://www.elections.ca/scripts/OVR2011/34/data_donnees/pollresults_resultatsbureau35.zip""}, ""roster_reference"": {""dissolution_date"": ""2015-08-02"", ""reference_date"": ""2015-08-01"", ""source_url"": ""https://www.elections.ca/content.aspx?dir=rep/off/sta_2015&document=p2&lang=e&section=res""}}"
ten_d38e6a3385715222b917897562485837,per_3287ce63a006538c9cf677c83bfb2ce7,canada_house_of_commons,mp,dst_37f34fa1abd8523cbe7bbbfb041de0ba,2019-10-21,election_date,2021-08-14,at_or_after_reference,election,elections_canada,"{""authority_reported_flag_used_as_review_signal_only"": true, ""current_candidacy"": {""candidacy_id"": ""can_98c4a8accdf1505f919ba8fc5778cc8e"", ""event_id"": ""ec-ge-44"", ""incumbent_reported"": true, ""source_detail"": ""https://www.elections.ca/res/rep/off/ovr2021app/53/data_donnees/pollresults_resultatsbureau35.zip""}, ""evidence_rule"": ""most_recent_prior_candidacy_elected_in_cycle_without_later_seat_winner"", ""prior_elected_candidacy"": {""candidacy_id"": ""can_edd6c9a7481e5f8ab05621a4c86776c9"", ""district_id"": ""dst_37f34fa1abd8523cbe7bbbfb041de0ba"", ""elected"": true, ""election_date"": ""2019-10-21"", ""event_id"": ""ec-ge-43"", ""source_detail"": ""https://www.elections.ca/res/rep/off/ovr2019app/51/data_donnees/pollresults_resultatsbureau35.zip""}, ""roster_reference"": {""dissolution_date"": ""2021-08-15"", ""reference_date"": ""2021-08-14"", ""source_url"": ""https://www.elections.ca/content.aspx?dir=rep/off/sta_ge44&document=p2&lang=e&section=res""}}"
ten_d3b460e5de9a5740aaefa0059a5117d7,per_7739034f2088547fb930e5baf7f0cac7,canada_house_of_commons,mp,dst_b8b84196ed7e52df8b97bb3f5297870a,2008-10-14,election_date,2011-03-25,at_or_after_reference,election,elections_canada,"{""authority_reported_flag_used_as_review_signal_only"": true, ""current_candidacy"": {""candidacy_id"": ""can_f6905f96b7af50eb820c17fb25068d35"", ""event_id"": ""ec-ge-41"", ""incumbent_reported"": true, ""source_detail"": ""https://www.elections.ca/scripts/OVR2011/34/data_donnees/pollresults_resultatsbureau35.zip""}, ""evidence_rule"": ""most_recent_prior_candidacy_elected_in_cycle_without_later_seat_winner"", ""prior_elected_candidacy"": {""candidacy_id"": ""can_eef9c1705b515912b1f2a00a2b584d1d"", ""district_id"": ""dst_b8b84196ed7e52df8b97bb3f5297870a"", ""elected"": true, ""election_date"": ""2008-10-14"", ""event_id"": ""ec-ge-40"", ""source_detail"": ""https://www.elections.ca/scripts/OVR2008/31/data/pollresults_resultatsbureau35.zip""}, ""roster_reference"": {""dissolution_date"": ""2011-03-26"", ""reference_date"": ""2011-03-25"", ""source_url"": ""https://www.elections.ca/res/rep/off/sta_2011/stat_report2011_e.pdf""}}"
ten_d3bc0abf128958aebabbcf393ee76ef9,per_cfe7ac7375535c50be88361fd9360947,canada_house_of_commons,mp,dst_e1e80d04b74d5291a0bd4bb3ae75a749,2004-06-28,election_date,2005-11-28,at_or_after_reference,election,elections_canada,"{""authority_reported_flag_used_as_review_signal_only"": true, ""current_candidacy"": {""candidacy_id"": ""can_fdef2c8b215c58bfb3ef74354e351cbf"", ""event_id"": ""ec-ge-39"", ""incumbent_reported"": true, ""source_detail"": ""https://www.elections.ca/Scripts/OVR2006/25/data_donnees/pollresults_resultatsbureau35.zip""}, ""evidence_rule"": ""most_recent_prior_candidacy_elected_in_cycle_without_later_seat_winner"", ""prior_elected_candidacy"": {""candidacy_id"": ""can_d4703d0cc810565592d46ad6d9c3a0e5"", ""district_id"": ""dst_e1e80d04b74d5291a0bd4bb3ae75a749"", ""elected"": true, ""election_date"": ""2004-06-28"", ""event_id"": ""ec-ge-38"", ""source_detail"": ""https://www.elections.ca/scripts/OVR2004/23/data/ON.zip | summary enrichment: https://www.elections.ca/scripts/OVR2004/23/data/table12.csv""}, ""roster_reference"": {""dissolution_date"": ""2005-11-29"", ""reference_date"": ""2005-11-28"", ""source_url"": ""https://www.elections.ca/content.aspx?dir=rep/off/sta_2006&document=p2&lang=e&section=res""}}"
ten_d4652aba8d0e5f0da3da3049bc16dff7,per_a66ff7324933544bb4a2905d0113b5d0,toronto_city_council,councillor,dst_0e240cb2dab65f8db224ad8fd83d506c,2018-10-22,election_date,2021-01-15,at_or_after_reference,election,City of Toronto,"{""event_id"":""evt_50c15fe55fa753fba75abfada8da3c38"",""prior_candidacy"":{""candidacy_id"":""can_c370bbf8fd765d9694fd4f089ba3d462"",""source_authority"":""Toronto City Clerk"",""source_detail"":""data/interim/results/2018/2018_Toronto_Poll_By_Poll_Councillor.xlsx"",""source_resource"":""Elections — Official Results""},""rule"":""certified_winner_since_latest_general_in_incomplete_by_election_roster""}"
ten_d499331f83f1594e8f5430f36c44a729,per_a9ff8ac2ec0c5c298812055f3581c5be,toronto_city_council,councillor,,,unknown,2003-11-10,at_or_after_reference,election,City of Toronto,"{""entry_method"":""election"",""member_name"":""Paul Sutherland"",""rule"":""last_valid_council_composition_before_general_election"",""source"":""wikipedia"",""source_confidence"":0.85,""source_files"":[""data/reference/roster_agent_a.txt"",""data/reference/roster_agent_b.txt""]}"
ten_d5014b0431cd5c4fbd49bbbfa9ac2050,per_3f72f66a6a385b0eae3279e7de8d12a0,toronto_city_council,councillor,dst_12048d7958395aa296f47b0f7a4c315f,2022-10-24,election_date,2023-11-30,at_or_after_reference,election,City of Toronto,"{""event_id"":""evt_ee5715a80b5a532c8b778d94f6b7c9b8"",""prior_candidacy"":{""candidacy_id"":""can_86b4a8b96048544897930f1f1cd40336"",""source_authority"":""Toronto City Clerk"",""source_detail"":""data/interim/results/2022/2022_Toronto_Poll_By_Poll_Councillor.xlsx"",""source_resource"":""Elections — Official Results""},""rule"":""certified_winner_since_latest_general_in_incomplete_by_election_roster""}"
ten_d56246ade54055f3a29ac9ed3d42fc93,per_6fca90a21d2a5ecb9adafdac257e7a03,ontario_legislative_assembly,mpp,dst_84631c439c095f0da9af8336062e8ab5,,unknown,2007-09-09,at_or_after_reference,unknown,elections_ontario,https://results.elections.on.ca/api/report-groups/4/report-outputs/510/csv;https://results.elections.on.ca/api/report-groups/4/report-outputs/503/csv;https://results.elections.on.ca/api/report-groups/4/report-outputs/508/csv
ten_d5a4f218cec15abaaef8ef5fed043369,per_0551e61933835487ad593ca1a6280e30,toronto_city_council,councillor,,,unknown,2003-11-10,at_or_after_reference,election,City of Toronto,"{""entry_method"":""election"",""member_name"":""Suzan Hall"",""rule"":""last_valid_council_composition_before_general_election"",""source"":""wikipedia"",""source_confidence"":0.85,""source_files"":[""data/reference/roster_agent_a.txt"",""data/reference/roster_agent_b.txt""]}"
ten_d5fa13ef9d8850ccb5994762e602801a,per_3ec4e3ff861d57519f52e15b4a9449a7,toronto_city_council,councillor,dst_0d7e9e08fea05cf28d47a0f262ad8f3f,2010-10-25,election_date,2014-10-27,at_or_after_reference,election,City of Toronto,"{""member_name"":""Giorgio Mammoliti"",""rule"":""last_valid_council_composition_before_general_election"",""source"":""city_attendance"",""source_confidence"":0.95,""source_file"":""data/raw/council/attendance/councillors-meeting-attendance-2010-2014.csv""}"
ten_d71adfa0fc9c56c6823edda70ba6746f,per_3eeb22216cb95c79b111379e559ad7e3,toronto_city_council,councillor,dst_1b5001335c0158b28e0c461fc8d32fd5,2003-11-10,election_date,2006-11-13,at_or_after_reference,election,City of Toronto,"{""entry_method"":""election"",""member_name"":""David Soknacki"",""rule"":""last_valid_council_composition_before_general_election"",""source"":""wikipedia"",""source_confidence"":0.85,""source_files"":[""data/reference/roster_agent_a.txt"",""data/reference/roster_agent_b.txt""]}"
ten_d7462b4c27d0525c8ba4fa3ec44756e8,per_3d8c75381a6d5544ba55fe80cb5f946a,toronto_city_council,councillor,,,unknown,2003-11-10,at_or_after_reference,election,City of Toronto,"{""entry_method"":""election"",""member_name"":""Gloria Lindsay Luby"",""rule"":""last_valid_council_composition_before_general_election"",""source"":""wikipedia"",""source_confidence"":0.85,""source_files"":[""data/reference/roster_agent_a.txt"",""data/reference/roster_agent_b.txt""]}"
ten_d78bf78303b051dd955849c2293b6bfa,per_f4346776635a55ef8013b7338ab1d898,toronto_city_council,councillor,dst_d2fdd91105a954ff92061f42e11db647,2014-10-27,election_date,2016-07-25,at_or_after_reference,election,City of Toronto,"{""event_id"":""evt_552c4874312956ae84afbbc5ee91b0f7"",""prior_candidacy"":{""candidacy_id"":""can_70142dd603c55957b30f98fa8b76a199"",""source_authority"":""Toronto City Clerk"",""source_detail"":""data/interim/results/2014/COUNCILLOR.xls"",""source_resource"":""Elections — Official Results""},""rule"":""certified_winner_since_latest_general_in_incomplete_by_election_roster""}"
ten_d7c286e7d0f85b42889156150d2f6f7e,per_a5dbd8d684c95ba4ac284aba2f85d2e0,toronto_city_council,councillor,dst_c08cfffa686c5648932189dbec3e91f5,2022-10-24,election_date,2024-11-04,at_or_after_reference,election,City of Toronto,"{""event_id"":""evt_af73d490abf95ffdae38ca2c830e51f4"",""prior_candidacy"":{""candidacy_id"":""can_0e66b13370375a32876db67694e0ddbd"",""source_authority"":""Toronto City Clerk"",""source_detail"":""data/interim/results/2022/2022_Toronto_Poll_By_Poll_Councillor.xlsx"",""source_resource"":""Elections — Official Results""},""rule"":""certified_winner_since_latest_general_in_incomplete_by_election_roster""}"
ten_d963bb5d072c5c489d11104403d565c1,per_d476ff1e2e605a88914636edbdfcb79a,toronto_city_council,councillor,dst_9613494c01b95010bd5287ef1669e3c3,2003-11-10,election_date,2006-11-13,at_or_after_reference,election,City of Toronto,"{""entry_method"":""election"",""member_name"":""Frances Nunziata"",""rule"":""last_valid_council_composition_before_general_election"",""source"":""wikipedia"",""source_confidence"":0.85,""source_files"":[""data/reference/roster_agent_a.txt"",""data/reference/roster_agent_b.txt""]}"
ten_d9bba903def953a080e14021a887cc64,per_d4bb25c4053f5c59840f117e87f63ab6,toronto_city_council,councillor,dst_9288c6aab4795f139c7675b676e373d5,2018-10-22,election_date,2022-10-24,at_or_after_reference,election,City of Toronto,"{""member_name"":""Mike Layton"",""rule"":""last_valid_council_composition_before_general_election"",""source"":""city_attendance"",""source_confidence"":0.95,""source_file"":""data/raw/council/attendance/councillors-meeting-attendance-2018-2022.csv""}"
ten_d9d1ea7f480c5913b82354e223f378fc,per_1595883add5a5e7abb1bcdde1e768611,toronto_city_council,councillor,dst_75067961943e50e7bc3befec65166ee1,2014-10-27,election_date,2016-07-25,at_or_after_reference,election,City of Toronto,"{""event_id"":""evt_552c4874312956ae84afbbc5ee91b0f7"",""prior_candidacy"":{""candidacy_id"":""can_397f372cc6d15e01a3a8dd86c2659956"",""source_authority"":""Toronto City Clerk"",""source_detail"":""data/interim/results/2014/COUNCILLOR.xls"",""source_resource"":""Elections — Official Results""},""rule"":""certified_winner_since_latest_general_in_incomplete_by_election_roster""}"
ten_da416b851254592b8bcd9d13b079cf7a,per_94a78e1366525a339e6ddbba35babcca,ontario_legislative_assembly,mpp,dst_815ad534273451928b8aac68b26c7cad,,unknown,2014-05-01,at_or_after_reference,unknown,elections_ontario,https://results.elections.on.ca/api/report-groups/2/report-outputs/488/csv;https://results.elections.on.ca/api/report-groups/2/report-outputs/481/csv;https://results.elections.on.ca/api/report-groups/2/report-outputs/486/csv
ten_da5d3657f774531fb0830a9d2ff367ef,per_a9f196f1be635c4eaf83ff095681fa79,toronto_city_council,councillor,dst_dffb6fdb0597573ca1a1eb3c1993c269,2023-11-30,election_date,2025-09-29,at_or_after_reference,election,City of Toronto,"{""event_id"":""evt_ca435dada07f5ed9b041b7c3d24de732"",""prior_candidacy"":{""candidacy_id"":""can_f1b42d3592b7525a8f115be4bfac3951"",""source_authority"":""Toronto City Clerk"",""source_detail"":""data/raw/byelection/2023-office-of-the-councillor-ward-20-poll-by-poll.xlsx"",""source_resource"":""Elections — Official By-election Results""},""rule"":""certified_winner_since_latest_general_in_incomplete_by_election_roster""}"
ten_dabb02bc7c04561faafcbf5b6f091ec3,per_af6a15e2bea65331bd90c95def47f62f,ontario_legislative_assembly,mpp,dst_9d44b274735f502a8f34417baaf9d6ef,,unknown,2011-09-06,at_or_after_reference,unknown,elections_ontario,https://results.elections.on.ca/api/report-groups/3/report-outputs/499/csv;https://results.elections.on.ca/api/report-groups/3/report-outputs/492/csv;https://results.elections.on.ca/api/report-groups/3/report-outputs/497/csv
ten_db076fe03adb52cea5045f272329e750,per_2500cbb3b00c52229b1ad6cabf5fbaf7,toronto_city_council,councillor,dst_839fe99c6fcd5019b4848ab42a1f25e0,2014-10-27,election_date,2017-02-13,at_or_after_reference,election,City of Toronto,"{""event_id"":""evt_b8284a5341635f79babdf7ddc512c2f6"",""prior_candidacy"":{""candidacy_id"":""can_4191c6818a245d56ad3aa247bb118bd6"",""source_authority"":""Toronto City Clerk"",""source_detail"":""data/interim/results/2014/COUNCILLOR.xls"",""source_resource"":""Elections — Official Results""},""rule"":""certified_winner_since_latest_general_in_incomplete_by_election_roster""}"
ten_db6291317e71507294f2c69b57d8a5f8,per_828f5aa904c35bc6b1c554fe83b6afe7,toronto_city_council,councillor,,,unknown,2022-10-24,at_or_after_reference,appointment,City of Toronto,"{""entry_method"":""appointment"",""last_holder_reconciliation"":{""former_member"":""Kristyn Wong-Tam"",""last_holder"":""Robin Buxton Potts"",""source"":""https://www.toronto.ca/legdocs/mmis/2023/ex/bgrd/backgroundfile-235964.pdf""},""member_name"":""Robin Buxton Potts"",""rule"":""last_valid_council_composition_before_general_election"",""source"":""city_voting"",""source_confidence"":0.9,""source_file"":""data/raw/council/voting/member-voting-record-2018-2022.csv""}"
ten_dba6386da88e5b879db824ed2e6f6f96,per_6c4d13bdb048521e8decad122d81128a,ontario_legislative_assembly,mpp,dst_fe960514ec145803955c7b14d593e4dc,,unknown,2018-05-07,at_or_after_reference,unknown,elections_ontario,https://results.elections.on.ca/api/report-groups/1/report-outputs/932/csv;https://results.elections.on.ca/api/report-groups/1/report-outputs/925/csv;https://results.elections.on.ca/api/report-groups/1/report-outputs/930/csv
ten_dcd37c4d93065e12bbdf3de9e2b1fa36,per_b565750840aa5f1d9985bd60de6c423c,toronto_city_council,councillor,dst_65a81c104a8c5c0194e7fee5f09545d3,2006-11-13,election_date,2010-10-25,at_or_after_reference,election,City of Toronto,"{""member_name"":""Raymond Cho"",""rule"":""last_valid_council_composition_before_general_election"",""source"":""city_attendance"",""source_confidence"":0.95,""source_file"":""data/raw/council/attendance/councillors-meeting-attendance-2006-2010.csv""}"
ten_ddc0d30bde375faba8085dd2c2e68ccd,per_d368ac68c7cc5a2ea3c01c915acd2cc3,ontario_legislative_assembly,mpp,dst_fe960514ec145803955c7b14d593e4dc,,unknown,2025-01-24,at_or_after_reference,unknown,elections_ontario,https://results.elections.on.ca/api/report-groups/48/report-outputs/1096/csv;https://results.elections.on.ca/api/report-groups/48/report-outputs/1089/csv;https://results.elections.on.ca/api/report-groups/48/report-outputs/1094/csv
ten_de7c8fdde853569cb3f4ecc281b18c3c,per_11598fb6d485564eb5053b8787400814,toronto_city_council,councillor,dst_1ebfad83fbf45900a012836e069fe964,2022-10-24,election_date,2023-11-30,at_or_after_reference,election,City of Toronto,"{""event_id"":""evt_ee5715a80b5a532c8b778d94f6b7c9b8"",""prior_candidacy"":{""candidacy_id"":""can_2e4aa5191b76594f88dbe6b8af5e48be"",""source_authority"":""Toronto City Clerk"",""source_detail"":""data/interim/results/2022/2022_Toronto_Poll_By_Poll_Councillor.xlsx"",""source_resource"":""Elections — Official Results""},""rule"":""certified_winner_since_latest_general_in_incomplete_by_election_roster""}"
ten_de866e59b0b35306bfa0d57203fef9ef,per_bfeb35d94dc45455987133a9e9091a58,toronto_city_council,councillor,dst_00ef04bf1da8516e8fcafe4f6798604d,2022-10-24,election_date,2024-11-04,at_or_after_reference,election,City of Toronto,"{""event_id"":""evt_af73d490abf95ffdae38ca2c830e51f4"",""prior_candidacy"":{""candidacy_id"":""can_45aad11df89c511b88aed431e1b1be4e"",""source_authority"":""Toronto City Clerk"",""source_detail"":""data/interim/results/2022/2022_Toronto_Poll_By_Poll_Councillor.xlsx"",""source_resource"":""Elections — Official Results""},""rule"":""certified_winner_since_latest_general_in_incomplete_by_election_roster""}"
ten_decb22a7ab595d94ba1c7915929366e8,per_9b179068f8d450aa842cf592d57c08e0,toronto_city_council,councillor,dst_d3c79eda632d5af2beb7343ee879dff7,2014-10-27,election_date,2017-02-13,at_or_after_reference,election,City of Toronto,"{""event_id"":""evt_b8284a5341635f79babdf7ddc512c2f6"",""prior_candidacy"":{""candidacy_id"":""can_ce513505751c5fccb73b36106b10ed4e"",""source_authority"":""Toronto City Clerk"",""source_detail"":""data/interim/results/2014/COUNCILLOR.xls"",""source_resource"":""Elections — Official Results""},""rule"":""certified_winner_since_latest_general_in_incomplete_by_election_roster""}"
ten_df750ca45b5f500ca0cf508783ce7efa,per_23e90faa5b66501aa48b838f277f5608,ontario_legislative_assembly,mpp,dst_3bee0079968e59b29864461214d85579,,unknown,2007-09-09,at_or_after_reference,unknown,elections_ontario,https://results.elections.on.ca/api/report-groups/4/report-outputs/510/csv;https://results.elections.on.ca/api/report-groups/4/report-outputs/503/csv;https://results.elections.on.ca/api/report-groups/4/report-outputs/508/csv
ten_df93482b989454fca8b413aa79442ce4,per_d476ff1e2e605a88914636edbdfcb79a,toronto_city_council,councillor,dst_9613494c01b95010bd5287ef1669e3c3,2014-10-27,election_date,2017-02-13,at_or_after_reference,election,City of Toronto,"{""event_id"":""evt_b8284a5341635f79babdf7ddc512c2f6"",""prior_candidacy"":{""candidacy_id"":""can_2ec48b55ecb551b0bd149a2d3236181f"",""source_authority"":""Toronto City Clerk"",""source_detail"":""data/interim/results/2014/COUNCILLOR.xls"",""source_resource"":""Elections — Official Results""},""rule"":""certified_winner_since_latest_general_in_incomplete_by_election_roster""}"
ten_dfb79cc984e3520baf5f5b8b1ac34340,per_397ce487a25e5cafaf54f92ce890c243,canada_house_of_commons,mp,dst_b5af0b5ca10b5476b2b0e602c2a428d3,2015-10-19,election_date,2019-09-10,at_or_after_reference,election,elections_canada,"{""authority_reported_flag_used_as_review_signal_only"": true, ""current_candidacy"": {""candidacy_id"": ""can_cf2b49e1b87b57a5b66383bead4a73ba"", ""event_id"": ""ec-ge-43"", ""incumbent_reported"": true, ""source_detail"": ""https://www.elections.ca/res/rep/off/ovr2019app/51/data_donnees/pollresults_resultatsbureau35.zip""}, ""evidence_rule"": ""most_recent_prior_candidacy_elected_in_cycle_without_later_seat_winner"", ""prior_elected_candidacy"": {""candidacy_id"": ""can_bc8a58862b015e2994d78cbad6c2e0a7"", ""district_id"": ""dst_b5af0b5ca10b5476b2b0e602c2a428d3"", ""elected"": true, ""election_date"": ""2015-10-19"", ""event_id"": ""ec-ge-42"", ""source_detail"": ""https://www.elections.ca/res/rep/off/ovr2015app/41/data_donnees/pollresults_resultatsbureau35.zip""}, ""roster_reference"": {""dissolution_date"": ""2019-09-11"", ""reference_date"": ""2019-09-10"", ""source_url"": ""https://www.elections.ca/content.aspx?dir=rep/off/sta_ge43&document=p2&lang=e&section=res""}}"
ten_e082a85081615036a8af828eb97c16db,per_f68134a7b22f503eaf85e8fc8dd76675,canada_house_of_commons,mp,dst_f9f2054a899f5b29903afdeb23e753a7,2011-05-02,election_date,2015-08-01,at_or_after_reference,election,elections_canada,"{""authority_reported_flag_used_as_review_signal_only"": true, ""current_candidacy"": {""candidacy_id"": ""can_1c4dea510aae5edab6401e934ec98d6c"", ""event_id"": ""ec-ge-42"", ""incumbent_reported"": true, ""source_detail"": ""https://www.elections.ca/res/rep/off/ovr2015app/41/data_donnees/pollresults_resultatsbureau35.zip""}, ""evidence_rule"": ""most_recent_prior_candidacy_elected_in_cycle_without_later_seat_winner"", ""prior_elected_candidacy"": {""candidacy_id"": ""can_170e509cc71258e88e1efb5a0eb3e7e7"", ""district_id"": ""dst_f9f2054a899f5b29903afdeb23e753a7"", ""elected"": true, ""election_date"": ""2011-05-02"", ""event_id"": ""ec-ge-41"", ""source_detail"": ""https://www.elections.ca/scripts/OVR2011/34/data_donnees/pollresults_resultatsbureau35.zip""}, ""roster_reference"": {""dissolution_date"": ""2015-08-02"", ""reference_date"": ""2015-08-01"", ""source_url"": ""https://www.elections.ca/content.aspx?dir=rep/off/sta_2015&document=p2&lang=e&section=res""}}"
ten_e08b9795c8b45726aebfbb84180358c1,per_2d62e6a39a6555478ec5533fca2f3ae2,canada_house_of_commons,mp,dst_7960c816dafd5f6a901d49e6e65f9be4,2011-05-02,election_date,2015-08-01,at_or_after_reference,election,elections_canada,"{""authority_reported_flag_used_as_review_signal_only"": true, ""current_candidacy"": {""candidacy_id"": ""can_aae1521d4efb5c85ac6ff1706b4f0831"", ""event_id"": ""ec-ge-42"", ""incumbent_reported"": true, ""source_detail"": ""https://www.elections.ca/res/rep/off/ovr2015app/41/data_donnees/pollresults_resultatsbureau35.zip""}, ""evidence_rule"": ""most_recent_prior_candidacy_elected_in_cycle_without_later_seat_winner"", ""prior_elected_candidacy"": {""candidacy_id"": ""can_03413e40091f588c971b537bf8d239ce"", ""district_id"": ""dst_7960c816dafd5f6a901d49e6e65f9be4"", ""elected"": true, ""election_date"": ""2011-05-02"", ""event_id"": ""ec-ge-41"", ""source_detail"": ""https://www.elections.ca/scripts/OVR2011/34/data_donnees/pollresults_resultatsbureau35.zip""}, ""roster_reference"": {""dissolution_date"": ""2015-08-02"", ""reference_date"": ""2015-08-01"", ""source_url"": ""https://www.elections.ca/content.aspx?dir=rep/off/sta_2015&document=p2&lang=e&section=res""}}"
ten_e0c2419770f6508d850fe2035766e52f,per_89c892f4852f57deae6f2c4bf5a1e39f,toronto_city_council,councillor,dst_49374cc451b65963a30ef206383a4114,2010-10-25,election_date,2014-10-27,at_or_after_reference,election,City of Toronto,"{""member_name"":""John Parker"",""rule"":""last_valid_council_composition_before_general_election"",""source"":""city_attendance"",""source_confidence"":0.95,""source_file"":""data/raw/council/attendance/councillors-meeting-attendance-2010-2014.csv""}"
ten_e0d0270752a652cc833cac71e39bbfca,per_871492eeaeb55ab2a8d86ff38a205ae4,canada_house_of_commons,mp,dst_d58f3bdb6a6551c5ba69aa73fe9d0f8b,2020-10-26,election_date,2021-08-14,at_or_after_reference,election,elections_canada,"{""authority_reported_flag_used_as_review_signal_only"": true, ""current_candidacy"": {""candidacy_id"": ""can_739811955297598fae117b86de96863a"", ""event_id"": ""ec-ge-44"", ""incumbent_reported"": true, ""source_detail"": ""https://www.elections.ca/res/rep/off/ovr2021app/53/data_donnees/pollresults_resultatsbureau35.zip""}, ""evidence_rule"": ""most_recent_prior_candidacy_elected_in_cycle_without_later_seat_winner"", ""prior_elected_candidacy"": {""candidacy_id"": ""can_cb9c504d294c54089e428cbb39b21105"", ""district_id"": ""dst_d58f3bdb6a6551c5ba69aa73fe9d0f8b"", ""elected"": true, ""election_date"": ""2020-10-26"", ""event_id"": ""ec-be-2020-10-26"", ""source_detail"": ""https://www.elections.ca/res/rep/off/ovr_2020/52/data_donnees/pollresults_resultatsbureau35108.csv""}, ""roster_reference"": {""dissolution_date"": ""2021-08-15"", ""reference_date"": ""2021-08-14"", ""source_url"": ""https://www.elections.ca/content.aspx?dir=rep/off/sta_ge44&document=p2&lang=e&section=res""}}"
ten_e1673205774b5dd6a29288dd79190448,per_5d36b4760f89591fb13860aebbda726d,toronto_city_council,councillor,dst_ea407e9a03df5ef2bee0d7950b9d2b8f,2003-11-10,election_date,2006-11-13,at_or_after_reference,election,City of Toronto,"{""entry_method"":""election"",""member_name"":""Bill Saundercook"",""rule"":""last_valid_council_composition_before_general_election"",""source"":""wikipedia"",""source_confidence"":0.85,""source_files"":[""data/reference/roster_agent_a.txt"",""data/reference/roster_agent_b.txt""]}"
ten_e1af6741133453d39d40721f8058909c,per_2a01a0cc36c756e097e174940ed0eb78,toronto_city_council,councillor,dst_6afdd28db1b85bf2a12cbb33b215efb9,2018-10-22,election_date,2021-01-15,at_or_after_reference,election,City of Toronto,"{""event_id"":""evt_50c15fe55fa753fba75abfada8da3c38"",""prior_candidacy"":{""candidacy_id"":""can_f016d26c42dc5073b6e91d974223d0a7"",""source_authority"":""Toronto City Clerk"",""source_detail"":""data/interim/results/2018/2018_Toronto_Poll_By_Poll_Councillor.xlsx"",""source_resource"":""Elections — Official Results""},""rule"":""certified_winner_since_latest_general_in_incomplete_by_election_roster""}"
ten_e230c8edebd45aa4a846861c59cb0f01,per_f5dca33663575f7bbbc6d7dfe8ebd464,canada_house_of_commons,mp,dst_7960c816dafd5f6a901d49e6e65f9be4,2008-10-14,election_date,2011-03-25,at_or_after_reference,election,elections_canada,"{""authority_reported_flag_used_as_review_signal_only"": true, ""current_candidacy"": {""candidacy_id"": ""can_be588a0970b85fe2a7a564fbceaff0eb"", ""event_id"": ""ec-ge-41"", ""incumbent_reported"": true, ""source_detail"": ""https://www.elections.ca/scripts/OVR2011/34/data_donnees/pollresults_resultatsbureau35.zip""}, ""evidence_rule"": ""most_recent_prior_candidacy_elected_in_cycle_without_later_seat_winner"", ""prior_elected_candidacy"": {""candidacy_id"": ""can_828602c0d2da594384cc483a5e4e6627"", ""district_id"": ""dst_7960c816dafd5f6a901d49e6e65f9be4"", ""elected"": true, ""election_date"": ""2008-10-14"", ""event_id"": ""ec-ge-40"", ""source_detail"": ""https://www.elections.ca/scripts/OVR2008/31/data/pollresults_resultatsbureau35.zip""}, ""roster_reference"": {""dissolution_date"": ""2011-03-26"", ""reference_date"": ""2011-03-25"", ""source_url"": ""https://www.elections.ca/res/rep/off/sta_2011/stat_report2011_e.pdf""}}"
ten_e303b4baf45e5a2a8f57585e60b56c58,per_f67e1ad9cb6c5d86a1f3221621b33a9e,toronto_city_council,councillor,dst_bfe0a089e5f957399386ea186d3306ac,2003-11-10,election_date,2006-11-13,at_or_after_reference,election,City of Toronto,"{""entry_method"":""election"",""member_name"":""Peter Milczyn"",""rule"":""last_valid_council_composition_before_general_election"",""source"":""wikipedia"",""source_confidence"":0.85,""source_files"":[""data/reference/roster_agent_a.txt"",""data/reference/roster_agent_b.txt""]}"
ten_e308ac109e635b259c93dd09a120ed45,per_94a78e1366525a339e6ddbba35babcca,toronto_city_council,councillor,dst_adf63b57f77c58829d8e38b24d68ac03,2006-11-13,election_date,2010-10-25,at_or_after_reference,election,City of Toronto,"{""member_name"":""Doug Holyday"",""rule"":""last_valid_council_composition_before_general_election"",""source"":""city_attendance"",""source_confidence"":0.95,""source_file"":""data/raw/council/attendance/councillors-meeting-attendance-2006-2010.csv""}"
ten_e32a91b5ac3758f7badf4bf6ea3bd045,per_86957c0a8b705284af68a6847a16b209,toronto_city_council,councillor,dst_49a6ee138ca85b318452ec2f5c1befd3,2003-11-10,election_date,2006-11-13,at_or_after_reference,election,City of Toronto,"{""entry_method"":""election"",""member_name"":""Pam McConnell"",""rule"":""last_valid_council_composition_before_general_election"",""source"":""wikipedia"",""source_confidence"":0.85,""source_files"":[""data/reference/roster_agent_a.txt"",""data/reference/roster_agent_b.txt""]}"
ten_e382c350a32b5eff99e03e49594627ae,per_77139d6966a253d4aa08b6ac8c31c3c4,toronto_city_council,councillor,dst_9203cbbfeedb5dc2a34e5767ba3dfc5d,2014-10-27,election_date,2017-02-13,at_or_after_reference,election,City of Toronto,"{""event_id"":""evt_b8284a5341635f79babdf7ddc512c2f6"",""prior_candidacy"":{""candidacy_id"":""can_d1b1258e6c9556149fd7776be86ff175"",""source_authority"":""Toronto City Clerk"",""source_detail"":""data/interim/results/2014/COUNCILLOR.xls"",""source_resource"":""Elections — Official Results""},""rule"":""certified_winner_since_latest_general_in_incomplete_by_election_roster""}"
ten_e3d0084fa9965806a6d6787b67bfe037,per_5a7ce90ce04b51bda92cea74556efcd7,canada_house_of_commons,mp,dst_5a559e78afc85b66812839b10752bb48,2019-10-21,election_date,2021-08-14,at_or_after_reference,election,elections_canada,"{""authority_reported_flag_used_as_review_signal_only"": true, ""current_candidacy"": {""candidacy_id"": ""can_b63d80e3b18e506eb4ab175aaba6d7cc"", ""event_id"": ""ec-ge-44"", ""incumbent_reported"": true, ""source_detail"": ""https://www.elections.ca/res/rep/off/ovr2021app/53/data_donnees/pollresults_resultatsbureau35.zip""}, ""evidence_rule"": ""most_recent_prior_candidacy_elected_in_cycle_without_later_seat_winner"", ""prior_elected_candidacy"": {""candidacy_id"": ""can_7d2c03c32b635413a4dadacdae03eeac"", ""district_id"": ""dst_5a559e78afc85b66812839b10752bb48"", ""elected"": true, ""election_date"": ""2019-10-21"", ""event_id"": ""ec-ge-43"", ""source_detail"": ""https://www.elections.ca/res/rep/off/ovr2019app/51/data_donnees/pollresults_resultatsbureau35.zip""}, ""roster_reference"": {""dissolution_date"": ""2021-08-15"", ""reference_date"": ""2021-08-14"", ""source_url"": ""https://www.elections.ca/content.aspx?dir=rep/off/sta_ge44&document=p2&lang=e&section=res""}}"
ten_e45bda83cb0b5f2d844a403dbcb198c4,per_c0e1c9bb6045570b873969e4c462da62,toronto_city_council,councillor,dst_0839fc3522805fceb1fc4eb0bf070465,2022-10-24,election_date,2023-11-30,at_or_after_reference,election,City of Toronto,"{""event_id"":""evt_ee5715a80b5a532c8b778d94f6b7c9b8"",""prior_candidacy"":{""candidacy_id"":""can_765f141c853a5c22bec6091dfb398cef"",""source_authority"":""Toronto City Clerk"",""source_detail"":""data/interim/results/2022/2022_Toronto_Poll_By_Poll_Councillor.xlsx"",""source_resource"":""Elections — Official Results""},""rule"":""certified_winner_since_latest_general_in_incomplete_by_election_roster""}"
ten_e4afa8c5ac15594a94409597769c70f8,per_ad293f1387af572cad45897886519bb6,toronto_city_council,mayor,dst_269ebab087895e5790e71568164f1865,2003-11-10,election_date,2006-11-13,at_or_after_reference,election,City of Toronto,"{""entry_method"":""election"",""member_name"":""David Miller"",""rule"":""last_valid_council_composition_before_general_election"",""source"":""wikipedia"",""source_confidence"":0.85,""source_files"":[""data/reference/roster_agent_a.txt"",""data/reference/roster_agent_b.txt""]}"
ten_e52c9ba5892a5cbbb888f2b25546a91c,per_a5dbd8d684c95ba4ac284aba2f85d2e0,toronto_city_council,councillor,dst_e85e355506d7551fb2e7a7e39706bb85,2003-11-10,election_date,2006-11-13,at_or_after_reference,election,City of Toronto,"{""entry_method"":""election"",""member_name"":""Paula Fletcher"",""rule"":""last_valid_council_composition_before_general_election"",""source"":""wikipedia"",""source_confidence"":0.85,""source_files"":[""data/reference/roster_agent_a.txt"",""data/reference/roster_agent_b.txt""]}"
ten_e6ec612f7ee05af9991def46f2b939f9,per_6c8ba79da7cb5eb989aebcb0bb3fa5e1,canada_house_of_commons,mp,dst_a15da2272f6f5b68bc8a083f8380b0e1,2019-10-21,election_date,2021-08-14,at_or_after_reference,election,elections_canada,"{""authority_reported_flag_used_as_review_signal_only"": true, ""current_candidacy"": {""candidacy_id"": ""can_a9701f7ae34851a8a43e6e3334231dda"", ""event_id"": ""ec-ge-44"", ""incumbent_reported"": true, ""source_detail"": ""https://www.elections.ca/res/rep/off/ovr2021app/53/data_donnees/pollresults_resultatsbureau35.zip""}, ""evidence_rule"": ""most_recent_prior_candidacy_elected_in_cycle_without_later_seat_winner"", ""prior_elected_candidacy"": {""candidacy_id"": ""can_a13a8da62f0858428f34a410452a8fb3"", ""district_id"": ""dst_a15da2272f6f5b68bc8a083f8380b0e1"", ""elected"": true, ""election_date"": ""2019-10-21"", ""event_id"": ""ec-ge-43"", ""source_detail"": ""https://www.elections.ca/res/rep/off/ovr2019app/51/data_donnees/pollresults_resultatsbureau35.zip""}, ""roster_reference"": {""dissolution_date"": ""2021-08-15"", ""reference_date"": ""2021-08-14"", ""source_url"": ""https://www.elections.ca/content.aspx?dir=rep/off/sta_ge44&document=p2&lang=e&section=res""}}"
ten_e6ef87763a495026ad1d25301b8f3469,per_85286126260c5826bb10831e39d8b19f,toronto_city_council,mayor,dst_269ebab087895e5790e71568164f1865,2010-10-25,election_date,2014-10-27,at_or_after_reference,election,City of Toronto,"{""member_name"":""Rob Ford"",""rule"":""last_valid_council_composition_before_general_election"",""source"":""city_attendance"",""source_confidence"":0.95,""source_file"":""data/raw/council/attendance/councillors-meeting-attendance-2010-2014.csv""}"
ten_e7c8d02d2e5659d4a1e3953a46074460,per_e190d202b89c56e7b8085751ce0c0370,toronto_city_council,councillor,dst_48f26a0b1b85566c934f7ab1a668978d,2006-11-13,election_date,2010-10-25,at_or_after_reference,election,City of Toronto,"{""member_name"":""Glenn De Baeremaeker"",""rule"":""last_valid_council_composition_before_general_election"",""source"":""city_attendance"",""source_confidence"":0.95,""source_file"":""data/raw/council/attendance/councillors-meeting-attendance-2006-2010.csv""}"
ten_e7e1414a81a952f2b26b4c1f4957ad8e,per_61ea362c84225861ba1061353851ae2e,canada_house_of_commons,mp,dst_ef77e3385fda5e2ca1a3f5d4f80e7ed9,2008-10-14,election_date,2011-03-25,at_or_after_reference,election,elections_canada,"{""authority_reported_flag_used_as_review_signal_only"": true, ""current_candidacy"": {""candidacy_id"": ""can_2bbec15b7e7159c8be040b3048a57706"", ""event_id"": ""ec-ge-41"", ""incumbent_reported"": true, ""source_detail"": ""https://www.elections.ca/scripts/OVR2011/34/data_donnees/pollresults_resultatsbureau35.zip""}, ""evidence_rule"": ""most_recent_prior_candidacy_elected_in_cycle_without_later_seat_winner"", ""prior_elected_candidacy"": {""candidacy_id"": ""can_c24fa259e5285be1a86e03e93c4afd05"", ""district_id"": ""dst_ef77e3385fda5e2ca1a3f5d4f80e7ed9"", ""elected"": true, ""election_date"": ""2008-10-14"", ""event_id"": ""ec-ge-40"", ""source_detail"": ""https://www.elections.ca/scripts/OVR2008/31/data/pollresults_resultatsbureau35.zip""}, ""roster_reference"": {""dissolution_date"": ""2011-03-26"", ""reference_date"": ""2011-03-25"", ""source_url"": ""https://www.elections.ca/res/rep/off/sta_2011/stat_report2011_e.pdf""}}"
ten_e866b9fb15b2569cb6ebe298fe36aaa5,per_3e52aa435eb8566fb37510ab305dff54,toronto_city_council,councillor,dst_fdb0ec21f126579eb091e27d38a9b9c8,2003-11-10,election_date,2006-11-13,at_or_after_reference,election,City of Toronto,"{""entry_method"":""election"",""member_name"":""Mark Grimes"",""rule"":""last_valid_council_composition_before_general_election"",""source"":""wikipedia"",""source_confidence"":0.85,""source_files"":[""data/reference/roster_agent_a.txt"",""data/reference/roster_agent_b.txt""]}"
ten_e87c180b6cff5535a8c2c57cec3b874b,per_149f5bfb67c15086a1790fb82f99e49e,canada_house_of_commons,mp,dst_f5794c52ec5f50fca9ffc04fd7cc24d4,2011-05-02,election_date,2015-08-01,at_or_after_reference,election,elections_canada,"{""authority_reported_flag_used_as_review_signal_only"": true, ""current_candidacy"": {""candidacy_id"": ""can_e89ad41612fa56e694bcf2dff3cb8262"", ""event_id"": ""ec-ge-42"", ""incumbent_reported"": true, ""source_detail"": ""https://www.elections.ca/res/rep/off/ovr2015app/41/data_donnees/pollresults_resultatsbureau35.zip""}, ""evidence_rule"": ""most_recent_prior_candidacy_elected_in_cycle_without_later_seat_winner"", ""prior_elected_candidacy"": {""candidacy_id"": ""can_5791cd8661f75189a7a89aef848cedd4"", ""district_id"": ""dst_f5794c52ec5f50fca9ffc04fd7cc24d4"", ""elected"": true, ""election_date"": ""2011-05-02"", ""event_id"": ""ec-ge-41"", ""source_detail"": ""https://www.elections.ca/scripts/OVR2011/34/data_donnees/pollresults_resultatsbureau35.zip""}, ""roster_reference"": {""dissolution_date"": ""2015-08-02"", ""reference_date"": ""2015-08-01"", ""source_url"": ""https://www.elections.ca/content.aspx?dir=rep/off/sta_2015&document=p2&lang=e&section=res""}}"
ten_e929fac8c96d52498383ccb240b96b29,per_c4bda40818095aa8928034a09d781f3b,toronto_city_council,councillor,dst_a4d41f4016cf53f6b3565eb145e14fc6,2010-10-25,election_date,2014-10-27,at_or_after_reference,election,City of Toronto,"{""member_name"":""Karen Stintz"",""rule"":""last_valid_council_composition_before_general_election"",""source"":""city_attendance"",""source_confidence"":0.95,""source_file"":""data/raw/council/attendance/councillors-meeting-attendance-2010-2014.csv""}"
ten_e97aec8b8cac5c88a9b30e8ea047d4bc,per_3ec4e3ff861d57519f52e15b4a9449a7,toronto_city_council,councillor,dst_0d7e9e08fea05cf28d47a0f262ad8f3f,2014-10-27,election_date,2017-02-13,at_or_after_reference,election,City of Toronto,"{""event_id"":""evt_b8284a5341635f79babdf7ddc512c2f6"",""prior_candidacy"":{""candidacy_id"":""can_36b1f3ca2cd1506cb9ce1ab47e60e02c"",""source_authority"":""Toronto City Clerk"",""source_detail"":""data/interim/results/2014/COUNCILLOR.xls"",""source_resource"":""Elections — Official Results""},""rule"":""certified_winner_since_latest_general_in_incomplete_by_election_roster""}"
ten_e9934d3dae93523bbeaed4d0163d5e09,per_906af205b4ec5f849f79a14ca99c7300,toronto_city_council,councillor,dst_93654977fd595afda3b103483ea4f59e,2010-10-25,election_date,2014-10-27,at_or_after_reference,election,City of Toronto,"{""member_name"":""Chin Lee"",""rule"":""last_valid_council_composition_before_general_election"",""source"":""city_attendance"",""source_confidence"":0.95,""source_file"":""data/raw/council/attendance/councillors-meeting-attendance-2010-2014.csv""}"
ten_e9f319078481522e8f2a5953eefcc227,per_91bbcc30e1e25b29b9107f090c910b96,ontario_legislative_assembly,mpp,dst_a3ead91d6560506e92a15df59da92508,,unknown,2007-09-09,at_or_after_reference,unknown,elections_ontario,https://results.elections.on.ca/api/report-groups/4/report-outputs/510/csv;https://results.elections.on.ca/api/report-groups/4/report-outputs/503/csv;https://results.elections.on.ca/api/report-groups/4/report-outputs/508/csv
ten_ea8906dc122d591aa67933878dae2903,per_87efbe376bd65a3cb9cecc821dec0081,canada_house_of_commons,mp,dst_318428fd5bba5a75a4f2ec0ba8cd2e2b,2015-10-19,election_date,2019-09-10,at_or_after_reference,election,elections_canada,"{""authority_reported_flag_used_as_review_signal_only"": true, ""current_candidacy"": {""candidacy_id"": ""can_c8bc5725b5515901a96bbe3db44511dd"", ""event_id"": ""ec-ge-43"", ""incumbent_reported"": true, ""source_detail"": ""https://www.elections.ca/res/rep/off/ovr2019app/51/data_donnees/pollresults_resultatsbureau35.zip""}, ""evidence_rule"": ""most_recent_prior_candidacy_elected_in_cycle_without_later_seat_winner"", ""prior_elected_candidacy"": {""candidacy_id"": ""can_2363f75d91ef51cea9969f289adcbcb6"", ""district_id"": ""dst_318428fd5bba5a75a4f2ec0ba8cd2e2b"", ""elected"": true, ""election_date"": ""2015-10-19"", ""event_id"": ""ec-ge-42"", ""source_detail"": ""https://www.elections.ca/res/rep/off/ovr2015app/41/data_donnees/pollresults_resultatsbureau35.zip""}, ""roster_reference"": {""dissolution_date"": ""2019-09-11"", ""reference_date"": ""2019-09-10"", ""source_url"": ""https://www.elections.ca/content.aspx?dir=rep/off/sta_ge43&document=p2&lang=e&section=res""}}"
ten_ead005fb514754228860555565f1c389,per_f560221dfe455207a9cc597093a3b671,ontario_legislative_assembly,mpp,dst_bbbfe77ead88539e8cc8bfb4ca43a6d7,,unknown,2011-09-06,at_or_after_reference,unknown,elections_ontario,https://results.elections.on.ca/api/report-groups/3/report-outputs/499/csv;https://results.elections.on.ca/api/report-groups/3/report-outputs/492/csv;https://results.elections.on.ca/api/report-groups/3/report-outputs/497/csv
ten_eba9276aa34f580a910292ddc535f700,per_0fbda58a4d4d53d2882886ec2ab57599,toronto_city_council,councillor,dst_cb8f4d514c36567389345a10287e90a0,2010-10-25,election_date,2014-10-27,at_or_after_reference,election,City of Toronto,"{""member_name"":""John Filion"",""rule"":""last_valid_council_composition_before_general_election"",""source"":""city_attendance"",""source_confidence"":0.95,""source_file"":""data/raw/council/attendance/councillors-meeting-attendance-2010-2014.csv""}"
ten_ec1c2a4de4bb5d33ae78318110ea8574,per_4569490f5d825a0ca8c7320b499d8090,toronto_city_council,councillor,dst_9288c6aab4795f139c7675b676e373d5,2022-10-24,election_date,2025-09-29,at_or_after_reference,election,City of Toronto,"{""event_id"":""evt_ca435dada07f5ed9b041b7c3d24de732"",""prior_candidacy"":{""candidacy_id"":""can_a2952161428d58a396a575a9854b7616"",""source_authority"":""Toronto City Clerk"",""source_detail"":""data/interim/results/2022/2022_Toronto_Poll_By_Poll_Councillor.xlsx"",""source_resource"":""Elections — Official Results""},""rule"":""certified_winner_since_latest_general_in_incomplete_by_election_roster""}"
ten_ed34c7b7a6e85896a465af2db1433929,per_fcfb1eb982c0574b83bb2ad0d48907db,canada_house_of_commons,mp,dst_9f60665d10bf5e8c868039ce5faa5068,2011-05-02,election_date,2015-08-01,at_or_after_reference,election,elections_canada,"{""authority_reported_flag_used_as_review_signal_only"": true, ""current_candidacy"": {""candidacy_id"": ""can_4617eebedad9513686591c93eca6f2c4"", ""event_id"": ""ec-ge-42"", ""incumbent_reported"": true, ""source_detail"": ""https://www.elections.ca/res/rep/off/ovr2015app/41/data_donnees/pollresults_resultatsbureau35.zip""}, ""evidence_rule"": ""most_recent_prior_candidacy_elected_in_cycle_without_later_seat_winner"", ""prior_elected_candidacy"": {""candidacy_id"": ""can_0dce801664e8534ba92913b65e71be8a"", ""district_id"": ""dst_9f60665d10bf5e8c868039ce5faa5068"", ""elected"": true, ""election_date"": ""2011-05-02"", ""event_id"": ""ec-ge-41"", ""source_detail"": ""https://www.elections.ca/scripts/OVR2011/34/data_donnees/pollresults_resultatsbureau35.zip""}, ""roster_reference"": {""dissolution_date"": ""2015-08-02"", ""reference_date"": ""2015-08-01"", ""source_url"": ""https://www.elections.ca/content.aspx?dir=rep/off/sta_2015&document=p2&lang=e&section=res""}}"
ten_ed9d662f61c354e0a0c41e781839a2e9,per_149f5bfb67c15086a1790fb82f99e49e,canada_house_of_commons,mp,dst_f5794c52ec5f50fca9ffc04fd7cc24d4,2004-06-28,election_date,2005-11-28,at_or_after_reference,election,elections_canada,"{""authority_reported_flag_used_as_review_signal_only"": true, ""current_candidacy"": {""candidacy_id"": ""can_2886fd5bb5d955b09f8bbd82a1378c94"", ""event_id"": ""ec-ge-39"", ""incumbent_reported"": true, ""source_detail"": ""https://www.elections.ca/Scripts/OVR2006/25/data_donnees/pollresults_resultatsbureau35.zip""}, ""evidence_rule"": ""most_recent_prior_candidacy_elected_in_cycle_without_later_seat_winner"", ""prior_elected_candidacy"": {""candidacy_id"": ""can_6655fcb05df35520bac05d789b479b7d"", ""district_id"": ""dst_f5794c52ec5f50fca9ffc04fd7cc24d4"", ""elected"": true, ""election_date"": ""2004-06-28"", ""event_id"": ""ec-ge-38"", ""source_detail"": ""https://www.elections.ca/scripts/OVR2004/23/data/ON.zip | summary enrichment: https://www.elections.ca/scripts/OVR2004/23/data/table12.csv""}, ""roster_reference"": {""dissolution_date"": ""2005-11-29"", ""reference_date"": ""2005-11-28"", ""source_url"": ""https://www.elections.ca/content.aspx?dir=rep/off/sta_2006&document=p2&lang=e&section=res""}}"
ten_eec0611bc95a5a6099bb277f956b607f,per_b3471e8be4765e51b0381303a6c7a36d,toronto_city_council,councillor,dst_13b8f4a8ddbd5f0c83aeb4276c97a385,2022-10-24,election_date,2023-11-30,at_or_after_reference,election,City of Toronto,"{""event_id"":""evt_ee5715a80b5a532c8b778d94f6b7c9b8"",""prior_candidacy"":{""candidacy_id"":""can_73ec5ac31ba8585b9b52e77fce07bc31"",""source_authority"":""Toronto City Clerk"",""source_detail"":""data/interim/results/2022/2022_Toronto_Poll_By_Poll_Councillor.xlsx"",""source_resource"":""Elections — Official Results""},""rule"":""certified_winner_since_latest_general_in_incomplete_by_election_roster""}"
ten_eed4d8779f0a5ab1bbf5e6ae99d7c2d6,per_ed310cf4a763521c84083f6712c1b26f,ontario_legislative_assembly,mpp,dst_ee677e2faa4d5ba7be1ddee079c8f10f,,unknown,2011-09-06,at_or_after_reference,unknown,elections_ontario,https://results.elections.on.ca/api/report-groups/3/report-outputs/499/csv;https://results.elections.on.ca/api/report-groups/3/report-outputs/492/csv;https://results.elections.on.ca/api/report-groups/3/report-outputs/497/csv
ten_eefca971f03b51afb33aaa62782454f8,per_f560221dfe455207a9cc597093a3b671,ontario_legislative_assembly,mpp,dst_bbbfe77ead88539e8cc8bfb4ca43a6d7,,unknown,2007-09-09,at_or_after_reference,unknown,elections_ontario,https://results.elections.on.ca/api/report-groups/4/report-outputs/510/csv;https://results.elections.on.ca/api/report-groups/4/report-outputs/503/csv;https://results.elections.on.ca/api/report-groups/4/report-outputs/508/csv
ten_ef8fd52f44ab5ca695db41e9261ac50b,per_d476ff1e2e605a88914636edbdfcb79a,toronto_city_council,councillor,dst_e45c4398760258f785214d7b514aafb1,2018-10-22,election_date,2021-01-15,at_or_after_reference,election,City of Toronto,"{""event_id"":""evt_50c15fe55fa753fba75abfada8da3c38"",""prior_candidacy"":{""candidacy_id"":""can_8c722fdcbad151f7a215974077dcdcbb"",""source_authority"":""Toronto City Clerk"",""source_detail"":""data/interim/results/2018/2018_Toronto_Poll_By_Poll_Councillor.xlsx"",""source_resource"":""Elections — Official Results""},""rule"":""certified_winner_since_latest_general_in_incomplete_by_election_roster""}"
ten_f052f9db5f6c5f61b04a47790c50fae8,per_ad293f1387af572cad45897886519bb6,toronto_city_council,mayor,dst_269ebab087895e5790e71568164f1865,2006-11-13,election_date,2010-10-25,at_or_after_reference,election,City of Toronto,"{""member_name"":""David Miller"",""rule"":""last_valid_council_composition_before_general_election"",""source"":""city_attendance"",""source_confidence"":0.95,""source_file"":""data/raw/council/attendance/councillors-meeting-attendance-2006-2010.csv""}"
ten_f13c916bf4ef5a8a9926855627268997,per_e190d202b89c56e7b8085751ce0c0370,toronto_city_council,councillor,dst_48f26a0b1b85566c934f7ab1a668978d,2003-11-10,election_date,2006-11-13,at_or_after_reference,election,City of Toronto,"{""entry_method"":""election"",""member_name"":""Glenn De Baeremaeker"",""rule"":""last_valid_council_composition_before_general_election"",""source"":""wikipedia"",""source_confidence"":0.85,""source_files"":[""data/reference/roster_agent_a.txt"",""data/reference/roster_agent_b.txt""]}"
ten_f1730fa8051757679e3cc00770815824,per_f67e1ad9cb6c5d86a1f3221621b33a9e,toronto_city_council,councillor,dst_bfe0a089e5f957399386ea186d3306ac,2006-11-13,election_date,2010-10-25,at_or_after_reference,election,City of Toronto,"{""member_name"":""Peter Milczyn"",""rule"":""last_valid_council_composition_before_general_election"",""source"":""city_attendance"",""source_confidence"":0.95,""source_file"":""data/raw/council/attendance/councillors-meeting-attendance-2006-2010.csv""}"
ten_f1c1068c87ad5bc4bacffd62d6c98b11,per_6fca90a21d2a5ecb9adafdac257e7a03,ontario_legislative_assembly,mpp,dst_84631c439c095f0da9af8336062e8ab5,,unknown,2014-05-01,at_or_after_reference,unknown,elections_ontario,https://results.elections.on.ca/api/report-groups/2/report-outputs/488/csv;https://results.elections.on.ca/api/report-groups/2/report-outputs/481/csv;https://results.elections.on.ca/api/report-groups/2/report-outputs/486/csv
ten_f27b43516bb85974b7ff2bebdede00e5,per_edecabd8d350592d805ade3e15a65d99,ontario_legislative_assembly,mpp,dst_0caaa3d0d295524bbdbf889f9e71b2b4,,unknown,2014-05-01,at_or_after_reference,unknown,elections_ontario,https://results.elections.on.ca/api/report-groups/2/report-outputs/488/csv;https://results.elections.on.ca/api/report-groups/2/report-outputs/481/csv;https://results.elections.on.ca/api/report-groups/2/report-outputs/486/csv
ten_f2b82e2922dd5c50a8b20c2317aefbcc,per_9acc8974326f5bdea2e04cb49e8ad638,toronto_city_council,councillor,,,unknown,2018-10-22,at_or_after_reference,unknown,City of Toronto,"{""member_name"":""Michelle Holland"",""rule"":""last_valid_council_composition_before_general_election"",""source"":""city_attendance"",""source_confidence"":0.95,""source_file"":""data/raw/council/attendance/councillors-meeting-attendance-2014-2018.csv""}"
ten_f2fe4a9e83a555ef8ff910ae1cc5c285,per_d476ff1e2e605a88914636edbdfcb79a,toronto_city_council,councillor,dst_9613494c01b95010bd5287ef1669e3c3,2010-10-25,election_date,2014-10-27,at_or_after_reference,election,City of Toronto,"{""member_name"":""Frances Nunziata"",""rule"":""last_valid_council_composition_before_general_election"",""source"":""city_attendance"",""source_confidence"":0.95,""source_file"":""data/raw/council/attendance/councillors-meeting-attendance-2010-2014.csv""}"
ten_f346bf309d02523e9d643b804ec3da2e,per_5ad561f7b828508d9ca69637e1c8ffd3,canada_house_of_commons,mp,dst_ec7099a5f12a56dba3805f2ecfcf3f25,2004-06-28,election_date,2005-11-28,at_or_after_reference,election,elections_canada,"{""authority_reported_flag_used_as_review_signal_only"": true, ""current_candidacy"": {""candidacy_id"": ""can_f0db7cf58ab95382866242d81c72c6d6"", ""event_id"": ""ec-ge-39"", ""incumbent_reported"": true, ""source_detail"": ""https://www.elections.ca/Scripts/OVR2006/25/data_donnees/pollresults_resultatsbureau35.zip""}, ""evidence_rule"": ""most_recent_prior_candidacy_elected_in_cycle_without_later_seat_winner"", ""prior_elected_candidacy"": {""candidacy_id"": ""can_a59398488a5e501aa05ae173aa8a67e1"", ""district_id"": ""dst_ec7099a5f12a56dba3805f2ecfcf3f25"", ""elected"": true, ""election_date"": ""2004-06-28"", ""event_id"": ""ec-ge-38"", ""source_detail"": ""https://www.elections.ca/scripts/OVR2004/23/data/ON.zip | summary enrichment: https://www.elections.ca/scripts/OVR2004/23/data/table12.csv""}, ""roster_reference"": {""dissolution_date"": ""2005-11-29"", ""reference_date"": ""2005-11-28"", ""source_url"": ""https://www.elections.ca/content.aspx?dir=rep/off/sta_2006&document=p2&lang=e&section=res""}}"
ten_f38089d2dccb5724ba8f5ba380d49a82,per_e190d202b89c56e7b8085751ce0c0370,toronto_city_council,councillor,dst_48f26a0b1b85566c934f7ab1a668978d,2014-10-27,election_date,2017-02-13,at_or_after_reference,election,City of Toronto,"{""event_id"":""evt_b8284a5341635f79babdf7ddc512c2f6"",""prior_candidacy"":{""candidacy_id"":""can_4db5ff0e51715d63897aa99429aa66ac"",""source_authority"":""Toronto City Clerk"",""source_detail"":""data/interim/results/2014/COUNCILLOR.xls"",""source_resource"":""Elections — Official Results""},""rule"":""certified_winner_since_latest_general_in_incomplete_by_election_roster""}"
ten_f3c6ecd362a45f9696d2118e84e7e61c,per_3f72f66a6a385b0eae3279e7de8d12a0,toronto_city_council,councillor,dst_12048d7958395aa296f47b0f7a4c315f,2018-10-22,election_date,2021-01-15,at_or_after_reference,election,City of Toronto,"{""event_id"":""evt_50c15fe55fa753fba75abfada8da3c38"",""prior_candidacy"":{""candidacy_id"":""can_56769676131c5f708884abdfea79deef"",""source_authority"":""Toronto City Clerk"",""source_detail"":""data/interim/results/2018/2018_Toronto_Poll_By_Poll_Councillor.xlsx"",""source_resource"":""Elections — Official Results""},""rule"":""certified_winner_since_latest_general_in_incomplete_by_election_roster""}"
ten_f40679efa10f5e69b53a5b3f531056d4,per_2058e961126e5e8499b3ea8046068164,toronto_city_council,councillor,dst_6dbcacb473285d91bc3f4bd0e06d4d63,2006-11-13,election_date,2010-10-25,at_or_after_reference,election,City of Toronto,"{""member_name"":""Adam Giambrone"",""rule"":""last_valid_council_composition_before_general_election"",""source"":""city_attendance"",""source_confidence"":0.95,""source_file"":""data/raw/council/attendance/councillors-meeting-attendance-2006-2010.csv""}"
ten_f4dda779432b57d99d84da2323acb9f5,per_a39385ec8fc65555a86f30b50d338a33,toronto_city_council,councillor,dst_d74a992f3f3e5403b0f18e278453428c,2014-10-27,election_date,2018-10-22,at_or_after_reference,election,City of Toronto,"{""member_name"":""Maria Augimeri"",""rule"":""last_valid_council_composition_before_general_election"",""source"":""city_attendance"",""source_confidence"":0.95,""source_file"":""data/raw/council/attendance/councillors-meeting-attendance-2014-2018.csv""}"
ten_f566ba5af3da52ab95977d20cfe87b06,per_c0e1c9bb6045570b873969e4c462da62,toronto_city_council,councillor,dst_1b5001335c0158b28e0c461fc8d32fd5,2014-10-27,election_date,2017-02-13,at_or_after_reference,election,City of Toronto,"{""event_id"":""evt_b8284a5341635f79babdf7ddc512c2f6"",""prior_candidacy"":{""candidacy_id"":""can_2f7d5d43e5c958a598ed4b02de07da90"",""source_authority"":""Toronto City Clerk"",""source_detail"":""data/interim/results/2014/COUNCILLOR.xls"",""source_resource"":""Elections — Official Results""},""rule"":""certified_winner_since_latest_general_in_incomplete_by_election_roster""}"
ten_f594528b60e657d39fab3dde46bdc3f9,per_fb6a517ea8b55026b7d6afdf59820e53,toronto_city_council,councillor,dst_0f93f253dfbb539ab9479b9040f2574b,2022-10-24,election_date,2025-09-29,at_or_after_reference,election,City of Toronto,"{""event_id"":""evt_ca435dada07f5ed9b041b7c3d24de732"",""prior_candidacy"":{""candidacy_id"":""can_933ed8a454ba5127a1f53e6f4b508546"",""source_authority"":""Toronto City Clerk"",""source_detail"":""data/interim/results/2022/2022_Toronto_Poll_By_Poll_Councillor.xlsx"",""source_resource"":""Elections — Official Results""},""rule"":""certified_winner_since_latest_general_in_incomplete_by_election_roster""}"
ten_f5b51cf39577577699821a5c23131165,per_1595883add5a5e7abb1bcdde1e768611,toronto_city_council,councillor,dst_75067961943e50e7bc3befec65166ee1,2003-11-10,election_date,2018-10-22,at_or_after_reference,election,City of Toronto,"{""member_name"":""Norman Kelly"",""rule"":""last_valid_council_composition_before_general_election"",""source"":""city_attendance"",""source_confidence"":0.95,""source_file"":""data/raw/council/attendance/councillors-meeting-attendance-2014-2018.csv""}"
ten_f5d0444872d2583cacbed43c1d33f4e8,per_247212de46b050cda328eb649ffaf5d3,toronto_city_council,councillor,,,unknown,2003-11-10,at_or_after_reference,election,City of Toronto,"{""entry_method"":""election"",""member_name"":""Joe Mihevc"",""rule"":""last_valid_council_composition_before_general_election"",""source"":""wikipedia"",""source_confidence"":0.85,""source_files"":[""data/reference/roster_agent_a.txt"",""data/reference/roster_agent_b.txt""]}"
ten_f5f25f058a755e939060a5e60b05aa8b,per_19dc2d74394f53058376f79485db68e8,toronto_city_council,councillor,dst_65a81c104a8c5c0194e7fee5f09545d3,2017-02-13,election_date,2018-10-22,at_or_after_reference,election,City of Toronto,"{""member_name"":""Neethan Shan"",""rule"":""last_valid_council_composition_before_general_election"",""source"":""city_attendance"",""source_confidence"":0.95,""source_file"":""data/raw/council/attendance/councillors-meeting-attendance-2014-2018.csv""}"
ten_f601c1a1b37e59c6bd233730734ebf47,per_149f5bfb67c15086a1790fb82f99e49e,canada_house_of_commons,mp,dst_a06da571594557dfbebbcad2f934b2fb,2019-10-21,election_date,2021-08-14,at_or_after_reference,election,elections_canada,"{""authority_reported_flag_used_as_review_signal_only"": true, ""current_candidacy"": {""candidacy_id"": ""can_0b35e15f84ef59c3b1833193d58d372e"", ""event_id"": ""ec-ge-44"", ""incumbent_reported"": true, ""source_detail"": ""https://www.elections.ca/res/rep/off/ovr2021app/53/data_donnees/pollresults_resultatsbureau35.zip""}, ""evidence_rule"": ""most_recent_prior_candidacy_elected_in_cycle_without_later_seat_winner"", ""prior_elected_candidacy"": {""candidacy_id"": ""can_b4d73eb7961e5845bbe49dfecb17d849"", ""district_id"": ""dst_a06da571594557dfbebbcad2f934b2fb"", ""elected"": true, ""election_date"": ""2019-10-21"", ""event_id"": ""ec-ge-43"", ""source_detail"": ""https://www.elections.ca/res/rep/off/ovr2019app/51/data_donnees/pollresults_resultatsbureau35.zip""}, ""roster_reference"": {""dissolution_date"": ""2021-08-15"", ""reference_date"": ""2021-08-14"", ""source_url"": ""https://www.elections.ca/content.aspx?dir=rep/off/sta_ge44&document=p2&lang=e&section=res""}}"
ten_f6024a621034555eb2260b2bde3bd3fc,per_c0e1c9bb6045570b873969e4c462da62,toronto_city_council,councillor,dst_1b5001335c0158b28e0c461fc8d32fd5,2006-11-13,election_date,2010-10-25,at_or_after_reference,election,City of Toronto,"{""member_name"":""Paul Ainslie"",""rule"":""last_valid_council_composition_before_general_election"",""source"":""city_attendance"",""source_confidence"":0.95,""source_file"":""data/raw/council/attendance/councillors-meeting-attendance-2006-2010.csv""}"
ten_f6098bfc251058c1b54e9e2ed8752ad8,per_5d4ed9a602615789a5ed8bde2ae82e62,toronto_city_council,councillor,dst_87d79f1462925e15ab3b2530ba681b50,2006-11-13,election_date,2010-10-25,at_or_after_reference,election,City of Toronto,"{""member_name"":""Mike Del Grande"",""rule"":""last_valid_council_composition_before_general_election"",""source"":""city_attendance"",""source_confidence"":0.95,""source_file"":""data/raw/council/attendance/councillors-meeting-attendance-2006-2010.csv""}"
ten_f614a4a62f545e22bcc763a797176aed,per_3e52aa435eb8566fb37510ab305dff54,toronto_city_council,councillor,dst_fdb0ec21f126579eb091e27d38a9b9c8,2014-10-27,election_date,2016-07-25,at_or_after_reference,election,City of Toronto,"{""event_id"":""evt_552c4874312956ae84afbbc5ee91b0f7"",""prior_candidacy"":{""candidacy_id"":""can_6ebe75a5cece5e6bba8e7db840d07b8c"",""source_authority"":""Toronto City Clerk"",""source_detail"":""data/interim/results/2014/COUNCILLOR.xls"",""source_resource"":""Elections — Official Results""},""rule"":""certified_winner_since_latest_general_in_incomplete_by_election_roster""}"
ten_f62be68450365c728dc61da5d134e408,per_4ba452117bb35c6f8947a0fdf033ad53,toronto_city_council,councillor,dst_ea407e9a03df5ef2bee0d7950b9d2b8f,2014-10-27,election_date,2018-10-22,at_or_after_reference,election,City of Toronto,"{""member_name"":""Sarah Doucette"",""rule"":""last_valid_council_composition_before_general_election"",""source"":""city_attendance"",""source_confidence"":0.95,""source_file"":""data/raw/council/attendance/councillors-meeting-attendance-2014-2018.csv""}"
ten_f636b6455c8f5927aed48e6171f71a5c,per_3f72f66a6a385b0eae3279e7de8d12a0,toronto_city_council,councillor,dst_837f66e6bedf5a759e23b36ee0594137,2010-10-25,election_date,2014-10-27,at_or_after_reference,election,City of Toronto,"{""member_name"":""James Pasternak"",""rule"":""last_valid_council_composition_before_general_election"",""source"":""city_attendance"",""source_confidence"":0.95,""source_file"":""data/raw/council/attendance/councillors-meeting-attendance-2010-2014.csv""}"
ten_f6d4ed9ef9ac5c9ab950d56a44924097,per_be3398f5eb7d52188e436eb7b1981a97,canada_house_of_commons,mp,dst_785f283b3f18541f910909c0aa9950ad,2006-01-23,election_date,2008-09-06,at_or_after_reference,election,elections_canada,"{""authority_reported_flag_used_as_review_signal_only"": true, ""current_candidacy"": {""candidacy_id"": ""can_7213e595e11f502b9569c4debd20c697"", ""event_id"": ""ec-ge-40"", ""incumbent_reported"": true, ""source_detail"": ""https://www.elections.ca/scripts/OVR2008/31/data/pollresults_resultatsbureau35.zip""}, ""evidence_rule"": ""most_recent_prior_candidacy_elected_in_cycle_without_later_seat_winner"", ""prior_elected_candidacy"": {""candidacy_id"": ""can_d37bd92dc2585b22852e7ebfc6989c22"", ""district_id"": ""dst_785f283b3f18541f910909c0aa9950ad"", ""elected"": true, ""election_date"": ""2006-01-23"", ""event_id"": ""ec-ge-39"", ""source_detail"": ""https://www.elections.ca/Scripts/OVR2006/25/data_donnees/pollresults_resultatsbureau35.zip""}, ""roster_reference"": {""dissolution_date"": ""2008-09-07"", ""reference_date"": ""2008-09-06"", ""source_url"": ""https://www.elections.ca/content.aspx?dir=rep/off/sta_2008&document=p2&lang=e&section=res""}}"
ten_f6df8e83195555afaef55dc9dc67337d,per_89c892f4852f57deae6f2c4bf5a1e39f,toronto_city_council,councillor,dst_49374cc451b65963a30ef206383a4114,2006-11-13,election_date,2010-10-25,at_or_after_reference,election,City of Toronto,"{""member_name"":""John Parker"",""rule"":""last_valid_council_composition_before_general_election"",""source"":""city_attendance"",""source_confidence"":0.95,""source_file"":""data/raw/council/attendance/councillors-meeting-attendance-2006-2010.csv""}"
ten_f74a11d7112f597596ecc1a2f4554e9d,per_59e8fc21d73350fa9478b0f8dbb2c7cb,ontario_legislative_assembly,mpp,dst_a362943345ae5b3eb28a0df96fe50b91,,unknown,2018-05-07,at_or_after_reference,unknown,elections_ontario,https://results.elections.on.ca/api/report-groups/1/report-outputs/932/csv;https://results.elections.on.ca/api/report-groups/1/report-outputs/925/csv;https://results.elections.on.ca/api/report-groups/1/report-outputs/930/csv
ten_f77cca9f44f959e3a3bf5015d991f2c8,per_d8dfddfb642358e299f4b428292666bf,toronto_city_council,councillor,dst_458e8491e170588bbf807d32471358de,2018-10-22,election_date,2021-01-15,at_or_after_reference,election,City of Toronto,"{""event_id"":""evt_50c15fe55fa753fba75abfada8da3c38"",""prior_candidacy"":{""candidacy_id"":""can_aeb469c9e30b5f37a4f25f6a757d2ca4"",""source_authority"":""Toronto City Clerk"",""source_detail"":""data/interim/results/2018/2018_Toronto_Poll_By_Poll_Councillor.xlsx"",""source_resource"":""Elections — Official Results""},""rule"":""certified_winner_since_latest_general_in_incomplete_by_election_roster""}"
ten_f7c225470bc65cfd9e4d50bc3b04f97b,per_87efbe376bd65a3cb9cecc821dec0081,canada_house_of_commons,mp,dst_318428fd5bba5a75a4f2ec0ba8cd2e2b,2019-10-21,election_date,2021-08-14,at_or_after_reference,election,elections_canada,"{""authority_reported_flag_used_as_review_signal_only"": true, ""current_candidacy"": {""candidacy_id"": ""can_919cdd55cb4d5df49060108e22008a24"", ""event_id"": ""ec-ge-44"", ""incumbent_reported"": true, ""source_detail"": ""https://www.elections.ca/res/rep/off/ovr2021app/53/data_donnees/pollresults_resultatsbureau35.zip""}, ""evidence_rule"": ""most_recent_prior_candidacy_elected_in_cycle_without_later_seat_winner"", ""prior_elected_candidacy"": {""candidacy_id"": ""can_c8bc5725b5515901a96bbe3db44511dd"", ""district_id"": ""dst_318428fd5bba5a75a4f2ec0ba8cd2e2b"", ""elected"": true, ""election_date"": ""2019-10-21"", ""event_id"": ""ec-ge-43"", ""source_detail"": ""https://www.elections.ca/res/rep/off/ovr2019app/51/data_donnees/pollresults_resultatsbureau35.zip""}, ""roster_reference"": {""dissolution_date"": ""2021-08-15"", ""reference_date"": ""2021-08-14"", ""source_url"": ""https://www.elections.ca/content.aspx?dir=rep/off/sta_ge44&document=p2&lang=e&section=res""}}"
ten_f7cd0502ca395a3aa91dc34f4d1f0372,per_af6a15e2bea65331bd90c95def47f62f,ontario_legislative_assembly,mpp,dst_9d44b274735f502a8f34417baaf9d6ef,,unknown,2007-09-09,at_or_after_reference,unknown,elections_ontario,https://results.elections.on.ca/api/report-groups/4/report-outputs/510/csv;https://results.elections.on.ca/api/report-groups/4/report-outputs/503/csv;https://results.elections.on.ca/api/report-groups/4/report-outputs/508/csv
ten_f7cf3440e0e55b5dbfcd25e4ab885af6,per_b8d0336603b4526bb182e6df53d7c22d,canada_house_of_commons,mp,dst_43c826d785975637a9d02ce9b68dee05,2021-09-20,election_date,2025-03-22,at_or_after_reference,election,elections_canada,"{""authority_reported_flag_used_as_review_signal_only"": true, ""current_candidacy"": {""candidacy_id"": ""can_2124238d72a051d9b6e451ce4748ad76"", ""event_id"": ""ec-ge-45"", ""incumbent_reported"": true, ""source_detail"": ""https://www.elections.ca/res/rep/off/ovrGE45/62/data_donnees/pollresults_resultatsbureau35.zip""}, ""evidence_rule"": ""most_recent_prior_candidacy_elected_in_cycle_without_later_seat_winner"", ""prior_elected_candidacy"": {""candidacy_id"": ""can_336900d992cc5b438103584b9e037f10"", ""district_id"": ""dst_43c826d785975637a9d02ce9b68dee05"", ""elected"": true, ""election_date"": ""2021-09-20"", ""event_id"": ""ec-ge-44"", ""source_detail"": ""https://www.elections.ca/res/rep/off/ovr2021app/53/data_donnees/pollresults_resultatsbureau35.zip""}, ""roster_reference"": {""dissolution_date"": ""2025-03-23"", ""reference_date"": ""2025-03-22"", ""source_url"": ""https://www.elections.ca/content.aspx?dir=rep/off/sta_ge45&document=for&lang=e&section=res""}}"
ten_f874f87950075447b03d3d37c9308ced,per_db35a09069a35a3a84a9eb0d0223ac9b,toronto_city_council,councillor,dst_70f47265fe9155489a0e1f3af81f7a94,2006-11-13,election_date,2010-10-25,at_or_after_reference,election,City of Toronto,"{""member_name"":""David Shiner"",""rule"":""last_valid_council_composition_before_general_election"",""source"":""city_attendance"",""source_confidence"":0.95,""source_file"":""data/raw/council/attendance/councillors-meeting-attendance-2006-2010.csv""}"
ten_fabc6a9e71f35c9a9f290189f5f2e971,per_d4bb25c4053f5c59840f117e87f63ab6,toronto_city_council,councillor,dst_c54d7cc2856d5e38bc39e904803b5e87,2014-10-27,election_date,2017-02-13,at_or_after_reference,election,City of Toronto,"{""event_id"":""evt_b8284a5341635f79babdf7ddc512c2f6"",""prior_candidacy"":{""candidacy_id"":""can_e99a2609a62e54cda99754cc90c5fa9c"",""source_authority"":""Toronto City Clerk"",""source_detail"":""data/interim/results/2014/COUNCILLOR.xls"",""source_resource"":""Elections — Official Results""},""rule"":""certified_winner_since_latest_general_in_incomplete_by_election_roster""}"
ten_fb1fb2b6b9895a948d5e6bf9b92b8cc8,per_fdb016b9905751f7b5b463a1579e4e96,ontario_legislative_assembly,mpp,dst_58ab9dd9fc295916800f52359f5983f3,,unknown,2011-09-06,at_or_after_reference,unknown,elections_ontario,https://results.elections.on.ca/api/report-groups/3/report-outputs/499/csv;https://results.elections.on.ca/api/report-groups/3/report-outputs/492/csv;https://results.elections.on.ca/api/report-groups/3/report-outputs/497/csv
ten_fbb249dca0765b7da7c1560cee11f55a,per_33d6e2b27ccc5a80a8ab679c25df5526,canada_house_of_commons,mp,dst_ba53feb75e295515a7fec976395f12a8,2011-05-02,election_date,2015-08-01,at_or_after_reference,election,elections_canada,"{""authority_reported_flag_used_as_review_signal_only"": true, ""current_candidacy"": {""candidacy_id"": ""can_c46422b9e7315242ad5470d0cc994dd6"", ""event_id"": ""ec-ge-42"", ""incumbent_reported"": true, ""source_detail"": ""https://www.elections.ca/res/rep/off/ovr2015app/41/data_donnees/pollresults_resultatsbureau35.zip""}, ""evidence_rule"": ""most_recent_prior_candidacy_elected_in_cycle_without_later_seat_winner"", ""prior_elected_candidacy"": {""candidacy_id"": ""can_99f8f85300535c3eaa4a7a630ef44363"", ""district_id"": ""dst_ba53feb75e295515a7fec976395f12a8"", ""elected"": true, ""election_date"": ""2011-05-02"", ""event_id"": ""ec-ge-41"", ""source_detail"": ""https://www.elections.ca/scripts/OVR2011/34/data_donnees/pollresults_resultatsbureau35.zip""}, ""roster_reference"": {""dissolution_date"": ""2015-08-02"", ""reference_date"": ""2015-08-01"", ""source_url"": ""https://www.elections.ca/content.aspx?dir=rep/off/sta_2015&document=p2&lang=e&section=res""}}"
ten_fbfa3d4488925ca98cbd1981768d4199,per_c0e1c9bb6045570b873969e4c462da62,toronto_city_council,councillor,dst_0839fc3522805fceb1fc4eb0bf070465,2018-10-22,election_date,2022-10-24,at_or_after_reference,election,City of Toronto,"{""member_name"":""Paul Ainslie"",""rule"":""last_valid_council_composition_before_general_election"",""source"":""city_attendance"",""source_confidence"":0.95,""source_file"":""data/raw/council/attendance/councillors-meeting-attendance-2018-2022.csv""}"
ten_fc2b9f50a8c2575581b837b197e3d769,per_cacdaf09421e5b0e98d0138141449f29,toronto_city_council,councillor,dst_d3b1245f009c5cb48950c9825eb219ee,2014-10-27,election_date,2016-07-25,at_or_after_reference,election,City of Toronto,"{""event_id"":""evt_552c4874312956ae84afbbc5ee91b0f7"",""prior_candidacy"":{""candidacy_id"":""can_96f21a337879501a940a9d83c4c2cca3"",""source_authority"":""Toronto City Clerk"",""source_detail"":""data/interim/results/2014/COUNCILLOR.xls"",""source_resource"":""Elections — Official Results""},""rule"":""certified_winner_since_latest_general_in_incomplete_by_election_roster""}"
ten_fc50946ec2695f6c8075f3c3d75784b4,per_2fb6471dcbf154d8b6ce816e8cf7fdd7,toronto_city_council,councillor,dst_cbc5fa1093f05782bf1df8718d039d95,2014-10-27,election_date,2017-02-13,at_or_after_reference,election,City of Toronto,"{""event_id"":""evt_b8284a5341635f79babdf7ddc512c2f6"",""prior_candidacy"":{""candidacy_id"":""can_0cfdf019986053d3b8d100be96affc39"",""source_authority"":""Toronto City Clerk"",""source_detail"":""data/interim/results/2014/COUNCILLOR.xls"",""source_resource"":""Elections — Official Results""},""rule"":""certified_winner_since_latest_general_in_incomplete_by_election_roster""}"
ten_fc8c6cd464925d9696ca165bbce83172,per_f98d57bac1e0594796b01f0566410605,ontario_legislative_assembly,mpp,dst_815ad534273451928b8aac68b26c7cad,,unknown,2007-09-09,at_or_after_reference,unknown,elections_ontario,https://results.elections.on.ca/api/report-groups/4/report-outputs/510/csv;https://results.elections.on.ca/api/report-groups/4/report-outputs/503/csv;https://results.elections.on.ca/api/report-groups/4/report-outputs/508/csv
ten_fc9b061ea16952a491a9dd9441e9f5b9,per_0fbda58a4d4d53d2882886ec2ab57599,toronto_city_council,councillor,dst_ecad4be4655e5612bff68d3d4de3f8e1,2018-10-22,election_date,2022-10-24,at_or_after_reference,election,City of Toronto,"{""member_name"":""John Filion"",""rule"":""last_valid_council_composition_before_general_election"",""source"":""city_attendance"",""source_confidence"":0.95,""source_file"":""data/raw/council/attendance/councillors-meeting-attendance-2018-2022.csv""}"
ten_fcb0c38a98ff52fbbd27df4a5f3cdf99,per_5f9ff0988c5d5bb8aa289e250cd144b0,canada_house_of_commons,mp,dst_f9f2054a899f5b29903afdeb23e753a7,2008-10-14,election_date,2011-03-25,at_or_after_reference,election,elections_canada,"{""authority_reported_flag_used_as_review_signal_only"": true, ""current_candidacy"": {""candidacy_id"": ""can_a408b60c67185dfdaf1f85fac641b969"", ""event_id"": ""ec-ge-41"", ""incumbent_reported"": true, ""source_detail"": ""https://www.elections.ca/scripts/OVR2011/34/data_donnees/pollresults_resultatsbureau35.zip""}, ""evidence_rule"": ""most_recent_prior_candidacy_elected_in_cycle_without_later_seat_winner"", ""prior_elected_candidacy"": {""candidacy_id"": ""can_84d0e456011e5c9295850b62e914f003"", ""district_id"": ""dst_f9f2054a899f5b29903afdeb23e753a7"", ""elected"": true, ""election_date"": ""2008-10-14"", ""event_id"": ""ec-ge-40"", ""source_detail"": ""https://www.elections.ca/scripts/OVR2008/31/data/pollresults_resultatsbureau35.zip""}, ""roster_reference"": {""dissolution_date"": ""2011-03-26"", ""reference_date"": ""2011-03-25"", ""source_url"": ""https://www.elections.ca/res/rep/off/sta_2011/stat_report2011_e.pdf""}}"
ten_fce64440eec55cfd879779b5eeaba101,per_f4c7c3bbb0985a41aee8ae58c46b2126,toronto_city_council,councillor,dst_ed645d04bcf55406ba30df00b1b967c9,2006-11-13,election_date,2010-10-25,at_or_after_reference,election,City of Toronto,"{""member_name"":""Michael Walker"",""rule"":""last_valid_council_composition_before_general_election"",""source"":""city_attendance"",""source_confidence"":0.95,""source_file"":""data/raw/council/attendance/councillors-meeting-attendance-2006-2010.csv""}"
ten_fd3777234d295699a5ddb770a0202010,per_6254d5a51a3a57ca9c25f2741efa7eb3,ontario_legislative_assembly,mpp,dst_3f32bbad1c0b5c299b819d8f0bced773,,unknown,2007-09-09,at_or_after_reference,unknown,elections_ontario,https://results.elections.on.ca/api/report-groups/4/report-outputs/510/csv;https://results.elections.on.ca/api/report-groups/4/report-outputs/503/csv;https://results.elections.on.ca/api/report-groups/4/report-outputs/508/csv
ten_fe1e3e6b45b45d84944f9c9595d9e579,per_4238a9a971965995ac6c577c126f8161,toronto_city_council,councillor,dst_d6f718dc7baf5a049ce2db0a4fb65974,2006-11-13,election_date,2010-10-25,at_or_after_reference,election,City of Toronto,"{""member_name"":""Shelley Carroll"",""rule"":""last_valid_council_composition_before_general_election"",""source"":""city_attendance"",""source_confidence"":0.95,""source_file"":""data/raw/council/attendance/councillors-meeting-attendance-2006-2010.csv""}"
ten_fe23f008d6435ea4bf6856c7049abeb3,per_adfe5092c7875038b2a2a47101b7023c,ontario_legislative_assembly,mpp,dst_d51ef5cacc3c575cb40e90080f014617,,unknown,2022-05-02,at_or_after_reference,unknown,elections_ontario,https://results.elections.on.ca/api/report-groups/45/report-outputs/1050/csv;https://results.elections.on.ca/api/report-groups/45/report-outputs/1043/csv;https://results.elections.on.ca/api/report-groups/45/report-outputs/1048/csv
ten_fe3af15315745e468b3aaf3d8d0a9b35,per_1595883add5a5e7abb1bcdde1e768611,toronto_city_council,councillor,dst_75067961943e50e7bc3befec65166ee1,2014-10-27,election_date,2017-02-13,at_or_after_reference,election,City of Toronto,"{""event_id"":""evt_b8284a5341635f79babdf7ddc512c2f6"",""prior_candidacy"":{""candidacy_id"":""can_397f372cc6d15e01a3a8dd86c2659956"",""source_authority"":""Toronto City Clerk"",""source_detail"":""data/interim/results/2014/COUNCILLOR.xls"",""source_resource"":""Elections — Official Results""},""rule"":""certified_winner_since_latest_general_in_incomplete_by_election_roster""}"
ten_fe4d588b41495d3db4d7ca36461bd7f7,per_21ab1613f1c058e48024d7074b3966c5,canada_house_of_commons,mp,dst_c2bfdfdeb1c35e558a986cd033434806,2021-09-20,election_date,2025-03-22,at_or_after_reference,election,elections_canada,"{""authority_reported_flag_used_as_review_signal_only"": true, ""current_candidacy"": {""candidacy_id"": ""can_8c5ac8ffd8fb52a88773e667d1404b20"", ""event_id"": ""ec-ge-45"", ""incumbent_reported"": false, ""source_detail"": ""https://www.elections.ca/res/rep/off/ovrGE45/62/data_donnees/pollresults_resultatsbureau35.zip""}, ""evidence_rule"": ""most_recent_prior_candidacy_elected_in_cycle_without_later_seat_winner"", ""prior_elected_candidacy"": {""candidacy_id"": ""can_7c9848520cb2574a936627b26de0fdc5"", ""district_id"": ""dst_c2bfdfdeb1c35e558a986cd033434806"", ""elected"": true, ""election_date"": ""2021-09-20"", ""event_id"": ""ec-ge-44"", ""source_detail"": ""https://www.elections.ca/res/rep/off/ovr2021app/53/data_donnees/pollresults_resultatsbureau35.zip""}, ""roster_reference"": {""dissolution_date"": ""2025-03-23"", ""reference_date"": ""2025-03-22"", ""source_url"": ""https://www.elections.ca/content.aspx?dir=rep/off/sta_ge45&document=for&lang=e&section=res""}}"
ten_fe781c3c7b155713b686d9dea1e556b7,per_18786ecd2dc7506794ac10340a5f68f6,toronto_city_council,councillor,dst_388c245b76105b2ab99da1f16784e7b8,2014-10-27,election_date,2017-02-13,at_or_after_reference,election,City of Toronto,"{""event_id"":""evt_b8284a5341635f79babdf7ddc512c2f6"",""prior_candidacy"":{""candidacy_id"":""can_0f0b829f62e85c3594446f9eda050784"",""source_authority"":""Toronto City Clerk"",""source_detail"":""data/interim/results/2014/COUNCILLOR.xls"",""source_resource"":""Elections — Official Results""},""rule"":""certified_winner_since_latest_general_in_incomplete_by_election_roster""}"
ten_fec44fe5af625f24b8104d810a54c067,per_b565750840aa5f1d9985bd60de6c423c,toronto_city_council,councillor,dst_65a81c104a8c5c0194e7fee5f09545d3,2014-10-27,election_date,2017-02-13,at_or_after_reference,election,City of Toronto,"{""event_id"":""evt_b8284a5341635f79babdf7ddc512c2f6"",""prior_candidacy"":{""candidacy_id"":""can_9a9fedcc800858c0a0006939568cc607"",""source_authority"":""Toronto City Clerk"",""source_detail"":""data/interim/results/2014/COUNCILLOR.xls"",""source_resource"":""Elections — Official Results""},""rule"":""certified_winner_since_latest_general_in_incomplete_by_election_roster""}"
ten_ff2bee07d3c05eca9b05e09cfdc9a30d,per_f560221dfe455207a9cc597093a3b671,toronto_city_council,councillor,dst_697cda341b945f989c5a4ef65d14e5c1,2022-10-24,election_date,2025-09-29,at_or_after_reference,election,City of Toronto,"{""event_id"":""evt_ca435dada07f5ed9b041b7c3d24de732"",""prior_candidacy"":{""candidacy_id"":""can_1c713059ec0357ccb3294d4ec433ba51"",""source_authority"":""Toronto City Clerk"",""source_detail"":""data/interim/results/2022/2022_Toronto_Poll_By_Poll_Councillor.xlsx"",""source_resource"":""Elections — Official Results""},""rule"":""certified_winner_since_latest_general_in_incomplete_by_election_roster""}"
ten_ff4e864b747e5024ad78b210ba8cee20,per_5a7ce90ce04b51bda92cea74556efcd7,toronto_city_council,councillor,,,unknown,2014-10-27,at_or_after_reference,appointment,City of Toronto,"{""entry_method"":""appointment"",""last_holder_reconciliation"":{""former_member"":""Peter Milczyn"",""last_holder"":""James Maloney"",""source"":""https://www.toronto.ca/legdocs/mmis/2015/ex/bgrd/backgroundfile-78750.pdf""},""member_name"":""James Maloney"",""rule"":""last_valid_council_composition_before_general_election"",""source"":""city_voting"",""source_confidence"":0.9,""source_file"":""data/raw/council/voting/member-voting-record-2010-2014.csv""}"
ten_ff86ff208dd051dba79a8927a4163997,per_f560221dfe455207a9cc597093a3b671,toronto_city_council,councillor,dst_697cda341b945f989c5a4ef65d14e5c1,2022-10-24,election_date,2023-11-30,at_or_after_reference,election,City of Toronto,"{""event_id"":""evt_ee5715a80b5a532c8b778d94f6b7c9b8"",""prior_candidacy"":{""candidacy_id"":""can_1c713059ec0357ccb3294d4ec433ba51"",""source_authority"":""Toronto City Clerk"",""source_detail"":""data/interim/results/2022/2022_Toronto_Poll_By_Poll_Councillor.xlsx"",""source_resource"":""Elections — Official Results""},""rule"":""certified_winner_since_latest_general_in_incomplete_by_election_roster""}"
ten_ffbd220a7d79510c9f4e5aed2255d4e0,per_1cd576998bf25df0b9f1e4ab31842e5d,ontario_legislative_assembly,mpp,dst_4e001527449c5feaad2527a547beeb8e,,unknown,2018-05-07,at_or_after_reference,unknown,elections_ontario,https://results.elections.on.ca/api/report-groups/1/report-outputs/932/csv;https://results.elections.on.ca/api/report-groups/1/report-outputs/925/csv;https://results.elections.on.ca/api/report-groups/1/report-outputs/930/csv
