election_year,election_date,election_type,ward_system,office,ward_number,ward_name,contest_id,candidate_name,candidate_first_name,candidate_last_name,candidate_name_raw,candidate_id,candidate_id_confidence,votes,total_contest_votes,vote_share,vote_rank,n_candidates,elected,acclaimed,incumbent,incumbent_source,incumbent_confidence,source
2000,2000-11-13,general,44-ward,councillor,1,,2000-councillor-1,Suzan Hall,Suzan,Hall,SUZAN HALL,c00899,1.0,2894,11668,0.24802879670894754,1,9,True,False,False,,0.85,city_web_final
2000,2000-11-13,general,44-ward,councillor,1,,2000-councillor-1,Vincent Crisanti,Vincent,Crisanti,VINCENT CRISANTI,c00539,1.0,2797,11668,0.23971546109016112,2,9,False,False,False,,0.85,city_web_final
2000,2000-11-13,general,44-ward,councillor,1,,2000-councillor-1,Manjinder Singh,Manjinder,Singh,MANJINDER SINGH,c01220,1.0,2471,11668,0.21177579705176552,3,9,False,False,False,,0.85,city_web_final
2000,2000-11-13,general,44-ward,councillor,1,,2000-councillor-1,Bruce Sinclair,Bruce,Sinclair,BRUCE SINCLAIR,c00345,1.0,1907,11668,0.1634384641755228,4,9,False,False,True,wikipedia,0.85,city_web_final
2000,2000-11-13,general,44-ward,councillor,1,,2000-councillor-1,Anthony Caputo,Anthony,Caputo,ANTHONY CAPUTO,c00142,1.0,978,11668,0.08381899211518684,5,9,False,False,False,,0.85,city_web_final
2000,2000-11-13,general,44-ward,councillor,1,,2000-councillor-1,Murphy Browne,Murphy,Browne,MURPHY BROWNE,c00341,1.0,364,11668,0.031196434693177923,6,9,False,False,False,,0.85,city_web_final
2000,2000-11-13,general,44-ward,councillor,1,,2000-councillor-1,Courtney Doldron,Courtney,Doldron,COURTNEY DOLDRON,c00531,1.0,134,11668,0.01148440178265341,7,9,False,False,False,,0.85,city_web_final
2000,2000-11-13,general,44-ward,councillor,1,,2000-councillor-1,Alan Nemaric,Alan,Nemaric,ALAN NEMARIC,c00055,1.0,64,11668,0.005485087418580734,8,9,False,False,False,,0.85,city_web_final
2000,2000-11-13,general,44-ward,councillor,1,,2000-councillor-1,Albin Janus,Albin,Janus,ALBIN JANUS,c00063,1.0,59,11668,0.005056564964004114,9,9,False,False,False,,0.85,city_web_final
2000,2000-11-13,general,44-ward,councillor,2,,2000-councillor-2,Rob Ford,Rob,Ford,ROB FORD,c00775,1.0,5750,13278,0.43304714565446606,1,6,True,False,False,,0.85,city_web_final
2000,2000-11-13,general,44-ward,councillor,2,,2000-councillor-2,Elizabeth Brown,Elizabeth,Brown,ELIZABETH BROWN,c00339,1.0,4122,13278,0.3104383190239494,2,6,False,False,True,wikipedia,0.85,city_web_final
2000,2000-11-13,general,44-ward,councillor,2,,2000-councillor-2,Nicolò Fortunato,Nicolò,Fortunato,NICOLÒ FORTUNATO,c00781,1.0,1747,13278,0.13157101973188734,3,6,False,False,False,,0.85,city_web_final
2000,2000-11-13,general,44-ward,councillor,2,,2000-councillor-2,Mahdi Abdurahman,Mahdi,Abdurahman,MAHDI ABDURAHMAN,c00011,1.0,766,13278,0.05768941105588191,4,6,False,False,False,,0.85,city_web_final
2000,2000-11-13,general,44-ward,councillor,2,,2000-councillor-2,Joseph Martino,Joseph,Martino,JOSEPH MARTINO,c01054,1.0,598,13278,0.04503690314806447,5,6,False,False,False,,0.85,city_web_final
2000,2000-11-13,general,44-ward,councillor,2,,2000-councillor-2,Arnold Minors,Arnold,Minors,ARNOLD MINORS,c00170,1.0,295,13278,0.022217201385750868,6,6,False,False,False,,0.85,city_web_final
2000,2000-11-13,general,44-ward,councillor,3,,2000-councillor-3,Doug Holyday,Doug,Holyday,DOUG HOLYDAY,c00695,1.0,12639,15130,0.8353602115003305,1,2,True,False,True,wikipedia,0.85,city_web_final
2000,2000-11-13,general,44-ward,councillor,3,,2000-councillor-3,Nicholas Florio,Nicholas,Florio,NICHOLAS FLORIO,c00771,1.0,2491,15130,0.16463978849966954,2,2,False,False,False,,0.85,city_web_final
2000,2000-11-13,general,44-ward,councillor,4,,2000-councillor-4,Gloria Lindsay Luby,Gloria Lindsay,Luby,GLORIA LINDSAY LUBY,c00862,1.0,9295,17914,0.5188679245283019,1,3,True,False,True,wikipedia,0.85,city_web_final
2000,2000-11-13,general,44-ward,councillor,4,,2000-councillor-4,Mario Giansante,Mario,Giansante,MARIO GIANSANTE,c00850,1.0,8138,17914,0.45428156748911463,2,3,False,False,True,wikipedia,0.85,city_web_final
2000,2000-11-13,general,44-ward,councillor,4,,2000-councillor-4,John Sumka,John,Sumka,JOHN SUMKA,c01036,1.0,481,17914,0.026850507982583455,3,3,False,False,False,,0.85,city_web_final
2000,2000-11-13,general,44-ward,councillor,5,,2000-councillor-5,Peter Milczyn,Peter,Milczyn,PETER MILCZYN,c01282,1.0,6970,16803,0.4148068797238588,1,3,True,False,False,,0.85,city_web_final
2000,2000-11-13,general,44-ward,councillor,5,,2000-councillor-5,Blake Kinahan,Blake,Kinahan,BLAKE KINAHAN,c00284,1.0,6640,16803,0.39516752960780815,2,3,False,False,True,wikipedia,0.85,city_web_final
2000,2000-11-13,general,44-ward,councillor,5,,2000-councillor-5,Brian Flynn,Brian,Flynn,BRIAN FLYNN,c00328,1.0,3193,16803,0.19002559066833302,3,3,False,False,False,,0.85,city_web_final
2000,2000-11-13,general,44-ward,councillor,6,,2000-councillor-6,Irene Jones,Irene,Jones,IRENE JONES,c00952,1.0,10442,13432,0.7773972602739726,1,3,True,False,True,wikipedia,0.85,city_web_final
2000,2000-11-13,general,44-ward,councillor,6,,2000-councillor-6,David Rifat,David,Rifat,DAVID RIFAT,c00612,1.0,1617,13432,0.12038415723645027,2,3,False,False,False,,0.85,city_web_final
2000,2000-11-13,general,44-ward,councillor,6,,2000-councillor-6,George Kash,George,Kash,GEORGE KASH,c00831,1.0,1373,13432,0.10221858248957713,3,3,False,False,False,,0.85,city_web_final
2000,2000-11-13,general,44-ward,councillor,7,,2000-councillor-7,George Mammoliti,George,Mammoliti,GEORGE MAMMOLITI,c00833,1.0,9123,12312,0.7409844054580896,1,2,True,False,True,wikipedia,0.85,city_web_final
2000,2000-11-13,general,44-ward,councillor,7,,2000-councillor-7,Satpal Banga,Satpal,Banga,SATPAL BANGA,c00219,1.0,3189,12312,0.2590155945419103,2,2,False,False,False,,0.85,city_web_final
2000,2000-11-13,general,44-ward,councillor,8,,2000-councillor-8,Peter Li Preti,Peter Li,Preti,PETER LI PRETI,c01181,1.0,5363,9494,0.5648830840530862,1,2,True,False,False,,0.85,city_web_final
2000,2000-11-13,general,44-ward,councillor,8,,2000-councillor-8,Anthony Perruzza,Anthony,Perruzza,ANTHONY PERRUZZA,c00146,1.0,4131,9494,0.4351169159469138,2,2,False,False,False,,0.85,city_web_final
2000,2000-11-13,general,44-ward,councillor,9,,2000-councillor-9,Maria Augimeri,Maria,Augimeri,MARIA AUGIMERI,c00195,1.0,8698,12018,0.7237477117656848,1,3,True,False,True,wikipedia,0.85,city_web_final
2000,2000-11-13,general,44-ward,councillor,9,,2000-councillor-9,Mary Cicogna,Mary,Cicogna,MARY CICOGNA,c00484,1.0,2816,12018,0.2343151938758529,2,3,False,False,False,,0.85,city_web_final
2000,2000-11-13,general,44-ward,councillor,9,,2000-councillor-9,Frank Aceto,Frank,Aceto,FRANK ACETO,c00017,1.0,504,12018,0.04193709435846231,3,3,False,False,False,,0.85,city_web_final
2000,2000-11-13,general,44-ward,councillor,10,,2000-councillor-10,Mike Feldman,Mike,Feldman,MIKE FELDMAN,c00751,1.0,12221,14908,0.8197612020391736,1,2,True,False,False,,0.85,city_web_final
2000,2000-11-13,general,44-ward,councillor,10,,2000-councillor-10,Daniel Radin,Daniel,Radin,DANIEL RADIN,c00578,1.0,2687,14908,0.1802387979608264,2,2,False,False,False,,0.85,city_web_final
2000,2000-11-13,general,44-ward,councillor,11,,2000-councillor-11,Frances Nunziata,Frances,Nunziata,FRANCES NUNZIATA,c00785,1.0,10493,12321,0.8516354192029868,1,2,True,False,True,wikipedia,0.85,city_web_final
2000,2000-11-13,general,44-ward,councillor,11,,2000-councillor-11,Mike Washuck,Mike,Washuck,MIKE WASHUCK,c01280,1.0,1828,12321,0.14836458079701323,2,2,False,False,False,,0.85,city_web_final
2000,2000-11-13,general,44-ward,councillor,12,,2000-councillor-12,Frank Di Giorgio,Frank Di,Giorgio,FRANK DI GIORGIO,c00663,1.0,4061,12217,0.3324056642383564,1,5,True,False,False,,0.85,city_web_final
2000,2000-11-13,general,44-ward,councillor,12,,2000-councillor-12,Lorenzo Zeppieri,Lorenzo,Zeppieri,LORENZO ZEPPIERI,c01193,1.0,2719,12217,0.2225587296390276,2,5,False,False,False,,0.85,city_web_final
2000,2000-11-13,general,44-ward,councillor,12,,2000-councillor-12,Mario Gentile,Mario,Gentile,MARIO GENTILE,c00829,1.0,2567,12217,0.21011705001227798,3,5,False,False,False,,0.85,city_web_final
2000,2000-11-13,general,44-ward,councillor,12,,2000-councillor-12,Sal Piccininni,Sal,Piccininni,SAL PICCININNI,c01363,1.0,1835,12217,0.1502005402308259,4,5,False,False,False,,0.85,city_web_final
2000,2000-11-13,general,44-ward,councillor,12,,2000-councillor-12,Paul Taylor,Paul,Taylor,PAUL TAYLOR,c01355,1.0,1035,12217,0.08471801587951215,5,5,False,False,False,,0.85,city_web_final
2000,2000-11-13,general,44-ward,councillor,13,,2000-councillor-13,David Miller,David,Miller,DAVID MILLER,c00606,0.8799999952316284,11274,18269,0.6171109529804587,1,2,True,False,False,,0.85,city_web_final
2000,2000-11-13,general,44-ward,councillor,13,,2000-councillor-13,Bill Saundercook,Bill,Saundercook,BILL SAUNDERCOOK,c00276,1.0,6995,18269,0.3828890470195413,2,2,False,False,False,,0.85,city_web_final
2000,2000-11-13,general,44-ward,councillor,14,,2000-councillor-14,Chris Korwin-Kuczynski,Chris,Korwin-Kuczynski,CHRIS KORWIN-KUCZYNSKI,c00456,1.0,7488,12640,0.5924050632911393,1,4,True,False,True,wikipedia,0.85,city_web_final
2000,2000-11-13,general,44-ward,councillor,14,,2000-councillor-14,John Colautti,John,Colautti,JOHN COLAUTTI,c00499,1.0,4012,12640,0.31740506329113927,2,4,False,False,False,,0.85,city_web_final
2000,2000-11-13,general,44-ward,councillor,14,,2000-councillor-14,Victor Watson,Victor,Watson,VICTOR WATSON,c01475,1.0,724,12640,0.05727848101265823,3,4,False,False,False,,0.85,city_web_final
2000,2000-11-13,general,44-ward,councillor,14,,2000-councillor-14,Jorge Van Schouwen,Jorge Van,Schouwen,JORGE VAN SCHOUWEN,c01051,1.0,416,12640,0.03291139240506329,4,4,False,False,False,,0.85,city_web_final
2000,2000-11-13,general,44-ward,councillor,15,,2000-councillor-15,Howard Moscoe,Howard,Moscoe,HOWARD MOSCOE,c00938,1.0,8611,14924,0.5769900830876441,1,4,True,False,False,,0.85,city_web_final
2000,2000-11-13,general,44-ward,councillor,15,,2000-councillor-15,Tony Rizzo,Tony,Rizzo,TONY RIZZO,c01401,1.0,4984,14924,0.3339587242026266,2,4,False,False,False,,0.85,city_web_final
2000,2000-11-13,general,44-ward,councillor,15,,2000-councillor-15,Jim Mcmillan,Jim,Mcmillan,JIM MCMILLAN,c01004,1.0,924,14924,0.06191369606003752,3,4,False,False,False,,0.85,city_web_final
2000,2000-11-13,general,44-ward,councillor,15,,2000-councillor-15,Jason Baker,Jason,Baker,JASON BAKER,c00212,1.0,405,14924,0.027137496649691773,4,4,False,False,False,,0.85,city_web_final
2000,2000-11-13,general,44-ward,councillor,16,,2000-councillor-16,Anne Johnston,Anne,Johnston,ANNE JOHNSTON,c00137,1.0,8012,14833,0.5401469695948223,1,4,True,False,True,wikipedia,0.85,city_web_final
2000,2000-11-13,general,44-ward,councillor,16,,2000-councillor-16,Milton Berger,Milton,Berger,MILTON BERGER,c00258,1.0,4148,14833,0.2796467336344637,2,4,False,False,True,wikipedia,0.85,city_web_final
2000,2000-11-13,general,44-ward,councillor,16,,2000-councillor-16,Albert Pantaleo,Albert,Pantaleo,ALBERT PANTALEO,c00062,1.0,2101,14833,0.14164363244117845,3,4,False,False,False,,0.85,city_web_final
2000,2000-11-13,general,44-ward,councillor,16,,2000-councillor-16,David Lipton,David,Lipton,DAVID LIPTON,c00605,1.0,572,14833,0.03856266432953549,4,4,False,False,False,,0.85,city_web_final
2000,2000-11-13,general,44-ward,councillor,17,,2000-councillor-17,Betty Disero,Betty,Disero,BETTY DISERO,c00266,1.0,8711,10454,0.8332695618901855,1,2,True,False,True,wikipedia,0.85,city_web_final
2000,2000-11-13,general,44-ward,councillor,17,,2000-councillor-17,Romolo Cimaroli,Romolo,Cimaroli,ROMOLO CIMAROLI,c00486,1.0,1743,10454,0.16673043810981442,2,2,False,False,False,,0.85,city_web_final
2000,2000-11-13,general,44-ward,councillor,18,,2000-councillor-18,Mario Silva,Mario,Silva,MARIO SILVA,c01229,1.0,6037,9900,0.6097979797979798,1,4,True,False,True,wikipedia,0.85,city_web_final
2000,2000-11-13,general,44-ward,councillor,18,,2000-councillor-18,Adam Giambrone,Adam,Giambrone,ADAM GIAMBRONE,c00022,1.0,3338,9900,0.3371717171717172,2,4,False,False,False,,0.85,city_web_final
2000,2000-11-13,general,44-ward,councillor,18,,2000-councillor-18,Janice Cudlip,Janice,Cudlip,JANICE CUDLIP,c00546,1.0,319,9900,0.03222222222222222,3,4,False,False,False,,0.85,city_web_final
2000,2000-11-13,general,44-ward,councillor,18,,2000-councillor-18,Richard Kankis,Richard,Kankis,RICHARD KANKIS,c01077,1.0,206,9900,0.020808080808080807,4,4,False,False,False,,0.85,city_web_final
2000,2000-11-13,general,44-ward,councillor,19,,2000-councillor-19,Joe Pantalone,Joe,Pantalone,JOE PANTALONE,c01015,1.0,9971,11069,0.9008040473394164,1,2,True,False,True,wikipedia,0.85,city_web_final
2000,2000-11-13,general,44-ward,councillor,19,,2000-councillor-19,Philip Vettese,Philip,Vettese,PHILIP VETTESE,c01362,1.0,1098,11069,0.0991959526605836,2,2,False,False,False,,0.85,city_web_final
2000,2000-11-13,general,44-ward,councillor,20,,2000-councillor-20,Olivia Chow,Olivia,Chow,OLIVIA CHOW,c00453,1.0,9477,11743,0.8070339776888359,1,3,True,False,True,wikipedia,0.85,city_web_final
2000,2000-11-13,general,44-ward,councillor,20,,2000-councillor-20,Rosie Schwartz,Rosie,Schwartz,ROSIE SCHWARTZ,c01417,1.0,1140,11743,0.09707911095972069,2,3,False,False,False,,0.85,city_web_final
2000,2000-11-13,general,44-ward,councillor,20,,2000-councillor-20,Roberto Verdecchia,Roberto,Verdecchia,ROBERTO VERDECCHIA,c01410,1.0,1126,11743,0.09588691135144341,3,3,False,False,False,,0.85,city_web_final
2000,2000-11-13,general,44-ward,councillor,21,,2000-councillor-21,Joe Mihevc,Joe,Mihevc,JOE MIHEVC,c01014,1.0,9636,15936,0.6046686746987951,1,3,True,False,True,wikipedia,0.85,city_web_final
2000,2000-11-13,general,44-ward,councillor,21,,2000-councillor-21,Rob Davis,Rob,Davis,ROB DAVIS,c00626,1.0,5989,15936,0.3758157630522088,2,3,False,False,True,wikipedia,0.85,city_web_final
2000,2000-11-13,general,44-ward,councillor,21,,2000-councillor-21,Chai Kalevar,Chai,Kalevar,CHAI KALEVAR,c00409,1.0,311,15936,0.019515562248995984,3,3,False,False,False,,0.85,city_web_final
2000,2000-11-13,general,44-ward,councillor,22,,2000-councillor-22,Michael Walker,Michael,Walker,MICHAEL WALKER,c01271,1.0,11542,16364,0.7053287704717673,1,2,True,False,True,wikipedia,0.85,city_web_final
2000,2000-11-13,general,44-ward,councillor,22,,2000-councillor-22,Jim Walker,Jim,Walker,JIM WALKER,c01008,1.0,4822,16364,0.2946712295282327,2,2,False,False,False,,0.85,city_web_final
2000,2000-11-13,general,44-ward,councillor,23,,2000-councillor-23,John Filion,John,Filion,JOHN FILION,c00766,1.0,10213,16421,0.6219475062420072,1,3,True,False,True,wikipedia,0.85,city_web_final
2000,2000-11-13,general,44-ward,councillor,23,,2000-councillor-23,Ron Summers,Ron,Summers,RON SUMMERS,c01416,1.0,5395,16421,0.32854271968820414,2,3,False,False,False,,0.85,city_web_final
2000,2000-11-13,general,44-ward,councillor,23,,2000-councillor-23,Youval Zilberberg,Youval,Zilberberg,YOUVAL ZILBERBERG,c01478,1.0,813,16421,0.04950977406978869,3,3,False,False,False,,0.85,city_web_final
2000,2000-11-13,general,44-ward,councillor,24,,2000-councillor-24,David Shiner,David,Shiner,DAVID SHINER,c00617,1.0,11673,14154,0.8247138618058499,1,2,True,False,True,wikipedia,0.85,city_web_final
2000,2000-11-13,general,44-ward,councillor,24,,2000-councillor-24,Bernadette Michael,Bernadette,Michael,BERNADETTE MICHAEL,c00261,1.0,2481,14154,0.17528613819415007,2,2,False,False,False,,0.85,city_web_final
2000,2000-11-13,general,44-ward,councillor,25,,2000-councillor-25,Joanne Flint,Joanne,Flint,JOANNE FLINT,c00770,1.0,11124,14015,0.7937210132001427,1,2,True,False,True,wikipedia,0.85,city_web_final
2000,2000-11-13,general,44-ward,councillor,25,,2000-councillor-25,John Cameron,John,Cameron,JOHN CAMERON,c00373,1.0,2891,14015,0.2062789867998573,2,2,False,False,False,,0.85,city_web_final
2000,2000-11-13,general,44-ward,councillor,26,,2000-councillor-26,Jane Pitfield,Jane,Pitfield,JANE PITFIELD,c00978,1.0,11058,15641,0.7069880442426955,1,3,True,False,True,wikipedia,0.85,city_web_final
2000,2000-11-13,general,44-ward,councillor,26,,2000-councillor-26,Don Yuill,Don,Yuill,DON YUILL,c00688,1.0,3421,15641,0.2187200306885749,2,3,False,False,False,,0.85,city_web_final
2000,2000-11-13,general,44-ward,councillor,26,,2000-councillor-26,Muhammad Bajwa,Muhammad,Bajwa,MUHAMMAD BAJWA,c00210,1.0,1162,15641,0.07429192506872961,3,3,False,False,False,,0.85,city_web_final
2000,2000-11-13,general,44-ward,councillor,27,,2000-councillor-27,Kyle Rae,Kyle,Rae,KYLE RAE,c01146,1.0,,,,,1,True,True,True,wikipedia,0.85,city_web_final
2000,2000-11-13,general,44-ward,councillor,28,,2000-councillor-28,Pam Mcconnell,Pam,Mcconnell,PAM MCCONNELL,c01249,1.0,7573,12794,0.5919180866030952,1,7,True,False,True,wikipedia,0.85,city_web_final
2000,2000-11-13,general,44-ward,councillor,28,,2000-councillor-28,Jennifer Daly,Jennifer,Daly,JENNIFER DALY,c00563,1.0,1630,12794,0.1274034703767391,2,7,False,False,False,,0.85,city_web_final
2000,2000-11-13,general,44-ward,councillor,28,,2000-councillor-28,Wendy Forrest,Wendy,Forrest,WENDY FORREST,c00779,1.0,1038,12794,0.08113178052211974,3,7,False,False,False,,0.85,city_web_final
2000,2000-11-13,general,44-ward,councillor,28,,2000-councillor-28,Mike Armstrong,Mike,Armstrong,MIKE ARMSTRONG,c00169,1.0,1027,12794,0.08027200250117242,4,7,False,False,False,,0.85,city_web_final
2000,2000-11-13,general,44-ward,councillor,28,,2000-councillor-28,Nichola Marshall,Nichola,Marshall,NICHOLA MARSHALL,c01236,1.0,748,12794,0.05846490542441769,5,7,False,False,False,,0.85,city_web_final
2000,2000-11-13,general,44-ward,councillor,28,,2000-councillor-28,James Sturdy,James,Sturdy,JAMES STURDY,c00973,1.0,415,12794,0.03243707988119431,6,7,False,False,False,,0.85,city_web_final
2000,2000-11-13,general,44-ward,councillor,28,,2000-councillor-28,Aaron Hume,Aaron,Hume,AARON HUME,c00001,1.0,363,12794,0.028372674691261528,7,7,False,False,False,,0.85,city_web_final
2000,2000-11-13,general,44-ward,councillor,29,,2000-councillor-29,Case Ootes,Case,Ootes,CASE OOTES,c00401,1.0,7660,14290,0.5360391882435269,1,4,True,False,False,,0.85,city_web_final
2000,2000-11-13,general,44-ward,councillor,29,,2000-councillor-29,Gail Nyberg,Gail,Nyberg,GAIL NYBERG,c00804,1.0,4391,14290,0.3072778166550035,2,4,False,False,False,,0.85,city_web_final
2000,2000-11-13,general,44-ward,councillor,29,,2000-councillor-29,Bob Dale,Bob,Dale,BOB DALE,c00287,1.0,1963,14290,0.13736878936319105,3,4,False,False,False,,0.85,city_web_final
2000,2000-11-13,general,44-ward,councillor,29,,2000-councillor-29,Nick Radia,Nick,Radia,NICK RADIA,c01329,1.0,276,14290,0.019314205738278516,4,4,False,False,False,,0.85,city_web_final
2000,2000-11-13,general,44-ward,councillor,30,,2000-councillor-30,Jack Layton,Jack,Layton,JACK LAYTON,c00958,1.0,8671,14514,0.5974231776216067,1,6,True,False,True,wikipedia,0.85,city_web_final
2000,2000-11-13,general,44-ward,councillor,30,,2000-councillor-30,Linda Lynch,Linda,Lynch,LINDA LYNCH,c01184,1.0,3750,14514,0.25837122778007443,2,6,False,False,False,,0.85,city_web_final
2000,2000-11-13,general,44-ward,councillor,30,,2000-councillor-30,Ty Daniels,Ty,Daniels,TY DANIELS,c00582,1.0,817,14514,0.05629047815901888,3,6,False,False,False,,0.85,city_web_final
2000,2000-11-13,general,44-ward,councillor,30,,2000-councillor-30,Jeff Layton,Jeff,Layton,JEFF LAYTON,c00988,1.0,627,14514,0.04319966928482844,4,6,False,False,False,,0.85,city_web_final
2000,2000-11-13,general,44-ward,councillor,30,,2000-councillor-30,Ghuffar Rabbani,Ghuffar,Rabbani,GHUFFAR RABBANI,c00849,1.0,523,14514,0.03603417390106105,5,6,False,False,False,,0.85,city_web_final
2000,2000-11-13,general,44-ward,councillor,30,,2000-councillor-30,Joseph Norte,Joseph,Norte,JOSEPH NORTE,c01056,1.0,126,14514,0.0086812732534105,6,6,False,False,False,,0.85,city_web_final
2000,2000-11-13,general,44-ward,councillor,31,,2000-councillor-31,Michael Prue,Michael,Prue,MICHAEL PRUE,c01264,1.0,10435,14173,0.7362590841741339,1,3,True,False,True,wikipedia,0.85,city_web_final
2000,2000-11-13,general,44-ward,councillor,31,,2000-councillor-31,Paul Fernandes,Paul,Fernandes,PAUL FERNANDES,c00759,1.0,3183,14173,0.2245819515981091,2,3,False,False,False,,0.85,city_web_final
2000,2000-11-13,general,44-ward,councillor,31,,2000-councillor-31,John Simmons,John,Simmons,JOHN SIMMONS,c01034,0.9090908765792847,555,14173,0.039158964227757005,3,3,False,False,False,,0.85,city_web_final
2000,2000-11-13,general,44-ward,councillor,32,,2000-councillor-32,Sandra Bussin,Sandra,Bussin,SANDRA BUSSIN,c00360,1.0,10766,17412,0.6183092120376752,1,5,True,False,True,wikipedia,0.85,city_web_final
2000,2000-11-13,general,44-ward,councillor,32,,2000-councillor-32,David Moll,David,Moll,DAVID MOLL,c00607,1.0,5530,17412,0.317597059499196,2,5,False,False,False,,0.85,city_web_final
2000,2000-11-13,general,44-ward,councillor,32,,2000-councillor-32,Paul Azzarello,Paul,Azzarello,PAUL AZZARELLO,c00206,1.0,419,17412,0.024063864001837812,3,5,False,False,False,,0.85,city_web_final
2000,2000-11-13,general,44-ward,councillor,32,,2000-councillor-32,Bruce Bryer,Bruce,Bryer,BRUCE BRYER,c00342,1.0,388,17412,0.02228348265563979,4,5,False,False,False,,0.85,city_web_final
2000,2000-11-13,general,44-ward,councillor,32,,2000-councillor-32,Jeffery Dorman,Jeffery,Dorman,JEFFERY DORMAN,c00692,1.0,309,17412,0.017746381805651273,5,5,False,False,False,,0.85,city_web_final
2000,2000-11-13,general,44-ward,councillor,33,,2000-councillor-33,Paul Sutherland,Paul,Sutherland,PAUL SUTHERLAND,c01354,1.0,9860,12318,0.8004546192563727,1,4,True,False,False,,0.85,city_web_final
2000,2000-11-13,general,44-ward,councillor,33,,2000-councillor-33,Daniel Georgescu,Daniel,Georgescu,DANIEL GEORGESCU,c00570,1.0,1004,12318,0.08150673810683552,2,4,False,False,False,,0.85,city_web_final
2000,2000-11-13,general,44-ward,councillor,33,,2000-councillor-33,Thomas Lynch,Thomas,Lynch,THOMAS LYNCH,c01209,1.0,996,12318,0.08085728202630298,3,4,False,False,False,,0.85,city_web_final
2000,2000-11-13,general,44-ward,councillor,33,,2000-councillor-33,Robert Ladanyi,Robert,Ladanyi,ROBERT LADANYI,c01149,1.0,458,12318,0.03718136061048872,4,4,False,False,False,,0.85,city_web_final
2000,2000-11-13,general,44-ward,councillor,34,,2000-councillor-34,Denzil Minnan-Wong,Denzil,Minnan-Wong,DENZIL MINNAN-WONG,c00646,1.0,8730,14407,0.6059554383285902,1,3,True,False,False,,0.85,city_web_final
2000,2000-11-13,general,44-ward,councillor,34,,2000-councillor-34,Kim Scott,Kim,Scott,KIM SCOTT,c01120,1.0,5078,14407,0.35246755049628653,2,3,False,False,False,,0.85,city_web_final
2000,2000-11-13,general,44-ward,councillor,34,,2000-councillor-34,Neil Milson,Neil,Milson,NEIL MILSON,c01285,1.0,599,14407,0.041577011175123205,3,3,False,False,False,,0.85,city_web_final
2000,2000-11-13,general,44-ward,councillor,35,,2000-councillor-35,Gerry Altobello,Gerry,Altobello,GERRY ALTOBELLO,c00090,1.0,7118,10974,0.6486240204118826,1,3,True,False,True,wikipedia,0.85,city_web_final
2000,2000-11-13,general,44-ward,councillor,35,,2000-councillor-35,Worrick Russell,Worrick,Russell,WORRICK RUSSELL,c01424,1.0,3290,10974,0.29979952615272465,2,3,False,False,False,,0.85,city_web_final
2000,2000-11-13,general,44-ward,councillor,35,,2000-councillor-35,Tao Gold,Tao,Gold,TAO GOLD,c00864,1.0,566,10974,0.051576453435392744,3,3,False,False,False,,0.85,city_web_final
2000,2000-11-13,general,44-ward,councillor,36,,2000-councillor-36,Brian Ashton,Brian,Ashton,BRIAN ASHTON,c00183,1.0,9374,13056,0.717984068627451,1,2,True,False,True,wikipedia,0.85,city_web_final
2000,2000-11-13,general,44-ward,councillor,36,,2000-councillor-36,Robert Scott,Robert,Scott,ROBERT SCOTT,c01405,1.0,3682,13056,0.28201593137254904,2,2,False,False,False,,0.85,city_web_final
2000,2000-11-13,general,44-ward,councillor,37,,2000-councillor-37,Lorenzo Berardinetti,Lorenzo,Berardinetti,LORENZO BERARDINETTI,c00254,1.0,11007,14210,0.7745953553835327,1,2,True,False,True,wikipedia,0.85,city_web_final
2000,2000-11-13,general,44-ward,councillor,37,,2000-councillor-37,Colleen Mills,Colleen,Mills,COLLEEN MILLS,c00510,1.0,3203,14210,0.22540464461646728,2,2,False,False,False,,0.85,city_web_final
2000,2000-11-13,general,44-ward,councillor,38,,2000-councillor-38,Brad Duguid,Brad,Duguid,BRAD DUGUID,c00316,1.0,11369,13062,0.8703873832491196,1,2,True,False,False,,0.85,city_web_final
2000,2000-11-13,general,44-ward,councillor,38,,2000-councillor-38,Angela Bischoff,Angela,Bischoff,ANGELA BISCHOFF,c00130,1.0,1693,13062,0.12961261675088043,2,2,False,False,False,,0.85,city_web_final
2000,2000-11-13,general,44-ward,councillor,39,,2000-councillor-39,Sherene Shaw,Sherene,Shaw,SHERENE SHAW,c01447,1.0,8474,11074,0.765215820841611,1,3,True,False,True,wikipedia,0.85,city_web_final
2000,2000-11-13,general,44-ward,councillor,39,,2000-councillor-39,Simon Kwan,Simon,Kwan,SIMON KWAN,c01144,1.0,1531,11074,0.1382517608813437,2,3,False,False,False,,0.85,city_web_final
2000,2000-11-13,general,44-ward,councillor,39,,2000-councillor-39,Sunshine Smith,Sunshine,Smith,SUNSHINE SMITH,c01454,1.0,1069,11074,0.09653241827704533,3,3,False,False,False,,0.85,city_web_final
2000,2000-11-13,general,44-ward,councillor,40,,2000-councillor-40,Norm Kelly,Norm,Kelly,NORM KELLY,c01090,0.9090908765792847,8115,14868,0.5458030669895076,1,4,True,False,True,wikipedia,0.85,city_web_final
2000,2000-11-13,general,44-ward,councillor,40,,2000-councillor-40,Mike Tzekas,Mike,Tzekas,MIKE TZEKAS,c01279,1.0,4322,14868,0.29069141781006186,2,4,False,False,True,wikipedia,0.85,city_web_final
2000,2000-11-13,general,44-ward,councillor,40,,2000-councillor-40,Manna Wong,Manna,Wong,MANNA WONG,c01223,1.0,2108,14868,0.14178100618778586,3,4,False,False,False,,0.85,city_web_final
2000,2000-11-13,general,44-ward,councillor,40,,2000-councillor-40,Winston Ramjeet,Winston,Ramjeet,WINSTON RAMJEET,c01384,1.0,323,14868,0.021724509012644607,4,4,False,False,False,,0.85,city_web_final
2000,2000-11-13,general,44-ward,councillor,41,,2000-councillor-41,Bas Balkissoon,Bas,Balkissoon,BAS BALKISSOON,c00217,1.0,9141,13855,0.6597618188379646,1,2,True,False,True,wikipedia,0.85,city_web_final
2000,2000-11-13,general,44-ward,councillor,41,,2000-councillor-41,Mike Thomas,Mike,Thomas,MIKE THOMAS,c01278,1.0,4714,13855,0.34023818116203536,2,2,False,False,False,,0.85,city_web_final
2000,2000-11-13,general,44-ward,councillor,42,,2000-councillor-42,Raymond Cho,Raymond,Cho,RAYMOND CHO,c00448,1.0,7428,11981,0.6199816375928554,1,4,True,False,True,wikipedia,0.85,city_web_final
2000,2000-11-13,general,44-ward,councillor,42,,2000-councillor-42,Eden Gajraj,Eden,Gajraj,EDEN GAJRAJ,c00714,1.0,2101,11981,0.17536098823136634,2,4,False,False,False,,0.85,city_web_final
2000,2000-11-13,general,44-ward,councillor,42,,2000-councillor-42,Horace Dockery,Horace,Dockery,HORACE DOCKERY,c00683,1.0,1890,11981,0.1577497704699107,3,4,False,False,False,,0.85,city_web_final
2000,2000-11-13,general,44-ward,councillor,42,,2000-councillor-42,Pat Johnson,Pat,Johnson,PAT JOHNSON,c01043,1.0,562,11981,0.04690760370586762,4,4,False,False,False,,0.85,city_web_final
2000,2000-11-13,general,44-ward,councillor,43,,2000-councillor-43,David Soknacki,David,Soknacki,DAVID SOKNACKI,c00618,1.0,,,,,1,True,True,True,wikipedia,0.85,city_web_final
2000,2000-11-13,general,44-ward,councillor,44,,2000-councillor-44,Ron Moeser,Ron,Moeser,RON MOESER,c01290,1.0,9897,14995,0.6600200066688896,1,3,True,False,True,wikipedia,0.85,city_web_final
2000,2000-11-13,general,44-ward,councillor,44,,2000-councillor-44,Sheila White,Sheila,White,SHEILA WHITE,c01450,1.0,3568,14995,0.237945981993998,2,3,False,False,False,,0.85,city_web_final
2000,2000-11-13,general,44-ward,councillor,44,,2000-councillor-44,Jeff Phillips,Jeff,Phillips,JEFF PHILLIPS,c00989,1.0,1530,14995,0.10203401133711237,3,3,False,False,False,,0.85,city_web_final
2000,2000-11-13,general,44-ward,mayor,,,2000-mayor-city,Mel Lastman,Mel,Lastman,MEL LASTMAN,c01157,1.0,483277,604394,0.7996058862265344,1,26,True,False,True,wikipedia,0.85,city_web_final
2000,2000-11-13,general,44-ward,mayor,,,2000-mayor-city,Tooker Gomberg,Tooker,Gomberg,TOOKER GOMBERG,c00868,1.0,51111,604394,0.08456569721075986,2,26,False,False,False,,0.85,city_web_final
2000,2000-11-13,general,44-ward,mayor,,,2000-mayor-city,Enza Anderson,Enza,Anderson,ENZA ANDERSON,c00108,1.0,13595,604394,0.022493605164842802,3,26,False,False,False,,0.85,city_web_final
2000,2000-11-13,general,44-ward,mayor,,,2000-mayor-city,Douglas Campbell,Douglas,Campbell,DOUGLAS CAMPBELL,c00374,1.0,8591,604394,0.014214237732340162,4,26,False,False,False,,0.85,city_web_final
2000,2000-11-13,general,44-ward,mayor,,,2000-mayor-city,Steven Lam,Steven,Lam,STEVEN LAM,c01152,1.0,6853,604394,0.01133863009890899,5,26,False,False,False,,0.85,city_web_final
2000,2000-11-13,general,44-ward,mayor,,,2000-mayor-city,Hazel Jackson,Hazel,Jackson,HAZEL JACKSON,c00914,1.0,5310,604394,0.008785659685569347,6,26,False,False,False,,0.85,city_web_final
2000,2000-11-13,general,44-ward,mayor,,,2000-mayor-city,Kevin Clarke,Kevin,Clarke,KEVIN CLARKE,c00489,1.0,4147,604394,0.006861418213946532,7,26,False,False,False,,0.85,city_web_final
2000,2000-11-13,general,44-ward,mayor,,,2000-mayor-city,Daniel Carras,Daniel,Carras,DANIEL CARRAS,c00393,1.0,3534,604394,0.005847179157966492,8,26,False,False,False,,0.85,city_web_final
2000,2000-11-13,general,44-ward,mayor,,,2000-mayor-city,Ben Kerr,Ben,Kerr,BEN KERR,c00247,1.0,3115,604394,0.005153922772231359,9,26,False,False,False,,0.85,city_web_final
2000,2000-11-13,general,44-ward,mayor,,,2000-mayor-city,Marcos Solorzano,Marcos,Solorzano,MARCOS SOLORZANO,c01227,1.0,2419,604394,0.0040023560789815915,10,26,False,False,False,,0.85,city_web_final
2000,2000-11-13,general,44-ward,mayor,,,2000-mayor-city,Tim Duncan,Tim,Duncan,TIM DUNCAN,c00703,1.0,2253,604394,0.0037277008044421353,11,26,False,False,False,,0.85,city_web_final
2000,2000-11-13,general,44-ward,mayor,,,2000-mayor-city,Diana-De Maxted,Diana-De,Maxted,DIANA-DE MAXTED,c00668,0.8888888359069824,2128,604394,0.003520882073614232,12,26,False,False,False,,0.85,city_web_final
2000,2000-11-13,general,44-ward,mayor,,,2000-mayor-city,Brian Fischer,Brian,Fischer,BRIAN FISCHER,c00327,1.0,1817,604394,0.0030063170713144076,13,26,False,False,False,,0.85,city_web_final
2000,2000-11-13,general,44-ward,mayor,,,2000-mayor-city,David Predovich,David,Predovich,DAVID PREDOVICH,c00609,1.0,1687,604394,0.002791225591253388,14,26,False,False,False,,0.85,city_web_final
2000,2000-11-13,general,44-ward,mayor,,,2000-mayor-city,Duri Naimji,Duri,Naimji,DURI NAIMJI,c00704,1.0,1640,604394,0.002713461748462096,15,26,False,False,False,,0.85,city_web_final
2000,2000-11-13,general,44-ward,mayor,,,2000-mayor-city,Victor Fraser,Victor,Fraser,VICTOR FRASER,c00792,1.0,1638,604394,0.0027101526487688494,16,26,False,False,False,,0.85,city_web_final
2000,2000-11-13,general,44-ward,mayor,,,2000-mayor-city,Frenchie Mcfarlane,Frenchie,Mcfarlane,FRENCHIE MCFARLANE,c00798,1.0,1635,604394,0.00270518899922898,17,26,False,False,False,,0.85,city_web_final
2000,2000-11-13,general,44-ward,mayor,,,2000-mayor-city,George Dowar,George,Dowar,GEORGE DOWAR,c00698,1.0,1430,604394,0.002366006280671218,18,26,False,False,False,,0.85,city_web_final
2000,2000-11-13,general,44-ward,mayor,,,2000-mayor-city,John Steele,John,Steele,JOHN STEELE,c01035,1.0,1412,604394,0.0023362243834319997,19,26,False,False,False,,0.85,city_web_final
2000,2000-11-13,general,44-ward,mayor,,,2000-mayor-city,Dave Du Moulin,Dave Du,Moulin,DAVE DU MOULIN,c00589,0.9629629254341125,1204,604394,0.001992078015334368,20,26,False,False,False,,0.85,city_web_final
2000,2000-11-13,general,44-ward,mayor,,,2000-mayor-city,Josef Klinghoffer,Josef,Klinghoffer,JOSEF KLINGHOFFER,c01053,1.0,1131,604394,0.0018712958765308722,21,26,False,False,False,,0.85,city_web_final
2000,2000-11-13,general,44-ward,mayor,,,2000-mayor-city,King Siu,King,Siu,KING SIU,c01121,1.0,1104,604394,0.001826623030672045,22,26,False,False,False,,0.85,city_web_final
2000,2000-11-13,general,44-ward,mayor,,,2000-mayor-city,Kevin Richardson,Kevin,Richardson,KEVIN RICHARDSON,c01099,1.0,1065,604394,0.001762095586653739,23,26,False,False,False,,0.85,city_web_final
2000,2000-11-13,general,44-ward,mayor,,,2000-mayor-city,Abel Van Wyk,Abel Van,Wyk,ABEL VAN WYK,c00012,1.0,1005,604394,0.0016628225958563454,24,26,False,False,False,,0.85,city_web_final
2000,2000-11-13,general,44-ward,mayor,,,2000-mayor-city,Kevin Knopman,Kevin,Knopman,KEVIN KNOPMAN,c01097,1.0,670,604394,0.0011085483972375636,25,26,False,False,False,,0.85,city_web_final
2000,2000-11-13,general,44-ward,mayor,,,2000-mayor-city,Thomas Shipley,Thomas,Shipley,THOMAS SHIPLEY,c01452,1.0,623,604394,0.0010307845544462717,26,26,False,False,False,,0.85,city_web_final
2003,2003-11-10,general,44-ward,councillor,1,,2003-councillor-1,Suzan Hall,Suzan,Hall,"Hall, Suzan",c00899,1.0,3462,11222,0.30850115843878095,1,9,True,False,True,prior_winner,0.95,open_data
2003,2003-11-10,general,44-ward,councillor,1,,2003-councillor-1,Vincent Crisanti,Vincent,Crisanti,"Crisanti, Vincent",c00539,1.0,2580,11222,0.22990554268401356,2,9,False,False,False,,0.85,open_data
2003,2003-11-10,general,44-ward,councillor,1,,2003-councillor-1,Ranjeet Chahal,Ranjeet,Chahal,"Chahal, Ranjeet",c00408,1.0,1737,11222,0.154785243272144,3,9,False,False,False,,0.85,open_data
2003,2003-11-10,general,44-ward,councillor,1,,2003-councillor-1,Hazoor Elahi,Hazoor,Elahi,"Elahi, Hazoor",c00719,1.0,1016,11222,0.0905364462662627,4,9,False,False,False,,0.85,open_data
2003,2003-11-10,general,44-ward,councillor,1,,2003-councillor-1,Anthony Caputo,Anthony,Caputo,"Caputo, Anthony",c00142,1.0,948,11222,0.08447692033505615,5,9,False,False,False,,0.85,open_data
2003,2003-11-10,general,44-ward,councillor,1,,2003-councillor-1,Michelle Munroe,Michelle,Munroe,"Munroe, Michelle",c01274,1.0,857,11222,0.07636784886829442,6,9,False,False,False,,0.85,open_data
2003,2003-11-10,general,44-ward,councillor,1,,2003-councillor-1,Ikram Freed,Ikram,Freed,"Freed, Ikram",c00795,1.0,491,11222,0.04375334165032971,7,9,False,False,False,,0.85,open_data
2003,2003-11-10,general,44-ward,councillor,1,,2003-councillor-1,Chitranjan Gill,Chitranjan,Gill,"Gill, Chitranjan",c00446,1.0,92,11222,0.008198182142220638,8,9,False,False,False,,0.85,open_data
2003,2003-11-10,general,44-ward,councillor,1,,2003-councillor-1,Singh Khipple,Singh,Khipple,"Khipple, Singh",c01115,1.0,39,11222,0.0034753163428978794,9,9,False,False,False,,0.85,open_data
2003,2003-11-10,general,44-ward,councillor,2,,2003-councillor-2,Rob Ford,Rob,Ford,"Ford, Rob",c00775,1.0,10601,13352,0.7939634511683643,1,3,True,False,True,prior_winner,0.95,open_data
2003,2003-11-10,general,44-ward,councillor,2,,2003-councillor-2,Mohamed Dahir,Mohamed,Dahir,"Dahir, Mohamed",c00562,1.0,2155,13352,0.16139904134212102,2,3,False,False,False,,0.85,open_data
2003,2003-11-10,general,44-ward,councillor,2,,2003-councillor-2,Abdi Jama,Abdi,Jama,"Jama, Abdi",c00004,1.0,596,13352,0.04463750748951468,3,3,False,False,False,,0.85,open_data
2003,2003-11-10,general,44-ward,councillor,3,,2003-councillor-3,Doug Holyday,Doug,Holyday,"Holyday, Doug",c00695,1.0,12207,17241,0.7080215764746824,1,4,True,False,True,prior_winner,0.95,open_data
2003,2003-11-10,general,44-ward,councillor,3,,2003-councillor-3,Ross Vaughan,Ross,Vaughan,"Vaughan, Ross",c01418,1.0,2565,17241,0.14877327301200627,2,4,False,False,False,,0.85,open_data
2003,2003-11-10,general,44-ward,councillor,3,,2003-councillor-3,Maurice Ferraro,Maurice,Ferraro,"Ferraro, Maurice",c00761,1.0,1336,17241,0.07748970477350502,3,4,False,False,False,,0.85,open_data
2003,2003-11-10,general,44-ward,councillor,3,,2003-councillor-3,Amber Saeed,Amber,Saeed,"Saeed, Amber",c00100,1.0,1133,17241,0.06571544573980627,4,4,False,False,False,,0.85,open_data
2003,2003-11-10,general,44-ward,councillor,4,,2003-councillor-4,Gloria Lindsay Luby,Gloria,Lindsay Luby,"Lindsay Luby, Gloria",c00862,1.0,9237,18976,0.4867727655986509,1,4,True,False,True,prior_winner,0.95,open_data
2003,2003-11-10,general,44-ward,councillor,4,,2003-councillor-4,Mario Giansante,Mario,Giansante,"Giansante, Mario",c00850,1.0,6987,18976,0.36820193929173695,2,4,False,False,False,,0.85,open_data
2003,2003-11-10,general,44-ward,councillor,4,,2003-councillor-4,Stephen Thiele,Stephen,Thiele,"Thiele, Stephen",c01461,1.0,2491,18976,0.13127107925801013,3,4,False,False,False,,0.85,open_data
2003,2003-11-10,general,44-ward,councillor,4,,2003-councillor-4,John Sumka,John,Sumka,"Sumka, John",c01036,1.0,261,18976,0.013754215851602023,4,4,False,False,False,,0.85,open_data
2003,2003-11-10,general,44-ward,councillor,5,,2003-councillor-5,Peter Milczyn,Peter,Milczyn,"Milczyn, Peter",c01282,1.0,12729,17818,0.714389942754518,1,2,True,False,True,prior_winner,0.95,open_data
2003,2003-11-10,general,44-ward,councillor,5,,2003-councillor-5,Stan Grabowski,Stan,Grabowski,"Grabowski, Stan",c00877,1.0,5089,17818,0.2856100572454821,2,2,False,False,False,,0.85,open_data
2003,2003-11-10,general,44-ward,councillor,6,,2003-councillor-6,Mark Grimes,Mark,Grimes,"Grimes, Mark",c00888,1.0,5334,16464,0.3239795918367347,1,10,True,False,False,,0.85,open_data
2003,2003-11-10,general,44-ward,councillor,6,,2003-councillor-6,Berardo Mascioli,Berardo,Mascioli,"Mascioli, Berardo",c00256,1.0,3982,16464,0.24186103012633625,2,10,False,False,False,,0.85,open_data
2003,2003-11-10,general,44-ward,councillor,6,,2003-councillor-6,Jerry Smith,Jerry,Smith,"Smith, Jerry",c01000,1.0,3437,16464,0.20875850340136054,3,10,False,False,False,,0.85,open_data
2003,2003-11-10,general,44-ward,councillor,6,,2003-councillor-6,Diane Cleary,Diane,Cleary,"Cleary, Diane",c00492,1.0,1180,16464,0.07167152575315841,4,10,False,False,False,,0.85,open_data
2003,2003-11-10,general,44-ward,councillor,6,,2003-councillor-6,Mark Selkirk,Mark,Selkirk,"Selkirk, Mark",c01231,1.0,1079,16464,0.06553692905733723,5,10,False,False,False,,0.85,open_data
2003,2003-11-10,general,44-ward,councillor,6,,2003-councillor-6,Gregory Wowchuk,Gregory,Wowchuk,"Wowchuk, Gregory",c00887,1.0,893,16464,0.05423955296404276,6,10,False,False,False,,0.85,open_data
2003,2003-11-10,general,44-ward,councillor,6,,2003-councillor-6,George Kash,George,Kash,"Kash, George",c00831,1.0,208,16464,0.012633624878522837,7,10,False,False,False,,0.85,open_data
2003,2003-11-10,general,44-ward,councillor,6,,2003-councillor-6,Frederick Azman,Frederick,Azman,"Azman, Frederick",c00205,1.0,174,16464,0.010568513119533527,8,10,False,False,False,,0.85,open_data
2003,2003-11-10,general,44-ward,councillor,6,,2003-councillor-6,David Searle,David,Searle,"Searle, David",c00615,1.0,94,16464,0.005709426627793975,9,10,False,False,False,,0.85,open_data
2003,2003-11-10,general,44-ward,councillor,6,,2003-councillor-6,Robin Vinden,Robin,Vinden,"Vinden, Robin",c01411,1.0,83,16464,0.005041302235179786,10,10,False,False,False,,0.85,open_data
2003,2003-11-10,general,44-ward,councillor,7,,2003-councillor-7,Giorgio Mammoliti,Giorgio,Mammoliti,"Mammoliti, Giorgio",c00853,1.0,,,,,1,True,True,True,wikipedia,0.85,open_data
2003,2003-11-10,general,44-ward,councillor,8,,2003-councillor-8,Peter Li Preti,Peter,Li Preti,"Li Preti, Peter",c01181,1.0,4670,8890,0.5253093363329584,1,2,True,False,True,prior_winner,0.95,open_data
2003,2003-11-10,general,44-ward,councillor,8,,2003-councillor-8,Anthony Perruzza,Anthony,Perruzza,"Perruzza, Anthony",c00146,1.0,4220,8890,0.4746906636670416,2,2,False,False,False,,0.85,open_data
2003,2003-11-10,general,44-ward,councillor,9,,2003-councillor-9,Maria Augimeri,Maria,Augimeri,"Augimeri, Maria",c00195,1.0,7898,10647,0.7418052033436648,1,5,True,False,True,prior_winner,0.95,open_data
2003,2003-11-10,general,44-ward,councillor,9,,2003-councillor-9,Anna Oppedisano,Anna,Oppedisano,"Oppedisano, Anna",c00136,1.0,1061,10647,0.09965248426786888,2,5,False,False,False,,0.85,open_data
2003,2003-11-10,general,44-ward,councillor,9,,2003-councillor-9,Richard Baldacchino,Richard,Baldacchino,"Baldacchino, Richard",c00216,1.0,779,10647,0.07316615008922701,3,5,False,False,False,,0.85,open_data
2003,2003-11-10,general,44-ward,councillor,9,,2003-councillor-9,Annmarie Robb,Annmarie,Robb,"Robb, Annmarie",c00139,1.0,487,10647,0.04574058420212267,4,5,False,False,False,,0.85,open_data
2003,2003-11-10,general,44-ward,councillor,9,,2003-councillor-9,Domenic D'Abruzzo,Domenic,D'Abruzzo,"D'Abruzzo, Domenic",c00554,1.0,422,10647,0.039635578097116556,5,5,False,False,False,,0.85,open_data
2003,2003-11-10,general,44-ward,councillor,10,,2003-councillor-10,Michael Feldman,Michael,Feldman,"Feldman, Michael",c00750,1.0,9962,13492,0.7383634746516454,1,2,True,False,False,,0.85,open_data
2003,2003-11-10,general,44-ward,councillor,10,,2003-councillor-10,Lorne Berg,Lorne,Berg,"Berg, Lorne",c00257,1.0,3530,13492,0.2616365253483546,2,2,False,False,False,,0.85,open_data
2003,2003-11-10,general,44-ward,councillor,11,,2003-councillor-11,Frances Nunziata,Frances,Nunziata,"Nunziata, Frances",c00785,1.0,9819,12591,0.779842744817727,1,2,True,False,True,prior_winner,0.95,open_data
2003,2003-11-10,general,44-ward,councillor,11,,2003-councillor-11,Rosemarie Mulhall,Rosemarie,Mulhall,"Mulhall, Rosemarie",c01305,1.0,2772,12591,0.22015725518227305,2,2,False,False,False,,0.85,open_data
2003,2003-11-10,general,44-ward,councillor,12,,2003-councillor-12,Frank Di Giorgio,Frank,Di Giorgio,"Di Giorgio, Frank",c00663,1.0,7414,11035,0.6718622564567286,1,2,True,False,True,prior_winner,0.95,open_data
2003,2003-11-10,general,44-ward,councillor,12,,2003-councillor-12,Joe Renda,Joe,Renda,"Renda, Joe",c01016,1.0,3621,11035,0.3281377435432714,2,2,False,False,False,,0.85,open_data
2003,2003-11-10,general,44-ward,councillor,13,,2003-councillor-13,Bill Saundercook,Bill,Saundercook,"Saundercook, Bill",c00276,1.0,7909,19903,0.3973772798070643,1,6,True,False,False,,0.85,open_data
2003,2003-11-10,general,44-ward,councillor,13,,2003-councillor-13,Stan Kumorek,Stan,Kumorek,"Kumorek, Stan",c01141,1.0,6802,19903,0.3417575239913581,2,6,False,False,False,,0.85,open_data
2003,2003-11-10,general,44-ward,councillor,13,,2003-councillor-13,Carol Jamieson,Carol,Jamieson,"Jamieson, Carol",c00390,1.0,2929,19903,0.147163744159172,3,6,False,False,False,,0.85,open_data
2003,2003-11-10,general,44-ward,councillor,13,,2003-councillor-13,Margo Duncan,Margo,Duncan,"Duncan, Margo",c00702,1.0,1455,19903,0.07310455710194443,4,6,False,False,False,,0.85,open_data
2003,2003-11-10,general,44-ward,councillor,13,,2003-councillor-13,Henry Calderon,Henry,Calderon,"Calderon, Henry",c00366,1.0,461,19903,0.02316233733607999,5,6,False,False,False,,0.85,open_data
2003,2003-11-10,general,44-ward,councillor,13,,2003-councillor-13,Caryl Manning,Caryl,Manning,"Manning, Caryl",c00400,1.0,347,19903,0.01743455760438125,6,6,False,False,False,,0.85,open_data
2003,2003-11-10,general,44-ward,councillor,14,,2003-councillor-14,Sylvia Watson,Sylvia,Watson,"Watson, Sylvia",c01469,1.0,7441,14168,0.525197628458498,1,8,True,False,False,,0.85,open_data
2003,2003-11-10,general,44-ward,councillor,14,,2003-councillor-14,Ed Zielinski,Ed,Zielinski,"Zielinski, Ed",c00712,1.0,3453,14168,0.24371823828345568,2,8,False,False,False,,0.85,open_data
2003,2003-11-10,general,44-ward,councillor,14,,2003-councillor-14,Walter Jarsky,Walter,Jarsky,"Jarsky, Walter",c00982,1.0,847,14168,0.059782608695652176,3,8,False,False,False,,0.85,open_data
2003,2003-11-10,general,44-ward,councillor,14,,2003-councillor-14,Neil Webster,Neil,Webster,"Webster, Neil",c01323,1.0,782,14168,0.05519480519480519,4,8,False,False,False,,0.85,open_data
2003,2003-11-10,general,44-ward,councillor,14,,2003-councillor-14,Steven Aspiotis,Steven,Aspiotis,"Aspiotis, Steven",c00188,1.0,705,14168,0.049760022586109544,5,8,False,False,False,,0.85,open_data
2003,2003-11-10,general,44-ward,councillor,14,,2003-councillor-14,David Smaller,David,Smaller,"Smaller, David",c00606,0.8799999952316284,635,14168,0.04481931112365895,6,8,False,False,True,prior_winner,0.95,open_data
2003,2003-11-10,general,44-ward,councillor,14,,2003-councillor-14,Mark Chmielewski,Mark,Chmielewski,"Chmielewski, Mark",c00447,1.0,210,14168,0.014822134387351778,7,8,False,False,False,,0.85,open_data
2003,2003-11-10,general,44-ward,councillor,14,,2003-councillor-14,Ed Veri,Ed,Veri,"Veri, Ed",c00711,1.0,95,14168,0.006705251270468662,8,8,False,False,False,,0.85,open_data
2003,2003-11-10,general,44-ward,councillor,15,,2003-councillor-15,Howard Moscoe,Howard,Moscoe,"Moscoe, Howard",c00938,1.0,7612,14471,0.5260175523460715,1,6,True,False,True,prior_winner,0.95,open_data
2003,2003-11-10,general,44-ward,councillor,15,,2003-councillor-15,Luigi Rizzo,Luigi,Rizzo,"Rizzo, Luigi",c01204,1.0,3414,14471,0.23592011609425748,2,6,False,False,False,,0.85,open_data
2003,2003-11-10,general,44-ward,councillor,15,,2003-councillor-15,Rocco Piccininno,Rocco,Piccininno,"Piccininno, Rocco",c01364,1.0,1411,14471,0.09750535553866353,3,6,False,False,False,,0.85,open_data
2003,2003-11-10,general,44-ward,councillor,15,,2003-councillor-15,Ron Singer,Ron,Singer,"Singer, Ron",c01414,1.0,1196,14471,0.08264805473014995,4,6,False,False,False,,0.85,open_data
2003,2003-11-10,general,44-ward,councillor,15,,2003-councillor-15,Howard Mandel,Howard,Mandel,"Mandel, Howard",c00937,1.0,536,14471,0.037039596434247805,5,6,False,False,False,,0.85,open_data
2003,2003-11-10,general,44-ward,councillor,15,,2003-councillor-15,Jhadira Ramos,Jhadira,Ramos,"Ramos, Jhadira",c01001,1.0,302,14471,0.02086932485660977,6,6,False,False,False,,0.85,open_data
2003,2003-11-10,general,44-ward,councillor,16,,2003-councillor-16,Karen Stintz,Karen,Stintz,"Stintz, Karen",c01080,1.0,8108,18889,0.4292445338556832,1,5,True,False,False,,0.85,open_data
2003,2003-11-10,general,44-ward,councillor,16,,2003-councillor-16,Anne Johnston,Anne,Johnston,"Johnston, Anne",c00137,1.0,5787,18889,0.3063687860659643,2,5,False,False,True,prior_winner,0.95,open_data
2003,2003-11-10,general,44-ward,councillor,16,,2003-councillor-16,Albert Pantaleo,Albert,Pantaleo,"Pantaleo, Albert",c00062,1.0,3172,18889,0.16792842395044735,3,5,False,False,False,,0.85,open_data
2003,2003-11-10,general,44-ward,councillor,16,,2003-councillor-16,Michael Johnson,Michael,Johnson,"Johnson, Michael",c01042,1.0,1188,18889,0.06289374768383715,4,5,False,False,False,,0.85,open_data
2003,2003-11-10,general,44-ward,councillor,16,,2003-councillor-16,Alexander Hoffman,Alexander,Hoffman,"Hoffman, Alexander",c00073,1.0,634,18889,0.03356450844406798,5,5,False,False,False,,0.85,open_data
2003,2003-11-10,general,44-ward,councillor,17,,2003-councillor-17,Cesar Palacio,Cesar,Palacio,"Palacio, Cesar",c00407,1.0,5127,11394,0.44997367035281727,1,5,True,False,False,,0.85,open_data
2003,2003-11-10,general,44-ward,councillor,17,,2003-councillor-17,Alejandra Bravo,Alejandra,Bravo,"Bravo, Alejandra",c00065,1.0,4336,11394,0.3805511672810251,2,5,False,False,False,,0.85,open_data
2003,2003-11-10,general,44-ward,councillor,17,,2003-councillor-17,David Senater,David,Senater,"Senater, David",c00616,1.0,940,11394,0.08249956117254695,3,5,False,False,False,,0.85,open_data
2003,2003-11-10,general,44-ward,councillor,17,,2003-councillor-17,Romolo Cimaroli,Romolo,Cimaroli,"Cimaroli, Romolo",c00486,1.0,530,11394,0.046515710022819026,4,5,False,False,False,,0.85,open_data
2003,2003-11-10,general,44-ward,councillor,17,,2003-councillor-17,Nicolo Fortunato,Nicolo,Fortunato,"Fortunato, Nicolo",c00781,1.0,461,11394,0.04045989117079164,5,5,False,False,False,,0.85,open_data
2003,2003-11-10,general,44-ward,councillor,18,,2003-councillor-18,Adam Giambrone,Adam,Giambrone,"Giambrone, Adam",c00022,1.0,5797,11250,0.5152888888888889,1,6,True,False,False,,0.85,open_data
2003,2003-11-10,general,44-ward,councillor,18,,2003-councillor-18,Ana Bailao,Ana,Bailao,"Bailao, Ana",c00105,1.0,4537,11250,0.40328888888888886,2,6,False,False,False,,0.85,open_data
2003,2003-11-10,general,44-ward,councillor,18,,2003-councillor-18,Hortencia Fotopoulos,Hortencia,Fotopoulos,"Fotopoulos, Hortencia",c00783,1.0,386,11250,0.03431111111111111,3,6,False,False,False,,0.85,open_data
2003,2003-11-10,general,44-ward,councillor,18,,2003-councillor-18,Nha Le,Nha,Le,"Le, Nha",c01165,1.0,234,11250,0.0208,4,6,False,False,False,,0.85,open_data
2003,2003-11-10,general,44-ward,councillor,18,,2003-councillor-18,Cynamin Maxwell,Cynamin,Maxwell,"Maxwell, Cynamin",c00551,1.0,155,11250,0.013777777777777778,5,6,False,False,False,,0.85,open_data
2003,2003-11-10,general,44-ward,councillor,18,,2003-councillor-18,Ana Salaverry-Chuquihuara,Ana,Salaverry-Chuquihuara,"Salaverry-Chuquihuara, Ana",c00106,1.0,141,11250,0.012533333333333334,6,6,False,False,False,,0.85,open_data
2003,2003-11-10,general,44-ward,councillor,19,,2003-councillor-19,Joe Pantalone,Joe,Pantalone,"Pantalone, Joe",c01015,1.0,10372,13774,0.753012922898214,1,3,True,False,True,prior_winner,0.95,open_data
2003,2003-11-10,general,44-ward,councillor,19,,2003-councillor-19,Jeff Brown,Jeff,Brown,"Brown, Jeff",c00340,1.0,3070,13774,0.22288369391607377,2,3,False,False,False,,0.85,open_data
2003,2003-11-10,general,44-ward,councillor,19,,2003-councillor-19,Philip Vettese,Philip,Vettese,"Vettese, Philip",c01362,1.0,332,13774,0.024103383185712212,3,3,False,False,False,,0.85,open_data
2003,2003-11-10,general,44-ward,councillor,20,,2003-councillor-20,Olivia Chow,Olivia,Chow,"Chow, Olivia",c00453,1.0,13867,17492,0.792762405671164,1,5,True,False,True,prior_winner,0.95,open_data
2003,2003-11-10,general,44-ward,councillor,20,,2003-councillor-20,Sandra Anstey,Sandra,Anstey,"Anstey, Sandra",c00141,1.0,2254,17492,0.12885890692888177,2,5,False,False,False,,0.85,open_data
2003,2003-11-10,general,44-ward,councillor,20,,2003-councillor-20,Brian Wicks,Brian,Wicks,"Wicks, Brian",c00332,1.0,608,17492,0.034758746855705465,3,5,False,False,False,,0.85,open_data
2003,2003-11-10,general,44-ward,councillor,20,,2003-councillor-20,Roberto Verdecchia,Roberto,Verdecchia,"Verdecchia, Roberto",c01410,1.0,484,17492,0.0276697919048708,4,5,False,False,False,,0.85,open_data
2003,2003-11-10,general,44-ward,councillor,20,,2003-councillor-20,Dean Jepson,Dean,Jepson,"Jepson, Dean",c00632,1.0,279,17492,0.015950148639378003,5,5,False,False,False,,0.85,open_data
2003,2003-11-10,general,44-ward,councillor,21,,2003-councillor-21,Joe Mihevc,Joe,Mihevc,"Mihevc, Joe",c01014,1.0,10875,16569,0.6563461886655803,1,6,True,False,True,prior_winner,0.95,open_data
2003,2003-11-10,general,44-ward,councillor,21,,2003-councillor-21,George Milne,George,Milne,"Milne, George",c00835,1.0,3809,16569,0.22988713863238577,2,6,False,False,False,,0.85,open_data
2003,2003-11-10,general,44-ward,councillor,21,,2003-councillor-21,Howard Levine,Howard,Levine,"Levine, Howard",c00936,1.0,1089,16569,0.06572514937533949,3,6,False,False,False,,0.85,open_data
2003,2003-11-10,general,44-ward,councillor,21,,2003-councillor-21,Maya Tarom,Maya,Tarom,"Tarom, Maya",c01246,1.0,522,16569,0.031504617055947856,4,6,False,False,False,,0.85,open_data
2003,2003-11-10,general,44-ward,councillor,21,,2003-councillor-21,Gregory Moskos,Gregory,Moskos,"Moskos,  Gregory",c00885,1.0,167,16569,0.010079063311002475,5,6,False,False,False,,0.85,open_data
2003,2003-11-10,general,44-ward,councillor,21,,2003-councillor-21,Tony Corpuz,Tony,Corpuz,"Corpuz, Tony",c00527,1.0,107,16569,0.0064578429597441,6,6,False,False,False,,0.85,open_data
2003,2003-11-10,general,44-ward,councillor,22,,2003-councillor-22,Michael Walker,Michael,Walker,"Walker, Michael",c01271,1.0,17473,20970,0.833237958989032,1,2,True,False,True,prior_winner,0.95,open_data
2003,2003-11-10,general,44-ward,councillor,22,,2003-councillor-22,Erika Marquardt,Erika,Marquardt,"Marquardt, Erika",c00733,1.0,3497,20970,0.16676204101096806,2,2,False,False,False,,0.85,open_data
2003,2003-11-10,general,44-ward,councillor,23,,2003-councillor-23,John Filion,John,Filion,"Filion, John",c00766,1.0,13836,16593,0.8338455975411319,1,2,True,False,True,prior_winner,0.95,open_data
2003,2003-11-10,general,44-ward,councillor,23,,2003-councillor-23,Ignacio Manlangit,Ignacio,Manlangit,"Manlangit, Ignacio",c00946,1.0,2757,16593,0.1661544024588682,2,2,False,False,False,,0.85,open_data
2003,2003-11-10,general,44-ward,councillor,24,,2003-councillor-24,David Shiner,David,Shiner,"Shiner, David",c00617,1.0,,,,,1,True,True,True,prior_winner,0.95,open_data
2003,2003-11-10,general,44-ward,councillor,25,,2003-councillor-25,Clifford Jenkins,Clifford,Jenkins,"Jenkins, Clifford",c00494,0.8965517282485962,4859,18662,0.26036866359447003,1,8,True,False,False,,0.85,open_data
2003,2003-11-10,general,44-ward,councillor,25,,2003-councillor-25,Jaye Robinson,Jaye,Robinson,"Robinson, Jaye",c00986,1.0,4779,18662,0.2560818776122602,2,8,False,False,False,,0.85,open_data
2003,2003-11-10,general,44-ward,councillor,25,,2003-councillor-25,Tim Flynn,Tim,Flynn,"Flynn, Tim",c00772,1.0,2240,18662,0.12003000750187547,3,8,False,False,False,,0.85,open_data
2003,2003-11-10,general,44-ward,councillor,25,,2003-councillor-25,Barbara Krieger,Barbara,Krieger,"Krieger, Barbara",c00224,1.0,1858,18662,0.09956060443682349,4,8,False,False,False,,0.85,open_data
2003,2003-11-10,general,44-ward,councillor,25,,2003-councillor-25,Jon Williams,Jon,Williams,"Williams, Jon",c01012,0.8799999952316284,1648,18662,0.08830779123352267,5,8,False,False,False,,0.85,open_data
2003,2003-11-10,general,44-ward,councillor,25,,2003-councillor-25,William Rauenbusch,William,Rauenbusch,"Rauenbusch, William",c01388,1.0,1575,18662,0.08439609902475619,6,8,False,False,False,,0.85,open_data
2003,2003-11-10,general,44-ward,councillor,25,,2003-councillor-25,Stuart Weinstein,Stuart,Weinstein,"Weinstein, Stuart",c01467,1.0,1283,18662,0.06874933018969027,7,8,False,False,False,,0.85,open_data
2003,2003-11-10,general,44-ward,councillor,25,,2003-councillor-25,Nancy Loewen,Nancy,Loewen,"Loewen, Nancy",c01189,1.0,420,18662,0.02250562640660165,8,8,False,False,False,,0.85,open_data
2003,2003-11-10,general,44-ward,councillor,26,,2003-councillor-26,Jane Pitfield,Jane,Pitfield,"Pitfield, Jane",c00978,1.0,13602,15701,0.8663142475001592,1,3,True,False,True,prior_winner,0.95,open_data
2003,2003-11-10,general,44-ward,councillor,26,,2003-councillor-26,Muhammad Alam,Muhammad,Alam,"Alam, Muhammad",c00053,0.8965517282485962,1366,15701,0.08700082797274059,2,3,False,False,False,,0.85,open_data
2003,2003-11-10,general,44-ward,councillor,26,,2003-councillor-26,Orhan Aybars,Orhan,Aybars,"Aybars, Orhan",c00201,1.0,733,15701,0.046684924527100186,3,3,False,False,False,,0.85,open_data
2003,2003-11-10,general,44-ward,councillor,27,,2003-councillor-27,Kyle Rae,Kyle,Rae,"Rae, Kyle",c01146,1.0,13234,19971,0.6626608582444544,1,6,True,False,True,prior_winner,0.95,open_data
2003,2003-11-10,general,44-ward,councillor,27,,2003-councillor-27,Enza Anderson,Enza,Anderson,"Anderson, Enza",c00108,1.0,3058,19971,0.15312202693906163,2,6,False,False,False,,0.85,open_data
2003,2003-11-10,general,44-ward,councillor,27,,2003-councillor-27,Michael Lorenzo,Michael,Lorenzo,"Lorenzo, Michael",c01192,1.0,1517,19971,0.07596014220619898,3,6,False,False,False,,0.85,open_data
2003,2003-11-10,general,44-ward,councillor,27,,2003-councillor-27,Michael Demone,Michael,Demone,"Demone, Michael",c00641,1.0,1211,19971,0.060637924991237296,4,6,False,False,False,,0.85,open_data
2003,2003-11-10,general,44-ward,councillor,27,,2003-councillor-27,Arius Irani,Arius,Irani,"Irani, Arius",c00164,1.0,689,19971,0.03450002503630264,5,6,False,False,False,,0.85,open_data
2003,2003-11-10,general,44-ward,councillor,27,,2003-councillor-27,Hade Hamade,Hade,Hamade,"Hamade, Hade",c00898,1.0,262,19971,0.01311902258274498,6,6,False,False,False,,0.85,open_data
2003,2003-11-10,general,44-ward,councillor,28,,2003-councillor-28,Pam Mcconnell,Pam,Mcconnell,"McConnell, Pam",c01249,1.0,7826,16764,0.46683369124314006,1,9,True,False,True,prior_winner,0.95,open_data
2003,2003-11-10,general,44-ward,councillor,28,,2003-councillor-28,Pierre Klein,Pierre,Klein,"Klein, Pierre",c01126,1.0,4646,16764,0.27714149367692675,2,9,False,False,False,,0.85,open_data
2003,2003-11-10,general,44-ward,councillor,28,,2003-councillor-28,Gregory Lang,Gregory,Lang,"Lang, Gregory",c00884,1.0,1358,16764,0.08100691958959676,3,9,False,False,False,,0.85,open_data
2003,2003-11-10,general,44-ward,councillor,28,,2003-councillor-28,Mike Armstrong,Mike,Armstrong,"Armstrong, Mike",c00169,1.0,767,16764,0.045752803626819376,4,9,False,False,False,,0.85,open_data
2003,2003-11-10,general,44-ward,councillor,28,,2003-councillor-28,Wendy Forrest,Wendy,Forrest,"Forrest, Wendy",c00779,1.0,723,16764,0.04312813171080888,5,9,False,False,False,,0.85,open_data
2003,2003-11-10,general,44-ward,councillor,28,,2003-councillor-28,Anwarul Kabir,Anwarul,Kabir,"Kabir, Anwarul",c00153,1.0,582,16764,0.03471725125268432,6,9,False,False,False,,0.85,open_data
2003,2003-11-10,general,44-ward,councillor,28,,2003-councillor-28,Alamgir Muhammad,Alamgir,Muhammad,"Muhammad, Alamgir",c00053,0.8965517282485962,432,16764,0.025769506084466716,7,9,False,False,False,,0.85,open_data
2003,2003-11-10,general,44-ward,councillor,28,,2003-councillor-28,Paul Bordonaro,Paul,Bordonaro,"Bordonaro, Paul",c00304,1.0,260,16764,0.015509424958243857,8,9,False,False,False,,0.85,open_data
2003,2003-11-10,general,44-ward,councillor,28,,2003-councillor-28,Jean-Claude Mbuyi,Jean-Claude,Mbuyi,"Mbuyi, Jean-Claude",c00987,1.0,170,16764,0.01014077785731329,9,9,False,False,False,,0.85,open_data
2003,2003-11-10,general,44-ward,councillor,29,,2003-councillor-29,Case Ootes,Case,Ootes,"Ootes, Case",c00401,1.0,9352,15039,0.6218498570383669,1,3,True,False,True,prior_winner,0.95,open_data
2003,2003-11-10,general,44-ward,councillor,29,,2003-councillor-29,John Papadakis,John,Papadakis,"Papadakis, John",c01028,1.0,5207,15039,0.34623312720260657,2,3,False,False,False,,0.85,open_data
2003,2003-11-10,general,44-ward,councillor,29,,2003-councillor-29,Nick Radia,Nick,Radia,"Radia, Nick",c01329,1.0,480,15039,0.03191701575902653,3,3,False,False,False,,0.85,open_data
2003,2003-11-10,general,44-ward,councillor,30,,2003-councillor-30,Paula Fletcher,Paula,Fletcher,"Fletcher, Paula",c00768,1.0,6460,16372,0.3945761055460542,1,8,True,False,False,,0.85,open_data
2003,2003-11-10,general,44-ward,councillor,30,,2003-councillor-30,Chris Phibbs,Chris,Phibbs,"Phibbs, Chris",c00462,1.0,4271,16372,0.26087222086489126,2,8,False,False,False,,0.85,open_data
2003,2003-11-10,general,44-ward,councillor,30,,2003-councillor-30,Maureen Gilroy,Maureen,Gilroy,"Gilroy, Maureen",c00852,1.0,3161,16372,0.19307354019056927,3,8,False,False,False,,0.85,open_data
2003,2003-11-10,general,44-ward,councillor,30,,2003-councillor-30,Suzanne Mccormick,Suzanne,Mccormick,"McCormick, Suzanne",c01251,1.0,832,16372,0.05081847055949182,4,8,False,False,False,,0.85,open_data
2003,2003-11-10,general,44-ward,councillor,30,,2003-councillor-30,Bruce Brackett,Bruce,Brackett,"Brackett, Bruce",c00314,1.0,722,16372,0.044099682384559004,5,8,False,False,False,,0.85,open_data
2003,2003-11-10,general,44-ward,councillor,30,,2003-councillor-30,Greg Bonser,Greg,Bonser,"Bonser, Greg",c00300,1.0,510,16372,0.031150745174688493,6,8,False,False,False,,0.85,open_data
2003,2003-11-10,general,44-ward,councillor,30,,2003-councillor-30,Sean Lough,Sean,Lough,"Lough, Sean",c01194,1.0,237,16372,0.01447593452235524,7,8,False,False,False,,0.85,open_data
2003,2003-11-10,general,44-ward,councillor,30,,2003-councillor-30,Jim Brookman,Jim,Brookman,"Brookman, Jim",c00333,1.0,179,16372,0.010933300757390668,8,8,False,False,False,,0.85,open_data
2003,2003-11-10,general,44-ward,councillor,31,,2003-councillor-31,Janet Davis,Janet,Davis,"Davis, Janet",c00625,1.0,8894,16504,0.538899660688318,1,4,True,False,False,,0.85,open_data
2003,2003-11-10,general,44-ward,councillor,31,,2003-councillor-31,Michael Tziretas,Michael,Tziretas,"Tziretas, Michael",c01270,1.0,6640,16504,0.40232670867668446,2,4,False,False,True,wikipedia,0.85,open_data
2003,2003-11-10,general,44-ward,councillor,31,,2003-councillor-31,Nasir Duza,Nasir,Duza,"Duza, Nasir",c00706,1.0,556,16504,0.033688802714493454,3,4,False,False,False,,0.85,open_data
2003,2003-11-10,general,44-ward,councillor,31,,2003-councillor-31,Bob Smith,Bob,Smith,"Smith, Bob",c00290,1.0,414,16504,0.02508482792050412,4,4,False,False,False,,0.85,open_data
2003,2003-11-10,general,44-ward,councillor,32,,2003-councillor-32,Sandra Bussin,Sandra,Bussin,"Bussin, Sandra",c00360,1.0,12245,19302,0.6343902186301937,1,7,True,False,True,prior_winner,0.95,open_data
2003,2003-11-10,general,44-ward,councillor,32,,2003-councillor-32,Chris Yaccato,Chris,Yaccato,"Yaccato, Chris",c00468,1.0,5082,19302,0.26328877836493625,2,7,False,False,False,,0.85,open_data
2003,2003-11-10,general,44-ward,councillor,32,,2003-councillor-32,Alan Burke,Alan,Burke,"Burke, Alan",c00054,1.0,527,19302,0.027302870168894416,3,7,False,False,False,,0.85,open_data
2003,2003-11-10,general,44-ward,councillor,32,,2003-councillor-32,Colleen Mills,Colleen,Mills,"Mills, Colleen",c00510,1.0,527,19302,0.027302870168894416,3,7,False,False,False,,0.85,open_data
2003,2003-11-10,general,44-ward,councillor,32,,2003-councillor-32,Donna Braniff,Donna,Braniff,"Braniff, Donna",c00319,1.0,514,19302,0.02662936483265983,5,7,False,False,False,,0.85,open_data
2003,2003-11-10,general,44-ward,councillor,32,,2003-councillor-32,Jeffery Dorman,Jeffery,Dorman,"Dorman, Jeffery",c00692,1.0,224,19302,0.011605015024349808,6,7,False,False,False,,0.85,open_data
2003,2003-11-10,general,44-ward,councillor,32,,2003-councillor-32,Robert Livingstone,Robert,Livingstone,"Livingstone, Robert",c01187,1.0,183,19302,0.009480882810071495,7,7,False,False,False,,0.85,open_data
2003,2003-11-10,general,44-ward,councillor,33,,2003-councillor-33,Shelley Carroll,Shelley,Carroll,"Carroll, Shelley",c00396,1.0,4744,12973,0.3656825714946427,1,8,True,False,False,,0.85,open_data
2003,2003-11-10,general,44-ward,councillor,33,,2003-councillor-33,Rob Davis,Rob,Davis,"Davis, Rob",c00626,1.0,3923,12973,0.3023972866723194,2,8,False,False,False,,0.85,open_data
2003,2003-11-10,general,44-ward,councillor,33,,2003-councillor-33,Aris Babikian,Aris,Babikian,"Babikian, Aris",c00163,1.0,1757,12973,0.13543513451013645,3,8,False,False,False,,0.85,open_data
2003,2003-11-10,general,44-ward,councillor,33,,2003-councillor-33,Wayne Habbib,Wayne,Habbib,"Habbib, Wayne",c00897,1.0,1164,12973,0.0897248130733061,4,8,False,False,False,,0.85,open_data
2003,2003-11-10,general,44-ward,councillor,33,,2003-councillor-33,Jim Conlon,Jim,Conlon,"Conlon, Jim",c00516,1.0,675,12973,0.05203114160178833,5,8,False,False,False,,0.85,open_data
2003,2003-11-10,general,44-ward,councillor,33,,2003-councillor-33,Allan Ginsberg,Allan,Ginsberg,"Ginsberg, Allan",c00084,1.0,287,12973,0.022122870577352963,6,8,False,False,False,,0.85,open_data
2003,2003-11-10,general,44-ward,councillor,33,,2003-councillor-33,Asad Alam,Asad,Alam,"Alam, Asad",c00052,0.8999999761581421,232,12973,0.017883296076466507,7,8,False,False,False,,0.85,open_data
2003,2003-11-10,general,44-ward,councillor,33,,2003-councillor-33,Ari Maounis,Ari,Maounis,"Maounis, Ari",c00161,1.0,191,12973,0.014722885993987512,8,8,False,False,False,,0.85,open_data
2003,2003-11-10,general,44-ward,councillor,34,,2003-councillor-34,Denzil Minnan-Wong,Denzil,Minnan-Wong,"Minnan-Wong, Denzil",c00646,1.0,9783,13800,0.7089130434782609,1,4,True,False,True,prior_winner,0.95,open_data
2003,2003-11-10,general,44-ward,councillor,34,,2003-councillor-34,George Maxwell,George,Maxwell,"Maxwell, George",c00834,1.0,2197,13800,0.15920289855072464,2,4,False,False,False,,0.85,open_data
2003,2003-11-10,general,44-ward,councillor,34,,2003-councillor-34,Gary Walsh,Gary,Walsh,"Walsh, Gary",c00824,1.0,1120,13800,0.08115942028985507,3,4,False,False,False,,0.85,open_data
2003,2003-11-10,general,44-ward,councillor,34,,2003-councillor-34,Khan Niazi,Khan,Niazi,"Niazi, Khan",c01108,1.0,700,13800,0.050724637681159424,4,4,False,False,False,,0.85,open_data
2003,2003-11-10,general,44-ward,councillor,35,,2003-councillor-35,Gerry Altobello,Gerry,Altobello,"Altobello, Gerry",c00090,1.0,5410,11875,0.45557894736842103,1,7,True,False,True,prior_winner,0.95,open_data
2003,2003-11-10,general,44-ward,councillor,35,,2003-councillor-35,Adrian Heaps,Adrian,Heaps,"Heaps, Adrian",c00032,1.0,3388,11875,0.28530526315789473,2,7,False,False,False,,0.85,open_data
2003,2003-11-10,general,44-ward,councillor,35,,2003-councillor-35,Worrick Russell,Worrick,Russell,"Russell, Worrick",c01424,1.0,1651,11875,0.13903157894736842,3,7,False,False,False,,0.85,open_data
2003,2003-11-10,general,44-ward,councillor,35,,2003-councillor-35,Peter Harris,Peter,Harris,"Harris, Peter",c00908,1.0,550,11875,0.04631578947368421,4,7,False,False,False,,0.85,open_data
2003,2003-11-10,general,44-ward,councillor,35,,2003-councillor-35,Barry Nicholson,Barry,Nicholson,"Nicholson, Barry",c00231,1.0,326,11875,0.027452631578947367,5,7,False,False,False,,0.85,open_data
2003,2003-11-10,general,44-ward,councillor,35,,2003-councillor-35,Kalonji Muteba,Kalonji,Muteba,"Muteba, Kalonji",c01075,1.0,279,11875,0.023494736842105263,6,7,False,False,False,,0.85,open_data
2003,2003-11-10,general,44-ward,councillor,35,,2003-councillor-35,Jason Carey,Jason,Carey,"Carey, Jason",c00382,1.0,271,11875,0.022821052631578947,7,7,False,False,False,,0.85,open_data
2003,2003-11-10,general,44-ward,councillor,36,,2003-councillor-36,Brian Ashton,Brian,Ashton,"Ashton, Brian",c00183,1.0,11683,14969,0.7804796579597836,1,2,True,False,True,prior_winner,0.95,open_data
2003,2003-11-10,general,44-ward,councillor,36,,2003-councillor-36,Robert Scott,Robert,Scott,"Scott, Robert",c01405,1.0,3286,14969,0.21952034204021645,2,2,False,False,False,,0.85,open_data
2003,2003-11-10,general,44-ward,councillor,37,,2003-councillor-37,Michael Thompson,Michael,Thompson,"Thompson, Michael",c01268,1.0,7680,15494,0.49567574544985155,1,7,True,False,False,,0.85,open_data
2003,2003-11-10,general,44-ward,councillor,37,,2003-councillor-37,Helen Zoubaniotis,Helen,Zoubaniotis,"Zoubaniotis, Helen",c00921,1.0,4124,15494,0.2661675487285401,2,7,False,False,False,,0.85,open_data
2003,2003-11-10,general,44-ward,councillor,37,,2003-councillor-37,Laura-Maria Nikolareizi,Laura-Maria,Nikolareizi,"Nikolareizi, Laura-Maria",c01158,1.0,1156,15494,0.07460952626823286,3,7,False,False,False,,0.85,open_data
2003,2003-11-10,general,44-ward,councillor,37,,2003-councillor-37,Andrew Schulz,Andrew,Schulz,"Schulz, Andrew",c00126,1.0,1081,15494,0.06976894281657416,4,7,False,False,False,,0.85,open_data
2003,2003-11-10,general,44-ward,councillor,37,,2003-councillor-37,Greg Crompton,Greg,Crompton,"Crompton, Greg",c00540,1.0,553,15494,0.035691235316896865,5,7,False,False,False,,0.85,open_data
2003,2003-11-10,general,44-ward,councillor,37,,2003-councillor-37,David Finnamore,David,Finnamore,"Finnamore, David",c00598,1.0,470,15494,0.030334322963727893,6,7,False,False,False,,0.85,open_data
2003,2003-11-10,general,44-ward,councillor,37,,2003-councillor-37,Georges Legault,Georges,Legault,"Legault, Georges",c00843,1.0,430,15494,0.027752678456176585,7,7,False,False,False,,0.85,open_data
2003,2003-11-10,general,44-ward,councillor,38,,2003-councillor-38,Glenn De Baeremaeker,Glenn,De Baeremaeker,"De Baeremaeker, Glenn",c00209,1.0,6267,13495,0.46439422008151165,1,6,True,False,False,,0.85,open_data
2003,2003-11-10,general,44-ward,councillor,38,,2003-councillor-38,Virginia Jones,Virginia,Jones,"Jones, Virginia",c01049,1.0,2568,13495,0.19029270100037052,2,6,False,False,False,,0.85,open_data
2003,2003-11-10,general,44-ward,councillor,38,,2003-councillor-38,Tom Palantzas,Tom,Palantzas,"Palantzas, Tom",c01344,1.0,1678,13495,0.12434234901815487,3,6,False,False,False,,0.85,open_data
2003,2003-11-10,general,44-ward,councillor,38,,2003-councillor-38,Betty Hackett,Betty,Hackett,"Hackett, Betty",c00267,1.0,1316,13495,0.09751759911078177,4,6,False,False,False,,0.85,open_data
2003,2003-11-10,general,44-ward,councillor,38,,2003-councillor-38,Willie Reodica,Willie,Reodica,"Reodica, Willie",c01394,1.0,1243,13495,0.09210818821785846,5,6,False,False,False,,0.85,open_data
2003,2003-11-10,general,44-ward,councillor,38,,2003-councillor-38,Michael Binetti,Michael,Binetti,"Binetti, Michael",c00280,1.0,423,13495,0.03134494257132271,6,6,False,False,False,,0.85,open_data
2003,2003-11-10,general,44-ward,councillor,39,,2003-councillor-39,Mike Del Grande,Mike,Del Grande,"Del Grande, Mike",c00639,1.0,6299,12197,0.5164384684758547,1,2,True,False,False,,0.85,open_data
2003,2003-11-10,general,44-ward,councillor,39,,2003-councillor-39,Sherene Shaw,Sherene,Shaw,"Shaw, Sherene",c01447,1.0,5898,12197,0.48356153152414527,2,2,False,False,True,prior_winner,0.95,open_data
2003,2003-11-10,general,44-ward,councillor,40,,2003-councillor-40,Norman Kelly,Norman,Kelly,"Kelly, Norman",c01090,0.9090908765792847,10570,14023,0.7537616772445268,1,3,True,False,True,prior_winner,0.95,open_data
2003,2003-11-10,general,44-ward,councillor,40,,2003-councillor-40,Patrick Mcbrearty,Patrick,Mcbrearty,"McBrearty, Patrick",c01248,1.0,2470,14023,0.17613919988590174,2,3,False,False,False,,0.85,open_data
2003,2003-11-10,general,44-ward,councillor,40,,2003-councillor-40,Winston Ramjeet,Winston,Ramjeet,"Ramjeet, Winston",c01384,1.0,983,14023,0.07009912286957141,3,3,False,False,False,,0.85,open_data
2003,2003-11-10,general,44-ward,councillor,41,,2003-councillor-41,Bas Balkissoon,Bas,Balkissoon,"Balkissoon, Bas",c00217,1.0,10054,13469,0.746454822184275,1,2,True,False,True,prior_winner,0.95,open_data
2003,2003-11-10,general,44-ward,councillor,41,,2003-councillor-41,Sonny Yeung,Sonny,Yeung,"Yeung, Sonny",c01457,1.0,3415,13469,0.253545177815725,2,2,False,False,False,,0.85,open_data
2003,2003-11-10,general,44-ward,councillor,42,,2003-councillor-42,Raymond Cho,Raymond,Cho,"Cho, Raymond",c00448,1.0,8302,11861,0.6999409830537054,1,3,True,False,True,prior_winner,0.95,open_data
2003,2003-11-10,general,44-ward,councillor,42,,2003-councillor-42,Paulette Senior,Paulette,Senior,"Senior, Paulette",c01356,1.0,3314,11861,0.27940308574319195,2,3,False,False,False,,0.85,open_data
2003,2003-11-10,general,44-ward,councillor,42,,2003-councillor-42,Akeem Fasasi,Akeem,Fasasi,"Fasasi, Akeem",c00048,1.0,245,11861,0.020655931203102607,3,3,False,False,False,,0.85,open_data
2003,2003-11-10,general,44-ward,councillor,43,,2003-councillor-43,David Soknacki,David,Soknacki,"Soknacki, David",c00618,1.0,9790,11887,0.8235887944813662,1,2,True,False,True,prior_winner,0.95,open_data
2003,2003-11-10,general,44-ward,councillor,43,,2003-councillor-43,Glenn Kitchen,Glenn,Kitchen,"Kitchen, Glenn",c00860,1.0,2097,11887,0.1764112055186338,2,2,False,False,False,,0.85,open_data
2003,2003-11-10,general,44-ward,councillor,44,,2003-councillor-44,Gay Cowbourne,Gay,Cowbourne,"Cowbourne, Gay",c00533,1.0,7818,17118,0.4567122327374693,1,4,True,False,False,,0.85,open_data
2003,2003-11-10,general,44-ward,councillor,44,,2003-councillor-44,Ronald Moeser,Ronald,Moeser,"Moeser, Ronald",c01291,1.0,7522,17118,0.4394204930482533,2,4,False,False,False,,0.85,open_data
2003,2003-11-10,general,44-ward,councillor,44,,2003-councillor-44,William Sheehan,William,Sheehan,"Sheehan, William",c01449,1.0,939,17118,0.054854539081668416,3,4,False,False,False,,0.85,open_data
2003,2003-11-10,general,44-ward,councillor,44,,2003-councillor-44,Donald Blair,Donald,Blair,"Blair, Donald",c00282,1.0,839,17118,0.049012735132608946,4,4,False,False,False,,0.85,open_data
2003,2003-11-10,general,44-ward,mayor,,,2003-mayor-city,David Miller,David,Miller,"Miller, David",c00606,0.8799999952316284,299385,692085,0.4325841479009081,1,44,True,False,True,prior_winner,0.95,open_data
2003,2003-11-10,general,44-ward,mayor,,,2003-mayor-city,John Tory,John,Tory,"Tory, John",c01037,1.0,263189,692085,0.3802842136442778,2,44,False,False,False,,0.85,open_data
2003,2003-11-10,general,44-ward,mayor,,,2003-mayor-city,Barbara Hall,Barbara,Hall,"Hall, Barbara",c00223,1.0,63751,692085,0.09211440791232291,3,44,False,False,False,,0.85,open_data
2003,2003-11-10,general,44-ward,mayor,,,2003-mayor-city,John Nunziata,John,Nunziata,"Nunziata, John",c01027,1.0,36021,692085,0.05204707514250417,4,44,False,False,False,,0.85,open_data
2003,2003-11-10,general,44-ward,mayor,,,2003-mayor-city,Tom Jakobek,Tom,Jakobek,"Jakobek, Tom",c00965,1.0,5277,692085,0.007624785972821258,5,44,False,False,False,,0.85,open_data
2003,2003-11-10,general,44-ward,mayor,,,2003-mayor-city,Douglas Campbell,Douglas,Campbell,"Campbell, Douglas",c00374,1.0,2197,692085,0.003174465564200929,6,44,False,False,False,,0.85,open_data
2003,2003-11-10,general,44-ward,mayor,,,2003-mayor-city,Ahmad Shehab,Ahmad,Shehab,"Shehab, Ahmad",c00039,1.0,2084,692085,0.003011190821936612,7,44,False,False,False,,0.85,open_data
2003,2003-11-10,general,44-ward,mayor,,,2003-mayor-city,Jaime Castillo,Jaime,Castillo,"Castillo, Jaime",c00402,1.0,1616,692085,0.0023349733053020945,8,44,False,False,False,,0.85,open_data
2003,2003-11-10,general,44-ward,mayor,,,2003-mayor-city,Luis Silva,Luis,Silva,"Silva, Luis",c01206,1.0,1305,692085,0.0018856065367693275,9,44,False,False,False,,0.85,open_data
2003,2003-11-10,general,44-ward,mayor,,,2003-mayor-city,Don Andrews,Don,Andrews,"Andrews, Don",c00127,1.0,1220,692085,0.0017627892527651951,10,44,False,False,False,,0.85,open_data
2003,2003-11-10,general,44-ward,mayor,,,2003-mayor-city,Timothy Mcauliffe,Timothy,Mcauliffe,"McAuliffe, Timothy",c01247,1.0,821,692085,0.0011862704725575616,11,44,False,False,False,,0.85,open_data
2003,2003-11-10,general,44-ward,mayor,,,2003-mayor-city,Kevin Clarke,Kevin,Clarke,"Clarke, Kevin",c00489,1.0,804,692085,0.001161707015756735,12,44,False,False,False,,0.85,open_data
2003,2003-11-10,general,44-ward,mayor,,,2003-mayor-city,John Hartnett,John,Hartnett,"Hartnett, John",c00909,1.0,803,692085,0.001160262106533157,13,44,False,False,False,,0.85,open_data
2003,2003-11-10,general,44-ward,mayor,,,2003-mayor-city,Gary Benner,Gary,Benner,"Benner, Gary",c00251,1.0,802,692085,0.001158817197309579,14,44,False,False,False,,0.85,open_data
2003,2003-11-10,general,44-ward,mayor,,,2003-mayor-city,Albert Howell,Albert,Howell,"Howell, Albert",c00059,1.0,717,692085,0.0010359999133054466,15,44,False,False,False,,0.85,open_data
2003,2003-11-10,general,44-ward,mayor,,,2003-mayor-city,John Jahshan,John,Jahshan,"Jahshan, John",c00963,1.0,703,692085,0.0010157711841753542,16,44,False,False,False,,0.85,open_data
2003,2003-11-10,general,44-ward,mayor,,,2003-mayor-city,Michael Brausewetter,Michael,Brausewetter,"Brausewetter, Michael",c00321,1.0,672,692085,0.0009709789982444353,17,44,False,False,False,,0.85,open_data
2003,2003-11-10,general,44-ward,mayor,,,2003-mayor-city,David Lichacz,David,Lichacz,"Lichacz, David",c00604,1.0,659,692085,0.0009521951783379209,18,44,False,False,False,,0.85,open_data
2003,2003-11-10,general,44-ward,mayor,,,2003-mayor-city,Ram Narula,Ram,Narula,"Narula, Ram",c01315,1.0,645,692085,0.0009319664492078285,19,44,False,False,False,,0.85,open_data
2003,2003-11-10,general,44-ward,mayor,,,2003-mayor-city,Elias Makhoul,Elias,Makhoul,"Makhoul, Elias",c00722,1.0,644,692085,0.0009305215399842505,20,44,False,False,False,,0.85,open_data
2003,2003-11-10,general,44-ward,mayor,,,2003-mayor-city,Daniel Poremski,Daniel,Poremski,"Poremski, Daniel",c00577,1.0,627,692085,0.000905958083183424,21,44,False,False,False,,0.85,open_data
2003,2003-11-10,general,44-ward,mayor,,,2003-mayor-city,Ronald Graham,Ronald,Graham,"Graham, Ronald",c00879,1.0,619,692085,0.0008943988093947998,22,44,False,False,False,,0.85,open_data
2003,2003-11-10,general,44-ward,mayor,,,2003-mayor-city,Fen Peters,Fen,Peters,"Peters, Fen",c00753,1.0,598,692085,0.0008640557156996612,23,44,False,False,False,,0.85,open_data
2003,2003-11-10,general,44-ward,mayor,,,2003-mayor-city,Duri Naimji,Duri,Naimji,"Naimji, Duri",c00704,1.0,569,692085,0.0008221533482158983,24,44,False,False,False,,0.85,open_data
2003,2003-11-10,general,44-ward,mayor,,,2003-mayor-city,Scott Yee,Scott,Yee,"Yee, Scott",c01441,1.0,551,692085,0.0007961449821914939,25,44,False,False,False,,0.85,open_data
2003,2003-11-10,general,44-ward,mayor,,,2003-mayor-city,Monowar Hossain,Monowar,Hossain,"Hossain, Monowar",c00932,1.0,537,692085,0.0007759162530614015,26,44,False,False,False,,0.85,open_data
2003,2003-11-10,general,44-ward,mayor,,,2003-mayor-city,Axcel Cocon,Axcel,Cocon,"Cocon, Axcel",c00200,1.0,498,692085,0.0007195647933418583,27,44,False,False,False,,0.85,open_data
2003,2003-11-10,general,44-ward,mayor,,,2003-mayor-city,Ben Kerr,Ben,Kerr,"Kerr, Ben",c00247,1.0,433,692085,0.0006256456938092865,28,44,False,False,False,,0.85,open_data
2003,2003-11-10,general,44-ward,mayor,,,2003-mayor-city,Aleksandar Glisic,Aleksandar,Glisic,"Glisic, Aleksandar",c00066,1.0,420,692085,0.0006068618739027721,29,44,False,False,False,,0.85,open_data
2003,2003-11-10,general,44-ward,mayor,,,2003-mayor-city,Mitch Gold,Mitch,Gold,"Gold, Mitch",c00863,1.0,412,692085,0.0005953026001141479,30,44,False,False,False,,0.85,open_data
2003,2003-11-10,general,44-ward,mayor,,,2003-mayor-city,Hashmat Safi,Hashmat,Safi,"Safi, Hashmat",c00911,1.0,383,692085,0.000553400232630385,31,44,False,False,False,,0.85,open_data
2003,2003-11-10,general,44-ward,mayor,,,2003-mayor-city,Simon Shaw,Simon,Shaw,"Shaw, Simon",c01448,1.0,376,692085,0.0005432858680653388,32,44,False,False,False,,0.85,open_data
2003,2003-11-10,general,44-ward,mayor,,,2003-mayor-city,Patricia O'Beirne,Patricia,O'Beirne,"O'Beirne, Patricia",c01338,1.0,358,692085,0.0005172775020409342,33,44,False,False,False,,0.85,open_data
2003,2003-11-10,general,44-ward,mayor,,,2003-mayor-city,Abel Van Wyk,Abel,Van Wyk,"Van Wyk, Abel",c00012,1.0,332,692085,0.00047970986222790554,34,44,False,False,False,,0.85,open_data
2003,2003-11-10,general,44-ward,mayor,,,2003-mayor-city,Benjamin Mbaegbu,Benjamin,Mbaegbu,"Mbaegbu, Benjamin",c00250,1.0,288,692085,0.00041613385639047227,35,44,False,False,False,,0.85,open_data
2003,2003-11-10,general,44-ward,mayor,,,2003-mayor-city,Gerald Derome,Gerald,Derome,"Derome, Gerald",c00649,1.0,278,692085,0.00040168476415469197,36,44,False,False,False,,0.85,open_data
2003,2003-11-10,general,44-ward,mayor,,,2003-mayor-city,Rabindra Prashad,Rabindra,Prashad,"Prashad, Rabindra",c01372,1.0,271,692085,0.00039157039958964576,37,44,False,False,False,,0.85,open_data
2003,2003-11-10,general,44-ward,mayor,,,2003-mayor-city,Paul Lewin,Paul,Lewin,"Lewin, Paul",c01180,1.0,271,692085,0.00039157039958964576,37,44,False,False,False,,0.85,open_data
2003,2003-11-10,general,44-ward,mayor,,,2003-mayor-city,Hardy Dhir,Hardy,Dhir,"Dhir, Hardy",c00661,1.0,199,692085,0.0002875369354920277,39,44,False,False,False,,0.85,open_data
2003,2003-11-10,general,44-ward,mayor,,,2003-mayor-city,Kendal Csak,Kendal,Csak,"Csak, Kendal",c00544,1.0,193,692085,0.00027886748015055953,40,44,False,False,False,,0.85,open_data
2003,2003-11-10,general,44-ward,mayor,,,2003-mayor-city,Mehmet Yagiz,Mehmet,Yagiz,"Yagiz, Mehmet",c00080,1.0,193,692085,0.00027886748015055953,40,44,False,False,False,,0.85,open_data
2003,2003-11-10,general,44-ward,mayor,,,2003-mayor-city,Richard Weston,Richard,Weston,"Weston, Richard",c01398,1.0,133,692085,0.00019217292673587782,42,44,False,False,False,,0.85,open_data
2003,2003-11-10,general,44-ward,mayor,,,2003-mayor-city,Ratan Wadhwa,Ratan,Wadhwa,"Wadhwa, Ratan",c01387,1.0,121,692085,0.00017483401605294146,43,44,False,False,False,,0.85,open_data
2003,2003-11-10,general,44-ward,mayor,,,2003-mayor-city,Barry Pletch,Barry,Pletch,"Pletch, Barry",c00232,1.0,110,692085,0.00015894001459358317,44,44,False,False,False,,0.85,open_data
2006,2006-11-13,general,44-ward,councillor,1,,2006-councillor-1,Suzan Hall,Suzan,Hall,HALL SUZAN,c00899,1.0,4878,9585,0.5089201877934272,1,8,True,False,True,prior_winner,0.95,open_data
2006,2006-11-13,general,44-ward,councillor,1,,2006-councillor-1,Sonali Verma,Sonali,Verma,VERMA SONALI,c01456,1.0,2999,9585,0.31288471570161713,2,8,False,False,False,,0.85,open_data
2006,2006-11-13,general,44-ward,councillor,1,,2006-councillor-1,Anthony Caputo,Anthony,Caputo,CAPUTO ANTHONY,c00142,1.0,496,9585,0.05174752217005738,3,8,False,False,False,,0.85,open_data
2006,2006-11-13,general,44-ward,councillor,1,,2006-councillor-1,Andre Lucas,Andre,Lucas,LUCAS ANDRE,c00113,1.0,467,9585,0.04872196139801774,4,8,False,False,False,,0.85,open_data
2006,2006-11-13,general,44-ward,councillor,1,,2006-councillor-1,Francis Ahinful,Francis,Ahinful,AHINFUL FRANCIS,c00037,1.0,351,9585,0.036619718309859155,5,8,False,False,False,,0.85,open_data
2006,2006-11-13,general,44-ward,councillor,1,,2006-councillor-1,Ted Berger,Ted,Berger,BERGER TED,c00259,1.0,186,9585,0.01940532081377152,6,8,False,False,False,,0.85,open_data
2006,2006-11-13,general,44-ward,councillor,1,,2006-councillor-1,Rosemarie Mulhall,Rosemarie,Mulhall,MULHALL ROSEMARIE,c01305,1.0,129,9585,0.013458528951486698,7,8,False,False,False,,0.85,open_data
2006,2006-11-13,general,44-ward,councillor,1,,2006-councillor-1,Brian Prevost,Brian,Prevost,PREVOST BRIAN,c00330,1.0,79,9585,0.008242044861763172,8,8,False,False,False,,0.85,open_data
2006,2006-11-13,general,44-ward,councillor,2,,2006-councillor-2,Rob Ford,Rob,Ford,FORD ROB,c00775,1.0,8421,12753,0.6603152199482475,1,6,True,False,True,prior_winner,0.95,open_data
2006,2006-11-13,general,44-ward,councillor,2,,2006-councillor-2,Cadigia Ali,Cadigia,Ali,ALI CADIGIA,c00078,1.0,2010,12753,0.1576099741237356,2,6,False,False,False,,0.85,open_data
2006,2006-11-13,general,44-ward,councillor,2,,2006-councillor-2,Mike Mckenna,Mike,Mckenna,MCKENNA MIKE,c01254,1.0,1241,12753,0.09731043675997804,3,6,False,False,False,,0.85,open_data
2006,2006-11-13,general,44-ward,councillor,2,,2006-councillor-2,Kevin Mark,Kevin,Mark,MARK KEVIN,c01098,1.0,499,12753,0.039128048302360226,4,6,False,False,False,,0.85,open_data
2006,2006-11-13,general,44-ward,councillor,2,,2006-councillor-2,Philip Desouza,Philip,Desouza,DESOUZA PHILIP,c00653,1.0,363,12753,0.02846389084921195,5,6,False,False,False,,0.85,open_data
2006,2006-11-13,general,44-ward,councillor,2,,2006-councillor-2,Nick Nobile,Nick,Nobile,NOBILE NICK,c01326,1.0,219,12753,0.017172430016466712,6,6,False,False,False,,0.85,open_data
2006,2006-11-13,general,44-ward,councillor,3,,2006-councillor-3,Doug Holyday,Doug,Holyday,HOLYDAY DOUG,c00695,1.0,9757,13988,0.6975264512439233,1,4,True,False,True,prior_winner,0.95,open_data
2006,2006-11-13,general,44-ward,councillor,3,,2006-councillor-3,Peter Kudryk,Peter,Kudryk,KUDRYK PETER,c01138,1.0,2171,13988,0.15520446096654275,2,4,False,False,False,,0.85,open_data
2006,2006-11-13,general,44-ward,councillor,3,,2006-councillor-3,Lillian Lanca,Lillian,Lanca,LANCA LILLIAN,c01154,1.0,1391,13988,0.09944237918215613,3,4,False,False,False,,0.85,open_data
2006,2006-11-13,general,44-ward,councillor,3,,2006-councillor-3,Ross Vaughan,Ross,Vaughan,VAUGHAN ROSS,c01418,1.0,669,13988,0.047826708607377755,4,4,False,False,False,,0.85,open_data
2006,2006-11-13,general,44-ward,councillor,4,,2006-councillor-4,Luby Gloria Lindsay,Luby Gloria,Lindsay,LINDSAY LUBY GLORIA,c00862,1.0,9979,14558,0.6854650364060998,1,3,True,False,True,prior_winner,0.95,open_data
2006,2006-11-13,general,44-ward,councillor,4,,2006-councillor-4,Shane Daly,Shane,Daly,DALY SHANE,c00564,1.0,4108,14558,0.28218161835416955,2,3,False,False,False,,0.85,open_data
2006,2006-11-13,general,44-ward,councillor,4,,2006-councillor-4,Sam Mehta,Sam,Mehta,MEHTA SAM,c01256,1.0,471,14558,0.032353345239730734,3,3,False,False,False,,0.85,open_data
2006,2006-11-13,general,44-ward,councillor,5,,2006-councillor-5,Peter Milczyn,Peter,Milczyn,MILCZYN PETER,c01282,1.0,8501,15237,0.5579182253724486,1,5,True,False,True,prior_winner,0.95,open_data
2006,2006-11-13,general,44-ward,councillor,5,,2006-councillor-5,Arthur Roszak,Arthur,Roszak,ROSZAK ARTHUR,c00174,1.0,3856,15237,0.2530681892761042,2,5,False,False,False,,0.85,open_data
2006,2006-11-13,general,44-ward,councillor,5,,2006-councillor-5,John Chiappetta,John,Chiappetta,CHIAPPETTA JOHN,c00437,1.0,1668,15237,0.10947036818271313,3,5,False,False,False,,0.85,open_data
2006,2006-11-13,general,44-ward,councillor,5,,2006-councillor-5,Joseph Mignone,Joseph,Mignone,MIGNONE JOSEPH,c01055,1.0,1021,15237,0.06700794119577344,4,5,False,False,False,,0.85,open_data
2006,2006-11-13,general,44-ward,councillor,5,,2006-councillor-5,Bojidar Tchernev,Bojidar,Tchernev,TCHERNEV BOJIDAR,c00295,1.0,191,15237,0.012535275972960556,5,5,False,False,False,,0.85,open_data
2006,2006-11-13,general,44-ward,councillor,6,,2006-councillor-6,Mark Grimes,Mark,Grimes,GRIMES MARK,c00888,1.0,6472,15186,0.4261820097458185,1,9,True,False,True,prior_winner,0.95,open_data
2006,2006-11-13,general,44-ward,councillor,6,,2006-councillor-6,Jem Cain,Jem,Cain,CAIN JEM,c00365,1.0,3758,15186,0.24746477018306334,2,9,False,False,False,,0.85,open_data
2006,2006-11-13,general,44-ward,councillor,6,,2006-councillor-6,Matthew Day,Matthew,Day,DAY MATTHEW,c00628,1.0,2327,15186,0.15323324114315817,3,9,False,False,False,,0.85,open_data
2006,2006-11-13,general,44-ward,councillor,6,,2006-councillor-6,Gregory Wowchuk,Gregory,Wowchuk,WOWCHUK GREGORY,c00887,1.0,931,15186,0.06130646648228632,4,9,False,False,False,,0.85,open_data
2006,2006-11-13,general,44-ward,councillor,6,,2006-councillor-6,Danuta Markiewicz,Danuta,Markiewicz,MARKIEWICZ DANUTA,c00586,1.0,531,15186,0.03496641643619123,5,9,False,False,False,,0.85,open_data
2006,2006-11-13,general,44-ward,councillor,6,,2006-councillor-6,Rosalie Chalmers,Rosalie,Chalmers,CHALMERS ROSALIE,c00411,1.0,424,15186,0.027920453048860792,6,9,False,False,False,,0.85,open_data
2006,2006-11-13,general,44-ward,councillor,6,,2006-councillor-6,Walter Melnyk,Walter,Melnyk,MELNYK WALTER,c01258,1.0,309,15186,0.020347688660608456,7,9,False,False,False,,0.85,open_data
2006,2006-11-13,general,44-ward,councillor,6,,2006-councillor-6,Grande Tony Del,Grande Tony,Del,DEL GRANDE TONY,c00640,1.0,303,15186,0.019952587909917028,8,9,False,False,False,,0.85,open_data
2006,2006-11-13,general,44-ward,councillor,6,,2006-councillor-6,George Kash,George,Kash,KASH GEORGE,c00831,1.0,131,15186,0.008626366390096141,9,9,False,False,False,,0.85,open_data
2006,2006-11-13,general,44-ward,councillor,7,,2006-councillor-7,Giorgio Mammoliti,Giorgio,Mammoliti,MAMMOLITI GIORGIO,c00853,1.0,5877,9383,0.6263455184908878,1,4,True,False,True,prior_winner,0.95,open_data
2006,2006-11-13,general,44-ward,councillor,7,,2006-councillor-7,Sandra Anthony,Sandra,Anthony,ANTHONY SANDRA,c00148,1.0,2753,9383,0.293402962805073,2,4,False,False,False,,0.85,open_data
2006,2006-11-13,general,44-ward,councillor,7,,2006-councillor-7,Larry Perlman,Larry,Perlman,PERLMAN LARRY,c01156,1.0,495,9383,0.05275498241500586,3,4,False,False,False,,0.85,open_data
2006,2006-11-13,general,44-ward,councillor,7,,2006-councillor-7,Fred Cutler,Fred,Cutler,CUTLER FRED,c00550,1.0,258,9383,0.027496536289033358,4,4,False,False,False,,0.85,open_data
2006,2006-11-13,general,44-ward,councillor,8,,2006-councillor-8,Anthony Perruzza,Anthony,Perruzza,PERRUZZA ANTHONY,c00146,1.0,4738,10368,0.45698302469135804,1,6,True,False,False,,0.85,open_data
2006,2006-11-13,general,44-ward,councillor,8,,2006-councillor-8,Preti Peter Li,Preti Peter,Li,LI PRETI PETER,c01181,1.0,4159,10368,0.4011381172839506,2,6,False,False,True,prior_winner,0.95,open_data
2006,2006-11-13,general,44-ward,councillor,8,,2006-councillor-8,Tan Hau Dang,Tan Hau,Dang,DANG TAN HAU,c00569,1.0,734,10368,0.07079475308641975,3,6,False,False,False,,0.85,open_data
2006,2006-11-13,general,44-ward,councillor,8,,2006-councillor-8,Garry Green,Garry,Green,GREEN GARRY,c00819,1.0,371,10368,0.03578317901234568,4,6,False,False,False,,0.85,open_data
2006,2006-11-13,general,44-ward,councillor,8,,2006-councillor-8,Ramnarine Tiwari,Ramnarine,Tiwari,TIWARI RAMNARINE,c01385,1.0,193,10368,0.01861496913580247,5,6,False,False,False,,0.85,open_data
2006,2006-11-13,general,44-ward,councillor,8,,2006-councillor-8,Abdulhaq Omar,Abdulhaq,Omar,OMAR ABDULHAQ,c00008,1.0,173,10368,0.016685956790123458,6,6,False,False,False,,0.85,open_data
2006,2006-11-13,general,44-ward,councillor,9,,2006-councillor-9,Maria Augimeri,Maria,Augimeri,AUGIMERI MARIA,c00195,1.0,7256,9356,0.7755451047456178,1,2,True,False,True,prior_winner,0.95,open_data
2006,2006-11-13,general,44-ward,councillor,9,,2006-councillor-9,Vlad Protsenko,Vlad,Protsenko,PROTSENKO VLAD,c01374,1.0,2100,9356,0.22445489525438223,2,2,False,False,False,,0.85,open_data
2006,2006-11-13,general,44-ward,councillor,10,,2006-councillor-10,Michael Feldman,Michael,Feldman,FELDMAN MICHAEL,c00750,1.0,6527,12564,0.5195001591849729,1,7,True,False,True,prior_winner,0.95,open_data
2006,2006-11-13,general,44-ward,councillor,10,,2006-councillor-10,Igor Toutchinski,Igor,Toutchinski,TOUTCHINSKI IGOR,c00949,1.0,1940,12564,0.15440942375039796,2,7,False,False,False,,0.85,open_data
2006,2006-11-13,general,44-ward,councillor,10,,2006-councillor-10,Magda Berkovits,Magda,Berkovits,BERKOVITS MAGDA,c00260,1.0,1586,12564,0.1262336835402738,3,7,False,False,False,,0.85,open_data
2006,2006-11-13,general,44-ward,councillor,10,,2006-councillor-10,Max Royz,Max,Royz,ROYZ MAX,c01245,1.0,1106,12564,0.08802929003502069,4,7,False,False,False,,0.85,open_data
2006,2006-11-13,general,44-ward,councillor,10,,2006-councillor-10,Robert Freedland,Robert,Freedland,FREEDLAND ROBERT,c00796,1.0,561,12564,0.04465138490926457,5,7,False,False,False,,0.85,open_data
2006,2006-11-13,general,44-ward,councillor,10,,2006-councillor-10,Craig Smith,Craig,Smith,SMITH CRAIG,c00536,1.0,440,12564,0.03502069404648201,6,7,False,False,False,,0.85,open_data
2006,2006-11-13,general,44-ward,councillor,10,,2006-councillor-10,Alex Dumalag,Alex,Dumalag,DUMALAG ALEX,c00068,1.0,404,12564,0.03215536453358803,7,7,False,False,False,,0.85,open_data
2006,2006-11-13,general,44-ward,councillor,11,,2006-councillor-11,Frances Nunziata,Frances,Nunziata,NUNZIATA FRANCES,c00785,1.0,6469,13042,0.4960128814598988,1,4,True,False,True,prior_winner,0.95,open_data
2006,2006-11-13,general,44-ward,councillor,11,,2006-councillor-11,Paul Ferreira,Paul,Ferreira,FERREIRA PAUL,c00762,1.0,4812,13042,0.36896181567244285,2,4,False,False,False,,0.85,open_data
2006,2006-11-13,general,44-ward,councillor,11,,2006-councillor-11,Rocky Gualtieri,Rocky,Gualtieri,GUALTIERI ROCKY,c00889,1.0,1235,13042,0.09469406532740378,3,4,False,False,False,,0.85,open_data
2006,2006-11-13,general,44-ward,councillor,11,,2006-councillor-11,Pansy Mullings,Pansy,Mullings,MULLINGS PANSY,c01306,1.0,526,13042,0.04033123754025456,4,4,False,False,False,,0.85,open_data
2006,2006-11-13,general,44-ward,councillor,12,,2006-councillor-12,Giorgio Frank Di,Giorgio Frank,Di,DI GIORGIO FRANK,c00663,1.0,4980,10335,0.4818577648766328,1,5,True,False,True,prior_winner,0.95,open_data
2006,2006-11-13,general,44-ward,councillor,12,,2006-councillor-12,Nick Dominelli,Nick,Dominelli,DOMINELLI NICK,c00687,1.0,2725,10335,0.2636671504596033,2,5,False,False,False,,0.85,open_data
2006,2006-11-13,general,44-ward,councillor,12,,2006-councillor-12,Joe Renda,Joe,Renda,RENDA JOE,c01016,1.0,1419,10335,0.13730043541364295,3,5,False,False,False,,0.85,open_data
2006,2006-11-13,general,44-ward,councillor,12,,2006-councillor-12,Keith Sweeney,Keith,Sweeney,SWEENEY KEITH,c01087,1.0,1054,10335,0.10198355104015482,4,5,False,False,False,,0.85,open_data
2006,2006-11-13,general,44-ward,councillor,12,,2006-councillor-12,Michel Dugre,Michel,Dugre,DUGRE MICHEL,c00701,1.0,157,10335,0.015191098209966135,5,5,False,False,False,,0.85,open_data
2006,2006-11-13,general,44-ward,councillor,13,,2006-councillor-13,Bill Saundercook,Bill,Saundercook,SAUNDERCOOK BILL,c00276,1.0,6930,15982,0.43361281441621824,1,6,True,False,True,prior_winner,0.95,open_data
2006,2006-11-13,general,44-ward,councillor,13,,2006-councillor-13,Greg Hamara,Greg,Hamara,HAMARA GREG,c00882,1.0,4829,15982,0.30215242147415844,2,6,False,False,False,,0.85,open_data
2006,2006-11-13,general,44-ward,councillor,13,,2006-councillor-13,David Garrick,David,Garrick,GARRICK DAVID,c00600,1.0,2904,15982,0.18170441746965335,3,6,False,False,False,,0.85,open_data
2006,2006-11-13,general,44-ward,councillor,13,,2006-councillor-13,Frances Wdowczyk,Frances,Wdowczyk,WDOWCZYK FRANCES,c00786,1.0,605,15982,0.03785508697284445,4,6,False,False,False,,0.85,open_data
2006,2006-11-13,general,44-ward,councillor,13,,2006-councillor-13,Linda Coltman,Linda,Coltman,COLTMAN LINDA,c00513,1.0,433,15982,0.02709297960205231,5,6,False,False,False,,0.85,open_data
2006,2006-11-13,general,44-ward,councillor,13,,2006-councillor-13,Aleksander Oniszczak,Aleksander,Oniszczak,ONISZCZAK ALEKSANDER,c00067,1.0,281,15982,0.017582280065073206,6,6,False,False,False,,0.85,open_data
2006,2006-11-13,general,44-ward,councillor,14,,2006-councillor-14,Gord Perks,Gord,Perks,PERKS GORD,c00871,1.0,3816,12661,0.3013979938393492,1,14,True,False,False,,0.85,open_data
2006,2006-11-13,general,44-ward,councillor,14,,2006-councillor-14,Rowena Santos,Rowena,Santos,SANTOS ROWENA,c01419,1.0,2978,12661,0.23521048890293025,2,14,False,False,False,,0.85,open_data
2006,2006-11-13,general,44-ward,councillor,14,,2006-councillor-14,Ted Lojko,Ted,Lojko,LOJKO TED,c01190,1.0,1872,12661,0.14785561961930338,3,14,False,False,False,,0.85,open_data
2006,2006-11-13,general,44-ward,councillor,14,,2006-councillor-14,John Colautti,John,Colautti,COLAUTTI JOHN,c00499,1.0,1645,12661,0.12992654608640708,4,14,False,False,False,,0.85,open_data
2006,2006-11-13,general,44-ward,councillor,14,,2006-councillor-14,David White,David,White,WHITE DAVID,c00622,1.0,885,12661,0.06989969196745913,5,14,False,False,False,,0.85,open_data
2006,2006-11-13,general,44-ward,councillor,14,,2006-councillor-14,Tom Freeman,Tom,Freeman,FREEMAN TOM,c00797,1.0,476,12661,0.03759576652713056,6,14,False,False,False,,0.85,open_data
2006,2006-11-13,general,44-ward,councillor,14,,2006-councillor-14,Walter Jarsky,Walter,Jarsky,JARSKY WALTER,c00982,1.0,342,12661,0.027012084353526578,7,14,False,False,False,,0.85,open_data
2006,2006-11-13,general,44-ward,councillor,14,,2006-councillor-14,Dilorece South,Dilorece,South,SOUTH DILORECE,c00678,1.0,288,12661,0.02274701840296975,8,14,False,False,False,,0.85,open_data
2006,2006-11-13,general,44-ward,councillor,14,,2006-councillor-14,Anthony Quinn,Anthony,Quinn,QUINN ANTHONY,c00147,1.0,103,12661,0.00813521838717321,9,14,False,False,False,,0.85,open_data
2006,2006-11-13,general,44-ward,councillor,14,,2006-councillor-14,Beverly Bernardo,Beverly,Bernardo,BERNARDO BEVERLY,c00262,1.0,99,12661,0.007819287576020852,10,14,False,False,False,,0.85,open_data
2006,2006-11-13,general,44-ward,councillor,14,,2006-councillor-14,David Hanna,David,Hanna,HANNA DAVID,c00603,1.0,73,12661,0.005765737303530527,11,14,False,False,False,,0.85,open_data
2006,2006-11-13,general,44-ward,councillor,14,,2006-councillor-14,Matthew Vezina,Matthew,Vezina,VEZINA MATTHEW,c01243,1.0,51,12661,0.00402811784219256,12,14,False,False,False,,0.85,open_data
2006,2006-11-13,general,44-ward,councillor,14,,2006-councillor-14,Jimmy Talpa,Jimmy,Talpa,TALPA JIMMY,c01009,1.0,19,12661,0.0015006713529736987,13,14,False,False,False,,0.85,open_data
2006,2006-11-13,general,44-ward,councillor,14,,2006-councillor-14,Barry Hubick,Barry,Hubick,HUBICK BARRY,c00230,1.0,14,12661,0.0011057578390332517,14,14,False,False,False,,0.85,open_data
2006,2006-11-13,general,44-ward,councillor,15,,2006-councillor-15,Howard Moscoe,Howard,Moscoe,MOSCOE HOWARD,c00938,1.0,5820,12412,0.4689010634869481,1,7,True,False,True,prior_winner,0.95,open_data
2006,2006-11-13,general,44-ward,councillor,15,,2006-councillor-15,Ron Singer,Ron,Singer,SINGER RON,c01414,1.0,3110,12412,0.250563970351273,2,7,False,False,False,,0.85,open_data
2006,2006-11-13,general,44-ward,councillor,15,,2006-councillor-15,Rosina Bonavota,Rosina,Bonavota,BONAVOTA ROSINA,c00296,1.0,1897,12412,0.1528359651949726,3,7,False,False,False,,0.85,open_data
2006,2006-11-13,general,44-ward,councillor,15,,2006-councillor-15,Howard Cohen,Howard,Cohen,COHEN HOWARD,c00497,1.0,675,12412,0.0543828553013213,4,7,False,False,False,,0.85,open_data
2006,2006-11-13,general,44-ward,councillor,15,,2006-councillor-15,Eva Tavares,Eva,Tavares,TAVARES EVA,c00738,1.0,477,12412,0.03843055107960039,5,7,False,False,False,,0.85,open_data
2006,2006-11-13,general,44-ward,councillor,15,,2006-councillor-15,Dino Stamatopoulos,Dino,Stamatopoulos,STAMATOPOULOS DINO,c00681,1.0,311,12412,0.025056397035127295,6,7,False,False,False,,0.85,open_data
2006,2006-11-13,general,44-ward,councillor,15,,2006-councillor-15,Alex Papouchine,Alex,Papouchine,PAPOUCHINE ALEX,c00071,1.0,122,12412,0.009829197550757332,7,7,False,False,False,,0.85,open_data
2006,2006-11-13,general,44-ward,councillor,16,,2006-councillor-16,Karen Stintz,Karen,Stintz,STINTZ KAREN,c01080,1.0,8880,13749,0.6458651538293694,1,6,True,False,True,prior_winner,0.95,open_data
2006,2006-11-13,general,44-ward,councillor,16,,2006-councillor-16,Albert Pantaleo,Albert,Pantaleo,PANTALEO ALBERT,c00062,1.0,1721,13749,0.1251727398356244,2,6,False,False,False,,0.85,open_data
2006,2006-11-13,general,44-ward,councillor,16,,2006-councillor-16,Charm Darby,Charm,Darby,DARBY CHARM,c00427,1.0,1421,13749,0.10335297112517274,3,6,False,False,False,,0.85,open_data
2006,2006-11-13,general,44-ward,councillor,16,,2006-councillor-16,Steve Watt,Steve,Watt,WATT STEVE,c01464,1.0,886,13749,0.0644410502582006,4,6,False,False,False,,0.85,open_data
2006,2006-11-13,general,44-ward,councillor,16,,2006-councillor-16,Steven Bosnick,Steven,Bosnick,BOSNICK STEVEN,c00308,1.0,477,13749,0.034693432249618156,5,6,False,False,False,,0.85,open_data
2006,2006-11-13,general,44-ward,councillor,16,,2006-councillor-16,Yigal Rifkind,Yigal,Rifkind,RIFKIND YIGAL,c01399,1.0,364,13749,0.02647465270201469,6,6,False,False,False,,0.85,open_data
2006,2006-11-13,general,44-ward,councillor,17,,2006-councillor-17,Cesar Palacio,Cesar,Palacio,PALACIO CESAR,c00407,1.0,4827,11408,0.4231241234221599,1,7,True,False,True,prior_winner,0.95,open_data
2006,2006-11-13,general,44-ward,councillor,17,,2006-councillor-17,Alejandra Bravo,Alejandra,Bravo,BRAVO ALEJANDRA,c00065,1.0,4546,11408,0.39849228611500703,2,7,False,False,False,,0.85,open_data
2006,2006-11-13,general,44-ward,councillor,17,,2006-councillor-17,Fred Dominelli,Fred,Dominelli,DOMINELLI FRED,c00686,1.0,1491,11408,0.1306977559607293,3,7,False,False,False,,0.85,open_data
2006,2006-11-13,general,44-ward,councillor,17,,2006-councillor-17,Cinzia Scalabrini,Cinzia,Scalabrini,SCALABRINI CINZIA,c00488,1.0,211,11408,0.018495792426367463,4,7,False,False,False,,0.85,open_data
2006,2006-11-13,general,44-ward,councillor,17,,2006-councillor-17,David Faria,David,Faria,FARIA DAVID,c00596,1.0,206,11408,0.01805750350631136,5,7,False,False,False,,0.85,open_data
2006,2006-11-13,general,44-ward,councillor,17,,2006-councillor-17,Gustavo Valdez,Gustavo,Valdez,VALDEZ GUSTAVO,c00896,1.0,77,11408,0.006749649368863955,6,7,False,False,False,,0.85,open_data
2006,2006-11-13,general,44-ward,councillor,17,,2006-councillor-17,Espinoza Wilson Basantes,Espinoza Wilson,Basantes,BASANTES ESPINOZA WILSON,c00233,1.0,50,11408,0.00438288920056101,7,7,False,False,False,,0.85,open_data
2006,2006-11-13,general,44-ward,councillor,18,,2006-councillor-18,Adam Giambrone,Adam,Giambrone,GIAMBRONE ADAM,c00022,1.0,6025,9006,0.6689984454807906,1,6,True,False,True,prior_winner,0.95,open_data
2006,2006-11-13,general,44-ward,councillor,18,,2006-councillor-18,Simon Wookey,Simon,Wookey,WOOKEY SIMON,c01453,1.0,2089,9006,0.23195647346213635,2,6,False,False,False,,0.85,open_data
2006,2006-11-13,general,44-ward,councillor,18,,2006-councillor-18,Jim Mcmillan,Jim,Mcmillan,MCMILLAN JIM,c01004,1.0,292,9006,0.03242282922496114,3,6,False,False,False,,0.85,open_data
2006,2006-11-13,general,44-ward,councillor,18,,2006-councillor-18,Lloyd Ferguson,Lloyd,Ferguson,FERGUSON LLOYD,c00757,1.0,262,9006,0.02909171663335554,4,6,False,False,False,,0.85,open_data
2006,2006-11-13,general,44-ward,councillor,18,,2006-councillor-18,Nha Le,Nha,Le,LE NHA,c01165,1.0,251,9006,0.027870308683100156,5,6,False,False,False,,0.85,open_data
2006,2006-11-13,general,44-ward,councillor,18,,2006-councillor-18,Jim Rawling,Jim,Rawling,RAWLING JIM,c01005,1.0,87,9006,0.009660226515656229,6,6,False,False,False,,0.85,open_data
2006,2006-11-13,general,44-ward,councillor,19,,2006-councillor-19,Joe Pantalone,Joe,Pantalone,PANTALONE JOE,c01015,1.0,8524,11148,0.764621456763545,1,4,True,False,True,prior_winner,0.95,open_data
2006,2006-11-13,general,44-ward,councillor,19,,2006-councillor-19,George Sawision,George,Sawision,SAWISION GEORGE,c00839,1.0,1710,11148,0.1533907427341227,2,4,False,False,False,,0.85,open_data
2006,2006-11-13,general,44-ward,councillor,19,,2006-councillor-19,Nick Boragina,Nick,Boragina,BORAGINA NICK,c00302,1.0,511,11148,0.045837818442770004,3,4,False,False,False,,0.85,open_data
2006,2006-11-13,general,44-ward,councillor,19,,2006-councillor-19,Himy Syed,Himy,Syed,SYED HIMY,c00925,1.0,403,11148,0.036149982059562255,4,4,False,False,False,,0.85,open_data
2006,2006-11-13,general,44-ward,councillor,20,,2006-councillor-20,Adam Vaughan,Adam,Vaughan,VAUGHAN ADAM,c00028,1.0,7834,15167,0.5165161205248237,1,8,True,False,False,,0.85,open_data
2006,2006-11-13,general,44-ward,councillor,20,,2006-councillor-20,Helen Kennedy,Helen,Kennedy,KENNEDY HELEN,c00920,1.0,5334,15167,0.35168457836091516,2,8,False,False,False,,0.85,open_data
2006,2006-11-13,general,44-ward,councillor,20,,2006-councillor-20,Desmond Cole,Desmond,Cole,COLE DESMOND,c00500,1.0,750,15167,0.04944946264917255,3,8,False,False,False,,0.85,open_data
2006,2006-11-13,general,44-ward,councillor,20,,2006-councillor-20,Chris Ouellette,Chris,Ouellette,OUELLETTE CHRIS,c00460,1.0,375,15167,0.024724731324586274,4,8,False,False,False,,0.85,open_data
2006,2006-11-13,general,44-ward,councillor,20,,2006-councillor-20,Joseph Tuan,Joseph,Tuan,TUAN JOSEPH,c01061,1.0,359,15167,0.023669809454737258,5,8,False,False,False,,0.85,open_data
2006,2006-11-13,general,44-ward,councillor,20,,2006-councillor-20,Devendra Sharma,Devendra,Sharma,SHARMA DEVENDRA,c00656,1.0,231,15167,0.015230434495945144,6,8,False,False,False,,0.85,open_data
2006,2006-11-13,general,44-ward,councillor,20,,2006-councillor-20,Douglas Lowry,Douglas,Lowry,LOWRY DOUGLAS,c00696,1.0,193,15167,0.012724995055053735,7,8,False,False,False,,0.85,open_data
2006,2006-11-13,general,44-ward,councillor,20,,2006-councillor-20,Carmin Priolo,Carmin,Priolo,PRIOLO CARMIN,c00388,1.0,91,15167,0.005999868134766269,8,8,False,False,False,,0.85,open_data
2006,2006-11-13,general,44-ward,councillor,21,,2006-councillor-21,Joe Mihevc,Joe,Mihevc,MIHEVC JOE,c01014,1.0,8096,14285,0.5667483374168708,1,4,True,False,True,prior_winner,0.95,open_data
2006,2006-11-13,general,44-ward,councillor,21,,2006-councillor-21,John Sewell,John,Sewell,SEWELL JOHN,c01033,1.0,3326,14285,0.2328316415820791,2,4,False,False,False,,0.85,open_data
2006,2006-11-13,general,44-ward,councillor,21,,2006-councillor-21,John Adams,John,Adams,ADAMS JOHN,c00029,1.0,2713,14285,0.18991949597479874,3,4,False,False,False,,0.85,open_data
2006,2006-11-13,general,44-ward,councillor,21,,2006-councillor-21,Tony Corpuz,Tony,Corpuz,CORPUZ TONY,c00527,1.0,150,14285,0.010500525026251312,4,4,False,False,False,,0.85,open_data
2006,2006-11-13,general,44-ward,councillor,22,,2006-councillor-22,Michael Walker,Michael,Walker,WALKER MICHAEL,c01271,1.0,11899,15210,0.7823142669296516,1,3,True,False,True,prior_winner,0.95,open_data
2006,2006-11-13,general,44-ward,councillor,22,,2006-councillor-22,Rob Newman,Rob,Newman,NEWMAN ROB,c01325,1.0,2506,15210,0.16476002629848785,2,3,False,False,False,,0.85,open_data
2006,2006-11-13,general,44-ward,councillor,22,,2006-councillor-22,Gord Reynolds,Gord,Reynolds,REYNOLDS GORD,c00872,1.0,805,15210,0.05292570677186062,3,3,False,False,False,,0.85,open_data
2006,2006-11-13,general,44-ward,councillor,23,,2006-councillor-23,John Filion,John,Filion,FILION JOHN,c00766,1.0,8853,15412,0.5744225279003374,1,5,True,False,True,prior_winner,0.95,open_data
2006,2006-11-13,general,44-ward,councillor,23,,2006-councillor-23,Andrew Miller,Andrew,Miller,MILLER ANDREW,c00124,1.0,5235,15412,0.3396703867116533,2,5,False,False,False,,0.85,open_data
2006,2006-11-13,general,44-ward,councillor,23,,2006-councillor-23,Cornel Chifor,Cornel,Chifor,CHIFOR CORNEL,c00440,1.0,557,15412,0.036140669608097586,3,5,False,False,False,,0.85,open_data
2006,2006-11-13,general,44-ward,councillor,23,,2006-councillor-23,Mohammed Choudhary,Mohammed,Choudhary,CHOUDHARY MOHAMMED,c00450,1.0,394,15412,0.02556449519854659,4,5,False,False,False,,0.85,open_data
2006,2006-11-13,general,44-ward,councillor,23,,2006-councillor-23,Ignacio Manlangit,Ignacio,Manlangit,MANLANGIT IGNACIO,c00946,1.0,373,15412,0.02420192058136517,5,5,False,False,False,,0.85,open_data
2006,2006-11-13,general,44-ward,councillor,24,,2006-councillor-24,David Shiner,David,Shiner,SHINER DAVID,c00617,1.0,6930,12816,0.5407303370786517,1,4,True,False,True,prior_winner,0.95,open_data
2006,2006-11-13,general,44-ward,councillor,24,,2006-councillor-24,Ed Shiller,Ed,Shiller,SHILLER ED,c00710,1.0,3768,12816,0.2940074906367041,2,4,False,False,False,,0.85,open_data
2006,2006-11-13,general,44-ward,councillor,24,,2006-councillor-24,Sanaz Amirpour,Sanaz,Amirpour,AMIRPOUR SANAZ,c00104,1.0,1329,12816,0.10369850187265918,3,4,False,False,False,,0.85,open_data
2006,2006-11-13,general,44-ward,councillor,24,,2006-councillor-24,Colleen Ladd,Colleen,Ladd,LADD COLLEEN,c00509,1.0,789,12816,0.061563670411985016,4,4,False,False,False,,0.85,open_data
2006,2006-11-13,general,44-ward,councillor,25,,2006-councillor-25,Cliff Jenkins,Cliff,Jenkins,JENKINS CLIFF,c00494,0.8965517282485962,7954,13644,0.5829668718850777,1,5,True,False,True,prior_winner,0.95,open_data
2006,2006-11-13,general,44-ward,councillor,25,,2006-councillor-25,Tony Dickins,Tony,Dickins,DICKINS TONY,c00676,1.0,2788,13644,0.20433890354734682,2,5,False,False,False,,0.85,open_data
2006,2006-11-13,general,44-ward,councillor,25,,2006-councillor-25,Robertson Boyle,Robertson,Boyle,BOYLE ROBERTSON,c00313,1.0,971,13644,0.07116681325124596,3,5,False,False,False,,0.85,open_data
2006,2006-11-13,general,44-ward,councillor,25,,2006-councillor-25,Peter Kapsalis,Peter,Kapsalis,KAPSALIS PETER,c01078,1.0,967,13644,0.07087364409264145,4,5,False,False,False,,0.85,open_data
2006,2006-11-13,general,44-ward,councillor,25,,2006-councillor-25,John Blair,John,Blair,BLAIR JOHN,c00283,1.0,964,13644,0.07065376722368807,5,5,False,False,False,,0.85,open_data
2006,2006-11-13,general,44-ward,councillor,26,,2006-councillor-26,John Parker,John,Parker,PARKER JOHN,c01029,1.0,3369,16752,0.20111031518624642,1,15,True,False,False,,0.85,open_data
2006,2006-11-13,general,44-ward,councillor,26,,2006-councillor-26,Mohamed Dhanani,Mohamed,Dhanani,DHANANI MOHAMED,c00660,1.0,3155,16752,0.1883357211079274,2,15,False,False,False,,0.85,open_data
2006,2006-11-13,general,44-ward,councillor,26,,2006-councillor-26,Abdul Ingar,Abdul,Ingar,INGAR ABDUL,c00006,1.0,2940,16752,0.17550143266475646,3,15,False,False,False,,0.85,open_data
2006,2006-11-13,general,44-ward,councillor,26,,2006-councillor-26,Geoff Kettel,Geoff,Kettel,KETTEL GEOFF,c00830,1.0,1372,16752,0.08190066857688634,4,15,False,False,False,,0.85,open_data
2006,2006-11-13,general,44-ward,councillor,26,,2006-councillor-26,Natalie Maniates,Natalie,Maniates,MANIATES NATALIE,c01219,1.0,1336,16752,0.07975167144221586,5,15,False,False,False,,0.85,open_data
2006,2006-11-13,general,44-ward,councillor,26,,2006-councillor-26,David Thomas,David,Thomas,THOMAS DAVID,c00620,1.0,1095,16752,0.06536532951289398,6,15,False,False,False,,0.85,open_data
2006,2006-11-13,general,44-ward,councillor,26,,2006-councillor-26,John Masterson,John,Masterson,MASTERSON JOHN,c01023,1.0,887,16752,0.05294890162368673,7,15,False,False,False,,0.85,open_data
2006,2006-11-13,general,44-ward,councillor,26,,2006-councillor-26,Michele Carroll-Smith,Michele,Carroll-Smith,CARROLL-SMITH MICHELE,c00397,1.0,743,16752,0.044352913085004775,8,15,False,False,False,,0.85,open_data
2006,2006-11-13,general,44-ward,councillor,26,,2006-councillor-26,Debbie Lechter,Debbie,Lechter,LECHTER DEBBIE,c00637,1.0,577,16752,0.034443648519579755,9,15,False,False,False,,0.85,open_data
2006,2006-11-13,general,44-ward,councillor,26,,2006-councillor-26,Csaba Vegh,Csaba,Vegh,VEGH CSABA,c00543,1.0,371,16752,0.022146609360076407,10,15,False,False,False,,0.85,open_data
2006,2006-11-13,general,44-ward,councillor,26,,2006-councillor-26,Muhammad Alam,Muhammad,Alam,ALAM MUHAMMAD,c00053,0.8965517282485962,261,16752,0.015580229226361032,11,15,False,False,False,,0.85,open_data
2006,2006-11-13,general,44-ward,councillor,26,,2006-councillor-26,Fred Williams,Fred,Williams,WILLIAMS FRED,c00793,1.0,256,16752,0.015281757402101241,12,15,False,False,False,,0.85,open_data
2006,2006-11-13,general,44-ward,councillor,26,,2006-councillor-26,Bahar Aminvaziri,Bahar,Aminvaziri,AMINVAZIRI BAHAR,c00103,1.0,215,16752,0.012834288443170964,13,15,False,False,False,,0.85,open_data
2006,2006-11-13,general,44-ward,councillor,26,,2006-councillor-26,Orhan Aybars,Orhan,Aybars,AYBARS ORHAN,c00201,1.0,99,16752,0.00590974212034384,14,15,False,False,False,,0.85,open_data
2006,2006-11-13,general,44-ward,councillor,26,,2006-councillor-26,Raza Jabbar,Raza,Jabbar,JABBAR RAZA,c00956,1.0,76,16752,0.004536771728748806,15,15,False,False,False,,0.85,open_data
2006,2006-11-13,general,44-ward,councillor,27,,2006-councillor-27,Kyle Rae,Kyle,Rae,RAE KYLE,c01146,1.0,8931,15805,0.5650743435621639,1,8,True,False,True,prior_winner,0.95,open_data
2006,2006-11-13,general,44-ward,councillor,27,,2006-councillor-27,Carol Golench,Carol,Golench,GOLENCH CAROL,c00389,1.0,1391,15805,0.08801012337867764,2,8,False,False,False,,0.85,open_data
2006,2006-11-13,general,44-ward,councillor,27,,2006-councillor-27,Chris Reid,Chris,Reid,REID CHRIS,c00463,1.0,1330,15805,0.0841505852578298,3,8,False,False,False,,0.85,open_data
2006,2006-11-13,general,44-ward,councillor,27,,2006-councillor-27,Gary Leroux,Gary,Leroux,LEROUX GARY,c00821,1.0,1327,15805,0.08396077190762417,4,8,False,False,False,,0.85,open_data
2006,2006-11-13,general,44-ward,councillor,27,,2006-councillor-27,Cam Johnson,Cam,Johnson,JOHNSON CAM,c00372,1.0,913,15805,0.05776652957924707,5,8,False,False,False,,0.85,open_data
2006,2006-11-13,general,44-ward,councillor,27,,2006-councillor-27,Susan Gapka,Susan,Gapka,GAPKA SUSAN,c00814,1.0,752,15805,0.0475798797848782,6,8,False,False,False,,0.85,open_data
2006,2006-11-13,general,44-ward,councillor,27,,2006-councillor-27,Daniel Young,Daniel,Young,YOUNG DANIEL,c00581,1.0,614,15805,0.03884846567541917,7,8,False,False,False,,0.85,open_data
2006,2006-11-13,general,44-ward,councillor,27,,2006-councillor-27,Rob Bezanson,Rob,Bezanson,BEZANSON ROB,c00268,1.0,547,15805,0.03460930085416008,8,8,False,False,False,,0.85,open_data
2006,2006-11-13,general,44-ward,councillor,28,,2006-councillor-28,Pam Mcconnell,Pam,Mcconnell,MCCONNELL PAM,c01249,1.0,8434,13439,0.6275764565815909,1,7,True,False,True,prior_winner,0.95,open_data
2006,2006-11-13,general,44-ward,councillor,28,,2006-councillor-28,Howard Bortenstein,Howard,Bortenstein,BORTENSTEIN HOWARD,c00307,1.0,1418,13439,0.10551380311035047,2,7,False,False,False,,0.85,open_data
2006,2006-11-13,general,44-ward,councillor,28,,2006-councillor-28,Catherina Perez,Catherina,Perez,PEREZ CATHERINA,c00403,1.0,1064,13439,0.07917255748195551,3,7,False,False,False,,0.85,open_data
2006,2006-11-13,general,44-ward,councillor,28,,2006-councillor-28,Yaqoob Khan,Yaqoob,Khan,KHAN YAQOOB,c01113,1.0,731,13439,0.05439392811965176,4,7,False,False,False,,0.85,open_data
2006,2006-11-13,general,44-ward,councillor,28,,2006-councillor-28,Connie Harrison,Connie,Harrison,HARRISON CONNIE,c00517,1.0,706,13439,0.05253367066001935,5,7,False,False,False,,0.85,open_data
2006,2006-11-13,general,44-ward,councillor,28,,2006-councillor-28,Holly Cartmell,Holly,Cartmell,CARTMELL HOLLY,c00398,1.0,646,13439,0.048069052756901556,6,7,False,False,False,,0.85,open_data
2006,2006-11-13,general,44-ward,councillor,28,,2006-councillor-28,Baquie Ghazi,Baquie,Ghazi,GHAZI BAQUIE,c00222,1.0,440,13439,0.03274053128953047,7,7,False,False,False,,0.85,open_data
2006,2006-11-13,general,44-ward,councillor,29,,2006-councillor-29,Case Ootes,Case,Ootes,OOTES CASE,c00401,1.0,5790,12512,0.46275575447570333,1,6,True,False,True,prior_winner,0.95,open_data
2006,2006-11-13,general,44-ward,councillor,29,,2006-councillor-29,Diane Alexopoulos,Diane,Alexopoulos,ALEXOPOULOS DIANE,c00077,1.0,5770,12512,0.46115728900255754,2,6,False,False,False,,0.85,open_data
2006,2006-11-13,general,44-ward,councillor,29,,2006-councillor-29,Andrew James,Andrew,James,JAMES ANDREW,c00121,1.0,518,12512,0.0414002557544757,3,6,False,False,False,,0.85,open_data
2006,2006-11-13,general,44-ward,councillor,29,,2006-councillor-29,Hamish Wilson,Hamish,Wilson,WILSON HAMISH,c00902,1.0,183,12512,0.014625959079283888,4,6,False,False,False,,0.85,open_data
2006,2006-11-13,general,44-ward,councillor,29,,2006-councillor-29,John Richardson,John,Richardson,RICHARDSON JOHN,c01032,1.0,137,12512,0.010949488491048593,5,6,False,False,False,,0.85,open_data
2006,2006-11-13,general,44-ward,councillor,29,,2006-councillor-29,Darryl Smith,Darryl,Smith,SMITH DARRYL,c00588,1.0,114,12512,0.009111253196930947,6,6,False,False,False,,0.85,open_data
2006,2006-11-13,general,44-ward,councillor,30,,2006-councillor-30,Paula Fletcher,Paula,Fletcher,FLETCHER PAULA,c00768,1.0,7936,13181,0.6020787497154996,1,6,True,False,True,prior_winner,0.95,open_data
2006,2006-11-13,general,44-ward,councillor,30,,2006-councillor-30,Suzanne Mccormick,Suzanne,Mccormick,MCCORMICK SUZANNE,c01251,1.0,3470,13181,0.2632577194446552,2,6,False,False,False,,0.85,open_data
2006,2006-11-13,general,44-ward,councillor,30,,2006-councillor-30,Edward Chin,Edward,Chin,CHIN EDWARD,c00442,1.0,937,13181,0.07108717092785069,3,6,False,False,False,,0.85,open_data
2006,2006-11-13,general,44-ward,councillor,30,,2006-councillor-30,Michael Zubiak,Michael,Zubiak,ZUBIAK MICHAEL,c01273,1.0,522,13181,0.03960245808360519,4,6,False,False,False,,0.85,open_data
2006,2006-11-13,general,44-ward,councillor,30,,2006-councillor-30,Patrick Kraemer,Patrick,Kraemer,KRAEMER PATRICK,c01133,1.0,220,13181,0.016690691146347015,5,6,False,False,False,,0.85,open_data
2006,2006-11-13,general,44-ward,councillor,30,,2006-councillor-30,Daniel Nicastro,Daniel,Nicastro,NICASTRO DANIEL,c00575,1.0,96,13181,0.007283210682042333,6,6,False,False,False,,0.85,open_data
2006,2006-11-13,general,44-ward,councillor,31,,2006-councillor-31,Janet Davis,Janet,Davis,DAVIS JANET,c00625,1.0,8990,13639,0.6591392330816043,1,5,True,False,True,prior_winner,0.95,open_data
2006,2006-11-13,general,44-ward,councillor,31,,2006-councillor-31,Steve Minos,Steve,Minos,MINOS STEVE,c01286,1.0,4187,13639,0.3069873157856148,2,5,False,False,False,,0.85,open_data
2006,2006-11-13,general,44-ward,councillor,31,,2006-councillor-31,Paul Murton,Paul,Murton,MURTON PAUL,c01308,1.0,176,13639,0.012904171860107045,3,5,False,False,False,,0.85,open_data
2006,2006-11-13,general,44-ward,councillor,31,,2006-councillor-31,Mark Hindle,Mark,Hindle,HINDLE MARK,c00926,1.0,167,13639,0.01224429943544248,4,5,False,False,False,,0.85,open_data
2006,2006-11-13,general,44-ward,councillor,31,,2006-councillor-31,Leonard Subotich,Leonard,Subotich,SUBOTICH LEONARD,c01176,1.0,119,13639,0.008724979837231469,5,5,False,False,False,,0.85,open_data
2006,2006-11-13,general,44-ward,councillor,32,,2006-councillor-32,Sandra Bussin,Sandra,Bussin,BUSSIN SANDRA,c00360,1.0,10377,14877,0.6975196612220206,1,9,True,False,True,prior_winner,0.95,open_data
2006,2006-11-13,general,44-ward,councillor,32,,2006-councillor-32,Erica Maier,Erica,Maier,MAIER ERICA,c00731,1.0,1287,14877,0.08650937689050212,2,9,False,False,False,,0.85,open_data
2006,2006-11-13,general,44-ward,councillor,32,,2006-councillor-32,John Lewis,John,Lewis,LEWIS JOHN,c01022,1.0,1081,14877,0.07266249915977684,3,9,False,False,False,,0.85,open_data
2006,2006-11-13,general,44-ward,councillor,32,,2006-councillor-32,Donna Braniff,Donna,Braniff,BRANIFF DONNA,c00319,1.0,660,14877,0.04436378302077032,4,9,False,False,False,,0.85,open_data
2006,2006-11-13,general,44-ward,councillor,32,,2006-councillor-32,Matt Williams,Matt,Williams,WILLIAMS MATT,c01242,1.0,557,14877,0.03744034415540767,5,9,False,False,False,,0.85,open_data
2006,2006-11-13,general,44-ward,councillor,32,,2006-councillor-32,Alan Burke,Alan,Burke,BURKE ALAN,c00054,1.0,332,14877,0.022316327216508704,6,9,False,False,False,,0.85,open_data
2006,2006-11-13,general,44-ward,councillor,32,,2006-councillor-32,John Greer,John,Greer,GREER JOHN,c00881,1.0,305,14877,0.020501445183840828,7,9,False,False,False,,0.85,open_data
2006,2006-11-13,general,44-ward,councillor,32,,2006-councillor-32,William Gallos,William,Gallos,GALLOS WILLIAM,c00809,1.0,196,14877,0.013174699200107548,8,9,False,False,False,,0.85,open_data
2006,2006-11-13,general,44-ward,councillor,32,,2006-councillor-32,Luca Mele,Luca,Mele,MELE LUCA,c01200,1.0,82,14877,0.005511863951065403,9,9,False,False,False,,0.85,open_data
2006,2006-11-13,general,44-ward,councillor,33,,2006-councillor-33,Shelley Carroll,Shelley,Carroll,CARROLL SHELLEY,c00396,1.0,6219,10493,0.5926808348422758,1,5,True,False,True,prior_winner,0.95,open_data
2006,2006-11-13,general,44-ward,councillor,33,,2006-councillor-33,Sarah Tsang-Fahey,Sarah,Tsang-Fahey,TSANG-FAHEY SARAH,c01436,1.0,1424,10493,0.1357095206328028,2,5,False,False,False,,0.85,open_data
2006,2006-11-13,general,44-ward,councillor,33,,2006-councillor-33,Zane Caplan,Zane,Caplan,CAPLAN ZANE,c00378,1.0,1392,10493,0.13265986848375108,3,5,False,False,False,,0.85,open_data
2006,2006-11-13,general,44-ward,councillor,33,,2006-councillor-33,Jim Conlon,Jim,Conlon,CONLON JIM,c00516,1.0,1060,10493,0.10101972743733918,4,5,False,False,False,,0.85,open_data
2006,2006-11-13,general,44-ward,councillor,33,,2006-councillor-33,Anderson Tung,Anderson,Tung,TUNG ANDERSON,c00109,1.0,398,10493,0.037930048603831125,5,5,False,False,False,,0.85,open_data
2006,2006-11-13,general,44-ward,councillor,34,,2006-councillor-34,Denzil Minnan-Wong,Denzil,Minnan-Wong,MINNAN-WONG DENZIL,c00646,1.0,7567,12472,0.6067190506735086,1,5,True,False,True,prior_winner,0.95,open_data
2006,2006-11-13,general,44-ward,councillor,34,,2006-councillor-34,Susan Salek,Susan,Salek,SALEK SUSAN,c01430,1.0,3240,12472,0.25978191148171903,2,5,False,False,False,,0.85,open_data
2006,2006-11-13,general,44-ward,councillor,34,,2006-councillor-34,George Maxwell,George,Maxwell,MAXWELL GEORGE,c00834,1.0,589,12472,0.04722578576010263,3,5,False,False,False,,0.85,open_data
2006,2006-11-13,general,44-ward,councillor,34,,2006-councillor-34,Atiya Ahmed,Atiya,Ahmed,AHMED ATIYA,c00040,1.0,560,12472,0.04490057729313662,4,5,False,False,False,,0.85,open_data
2006,2006-11-13,general,44-ward,councillor,34,,2006-councillor-34,Gary Walsh,Gary,Walsh,WALSH GARY,c00824,1.0,516,12472,0.04137267479153303,5,5,False,False,False,,0.85,open_data
2006,2006-11-13,general,44-ward,councillor,35,,2006-councillor-35,Adrian Heaps,Adrian,Heaps,HEAPS ADRIAN,c00032,1.0,2949,12400,0.2378225806451613,1,13,True,False,False,,0.85,open_data
2006,2006-11-13,general,44-ward,councillor,35,,2006-councillor-35,Michelle Berardinetti,Michelle,Berardinetti,BERARDINETTI MICHELLE,c00255,1.0,2860,12400,0.2306451612903226,2,13,False,False,False,,0.85,open_data
2006,2006-11-13,general,44-ward,councillor,35,,2006-councillor-35,Dan Harris,Dan,Harris,HARRIS DAN,c00567,1.0,1853,12400,0.14943548387096775,3,13,False,False,False,,0.85,open_data
2006,2006-11-13,general,44-ward,councillor,35,,2006-councillor-35,Elizabeth Moyer,Elizabeth,Moyer,MOYER ELIZABETH,c00723,1.0,1371,12400,0.11056451612903226,4,13,False,False,False,,0.85,open_data
2006,2006-11-13,general,44-ward,councillor,35,,2006-councillor-35,Michael Kilpatrick,Michael,Kilpatrick,KILPATRICK MICHAEL,c01119,1.0,1098,12400,0.08854838709677419,5,13,False,False,False,,0.85,open_data
2006,2006-11-13,general,44-ward,councillor,35,,2006-councillor-35,Worrick Russell,Worrick,Russell,RUSSELL WORRICK,c01424,1.0,786,12400,0.06338709677419355,6,13,False,False,False,,0.85,open_data
2006,2006-11-13,general,44-ward,councillor,35,,2006-councillor-35,Sharif Ahmed,Sharif,Ahmed,AHMED SHARIF,c00043,1.0,669,12400,0.05395161290322581,7,13,False,False,False,,0.85,open_data
2006,2006-11-13,general,44-ward,councillor,35,,2006-councillor-35,Norman Lovatsis,Norman,Lovatsis,LOVATSIS NORMAN,c01197,1.0,436,12400,0.03516129032258065,8,13,False,False,False,,0.85,open_data
2006,2006-11-13,general,44-ward,councillor,35,,2006-councillor-35,Jason Carey,Jason,Carey,CAREY JASON,c00382,1.0,113,12400,0.009112903225806452,9,13,False,False,False,,0.85,open_data
2006,2006-11-13,general,44-ward,councillor,35,,2006-councillor-35,Armando Calderon,Armando,Calderon,CALDERON ARMANDO,c00168,1.0,94,12400,0.007580645161290323,10,13,False,False,False,,0.85,open_data
2006,2006-11-13,general,44-ward,councillor,35,,2006-councillor-35,Michael Brausewetter,Michael,Brausewetter,BRAUSEWETTER MICHAEL,c00321,1.0,89,12400,0.00717741935483871,11,13,False,False,False,,0.85,open_data
2006,2006-11-13,general,44-ward,councillor,35,,2006-councillor-35,Tony Festino,Tony,Festino,FESTINO TONY,c00763,1.0,52,12400,0.004193548387096774,12,13,False,False,False,,0.85,open_data
2006,2006-11-13,general,44-ward,councillor,35,,2006-councillor-35,Axcel Cocon,Axcel,Cocon,COCON AXCEL,c00200,1.0,30,12400,0.0024193548387096775,13,13,False,False,False,,0.85,open_data
2006,2006-11-13,general,44-ward,councillor,36,,2006-councillor-36,Brian Ashton,Brian,Ashton,ASHTON BRIAN,c00183,1.0,9717,12509,0.7768007034934847,1,4,True,False,True,prior_winner,0.95,open_data
2006,2006-11-13,general,44-ward,councillor,36,,2006-councillor-36,Eddy Gasparotto,Eddy,Gasparotto,GASPAROTTO EDDY,c00713,1.0,1597,12509,0.12766807898313215,2,4,False,False,False,,0.85,open_data
2006,2006-11-13,general,44-ward,councillor,36,,2006-councillor-36,Greg Crompton,Greg,Crompton,CROMPTON GREG,c00540,1.0,828,12509,0.06619234151410984,3,4,False,False,False,,0.85,open_data
2006,2006-11-13,general,44-ward,councillor,36,,2006-councillor-36,Ron Sonier,Ron,Sonier,SONIER RON,c01415,1.0,367,12509,0.02933887600927332,4,4,False,False,False,,0.85,open_data
2006,2006-11-13,general,44-ward,councillor,37,,2006-councillor-37,Michael Thompson,Michael,Thompson,THOMPSON MICHAEL,c01268,1.0,11987,13755,0.8714649218466012,1,3,True,False,True,prior_winner,0.95,open_data
2006,2006-11-13,general,44-ward,councillor,37,,2006-councillor-37,Jamie Kallmeyer,Jamie,Kallmeyer,KALLMEYER JAMIE,c00975,1.0,1094,13755,0.07953471464921846,2,3,False,False,False,,0.85,open_data
2006,2006-11-13,general,44-ward,councillor,37,,2006-councillor-37,Derick Ackloo,Derick,Ackloo,ACKLOO DERICK,c00019,1.0,674,13755,0.0490003635041803,3,3,False,False,False,,0.85,open_data
2006,2006-11-13,general,44-ward,councillor,38,,2006-councillor-38,Baeremaeker Glenn De,Baeremaeker Glenn,De,DE BAEREMAEKER GLENN,c00209,1.0,8583,13876,0.6185500144133756,1,8,True,False,True,prior_winner,0.95,open_data
2006,2006-11-13,general,44-ward,councillor,38,,2006-councillor-38,Tushar Shah,Tushar,Shah,SHAH TUSHAR,c01443,1.0,1330,13876,0.09584894782358028,2,8,False,False,False,,0.85,open_data
2006,2006-11-13,general,44-ward,councillor,38,,2006-councillor-38,Willie Reodica,Willie,Reodica,REODICA WILLIE,c01394,1.0,1233,13876,0.08885846065148457,3,8,False,False,False,,0.85,open_data
2006,2006-11-13,general,44-ward,councillor,38,,2006-councillor-38,Dan Sandor,Dan,Sandor,SANDOR DAN,c00568,1.0,1144,13876,0.08244450850389161,4,8,False,False,False,,0.85,open_data
2006,2006-11-13,general,44-ward,councillor,38,,2006-councillor-38,Bruce Hare,Bruce,Hare,HARE BRUCE,c00343,1.0,422,13876,0.03041222254251946,5,8,False,False,False,,0.85,open_data
2006,2006-11-13,general,44-ward,councillor,38,,2006-councillor-38,Kirk Jensen,Kirk,Jensen,JENSEN KIRK,c00998,1.0,399,13876,0.028754684347074084,6,8,False,False,False,,0.85,open_data
2006,2006-11-13,general,44-ward,councillor,38,,2006-councillor-38,Michael Binetti,Michael,Binetti,BINETTI MICHAEL,c00280,1.0,390,13876,0.028106082444508504,7,8,False,False,False,,0.85,open_data
2006,2006-11-13,general,44-ward,councillor,38,,2006-councillor-38,Clement Babb,Clement,Babb,BABB CLEMENT,c00207,1.0,375,13876,0.02702507927356587,8,8,False,False,False,,0.85,open_data
2006,2006-11-13,general,44-ward,councillor,39,,2006-councillor-39,Grande Mike Del,Grande Mike,Del,DEL GRANDE MIKE,c00639,1.0,7964,11685,0.6815575524176294,1,6,True,False,True,prior_winner,0.95,open_data
2006,2006-11-13,general,44-ward,councillor,39,,2006-councillor-39,John Wong,John,Wong,WONG JOHN,c01041,1.0,1888,11685,0.16157466837826273,2,6,False,False,False,,0.85,open_data
2006,2006-11-13,general,44-ward,councillor,39,,2006-councillor-39,Wayne Cook,Wayne,Cook,COOK WAYNE,c00520,1.0,660,11685,0.05648267008985879,3,6,False,False,False,,0.85,open_data
2006,2006-11-13,general,44-ward,councillor,39,,2006-councillor-39,Lushan Lu,Lushan,Lu,LU LUSHAN,c01199,1.0,614,11685,0.052545999144201966,4,6,False,False,False,,0.85,open_data
2006,2006-11-13,general,44-ward,councillor,39,,2006-councillor-39,Sunshine Smith,Sunshine,Smith,SMITH SUNSHINE,c01454,1.0,365,11685,0.03123662815575524,5,6,False,False,False,,0.85,open_data
2006,2006-11-13,general,44-ward,councillor,39,,2006-councillor-39,Samuel Kung,Samuel,Kung,KUNG SAMUEL,c01143,1.0,194,11685,0.016602481814291827,6,6,False,False,False,,0.85,open_data
2006,2006-11-13,general,44-ward,councillor,40,,2006-councillor-40,Norm Kelly,Norm,Kelly,KELLY NORM,c01090,0.9090908765792847,10481,13261,0.7903627177437599,1,4,True,False,True,prior_winner,0.95,open_data
2006,2006-11-13,general,44-ward,councillor,40,,2006-councillor-40,George Pappas,George,Pappas,PAPPAS GEORGE,c00837,1.0,1618,13261,0.12201191463690521,2,4,False,False,False,,0.85,open_data
2006,2006-11-13,general,44-ward,councillor,40,,2006-councillor-40,Sunny Eren,Sunny,Eren,EREN SUNNY,c00728,1.0,746,13261,0.056255184375235655,3,4,False,False,False,,0.85,open_data
2006,2006-11-13,general,44-ward,councillor,40,,2006-councillor-40,Winston Ramjeet,Winston,Ramjeet,RAMJEET WINSTON,c01384,1.0,416,13261,0.03137018324409924,4,4,False,False,False,,0.85,open_data
2006,2006-11-13,general,44-ward,councillor,41,,2006-councillor-41,Chin Lee,Chin,Lee,LEE CHIN,c00443,1.0,5501,14544,0.37823157315731576,1,10,True,False,False,,0.85,open_data
2006,2006-11-13,general,44-ward,councillor,41,,2006-councillor-41,David Robertson,David,Robertson,ROBERTSON DAVID,c00613,1.0,3324,14544,0.22854785478547854,2,10,False,False,False,,0.85,open_data
2006,2006-11-13,general,44-ward,councillor,41,,2006-councillor-41,Thadsha Navamanikkam,Thadsha,Navamanikkam,NAVAMANIKKAM THADSHA,c01317,1.0,1727,14544,0.11874312431243124,3,10,False,False,False,,0.85,open_data
2006,2006-11-13,general,44-ward,councillor,41,,2006-councillor-41,Hratch Aynedjian,Hratch,Aynedjian,AYNEDJIAN HRATCH,c00202,1.0,1376,14544,0.09460946094609461,4,10,False,False,False,,0.85,open_data
2006,2006-11-13,general,44-ward,councillor,41,,2006-councillor-41,Scott Shi,Scott,Shi,SHI SCOTT,c01439,1.0,926,14544,0.06366886688668867,5,10,False,False,False,,0.85,open_data
2006,2006-11-13,general,44-ward,councillor,41,,2006-councillor-41,John Ching,John,Ching,CHING JOHN,c00444,1.0,690,14544,0.04744224422442244,6,10,False,False,False,,0.85,open_data
2006,2006-11-13,general,44-ward,councillor,41,,2006-councillor-41,Sonny Yeung,Sonny,Yeung,YEUNG SONNY,c01457,1.0,365,14544,0.025096259625962597,7,10,False,False,False,,0.85,open_data
2006,2006-11-13,general,44-ward,councillor,41,,2006-councillor-41,Malcolm Mansfield,Malcolm,Mansfield,MANSFIELD MALCOLM,c01216,1.0,338,14544,0.02323982398239824,8,10,False,False,False,,0.85,open_data
2006,2006-11-13,general,44-ward,councillor,41,,2006-councillor-41,Jose Baking,Jose,Baking,BAKING JOSE,c00213,1.0,158,14544,0.010863586358635864,9,10,False,False,False,,0.85,open_data
2006,2006-11-13,general,44-ward,councillor,41,,2006-councillor-41,Min Lee,Min,Lee,LEE MIN,c01168,1.0,139,14544,0.009557205720572058,10,10,False,False,False,,0.85,open_data
2006,2006-11-13,general,44-ward,councillor,42,,2006-councillor-42,Raymond Cho,Raymond,Cho,CHO RAYMOND,c00448,1.0,7480,14334,0.5218361936654109,1,4,True,False,True,prior_winner,0.95,open_data
2006,2006-11-13,general,44-ward,councillor,42,,2006-councillor-42,Kumar Nadarajah,Kumar,Nadarajah,NADARAJAH KUMAR,c01140,1.0,3683,14334,0.25694153760290217,2,4,False,False,False,,0.85,open_data
2006,2006-11-13,general,44-ward,councillor,42,,2006-councillor-42,Mohammed Ather,Mohammed,Ather,ATHER MOHAMMED,c00191,1.0,1639,14334,0.1143435189060974,3,4,False,False,False,,0.85,open_data
2006,2006-11-13,general,44-ward,councillor,42,,2006-councillor-42,Bonnie Irwin,Bonnie,Irwin,IRWIN BONNIE,c00299,1.0,1532,14334,0.10687874982558951,4,4,False,False,False,,0.85,open_data
2006,2006-11-13,general,44-ward,councillor,43,,2006-councillor-43,Paul Ainslie,Paul,Ainslie,AINSLIE PAUL,c00046,1.0,4677,12077,0.3872650492672021,1,7,True,False,True,wikipedia,0.85,open_data
2006,2006-11-13,general,44-ward,councillor,43,,2006-councillor-43,Jim Robb,Jim,Robb,ROBB JIM,c01006,1.0,3388,12077,0.28053324501117827,2,7,False,False,False,,0.85,open_data
2006,2006-11-13,general,44-ward,councillor,43,,2006-councillor-43,Abdul Patel,Abdul,Patel,PATEL ABDUL,c00007,1.0,1738,12077,0.1439099114018382,3,7,False,False,False,,0.85,open_data
2006,2006-11-13,general,44-ward,councillor,43,,2006-councillor-43,John Laforet,John,Laforet,LAFORET JOHN,c01020,1.0,933,12077,0.07725428500455411,4,7,False,False,False,,0.85,open_data
2006,2006-11-13,general,44-ward,councillor,43,,2006-councillor-43,Mujeeb Khan,Mujeeb,Khan,KHAN MUJEEB,c01106,1.0,495,12077,0.04098700008280202,5,7,False,False,False,,0.85,open_data
2006,2006-11-13,general,44-ward,councillor,43,,2006-councillor-43,Glenn Kitchen,Glenn,Kitchen,KITCHEN GLENN,c00860,1.0,495,12077,0.04098700008280202,5,7,False,False,False,,0.85,open_data
2006,2006-11-13,general,44-ward,councillor,43,,2006-councillor-43,Amarjeet Chhabra,Amarjeet,Chhabra,CHHABRA AMARJEET,c00098,1.0,351,12077,0.02906350914962325,7,7,False,False,False,,0.85,open_data
2006,2006-11-13,general,44-ward,councillor,44,,2006-councillor-44,Ron Moeser,Ron,Moeser,MOESER RON,c01290,1.0,6480,15697,0.4128177358730968,1,8,True,False,False,,0.85,open_data
2006,2006-11-13,general,44-ward,councillor,44,,2006-councillor-44,Diana Hall,Diana,Hall,HALL DIANA,c00667,1.0,6419,15697,0.4089316429891062,2,8,False,False,False,,0.85,open_data
2006,2006-11-13,general,44-ward,councillor,44,,2006-councillor-44,Richard Ross,Richard,Ross,ROSS RICHARD,c01397,1.0,1062,15697,0.06765624004586863,3,8,False,False,False,,0.85,open_data
2006,2006-11-13,general,44-ward,councillor,44,,2006-councillor-44,Donald Blair,Donald,Blair,BLAIR DONALD,c00282,1.0,588,15697,0.03745938714404026,4,8,False,False,False,,0.85,open_data
2006,2006-11-13,general,44-ward,councillor,44,,2006-councillor-44,Kevin Richardson,Kevin,Richardson,RICHARDSON KEVIN,c01099,1.0,587,15697,0.037395680703319105,5,8,False,False,False,,0.85,open_data
2006,2006-11-13,general,44-ward,councillor,44,,2006-councillor-44,Mohammed Mirza,Mohammed,Mirza,MIRZA MOHAMMED,c01287,1.0,421,15697,0.026820411543607058,6,8,False,False,False,,0.85,open_data
2006,2006-11-13,general,44-ward,councillor,44,,2006-councillor-44,Kevin Wellington,Kevin,Wellington,WELLINGTON KEVIN,c01102,1.0,87,15697,0.005542460342740651,7,8,False,False,False,,0.85,open_data
2006,2006-11-13,general,44-ward,councillor,44,,2006-councillor-44,Richard Rieger,Richard,Rieger,RIEGER RICHARD,c01396,1.0,53,15697,0.0033764413582213163,8,8,False,False,False,,0.85,open_data
2006,2006-11-13,general,44-ward,mayor,,,2006-mayor-city,David Miller,David,Miller,MILLER DAVID,c00606,0.8799999952316284,332969,584484,0.5696802649858679,1,38,True,False,True,prior_winner,0.95,open_data
2006,2006-11-13,general,44-ward,mayor,,,2006-mayor-city,Jane Pitfield,Jane,Pitfield,PITFIELD JANE,c00978,1.0,188932,584484,0.32324580313575735,2,38,False,False,True,prior_winner,0.95,open_data
2006,2006-11-13,general,44-ward,mayor,,,2006-mayor-city,Stephen Ledrew,Stephen,Ledrew,LEDREW STEPHEN,c01167,1.0,8078,584484,0.013820737607872927,3,38,False,False,False,,0.85,open_data
2006,2006-11-13,general,44-ward,mayor,,,2006-mayor-city,Michael Alexander,Michael,Alexander,ALEXANDER MICHAEL,c00074,1.0,5247,584484,0.008977149075081611,4,38,False,False,False,,0.85,open_data
2006,2006-11-13,general,44-ward,mayor,,,2006-mayor-city,Jaime Castillo,Jaime,Castillo,CASTILLO JAIME,c00402,1.0,5215,584484,0.008922399928826109,5,38,False,False,False,,0.85,open_data
2006,2006-11-13,general,44-ward,mayor,,,2006-mayor-city,Douglas Campbell,Douglas,Campbell,CAMPBELL DOUGLAS,c00374,1.0,4183,584484,0.007156739962086216,6,38,False,False,False,,0.85,open_data
2006,2006-11-13,general,44-ward,mayor,,,2006-mayor-city,Hazel Jackson,Hazel,Jackson,JACKSON HAZEL,c00914,1.0,3333,584484,0.005702465764674482,7,38,False,False,False,,0.85,open_data
2006,2006-11-13,general,44-ward,mayor,,,2006-mayor-city,Lee Romano,Lee,Romano,ROMANO LEE,c01170,0.9523809552192688,3108,584484,0.005317510830065494,8,38,False,False,False,,0.85,open_data
2006,2006-11-13,general,44-ward,mayor,,,2006-mayor-city,Shaun Bruce,Shaun,Bruce,BRUCE SHAUN,c00344,1.0,2820,584484,0.004824768513765988,9,38,False,False,False,,0.85,open_data
2006,2006-11-13,general,44-ward,mayor,,,2006-mayor-city,Monowar Hossain,Monowar,Hossain,HOSSAIN MONOWAR,c00932,1.0,2726,584484,0.004663942896640455,10,38,False,False,False,,0.85,open_data
2006,2006-11-13,general,44-ward,mayor,,,2006-mayor-city,Joseph Young,Joseph,Young,YOUNG JOSEPH,c01062,1.0,2264,584484,0.003873502097576666,11,38,False,False,False,,0.85,open_data
2006,2006-11-13,general,44-ward,mayor,,,2006-mayor-city,Kevin Clarke,Kevin,Clarke,CLARKE KEVIN,c00489,1.0,2081,584484,0.003560405417428022,12,38,False,False,False,,0.85,open_data
2006,2006-11-13,general,44-ward,mayor,,,2006-mayor-city,Joel Rubinovich,Joel,Rubinovich,RUBINOVICH JOEL,c01017,1.0,1642,584484,0.0028093155672353734,13,38,False,False,False,,0.85,open_data
2006,2006-11-13,general,44-ward,mayor,,,2006-mayor-city,Scott Yee,Scott,Yee,YEE SCOTT,c01441,1.0,1538,584484,0.0026313808419049967,14,38,False,False,False,,0.85,open_data
2006,2006-11-13,general,44-ward,mayor,,,2006-mayor-city,Rodney Muir,Rodney,Muir,MUIR RODNEY,c01304,1.0,1458,584484,0.002494507976266245,15,38,False,False,False,,0.85,open_data
2006,2006-11-13,general,44-ward,mayor,,,2006-mayor-city,Nicholas Brooks,Nicholas,Brooks,BROOKS NICHOLAS,c00334,1.0,1397,584484,0.002390142416216697,16,38,False,False,False,,0.85,open_data
2006,2006-11-13,general,44-ward,mayor,,,2006-mayor-city,John Porter,John,Porter,PORTER JOHN,c01030,1.0,1348,584484,0.002306307786012962,17,38,False,False,False,,0.85,open_data
2006,2006-11-13,general,44-ward,mayor,,,2006-mayor-city,Diana-De Maxted,Diana-De,Maxted,MAXTED DIANA-DE,c00668,0.8888888359069824,1311,584484,0.0022430040856550393,18,38,False,False,False,,0.85,open_data
2006,2006-11-13,general,44-ward,mayor,,,2006-mayor-city,David Dicks,David,Dicks,DICKS DAVID,c00594,1.0,1283,584484,0.0021950985826814763,19,38,False,False,False,,0.85,open_data
2006,2006-11-13,general,44-ward,mayor,,,2006-mayor-city,Duri Naimji,Duri,Naimji,NAIMJI DURI,c00704,1.0,1240,584484,0.0021215294174006475,20,38,False,False,False,,0.85,open_data
2006,2006-11-13,general,44-ward,mayor,,,2006-mayor-city,Bob Smith,Bob,Smith,SMITH BOB,c00290,1.0,1105,584484,0.0018905564566352544,21,38,False,False,False,,0.85,open_data
2006,2006-11-13,general,44-ward,mayor,,,2006-mayor-city,Mark Korolnek,Mark,Korolnek,KOROLNEK MARK,c01130,1.0,1079,584484,0.0018460727753026602,22,38,False,False,False,,0.85,open_data
2006,2006-11-13,general,44-ward,mayor,,,2006-mayor-city,Glenn Coles,Glenn,Coles,COLES GLENN,c00502,1.0,1019,584484,0.0017434181260735965,23,38,False,False,False,,0.85,open_data
2006,2006-11-13,general,44-ward,mayor,,,2006-mayor-city,Peter Styrsky,Peter,Styrsky,STYRSKY PETER,c01357,1.0,945,584484,0.0016168107253577515,24,38,False,False,False,,0.85,open_data
2006,2006-11-13,general,44-ward,mayor,,,2006-mayor-city,Mitch Gold,Mitch,Gold,GOLD MITCH,c00863,1.0,880,584484,0.0015056015220262658,25,38,False,False,False,,0.85,open_data
2006,2006-11-13,general,44-ward,mayor,,,2006-mayor-city,Ryan Goldhar,Ryan,Goldhar,GOLDHAR RYAN,c00865,1.0,787,584484,0.0013464868157212174,26,38,False,False,False,,0.85,open_data
2006,2006-11-13,general,44-ward,mayor,,,2006-mayor-city,Mehmet Ali Yagiz,Mehmet Ali,Yagiz,YAGIZ MEHMET ALI,c00080,1.0,753,584484,0.001288315847824748,27,38,False,False,False,,0.85,open_data
2006,2006-11-13,general,44-ward,mayor,,,2006-mayor-city,Ratan Wadhwa,Ratan,Wadhwa,WADHWA RATAN,c01387,1.0,696,584484,0.0011907939310571375,28,38,False,False,False,,0.85,open_data
2006,2006-11-13,general,44-ward,mayor,,,2006-mayor-city,Adam Sit,Adam,Sit,SIT ADAM,c00025,0.8888888359069824,663,584484,0.0011343338739811526,29,38,False,False,False,,0.85,open_data
2006,2006-11-13,general,44-ward,mayor,,,2006-mayor-city,Paul Sheldon,Paul,Sheldon,SHELDON PAUL,c01352,1.0,624,584484,0.0010676083519822613,30,38,False,False,False,,0.85,open_data
2006,2006-11-13,general,44-ward,mayor,,,2006-mayor-city,Dave Dumoulin,Dave,Dumoulin,DUMOULIN DAVE,c00589,0.9629629254341125,601,584484,0.0010282574031111203,31,38,False,False,False,,0.85,open_data
2006,2006-11-13,general,44-ward,mayor,,,2006-mayor-city,Gerald Derome,Gerald,Derome,DEROME GERALD,c00649,1.0,578,584484,0.0009889064542399793,32,38,False,False,False,,0.85,open_data
2006,2006-11-13,general,44-ward,mayor,,,2006-mayor-city,Thomas Shipley,Thomas,Shipley,SHIPLEY THOMAS,c01452,1.0,574,584484,0.0009820628109580417,33,38,False,False,False,,0.85,open_data
2006,2006-11-13,general,44-ward,mayor,,,2006-mayor-city,Soumen Deb,Soumen,Deb,DEB SOUMEN,c00636,1.0,517,584484,0.0008845408941904312,34,38,False,False,False,,0.85,open_data
2006,2006-11-13,general,44-ward,mayor,,,2006-mayor-city,David Schiebel,David,Schiebel,SCHIEBEL DAVID,c00614,1.0,498,584484,0.0008520335886012277,35,38,False,False,False,,0.85,open_data
2006,2006-11-13,general,44-ward,mayor,,,2006-mayor-city,David Vallance,David,Vallance,VALLANCE DAVID,c00621,1.0,486,584484,0.000831502658755415,36,38,False,False,False,,0.85,open_data
2006,2006-11-13,general,44-ward,mayor,,,2006-mayor-city,John Weingust,John,Weingust,WEINGUST JOHN,c01038,1.0,312,584484,0.0005338041759911307,37,38,False,False,False,,0.85,open_data
2006,2006-11-13,general,44-ward,mayor,,,2006-mayor-city,Mark State,Mark,State,STATE MARK,c01232,1.0,194,584484,0.00033191669917397227,38,38,False,False,False,,0.85,open_data
2010,2010-10-25,general,44-ward,councillor,1,,2010-councillor-1,Vincent Crisanti,Vincent,Crisanti,CRISANTI VINCENT,c00539,1.0,5505,13514,0.4073553352079325,1,6,True,False,False,,0.95,open_data
2010,2010-10-25,general,44-ward,councillor,1,,2010-councillor-1,Suzan Hall,Suzan,Hall,HALL SUZAN,c00899,1.0,4996,13514,0.36969069113511915,2,6,False,False,True,prior_winner,0.95,open_data
2010,2010-10-25,general,44-ward,councillor,1,,2010-councillor-1,Omar Farouk,Omar,Farouk,FAROUK OMAR,c00747,1.0,1573,13514,0.11639780967885156,3,6,False,False,False,,0.95,open_data
2010,2010-10-25,general,44-ward,councillor,1,,2010-councillor-1,Sharad Sharma,Sharad,Sharma,SHARMA SHARAD,c01445,1.0,883,13514,0.06533964777268018,4,6,False,False,False,,0.95,open_data
2010,2010-10-25,general,44-ward,councillor,1,,2010-councillor-1,Ted Berger,Ted,Berger,BERGER TED,c00259,1.0,388,13514,0.028710966405209412,5,6,False,False,False,,0.95,open_data
2010,2010-10-25,general,44-ward,councillor,1,,2010-councillor-1,Peter D'Gama,Peter,D'Gama,D'GAMA PETER,c00560,1.0,169,13514,0.012505549800207193,6,6,False,False,False,,0.95,open_data
2010,2010-10-25,general,44-ward,councillor,2,,2010-councillor-2,Doug Ford,Doug,Ford,FORD DOUG,c00694,1.0,12660,17662,0.7167931151624958,1,6,True,False,False,,0.95,open_data
2010,2010-10-25,general,44-ward,councillor,2,,2010-councillor-2,Cadigia Ali,Cadigia,Ali,ALI CADIGIA,c00078,1.0,2346,17662,0.13282753935001698,2,6,False,False,False,,0.95,open_data
2010,2010-10-25,general,44-ward,councillor,2,,2010-councillor-2,Luciano Rizzuti,Luciano,Rizzuti,RIZZUTI LUCIANO,c01202,1.0,828,17662,0.04688030800588835,3,6,False,False,False,,0.95,open_data
2010,2010-10-25,general,44-ward,councillor,2,,2010-councillor-2,Rajinder Lall,Rajinder,Lall,LALL RAJINDER,c01151,1.0,736,17662,0.041671384894122976,4,6,False,False,False,,0.95,open_data
2010,2010-10-25,general,44-ward,councillor,2,,2010-councillor-2,Andrew Saikaley,Andrew,Saikaley,SAIKALEY ANDREW,c00125,1.0,637,17662,0.03606613067602763,5,6,False,False,False,,0.95,open_data
2010,2010-10-25,general,44-ward,councillor,2,,2010-councillor-2,Jason Pedlar,Jason,Pedlar,PEDLAR JASON,c00983,1.0,455,17662,0.025761521911448308,6,6,False,False,False,,0.95,open_data
2010,2010-10-25,general,44-ward,councillor,3,,2010-councillor-3,Doug Holyday,Doug,Holyday,HOLYDAY DOUG,c00695,1.0,13521,18800,0.7192021276595745,1,4,True,False,True,prior_winner,0.95,open_data
2010,2010-10-25,general,44-ward,councillor,3,,2010-councillor-3,Peter Kudryk,Peter,Kudryk,KUDRYK PETER,c01138,1.0,2684,18800,0.1427659574468085,2,4,False,False,False,,0.95,open_data
2010,2010-10-25,general,44-ward,councillor,3,,2010-councillor-3,Ross Vaughan,Ross,Vaughan,VAUGHAN ROSS,c01418,1.0,1585,18800,0.08430851063829788,3,4,False,False,False,,0.95,open_data
2010,2010-10-25,general,44-ward,councillor,3,,2010-councillor-3,Roger Deschenes,Roger,Deschenes,DESCHENES ROGER,c00651,1.0,1010,18800,0.05372340425531915,4,4,False,False,False,,0.95,open_data
2010,2010-10-25,general,44-ward,councillor,4,,2010-councillor-4,Luby Gloria Lindsay,Luby Gloria,Lindsay,LINDSAY LUBY GLORIA,c00862,1.0,9789,20871,0.4690240045996838,1,3,True,False,True,prior_winner,0.95,open_data
2010,2010-10-25,general,44-ward,councillor,4,,2010-councillor-4,John Campbell,John,Campbell,CAMPBELL JOHN,c00375,1.0,9480,20871,0.4542187724593934,2,3,False,False,False,,0.95,open_data
2010,2010-10-25,general,44-ward,councillor,4,,2010-councillor-4,Daniel Bertolini,Daniel,Bertolini,BERTOLINI DANIEL,c00263,1.0,1602,20871,0.07675722294092281,3,3,False,False,False,,0.95,open_data
2010,2010-10-25,general,44-ward,councillor,5,,2010-councillor-5,Peter Milczyn,Peter,Milczyn,MILCZYN PETER,c01282,1.0,9778,23756,0.4116012796767132,1,5,True,False,True,prior_winner,0.95,open_data
2010,2010-10-25,general,44-ward,councillor,5,,2010-councillor-5,Ciano Justin Di,Ciano Justin,Di,DI CIANO JUSTIN,c00483,1.0,9669,23756,0.40701296514564744,2,5,False,False,False,,0.95,open_data
2010,2010-10-25,general,44-ward,councillor,5,,2010-councillor-5,Morley Kells,Morley,Kells,KELLS MORLEY,c01088,1.0,2725,23756,0.1147078632766459,3,5,False,False,False,,0.95,open_data
2010,2010-10-25,general,44-ward,councillor,5,,2010-councillor-5,John Chiappetta,John,Chiappetta,CHIAPPETTA JOHN,c00437,1.0,1245,23756,0.05240781276309143,4,5,False,False,False,,0.95,open_data
2010,2010-10-25,general,44-ward,councillor,5,,2010-councillor-5,Rob Therrien,Rob,Therrien,THERRIEN ROB,c01402,1.0,339,23756,0.014270079137902004,5,5,False,False,False,,0.95,open_data
2010,2010-10-25,general,44-ward,councillor,6,,2010-councillor-6,Mark Grimes,Mark,Grimes,GRIMES MARK,c00888,1.0,12228,20238,0.6042099021642455,1,6,True,False,True,prior_winner,0.95,open_data
2010,2010-10-25,general,44-ward,councillor,6,,2010-councillor-6,Jem Cain,Jem,Cain,CAIN JEM,c00365,1.0,5847,20238,0.28891194782093094,2,6,False,False,False,,0.95,open_data
2010,2010-10-25,general,44-ward,councillor,6,,2010-councillor-6,Michael Laxer,Michael,Laxer,LAXER MICHAEL,c01161,1.0,717,20238,0.03542840201600949,3,6,False,False,False,,0.95,open_data
2010,2010-10-25,general,44-ward,councillor,6,,2010-councillor-6,Wendell Brereton,Wendell,Brereton,BRERETON WENDELL,c00325,1.0,605,20238,0.029894258325921533,4,6,False,False,False,,0.95,open_data
2010,2010-10-25,general,44-ward,councillor,6,,2010-councillor-6,Cecilia Luu,Cecilia,Luu,LUU CECILIA,c00405,1.0,466,20238,0.02302599071054452,5,6,False,False,False,,0.95,open_data
2010,2010-10-25,general,44-ward,councillor,6,,2010-councillor-6,David Searle,David,Searle,SEARLE DAVID,c00615,1.0,375,20238,0.018529498962348057,6,6,False,False,False,,0.95,open_data
2010,2010-10-25,general,44-ward,councillor,7,,2010-councillor-7,Giorgio Mammoliti,Giorgio,Mammoliti,MAMMOLITI GIORGIO,c00853,1.0,5338,12188,0.43797177551690186,1,9,True,False,True,prior_winner,0.95,open_data
2010,2010-10-25,general,44-ward,councillor,7,,2010-councillor-7,Nizio Nick Di,Nizio Nick,Di,DI NIZIO NICK,c00664,1.0,3601,12188,0.29545454545454547,2,9,False,False,False,,0.95,open_data
2010,2010-10-25,general,44-ward,councillor,7,,2010-councillor-7,Victor Lucero,Victor,Lucero,LUCERO VICTOR,c01201,1.0,1038,12188,0.08516573679028552,3,9,False,False,False,,0.95,open_data
2010,2010-10-25,general,44-ward,councillor,7,,2010-councillor-7,Sergio Gizzo,Sergio,Gizzo,GIZZO SERGIO,c00855,1.0,706,12188,0.05792582868395143,4,9,False,False,False,,0.95,open_data
2010,2010-10-25,general,44-ward,councillor,7,,2010-councillor-7,Sharon Joseph,Sharon,Joseph,JOSEPH SHARON,c01059,1.0,547,12188,0.04488021004266492,5,9,False,False,False,,0.95,open_data
2010,2010-10-25,general,44-ward,councillor,7,,2010-councillor-7,Chris Macdonald,Chris,Macdonald,MACDONALD CHRIS,c00457,1.0,491,12188,0.04028552674762061,6,9,False,False,False,,0.95,open_data
2010,2010-10-25,general,44-ward,councillor,7,,2010-councillor-7,Larry Perlman,Larry,Perlman,PERLMAN LARRY,c01156,1.0,249,12188,0.020429931079750576,7,9,False,False,False,,0.95,open_data
2010,2010-10-25,general,44-ward,councillor,7,,2010-councillor-7,Scott Aitchison,Scott,Aitchison,AITCHISON SCOTT,c00047,1.0,129,12188,0.010584181161798491,8,9,False,False,False,,0.95,open_data
2010,2010-10-25,general,44-ward,councillor,7,,2010-councillor-7,Stefano Tesoro,Stefano,Tesoro,TESORO STEFANO,c01458,1.0,89,12188,0.007302264522481129,9,9,False,False,False,,0.95,open_data
2010,2010-10-25,general,44-ward,councillor,8,,2010-councillor-8,Anthony Perruzza,Anthony,Perruzza,PERRUZZA ANTHONY,c00146,1.0,4724,11393,0.41464056877029754,1,8,True,False,True,prior_winner,0.95,open_data
2010,2010-10-25,general,44-ward,councillor,8,,2010-councillor-8,Preti Peter Li,Preti Peter,Li,LI PRETI PETER,c01181,1.0,4372,11393,0.38374440445887825,2,8,False,False,False,,0.95,open_data
2010,2010-10-25,general,44-ward,councillor,8,,2010-councillor-8,Antonius Clarke,Antonius,Clarke,CLARKE ANTONIUS,c00152,1.0,1487,11393,0.13051873957693322,3,8,False,False,False,,0.95,open_data
2010,2010-10-25,general,44-ward,councillor,8,,2010-councillor-8,Arthur Smitherman,Arthur,Smitherman,SMITHERMAN ARTHUR,c00175,1.0,268,11393,0.023523216009830598,4,8,False,False,False,,0.95,open_data
2010,2010-10-25,general,44-ward,councillor,8,,2010-councillor-8,Naseeb Husain,Naseeb,Husain,HUSAIN NASEEB,c00943,1.0,243,11393,0.021328886158167297,5,8,False,False,False,,0.95,open_data
2010,2010-10-25,general,44-ward,councillor,8,,2010-councillor-8,John Gallagher,John,Gallagher,GALLAGHER JOHN,c00806,1.0,129,11393,0.011322742034582639,6,8,False,False,False,,0.95,open_data
2010,2010-10-25,general,44-ward,councillor,8,,2010-councillor-8,Ramnarine Tiwari,Ramnarine,Tiwari,TIWARI RAMNARINE,c01385,1.0,117,11393,0.010269463705784253,7,8,False,False,False,,0.95,open_data
2010,2010-10-25,general,44-ward,councillor,8,,2010-councillor-8,Gerardo Miniguano,Gerardo,Miniguano,MINIGUANO GERARDO,c00845,1.0,53,11393,0.0046519792855262004,8,8,False,False,False,,0.95,open_data
2010,2010-10-25,general,44-ward,councillor,9,,2010-councillor-9,Maria Augimeri,Maria,Augimeri,AUGIMERI MARIA,c00195,1.0,5452,12298,0.4433241177427224,1,5,True,False,True,prior_winner,0.95,open_data
2010,2010-10-25,general,44-ward,councillor,9,,2010-councillor-9,Gus Cusimano,Gus,Cusimano,CUSIMANO GUS,c00549,1.0,5363,12298,0.43608716864530817,2,5,False,False,False,,0.95,open_data
2010,2010-10-25,general,44-ward,councillor,9,,2010-councillor-9,Gianfranco Amendola,Gianfranco,Amendola,AMENDOLA GIANFRANCO,c00101,1.0,1082,12298,0.08798178565620426,3,5,False,False,False,,0.95,open_data
2010,2010-10-25,general,44-ward,councillor,9,,2010-councillor-9,Wilson Basantes,Wilson,Basantes,BASANTES WILSON,c00233,1.0,259,12298,0.021060335013823386,4,5,False,False,False,,0.95,open_data
2010,2010-10-25,general,44-ward,councillor,9,,2010-councillor-9,Stefano Picone,Stefano,Picone,PICONE STEFANO,c01365,1.0,142,12298,0.01154659294194178,5,5,False,False,False,,0.95,open_data
2010,2010-10-25,general,44-ward,councillor,10,,2010-councillor-10,James Pasternak,James,Pasternak,PASTERNAK JAMES,c00970,1.0,3159,16491,0.19155903219938147,1,12,True,False,False,,0.95,open_data
2010,2010-10-25,general,44-ward,councillor,10,,2010-councillor-10,Nancy Oomen,Nancy,Oomen,OOMEN NANCY,c01313,1.0,2777,16491,0.1683948820568795,2,12,False,False,False,,0.95,open_data
2010,2010-10-25,general,44-ward,councillor,10,,2010-councillor-10,Brian Shifman,Brian,Shifman,SHIFMAN BRIAN,c00331,1.0,2632,16491,0.15960220726456856,3,12,False,False,False,,0.95,open_data
2010,2010-10-25,general,44-ward,councillor,10,,2010-councillor-10,Igor Toutchinski,Igor,Toutchinski,TOUTCHINSKI IGOR,c00949,1.0,2605,16491,0.15796495057910376,4,12,False,False,False,,0.95,open_data
2010,2010-10-25,general,44-ward,councillor,10,,2010-councillor-10,Konstantin Toubis,Konstantin,Toubis,TOUBIS KONSTANTIN,c01129,1.0,1887,16491,0.11442605057303984,5,12,False,False,False,,0.95,open_data
2010,2010-10-25,general,44-ward,councillor,10,,2010-councillor-10,Berkovits Magda Gondor,Berkovits Magda,Gondor,GONDOR BERKOVITS MAGDA,c00260,1.0,935,16491,0.056697592626281004,6,12,False,False,False,,0.95,open_data
2010,2010-10-25,general,44-ward,councillor,10,,2010-councillor-10,Jarred Friedman,Jarred,Friedman,FRIEDMAN JARRED,c00799,1.0,850,16491,0.051543266023891816,7,12,False,False,False,,0.95,open_data
2010,2010-10-25,general,44-ward,councillor,10,,2010-councillor-10,Joseph Cohen,Joseph,Cohen,COHEN JOSEPH,c00498,1.0,535,16491,0.0324419380268025,8,12,False,False,False,,0.95,open_data
2010,2010-10-25,general,44-ward,councillor,10,,2010-councillor-10,Eric Plant,Eric,Plant,PLANT ERIC,c00729,1.0,355,16491,0.02152689345703717,9,12,False,False,False,,0.95,open_data
2010,2010-10-25,general,44-ward,councillor,10,,2010-councillor-10,Edward Zaretsky,Edward,Zaretsky,ZARETSKY EDWARD,c00717,1.0,326,16491,0.01976835849857498,10,12,False,False,False,,0.95,open_data
2010,2010-10-25,general,44-ward,councillor,10,,2010-councillor-10,Robert Freedland,Robert,Freedland,FREEDLAND ROBERT,c00796,1.0,244,16491,0.014795949305681887,11,12,False,False,False,,0.95,open_data
2010,2010-10-25,general,44-ward,councillor,10,,2010-councillor-10,Drago Banovic,Drago,Banovic,BANOVIC DRAGO,c00221,1.0,186,16491,0.011278879388757504,12,12,False,False,False,,0.95,open_data
2010,2010-10-25,general,44-ward,councillor,11,,2010-councillor-11,Frances Nunziata,Frances,Nunziata,NUNZIATA FRANCES,c00785,1.0,10544,15787,0.6678913029707988,1,4,True,False,True,prior_winner,0.95,open_data
2010,2010-10-25,general,44-ward,councillor,11,,2010-councillor-11,Fulvio Sansone,Fulvio,Sansone,SANSONE FULVIO,c00801,1.0,2290,15787,0.1450560587825426,2,4,False,False,False,,0.95,open_data
2010,2010-10-25,general,44-ward,councillor,11,,2010-councillor-11,Leo Marshall,Leo,Marshall,MARSHALL LEO,c01174,1.0,1718,15787,0.1088237157154621,3,4,False,False,False,,0.95,open_data
2010,2010-10-25,general,44-ward,councillor,11,,2010-councillor-11,Abdi Hashised,Abdi,Hashised,HASHISED ABDI,c00003,1.0,1235,15787,0.07822892253119655,4,4,False,False,False,,0.95,open_data
2010,2010-10-25,general,44-ward,councillor,12,,2010-councillor-12,Giorgio Frank Di,Giorgio Frank,Di,DI GIORGIO FRANK,c00663,1.0,3636,13439,0.27055584492893814,1,7,True,False,True,prior_winner,0.95,open_data
2010,2010-10-25,general,44-ward,councillor,12,,2010-councillor-12,Nick Dominelli,Nick,Dominelli,DOMINELLI NICK,c00687,1.0,3214,13439,0.23915469901034303,2,7,False,False,False,,0.95,open_data
2010,2010-10-25,general,44-ward,councillor,12,,2010-councillor-12,Steve Tasses,Steve,Tasses,TASSES STEVE,c01463,1.0,2748,13439,0.20447949996279485,3,7,False,False,False,,0.95,open_data
2010,2010-10-25,general,44-ward,councillor,12,,2010-councillor-12,Vilma Filici,Vilma,Filici,FILICI VILMA,c00765,1.0,2204,13439,0.16400029764119353,4,7,False,False,False,,0.95,open_data
2010,2010-10-25,general,44-ward,councillor,12,,2010-councillor-12,Richard Gosling,Richard,Gosling,GOSLING RICHARD,c00875,1.0,1073,13439,0.07984225016742318,5,7,False,False,False,,0.95,open_data
2010,2010-10-25,general,44-ward,councillor,12,,2010-councillor-12,Joe Renda,Joe,Renda,RENDA JOE,c01016,1.0,343,13439,0.025522732346156707,6,7,False,False,False,,0.95,open_data
2010,2010-10-25,general,44-ward,councillor,12,,2010-councillor-12,Angelo Bellavia,Angelo,Bellavia,BELLAVIA ANGELO,c00132,1.0,221,13439,0.016444675943150532,7,7,False,False,False,,0.95,open_data
2010,2010-10-25,general,44-ward,councillor,13,,2010-councillor-13,Sarah Doucette,Sarah,Doucette,DOUCETTE SARAH,c00693,1.0,10100,21469,0.47044575900135077,1,5,True,False,False,,0.95,open_data
2010,2010-10-25,general,44-ward,councillor,13,,2010-councillor-13,Bill Saundercook,Bill,Saundercook,SAUNDERCOOK BILL,c00276,1.0,7893,21469,0.3676463738413526,2,5,False,False,True,prior_winner,0.95,open_data
2010,2010-10-25,general,44-ward,councillor,13,,2010-councillor-13,Nick Pavlov,Nick,Pavlov,PAVLOV NICK,c01328,1.0,2109,21469,0.09823466393404444,3,5,False,False,False,,0.95,open_data
2010,2010-10-25,general,44-ward,councillor,13,,2010-councillor-13,Redmond Weissenberger,Redmond,Weissenberger,WEISSENBERGER REDMOND,c01390,1.0,1139,21469,0.05305323955470679,4,5,False,False,False,,0.95,open_data
2010,2010-10-25,general,44-ward,councillor,13,,2010-councillor-13,Altenberg Jackelyn Van,Altenberg Jackelyn,Van,VAN ALTENBERG JACKELYN,c00089,1.0,228,21469,0.010619963668545344,5,5,False,False,False,,0.95,open_data
2010,2010-10-25,general,44-ward,councillor,14,,2010-councillor-14,Gord Perks,Gord,Perks,PERKS GORD,c00871,1.0,8542,16487,0.5181051737732759,1,10,True,False,True,prior_winner,0.95,open_data
2010,2010-10-25,general,44-ward,councillor,14,,2010-councillor-14,Ryan Hobson,Ryan,Hobson,HOBSON RYAN,c00927,1.0,2798,16487,0.16970946806574877,2,10,False,False,False,,0.95,open_data
2010,2010-10-25,general,44-ward,councillor,14,,2010-councillor-14,Michael Erickson,Michael,Erickson,ERICKSON MICHAEL,c00732,1.0,2434,16487,0.1476314672165949,3,10,False,False,False,,0.95,open_data
2010,2010-10-25,general,44-ward,councillor,14,,2010-councillor-14,Bill Vrebosch,Bill,Vrebosch,VREBOSCH BILL,c00277,1.0,668,16487,0.040516770789106565,4,10,False,False,False,,0.95,open_data
2010,2010-10-25,general,44-ward,councillor,14,,2010-councillor-14,Cullen Simpson,Cullen,Simpson,SIMPSON CULLEN,c00547,1.0,531,16487,0.03220719354643052,5,10,False,False,False,,0.95,open_data
2010,2010-10-25,general,44-ward,councillor,14,,2010-councillor-14,Gus Koutoumanos,Gus,Koutoumanos,KOUTOUMANOS GUS,c00895,1.0,529,16487,0.032085885849457145,6,10,False,False,False,,0.95,open_data
2010,2010-10-25,general,44-ward,councillor,14,,2010-councillor-14,Barry Hubick,Barry,Hubick,HUBICK BARRY,c00230,1.0,342,16487,0.020743616182446776,7,10,False,False,False,,0.95,open_data
2010,2010-10-25,general,44-ward,councillor,14,,2010-councillor-14,Jules-José Kerlinger,Jules-José,Kerlinger,KERLINGER JULES-JOSÉ,c01069,1.0,331,16487,0.020076423849093226,8,10,False,False,False,,0.95,open_data
2010,2010-10-25,general,44-ward,councillor,14,,2010-councillor-14,István Tar,István,Tar,TAR ISTVÁN,c00955,1.0,177,16487,0.010735731182143507,9,10,False,False,False,,0.95,open_data
2010,2010-10-25,general,44-ward,councillor,14,,2010-councillor-14,Jimmy Talpa,Jimmy,Talpa,TALPA JIMMY,c01009,1.0,135,16487,0.008188269545702676,10,10,False,False,False,,0.95,open_data
2010,2010-10-25,general,44-ward,councillor,15,,2010-councillor-15,Josh Colle,Josh,Colle,COLLE JOSH,c00507,1.0,6668,16515,0.40375416288222826,1,7,True,False,False,,0.95,open_data
2010,2010-10-25,general,44-ward,councillor,15,,2010-councillor-15,Rob Davis,Rob,Davis,DAVIS ROB,c00626,1.0,5399,16515,0.3269149258250076,2,7,False,False,False,,0.95,open_data
2010,2010-10-25,general,44-ward,councillor,15,,2010-councillor-15,Ron Singer,Ron,Singer,SINGER RON,c01414,1.0,2275,16515,0.13775355737208597,3,7,False,False,False,,0.95,open_data
2010,2010-10-25,general,44-ward,councillor,15,,2010-councillor-15,Tony Evangelista,Tony,Evangelista,EVANGELISTA TONY,c00741,1.0,1173,16515,0.07102633969118982,4,7,False,False,False,,0.95,open_data
2010,2010-10-25,general,44-ward,councillor,15,,2010-councillor-15,Giuseppe Pede,Giuseppe,Pede,PEDE GIUSEPPE,c00854,1.0,472,16515,0.0285800787163185,5,7,False,False,False,,0.95,open_data
2010,2010-10-25,general,44-ward,councillor,15,,2010-councillor-15,Eva Tavares,Eva,Tavares,TAVARES EVA,c00738,1.0,464,16515,0.02809567060248259,6,7,False,False,False,,0.95,open_data
2010,2010-10-25,general,44-ward,councillor,15,,2010-councillor-15,William Reitsma,William,Reitsma,REITSMA WILLIAM,c01392,1.0,64,16515,0.003875264910687254,7,7,False,False,False,,0.95,open_data
2010,2010-10-25,general,44-ward,councillor,16,,2010-councillor-16,Karen Stintz,Karen,Stintz,STINTZ KAREN,c01080,1.0,11607,19102,0.6076327086168988,1,4,True,False,True,prior_winner,0.95,open_data
2010,2010-10-25,general,44-ward,councillor,16,,2010-councillor-16,Terry Mills,Terry,Mills,MILLS TERRY,c01284,1.0,4243,19102,0.22212333787038008,2,4,False,False,False,,0.95,open_data
2010,2010-10-25,general,44-ward,councillor,16,,2010-councillor-16,Michael Coll,Michael,Coll,COLL MICHAEL,c00506,1.0,1799,19102,0.09417862003978641,3,4,False,False,False,,0.95,open_data
2010,2010-10-25,general,44-ward,councillor,16,,2010-councillor-16,Roy Macdonald,Roy,Macdonald,MACDONALD ROY,c01211,1.0,1453,19102,0.07606533347293477,4,4,False,False,False,,0.95,open_data
2010,2010-10-25,general,44-ward,councillor,17,,2010-councillor-17,Cesar Palacio,Cesar,Palacio,PALACIO CESAR,c00407,1.0,6154,14374,0.4281341310699875,1,7,True,False,True,prior_winner,0.95,open_data
2010,2010-10-25,general,44-ward,councillor,17,,2010-councillor-17,Jonah Schein,Jonah,Schein,SCHEIN JONAH,c01047,1.0,4827,14374,0.3358146653680256,2,7,False,False,False,,0.95,open_data
2010,2010-10-25,general,44-ward,councillor,17,,2010-councillor-17,Tony Letra,Tony,Letra,LETRA TONY,c01178,1.0,2035,14374,0.1415750660915542,3,7,False,False,False,,0.95,open_data
2010,2010-10-25,general,44-ward,councillor,17,,2010-councillor-17,Ben Stirpe,Ben,Stirpe,STIRPE BEN,c00248,1.0,751,14374,0.05224711284263253,4,7,False,False,False,,0.95,open_data
2010,2010-10-25,general,44-ward,councillor,17,,2010-councillor-17,Maria Marques,Maria,Marques,MARQUES MARIA,c01228,1.0,388,14374,0.02699318213440935,5,7,False,False,False,,0.95,open_data
2010,2010-10-25,general,44-ward,councillor,17,,2010-councillor-17,Brian Bragason,Brian,Bragason,BRAGASON BRIAN,c00318,1.0,125,14374,0.008696257130930847,6,7,False,False,False,,0.95,open_data
2010,2010-10-25,general,44-ward,councillor,17,,2010-councillor-17,Kar Rasaiah,Kar,Rasaiah,RASAIAH KAR,c01079,1.0,94,14374,0.0065395853624599974,7,7,False,False,False,,0.95,open_data
2010,2010-10-25,general,44-ward,councillor,18,,2010-councillor-18,Ana Bailão,Ana,Bailão,BAILÃO ANA,c00105,1.0,6277,14346,0.43754356615084344,1,12,True,False,False,,0.95,open_data
2010,2010-10-25,general,44-ward,councillor,18,,2010-councillor-18,Kevin Beaulieu,Kevin,Beaulieu,BEAULIEU KEVIN,c00241,1.0,4911,14346,0.3423253868674195,2,12,False,False,False,,0.95,open_data
2010,2010-10-25,general,44-ward,councillor,18,,2010-councillor-18,Jong Frank De,Jong Frank,De,DE JONG FRANK,c00629,1.0,869,14346,0.060574376132719925,3,12,False,False,False,,0.95,open_data
2010,2010-10-25,general,44-ward,councillor,18,,2010-councillor-18,Hema Vyas,Hema,Vyas,VYAS HEMA,c00922,1.0,776,14346,0.05409173288721595,4,12,False,False,False,,0.95,open_data
2010,2010-10-25,general,44-ward,councillor,18,,2010-councillor-18,Joe Macdonald,Joe,Macdonald,MACDONALD JOE,c01013,1.0,669,14346,0.0466332078628189,5,12,False,False,False,,0.95,open_data
2010,2010-10-25,general,44-ward,councillor,18,,2010-councillor-18,Kirk Russell,Kirk,Russell,RUSSELL KIRK,c01125,1.0,326,14346,0.022724104279938658,6,12,False,False,False,,0.95,open_data
2010,2010-10-25,general,44-ward,councillor,18,,2010-councillor-18,Nha Le,Nha,Le,LE NHA,c01165,1.0,154,14346,0.010734699567823783,7,12,False,False,False,,0.95,open_data
2010,2010-10-25,general,44-ward,councillor,18,,2010-councillor-18,Ken Wood,Ken,Wood,WOOD KEN,c01095,1.0,106,14346,0.007388819183047539,8,12,False,False,False,,0.95,open_data
2010,2010-10-25,general,44-ward,councillor,18,,2010-councillor-18,Mohammad Muhit,Mohammad,Muhit,MUHIT MOHAMMAD,c01292,1.0,94,14346,0.006552349086853478,9,12,False,False,False,,0.95,open_data
2010,2010-10-25,general,44-ward,councillor,18,,2010-councillor-18,Joanna Teliatnik,Joanna,Teliatnik,TELIATNIK JOANNA,c01011,1.0,70,14346,0.004879408894465356,10,12,False,False,False,,0.95,open_data
2010,2010-10-25,general,44-ward,councillor,18,,2010-councillor-18,Doug Carroll,Doug,Carroll,CARROLL DOUG,c00395,1.0,52,14346,0.0036247037501742647,11,12,False,False,False,,0.95,open_data
2010,2010-10-25,general,44-ward,councillor,18,,2010-councillor-18,Abdirazak Elmi,Abdirazak,Elmi,ELMI ABDIRAZAK,c00005,1.0,42,14346,0.0029276453366792136,12,12,False,False,False,,0.95,open_data
2010,2010-10-25,general,44-ward,councillor,19,,2010-councillor-19,Mike Layton,Mike,Layton,LAYTON MIKE,c01162,1.0,9125,20105,0.4538671972146232,1,9,True,False,False,,0.95,open_data
2010,2010-10-25,general,44-ward,councillor,19,,2010-councillor-19,Karen Sun,Karen,Sun,SUN KAREN,c01081,1.0,4207,20105,0.20925142999253918,2,9,False,False,False,,0.95,open_data
2010,2010-10-25,general,44-ward,councillor,19,,2010-councillor-19,Sean Mccormick,Sean,Mccormick,MCCORMICK SEAN,c01250,1.0,3650,20105,0.18154687888584928,3,9,False,False,False,,0.95,open_data
2010,2010-10-25,general,44-ward,councillor,19,,2010-councillor-19,Jim Likourezos,Jim,Likourezos,LIKOUREZOS JIM,c01003,1.0,1313,20105,0.06530713752797812,4,9,False,False,False,,0.95,open_data
2010,2010-10-25,general,44-ward,councillor,19,,2010-councillor-19,David Footman,David,Footman,FOOTMAN DAVID,c00599,1.0,518,20105,0.02576473514051231,5,9,False,False,False,,0.95,open_data
2010,2010-10-25,general,44-ward,councillor,19,,2010-councillor-19,Karlene Nation,Karlene,Nation,NATION KARLENE,c01083,1.0,417,20105,0.020741109176821686,6,9,False,False,False,,0.95,open_data
2010,2010-10-25,general,44-ward,councillor,19,,2010-councillor-19,Rosario Bruto,Rosario,Bruto,BRUTO ROSARIO,c00347,1.0,398,20105,0.019796070629196718,7,9,False,False,False,,0.95,open_data
2010,2010-10-25,general,44-ward,councillor,19,,2010-councillor-19,George Sawision,George,Sawision,SAWISION GEORGE,c00839,1.0,356,20105,0.01770703805023626,8,9,False,False,False,,0.95,open_data
2010,2010-10-25,general,44-ward,councillor,19,,2010-councillor-19,Jason Stevens,Jason,Stevens,STEVENS JASON,c00984,1.0,121,20105,0.0060184033822432235,9,9,False,False,False,,0.95,open_data
2010,2010-10-25,general,44-ward,councillor,20,,2010-councillor-20,Adam Vaughan,Adam,Vaughan,VAUGHAN ADAM,c00028,1.0,16486,22122,0.7452309917728958,1,5,True,False,True,prior_winner,0.95,open_data
2010,2010-10-25,general,44-ward,councillor,20,,2010-councillor-20,Mike Yen,Mike,Yen,YEN MIKE,c01281,1.0,3601,22122,0.1627791338938613,2,5,False,False,False,,0.95,open_data
2010,2010-10-25,general,44-ward,councillor,20,,2010-councillor-20,Dean Maher,Dean,Maher,MAHER DEAN,c00633,1.0,1233,22122,0.05573637103336045,3,5,False,False,False,,0.95,open_data
2010,2010-10-25,general,44-ward,councillor,20,,2010-councillor-20,Roman Polochansky,Roman,Polochansky,POLOCHANSKY ROMAN,c01367,1.0,487,22122,0.022014284422746586,4,5,False,False,False,,0.95,open_data
2010,2010-10-25,general,44-ward,councillor,20,,2010-councillor-20,Ken Osadchuk,Ken,Osadchuk,OSADCHUK KEN,c01093,1.0,315,22122,0.014239218877135883,5,5,False,False,False,,0.95,open_data
2010,2010-10-25,general,44-ward,councillor,21,,2010-councillor-21,Joe Mihevc,Joe,Mihevc,MIHEVC JOE,c01014,1.0,9824,17466,0.5624642161914577,1,6,True,False,True,prior_winner,0.95,open_data
2010,2010-10-25,general,44-ward,councillor,21,,2010-councillor-21,Shimmy Posen,Shimmy,Posen,POSEN SHIMMY,c01370,1.0,5328,17466,0.30504981106149087,2,6,False,False,False,,0.95,open_data
2010,2010-10-25,general,44-ward,councillor,21,,2010-councillor-21,Peter Nolan,Peter,Nolan,NOLAN PETER,c01335,1.0,921,17466,0.05273102026794916,3,6,False,False,False,,0.95,open_data
2010,2010-10-25,general,44-ward,councillor,21,,2010-councillor-21,Beth Mclellan,Beth,Mclellan,MCLELLAN BETH,c00265,1.0,644,17466,0.036871636321997026,4,6,False,False,False,,0.95,open_data
2010,2010-10-25,general,44-ward,councillor,21,,2010-councillor-21,Alex Freedman,Alex,Freedman,FREEDMAN ALEX,c00069,1.0,454,17466,0.025993358525134548,5,6,False,False,False,,0.95,open_data
2010,2010-10-25,general,44-ward,councillor,21,,2010-councillor-21,Marius Frederick,Marius,Frederick,FREDERICK MARIUS,c00794,1.0,295,17466,0.016889957631970685,6,6,False,False,False,,0.95,open_data
2010,2010-10-25,general,44-ward,councillor,22,,2010-councillor-22,Josh Matlow,Josh,Matlow,MATLOW JOSH,c01063,1.0,11892,22698,0.5239228125826064,1,4,True,False,False,,0.95,open_data
2010,2010-10-25,general,44-ward,councillor,22,,2010-councillor-22,Chris Sellors,Chris,Sellors,SELLORS CHRIS,c00465,1.0,8037,22698,0.3540840602696273,2,4,False,False,False,,0.95,open_data
2010,2010-10-25,general,44-ward,councillor,22,,2010-councillor-22,Elizabeth Cook,Elizabeth,Cook,COOK ELIZABETH,c00519,1.0,1900,22698,0.08370781566657855,3,4,False,False,False,,0.95,open_data
2010,2010-10-25,general,44-ward,councillor,22,,2010-councillor-22,William Molls,William,Molls,MOLLS WILLIAM,c01298,1.0,869,22698,0.03828531148118777,4,4,False,False,False,,0.95,open_data
2010,2010-10-25,general,44-ward,councillor,23,,2010-councillor-23,John Filion,John,Filion,FILION JOHN,c00766,1.0,13666,20751,0.6585706712929498,1,5,True,False,True,prior_winner,0.95,open_data
2010,2010-10-25,general,44-ward,councillor,23,,2010-councillor-23,Dusan Kralik,Dusan,Kralik,KRALIK DUSAN,c00705,1.0,2456,20751,0.11835574189195701,2,5,False,False,False,,0.95,open_data
2010,2010-10-25,general,44-ward,councillor,23,,2010-councillor-23,Peter Clarke,Peter,Clarke,CLARKE PETER,c00490,1.0,2129,20751,0.10259746518240084,3,5,False,False,False,,0.95,open_data
2010,2010-10-25,general,44-ward,councillor,23,,2010-councillor-23,John Whyte,John,Whyte,WHYTE JOHN,c01039,1.0,1445,20751,0.0696351983036962,4,5,False,False,False,,0.95,open_data
2010,2010-10-25,general,44-ward,councillor,23,,2010-councillor-23,Charles Sutherland,Charles,Sutherland,SUTHERLAND CHARLES,c00425,1.0,1055,20751,0.050840923328996195,5,5,False,False,False,,0.95,open_data
2010,2010-10-25,general,44-ward,councillor,24,,2010-councillor-24,David Shiner,David,Shiner,SHINER DAVID,c00617,1.0,10523,18023,0.5838650613105476,1,4,True,False,True,prior_winner,0.95,open_data
2010,2010-10-25,general,44-ward,councillor,24,,2010-councillor-24,Sonny Cho,Sonny,Cho,CHO SONNY,c00449,1.0,4986,18023,0.2766465072407479,2,4,False,False,False,,0.95,open_data
2010,2010-10-25,general,44-ward,councillor,24,,2010-councillor-24,Eugene Loo,Eugene,Loo,LOO EUGENE,c00736,1.0,1611,18023,0.08938578483049436,3,4,False,False,False,,0.95,open_data
2010,2010-10-25,general,44-ward,councillor,24,,2010-councillor-24,Bob Nahiddi,Bob,Nahiddi,NAHIDDI BOB,c00289,1.0,903,18023,0.05010264661821007,4,4,False,False,False,,0.95,open_data
2010,2010-10-25,general,44-ward,councillor,25,,2010-councillor-25,Jaye Robinson,Jaye,Robinson,ROBINSON JAYE,c00986,1.0,9258,20350,0.4549385749385749,1,4,True,False,False,,0.95,open_data
2010,2010-10-25,general,44-ward,councillor,25,,2010-councillor-25,Cliff Jenkins,Cliff,Jenkins,JENKINS CLIFF,c00494,0.8965517282485962,8756,20350,0.43027027027027026,2,4,False,False,True,prior_winner,0.95,open_data
2010,2010-10-25,general,44-ward,councillor,25,,2010-councillor-25,Joanne Dickins,Joanne,Dickins,DICKINS JOANNE,c00675,1.0,1968,20350,0.09670761670761671,3,4,False,False,False,,0.95,open_data
2010,2010-10-25,general,44-ward,councillor,25,,2010-councillor-25,Tanya Hostler,Tanya,Hostler,HOSTLER TANYA,c00934,1.0,368,20350,0.018083538083538082,4,4,False,False,False,,0.95,open_data
2010,2010-10-25,general,44-ward,councillor,26,,2010-councillor-26,John Parker,John,Parker,PARKER JOHN,c01029,1.0,6203,19832,0.31277732956837434,1,7,True,False,True,prior_winner,0.95,open_data
2010,2010-10-25,general,44-ward,councillor,26,,2010-councillor-26,Jon Burnside,Jon,Burnside,BURNSIDE JON,c00359,1.0,5788,19832,0.2918515530455829,2,7,False,False,False,,0.95,open_data
2010,2010-10-25,general,44-ward,councillor,26,,2010-councillor-26,Mohamed Dhanani,Mohamed,Dhanani,DHANANI MOHAMED,c00660,1.0,5627,19832,0.2837333602258975,3,7,False,False,False,,0.95,open_data
2010,2010-10-25,general,44-ward,councillor,26,,2010-councillor-26,Yunus Pandor,Yunus,Pandor,PANDOR YUNUS,c01346,1.0,1452,19832,0.07321500605082695,4,7,False,False,False,,0.95,open_data
2010,2010-10-25,general,44-ward,councillor,26,,2010-councillor-26,Tanvir Ahmed,Tanvir,Ahmed,AHMED TANVIR,c00044,1.0,377,19832,0.019009681323114157,5,7,False,False,False,,0.95,open_data
2010,2010-10-25,general,44-ward,councillor,26,,2010-councillor-26,Shaukat Malik,Shaukat,Malik,MALIK SHAUKAT,c01217,1.0,216,19832,0.010891488503428802,6,7,False,False,False,,0.95,open_data
2010,2010-10-25,general,44-ward,councillor,26,,2010-councillor-26,Nawab Salim Khan,Nawab Salim,Khan,KHAN NAWAB SALIM,c01107,1.0,169,19832,0.008521581282775312,7,7,False,False,False,,0.95,open_data
2010,2010-10-25,general,44-ward,councillor,27,,2010-councillor-27,Kristyn Wong-Tam,Kristyn,Wong-Tam,WONG-TAM KRISTYN,c01136,1.0,7527,26619,0.2827679477065254,1,15,True,False,False,,0.95,open_data
2010,2010-10-25,general,44-ward,councillor,27,,2010-councillor-27,Ken Chan,Ken,Chan,CHAN KEN,c00415,1.0,7065,26619,0.2654119238138172,2,15,False,False,False,,0.95,open_data
2010,2010-10-25,general,44-ward,councillor,27,,2010-councillor-27,Chris Tindal,Chris,Tindal,TINDAL CHRIS,c00467,1.0,3447,26619,0.12949397047221908,3,15,False,False,False,,0.95,open_data
2010,2010-10-25,general,44-ward,councillor,27,,2010-councillor-27,Simon Wookey,Simon,Wookey,WOOKEY SIMON,c01453,1.0,2128,26619,0.07994289793004997,4,15,False,False,False,,0.95,open_data
2010,2010-10-25,general,44-ward,councillor,27,,2010-councillor-27,Joel Dick,Joel,Dick,DICK JOEL,c00674,1.0,1667,26619,0.06262444118862466,5,15,False,False,False,,0.95,open_data
2010,2010-10-25,general,44-ward,councillor,27,,2010-councillor-27,Robert Meynell,Robert,Meynell,MEYNELL ROBERT,c01260,1.0,1223,26619,0.04594462601900898,6,15,False,False,False,,0.95,open_data
2010,2010-10-25,general,44-ward,councillor,27,,2010-councillor-27,Enza Anderson,Enza,Anderson,ANDERSON ENZA,c00108,1.0,1127,26619,0.04233817949584883,7,15,False,False,False,,0.95,open_data
2010,2010-10-25,general,44-ward,councillor,27,,2010-councillor-27,Ella Rebanks,Ella,Rebanks,REBANKS ELLA,c00724,1.0,838,26619,0.031481272775085466,8,15,False,False,False,,0.95,open_data
2010,2010-10-25,general,44-ward,councillor,27,,2010-councillor-27,Ben Bergen,Ben,Bergen,BERGEN BEN,c00246,1.0,380,26619,0.014275517487508922,9,15,False,False,False,,0.95,open_data
2010,2010-10-25,general,44-ward,councillor,27,,2010-councillor-27,Susan Gapka,Susan,Gapka,GAPKA SUSAN,c00814,1.0,367,26619,0.013787144520830985,10,15,False,False,False,,0.95,open_data
2010,2010-10-25,general,44-ward,councillor,27,,2010-councillor-27,Gary Leroux,Gary,Leroux,LEROUX GARY,c00821,1.0,283,26619,0.010631503813065855,11,15,False,False,False,,0.95,open_data
2010,2010-10-25,general,44-ward,councillor,27,,2010-councillor-27,Paul Spence,Paul,Spence,SPENCE PAUL,c01353,1.0,243,26619,0.009128817761749126,12,15,False,False,False,,0.95,open_data
2010,2010-10-25,general,44-ward,councillor,27,,2010-councillor-27,Jonas Jemstone,Jonas,Jemstone,JEMSTONE JONAS,c00993,1.0,142,26619,0.005334535482174387,13,15,False,False,False,,0.95,open_data
2010,2010-10-25,general,44-ward,councillor,27,,2010-councillor-27,Ram Narula,Ram,Narula,NARULA RAM,c01315,1.0,108,26619,0.004057252338555167,14,15,False,False,False,,0.95,open_data
2010,2010-10-25,general,44-ward,councillor,27,,2010-councillor-27,Perry Missal,Perry,Missal,MISSAL PERRY,c01288,1.0,74,26619,0.002779969194935948,15,15,False,False,False,,0.95,open_data
2010,2010-10-25,general,44-ward,councillor,28,,2010-councillor-28,Pam Mcconnell,Pam,Mcconnell,MCCONNELL PAM,c01249,1.0,11883,18905,0.6285638719915366,1,6,True,False,True,prior_winner,0.95,open_data
2010,2010-10-25,general,44-ward,councillor,28,,2010-councillor-28,Howard Bortenstein,Howard,Bortenstein,BORTENSTEIN HOWARD,c00307,1.0,3730,18905,0.1973023009785771,2,6,False,False,False,,0.95,open_data
2010,2010-10-25,general,44-ward,councillor,28,,2010-councillor-28,Dennis Hollingsworth,Dennis,Hollingsworth,HOLLINGSWORTH DENNIS,c00644,1.0,1128,18905,0.05966675482676541,3,6,False,False,False,,0.95,open_data
2010,2010-10-25,general,44-ward,councillor,28,,2010-councillor-28,Raj Rama,Raj,Rama,RAMA RAJ,c01379,1.0,969,18905,0.05125628140703518,4,6,False,False,False,,0.95,open_data
2010,2010-10-25,general,44-ward,councillor,28,,2010-councillor-28,Daniel Murton,Daniel,Murton,MURTON DANIEL,c00574,1.0,633,18905,0.03348320550119016,5,6,False,False,False,,0.95,open_data
2010,2010-10-25,general,44-ward,councillor,28,,2010-councillor-28,Eric Brazau,Eric,Brazau,BRAZAU ERIC,c00322,1.0,562,18905,0.02972758529489553,6,6,False,False,False,,0.95,open_data
2010,2010-10-25,general,44-ward,councillor,29,,2010-councillor-29,Mary Fragedakis,Mary,Fragedakis,FRAGEDAKIS MARY,c00784,1.0,7430,17769,0.41814395857954867,1,6,True,False,False,,0.95,open_data
2010,2010-10-25,general,44-ward,councillor,29,,2010-councillor-29,Jane Pitfield,Jane,Pitfield,PITFIELD JANE,c00978,1.0,4966,17769,0.27947549102369296,2,6,False,False,False,,0.95,open_data
2010,2010-10-25,general,44-ward,councillor,29,,2010-councillor-29,Jennifer Wood,Jennifer,Wood,WOOD JENNIFER,c00997,1.0,4269,17769,0.24024987337497888,3,6,False,False,False,,0.95,open_data
2010,2010-10-25,general,44-ward,councillor,29,,2010-councillor-29,Chris Caldwell,Chris,Caldwell,CALDWELL CHRIS,c00367,1.0,885,17769,0.04980584163430694,4,6,False,False,False,,0.95,open_data
2010,2010-10-25,general,44-ward,councillor,29,,2010-councillor-29,John Richardson,John,Richardson,RICHARDSON JOHN,c01032,1.0,138,17769,0.007766334627722438,5,6,False,False,False,,0.95,open_data
2010,2010-10-25,general,44-ward,councillor,29,,2010-councillor-29,Mike Restivo,Mike,Restivo,RESTIVO MIKE,c01277,1.0,81,17769,0.004558500759750127,6,6,False,False,False,,0.95,open_data
2010,2010-10-25,general,44-ward,councillor,30,,2010-councillor-30,Paula Fletcher,Paula,Fletcher,FLETCHER PAULA,c00768,1.0,8766,19327,0.453562373881099,1,8,True,False,True,prior_winner,0.95,open_data
2010,2010-10-25,general,44-ward,councillor,30,,2010-councillor-30,Liz West,Liz,West,WEST LIZ,c01188,1.0,8507,19327,0.4401614321933047,2,8,False,False,False,,0.95,open_data
2010,2010-10-25,general,44-ward,councillor,30,,2010-councillor-30,Andrew James,Andrew,James,JAMES ANDREW,c00121,1.0,620,19327,0.032079474310550006,3,8,False,False,False,,0.95,open_data
2010,2010-10-25,general,44-ward,councillor,30,,2010-councillor-30,Mark Dewdney,Mark,Dewdney,DEWDNEY MARK,c00658,1.0,518,19327,0.026801883375588555,4,8,False,False,False,,0.95,open_data
2010,2010-10-25,general,44-ward,councillor,30,,2010-councillor-30,Mihaly Varga,Mihaly,Varga,VARGA MIHALY,c01276,1.0,313,19327,0.016194960418067988,5,8,False,False,False,,0.95,open_data
2010,2010-10-25,general,44-ward,councillor,30,,2010-councillor-30,Angie Tingas,Angie,Tingas,TINGAS ANGIE,c00134,1.0,262,19327,0.01355616495058726,6,8,False,False,False,,0.95,open_data
2010,2010-10-25,general,44-ward,councillor,30,,2010-councillor-30,Andreas Bogojevic,Andreas,Bogojevic,BOGOJEVIC ANDREAS,c00116,1.0,198,19327,0.010244735344336939,7,8,False,False,False,,0.95,open_data
2010,2010-10-25,general,44-ward,councillor,30,,2010-councillor-30,Gary Walsh,Gary,Walsh,WALSH GARY,c00824,1.0,143,19327,0.007398975526465566,8,8,False,False,False,,0.95,open_data
2010,2010-10-25,general,44-ward,councillor,31,,2010-councillor-31,Janet Davis,Janet,Davis,DAVIS JANET,c00625,1.0,11177,17665,0.6327200679309369,1,7,True,False,True,prior_winner,0.95,open_data
2010,2010-10-25,general,44-ward,councillor,31,,2010-councillor-31,Robert Walker,Robert,Walker,WALKER ROBERT,c01409,1.0,1945,17665,0.11010472686102463,2,7,False,False,False,,0.95,open_data
2010,2010-10-25,general,44-ward,councillor,31,,2010-councillor-31,Peter Agaliotis,Peter,Agaliotis,AGALIOTIS PETER,c00034,1.0,1468,17665,0.0831021794508916,3,7,False,False,False,,0.95,open_data
2010,2010-10-25,general,44-ward,councillor,31,,2010-councillor-31,Brenda Macdonald,Brenda,Macdonald,MACDONALD BRENDA,c00324,1.0,1412,17665,0.07993206906311916,4,7,False,False,False,,0.95,open_data
2010,2010-10-25,general,44-ward,councillor,31,,2010-councillor-31,Rasal Rahman,Rasal,Rahman,RAHMAN RASAL,c01377,1.0,1065,17665,0.06028870648174356,5,7,False,False,False,,0.95,open_data
2010,2010-10-25,general,44-ward,councillor,31,,2010-councillor-31,Donna Braniff,Donna,Braniff,BRANIFF DONNA,c00319,1.0,505,17665,0.028587602604019248,6,7,False,False,False,,0.95,open_data
2010,2010-10-25,general,44-ward,councillor,31,,2010-councillor-31,Leonard Subotich,Leonard,Subotich,SUBOTICH LEONARD,c01176,1.0,93,17665,0.0052646476082649305,7,7,False,False,False,,0.95,open_data
2010,2010-10-25,general,44-ward,councillor,32,,2010-councillor-32,Mary-Margaret Mcmahon,Mary-Margaret,Mcmahon,MCMAHON MARY-MARGARET,c01237,1.0,15159,23270,0.6514396218306833,1,9,True,False,False,,0.95,open_data
2010,2010-10-25,general,44-ward,councillor,32,,2010-councillor-32,Sandra Bussin,Sandra,Bussin,BUSSIN SANDRA,c00360,1.0,5998,23270,0.2577567683712935,2,9,False,False,True,prior_winner,0.95,open_data
2010,2010-10-25,general,44-ward,councillor,32,,2010-councillor-32,Keith Begley,Keith,Begley,BEGLEY KEITH,c00244,1.0,753,23270,0.032359260850880964,3,9,False,False,False,,0.95,open_data
2010,2010-10-25,general,44-ward,councillor,32,,2010-councillor-32,Bruce Baker,Bruce,Baker,BAKER BRUCE,c00211,1.0,477,23270,0.020498495917490332,4,9,False,False,False,,0.95,open_data
2010,2010-10-25,general,44-ward,councillor,32,,2010-councillor-32,Brad Feraday,Brad,Feraday,FERADAY BRAD,c00317,1.0,354,23270,0.015212720240653201,5,9,False,False,False,,0.95,open_data
2010,2010-10-25,general,44-ward,councillor,32,,2010-councillor-32,Martin Gladstone,Martin,Gladstone,GLADSTONE MARTIN,c00857,1.0,210,23270,0.009024495058014611,6,9,False,False,False,,0.95,open_data
2010,2010-10-25,general,44-ward,councillor,32,,2010-councillor-32,Neil Sinclair,Neil,Sinclair,SINCLAIR NEIL,c01322,1.0,190,23270,0.008165019338203695,7,9,False,False,False,,0.95,open_data
2010,2010-10-25,general,44-ward,councillor,32,,2010-councillor-32,Albert Castells,Albert,Castells,CASTELLS ALBERT,c00058,1.0,66,23270,0.0028362698753760206,8,9,False,False,False,,0.95,open_data
2010,2010-10-25,general,44-ward,councillor,32,,2010-councillor-32,Kieron Pope,Kieron,Pope,POPE KIERON,c01118,1.0,63,23270,0.0027073485174043833,9,9,False,False,False,,0.95,open_data
2010,2010-10-25,general,44-ward,councillor,33,,2010-councillor-33,Shelley Carroll,Shelley,Carroll,CARROLL SHELLEY,c00396,1.0,7946,13781,0.5765909585661418,1,4,True,False,True,prior_winner,0.95,open_data
2010,2010-10-25,general,44-ward,councillor,33,,2010-councillor-33,Fil Giannakopoulos,Fil,Giannakopoulos,GIANNAKOPOULOS FIL,c00764,1.0,2787,13781,0.20223496117843406,2,4,False,False,False,,0.95,open_data
2010,2010-10-25,general,44-ward,councillor,33,,2010-councillor-33,Mike Ihnat,Mike,Ihnat,IHNAT MIKE,c00950,1.0,1886,13781,0.1368550903417749,3,4,False,False,False,,0.95,open_data
2010,2010-10-25,general,44-ward,councillor,33,,2010-councillor-33,David Raines,David,Raines,RAINES DAVID,c00610,1.0,1162,13781,0.08431898991364922,4,4,False,False,False,,0.95,open_data
2010,2010-10-25,general,44-ward,councillor,34,,2010-councillor-34,Denzil Minnan-Wong,Denzil,Minnan-Wong,MINNAN-WONG DENZIL,c00646,1.0,8743,16367,0.5341846398240362,1,3,True,False,True,prior_winner,0.95,open_data
2010,2010-10-25,general,44-ward,councillor,34,,2010-councillor-34,Peter Youngren,Peter,Youngren,YOUNGREN PETER,c01360,1.0,6484,16367,0.3961630109366408,2,3,False,False,False,,0.95,open_data
2010,2010-10-25,general,44-ward,councillor,34,,2010-councillor-34,Stephan Stewart,Stephan,Stewart,STEWART STEPHAN,c01460,1.0,1140,16367,0.06965234923932302,3,3,False,False,False,,0.95,open_data
2010,2010-10-25,general,44-ward,councillor,35,,2010-councillor-35,Michelle Berardinetti,Michelle,Berardinetti,BERARDINETTI MICHELLE,c00255,1.0,8293,16437,0.5045324572610573,1,10,True,False,False,,0.95,open_data
2010,2010-10-25,general,44-ward,councillor,35,,2010-councillor-35,Adrian Heaps,Adrian,Heaps,HEAPS ADRIAN,c00032,1.0,6020,16437,0.3662468820344345,2,10,False,False,True,prior_winner,0.95,open_data
2010,2010-10-25,general,44-ward,councillor,35,,2010-councillor-35,Malik Ahmad,Malik,Ahmad,AHMAD MALIK,c00038,1.0,850,16437,0.05171259962280222,3,10,False,False,False,,0.95,open_data
2010,2010-10-25,general,44-ward,councillor,35,,2010-councillor-35,Victoria Doyle,Victoria,Doyle,DOYLE VICTORIA,c00699,1.0,429,16437,0.026099653221390764,4,10,False,False,False,,0.95,open_data
2010,2010-10-25,general,44-ward,councillor,35,,2010-councillor-35,Ed Green,Ed,Green,GREEN ED,c00709,1.0,253,16437,0.015392103181845836,5,10,False,False,False,,0.95,open_data
2010,2010-10-25,general,44-ward,councillor,35,,2010-councillor-35,John Lewis,John,Lewis,LEWIS JOHN,c01022,1.0,183,16437,0.01113341850702683,6,10,False,False,False,,0.95,open_data
2010,2010-10-25,general,44-ward,councillor,35,,2010-councillor-35,Jay Burnett,Jay,Burnett,BURNETT JAY,c00358,1.0,173,16437,0.010525034982052687,7,10,False,False,False,,0.95,open_data
2010,2010-10-25,general,44-ward,councillor,35,,2010-councillor-35,Peter Tijiri,Peter,Tijiri,TIJIRI PETER,c01358,1.0,90,16437,0.005475451724767293,8,10,False,False,False,,0.95,open_data
2010,2010-10-25,general,44-ward,councillor,35,,2010-councillor-35,John Morawietz,John,Morawietz,MORAWIETZ JOHN,c01024,1.0,76,16437,0.004623714789803492,9,10,False,False,False,,0.95,open_data
2010,2010-10-25,general,44-ward,councillor,35,,2010-councillor-35,Jason Woychesko,Jason,Woychesko,WOYCHESKO JASON,c00985,1.0,70,16437,0.004258684674819006,10,10,False,False,False,,0.95,open_data
2010,2010-10-25,general,44-ward,councillor,36,,2010-councillor-36,Gary Crawford,Gary,Crawford,CRAWFORD GARY,c00537,1.0,4392,17395,0.25248634665133657,1,10,True,False,False,,0.95,open_data
2010,2010-10-25,general,44-ward,councillor,36,,2010-councillor-36,Robert Spencer,Robert,Spencer,SPENCER ROBERT,c01407,1.0,3970,17395,0.22822650186835297,2,10,False,False,False,,0.95,open_data
2010,2010-10-25,general,44-ward,councillor,36,,2010-councillor-36,Diane Hogan,Diane,Hogan,HOGAN DIANE,c00672,1.0,2341,17395,0.13457890198332853,3,10,False,False,False,,0.95,open_data
2010,2010-10-25,general,44-ward,councillor,36,,2010-councillor-36,Sean Gladney,Sean,Gladney,GLADNEY SEAN,c00856,1.0,2233,17395,0.1283702213279678,4,10,False,False,False,,0.95,open_data
2010,2010-10-25,general,44-ward,councillor,36,,2010-councillor-36,Eddy Gasparotto,Eddy,Gasparotto,GASPAROTTO EDDY,c00713,1.0,1727,17395,0.09928140270192584,5,10,False,False,False,,0.95,open_data
2010,2010-10-25,general,44-ward,councillor,36,,2010-councillor-36,Marvin Macaraig,Marvin,Macaraig,MACARAIG MARVIN,c01210,1.0,866,17395,0.049784420810577754,6,10,False,False,False,,0.95,open_data
2010,2010-10-25,general,44-ward,councillor,36,,2010-councillor-36,Vicki Breen,Vicki,Breen,BREEN VICKI,c00323,1.0,663,17395,0.0381144006898534,7,10,False,False,False,,0.95,open_data
2010,2010-10-25,general,44-ward,councillor,36,,2010-councillor-36,Robert Mcdermott,Robert,Mcdermott,MCDERMOTT ROBERT,c01252,1.0,518,17395,0.02977867203219316,8,10,False,False,False,,0.95,open_data
2010,2010-10-25,general,44-ward,councillor,36,,2010-councillor-36,Tony Ashdown,Tony,Ashdown,ASHDOWN TONY,c00180,1.0,475,17395,0.02730669732681805,9,10,False,False,False,,0.95,open_data
2010,2010-10-25,general,44-ward,councillor,36,,2010-councillor-36,Roman Danilov,Roman,Danilov,DANILOV ROMAN,c00583,1.0,210,17395,0.012072434607645875,10,10,False,False,False,,0.95,open_data
2010,2010-10-25,general,44-ward,councillor,37,,2010-councillor-37,Michael Thompson,Michael,Thompson,THOMPSON MICHAEL,c01268,1.0,15129,18089,0.8363646414948311,1,4,True,False,True,prior_winner,0.95,open_data
2010,2010-10-25,general,44-ward,councillor,37,,2010-councillor-37,Isabelle Champagne,Isabelle,Champagne,CHAMPAGNE ISABELLE,c00413,1.0,1571,18089,0.08684836088230416,2,4,False,False,False,,0.95,open_data
2010,2010-10-25,general,44-ward,councillor,37,,2010-councillor-37,Fawzi Bidawi,Fawzi,Bidawi,BIDAWI FAWZI,c00272,1.0,1014,18089,0.056056166731162586,3,4,False,False,False,,0.95,open_data
2010,2010-10-25,general,44-ward,councillor,37,,2010-councillor-37,Salazar Sergio Otoya,Salazar Sergio,Otoya,OTOYA SALAZAR SERGIO,c01343,1.0,375,18089,0.020730830891702138,4,4,False,False,False,,0.95,open_data
2010,2010-10-25,general,44-ward,councillor,38,,2010-councillor-38,Baeremaeker Glenn De,Baeremaeker Glenn,De,DE BAEREMAEKER GLENN,c00209,1.0,11166,17882,0.6244267978973269,1,5,True,False,True,prior_winner,0.95,open_data
2010,2010-10-25,general,44-ward,councillor,38,,2010-councillor-38,Glenn Middleton,Glenn,Middleton,MIDDLETON GLENN,c00861,1.0,4541,17882,0.2539425120232636,2,5,False,False,False,,0.95,open_data
2010,2010-10-25,general,44-ward,councillor,38,,2010-councillor-38,Tushar Shah,Tushar,Shah,SHAH TUSHAR,c01443,1.0,824,17882,0.046079856839279724,3,5,False,False,False,,0.95,open_data
2010,2010-10-25,general,44-ward,councillor,38,,2010-councillor-38,Kirk Jensen,Kirk,Jensen,JENSEN KIRK,c00998,1.0,708,17882,0.03959288670171122,4,5,False,False,False,,0.95,open_data
2010,2010-10-25,general,44-ward,councillor,38,,2010-councillor-38,Sandip Vora,Sandip,Vora,VORA SANDIP,c01434,1.0,643,17882,0.03595794653841852,5,5,False,False,False,,0.95,open_data
2010,2010-10-25,general,44-ward,councillor,39,,2010-councillor-39,Grande Mike Del,Grande Mike,Del,DEL GRANDE MIKE,c00639,1.0,9931,14565,0.6818400274630965,1,3,True,False,True,prior_winner,0.95,open_data
2010,2010-10-25,general,44-ward,councillor,39,,2010-councillor-39,Kevin Xu,Kevin,Xu,XU KEVIN,c01104,1.0,3640,14565,0.2499141778235496,2,3,False,False,False,,0.95,open_data
2010,2010-10-25,general,44-ward,councillor,39,,2010-councillor-39,Caldwell Williams,Caldwell,Williams,WILLIAMS CALDWELL,c00368,1.0,994,14565,0.06824579471335393,3,3,False,False,False,,0.95,open_data
2010,2010-10-25,general,44-ward,councillor,40,,2010-councillor-40,Norm Kelly,Norm,Kelly,KELLY NORM,c01090,0.9090908765792847,12458,16835,0.74000594000594,1,4,True,False,True,prior_winner,0.95,open_data
2010,2010-10-25,general,44-ward,councillor,40,,2010-councillor-40,Ken Sy,Ken,Sy,SY KEN,c01094,1.0,1935,16835,0.11493911493911493,2,4,False,False,False,,0.95,open_data
2010,2010-10-25,general,44-ward,councillor,40,,2010-councillor-40,Bryan Heal,Bryan,Heal,HEAL BRYAN,c00348,1.0,1862,16835,0.11060291060291061,3,4,False,False,False,,0.95,open_data
2010,2010-10-25,general,44-ward,councillor,40,,2010-councillor-40,Cheng-Chih Tsai,Cheng-Chih,Tsai,TSAI CHENG-CHIH,c00433,1.0,580,16835,0.03445203445203445,4,4,False,False,False,,0.95,open_data
2010,2010-10-25,general,44-ward,councillor,41,,2010-councillor-41,Chin Lee,Chin,Lee,LEE CHIN,c00443,1.0,12557,17782,0.7061635361601619,1,3,True,False,True,prior_winner,0.95,open_data
2010,2010-10-25,general,44-ward,councillor,41,,2010-councillor-41,Patricia Sinclair,Patricia,Sinclair,SINCLAIR PATRICIA,c01351,1.0,2718,17782,0.15285119784051288,2,3,False,False,False,,0.95,open_data
2010,2010-10-25,general,44-ward,councillor,41,,2010-councillor-41,Danny Chien,Danny,Chien,CHIEN DANNY,c00439,1.0,2507,17782,0.14098526599932515,3,3,False,False,False,,0.95,open_data
2010,2010-10-25,general,44-ward,councillor,42,,2010-councillor-42,Raymond Cho,Raymond,Cho,CHO RAYMOND,c00448,1.0,10811,20425,0.5293023255813953,1,9,True,False,True,prior_winner,0.95,open_data
2010,2010-10-25,general,44-ward,councillor,42,,2010-councillor-42,Neethan Shan,Neethan,Shan,SHAN NEETHAN,c01320,1.0,6873,20425,0.336499388004896,2,9,False,False,False,,0.95,open_data
2010,2010-10-25,general,44-ward,councillor,42,,2010-councillor-42,Shamoon Poonawala,Shamoon,Poonawala,POONAWALA SHAMOON,c01368,1.0,586,20425,0.028690330477356182,3,9,False,False,False,,0.95,open_data
2010,2010-10-25,general,44-ward,councillor,42,,2010-councillor-42,Mohammed Ather,Mohammed,Ather,ATHER MOHAMMED,c00191,1.0,474,20425,0.02320685434516524,4,9,False,False,False,,0.95,open_data
2010,2010-10-25,general,44-ward,councillor,42,,2010-councillor-42,Namu Ponnambalam,Namu,Ponnambalam,PONNAMBALAM NAMU,c01312,1.0,443,20425,0.021689106487148103,5,9,False,False,False,,0.95,open_data
2010,2010-10-25,general,44-ward,councillor,42,,2010-councillor-42,Ruth Tecle,Ruth,Tecle,TECLE RUTH,c01425,1.0,437,20425,0.021395348837209303,6,9,False,False,False,,0.95,open_data
2010,2010-10-25,general,44-ward,councillor,42,,2010-councillor-42,George Singh,George,Singh,SINGH GEORGE,c00840,1.0,353,20425,0.017282741738066095,7,9,False,False,False,,0.95,open_data
2010,2010-10-25,general,44-ward,councillor,42,,2010-councillor-42,Leon Saul,Leon,Saul,SAUL LEON,c01175,1.0,323,20425,0.01581395348837209,8,9,False,False,False,,0.95,open_data
2010,2010-10-25,general,44-ward,councillor,42,,2010-councillor-42,Venthan Ramanathavavuniyan,Venthan,Ramanathavavuniyan,RAMANATHAVAVUNIYAN VENTHAN,c01383,1.0,125,20425,0.006119951040391677,9,9,False,False,False,,0.95,open_data
2010,2010-10-25,general,44-ward,councillor,43,,2010-councillor-43,Paul Ainslie,Paul,Ainslie,AINSLIE PAUL,c00046,1.0,9334,15413,0.6055926815026277,1,5,True,False,True,prior_winner,0.95,open_data
2010,2010-10-25,general,44-ward,councillor,43,,2010-councillor-43,John Laforet,John,Laforet,LAFORET JOHN,c01020,1.0,4440,15413,0.28806851359242197,2,5,False,False,False,,0.95,open_data
2010,2010-10-25,general,44-ward,councillor,43,,2010-councillor-43,Bhaskar Sharma,Bhaskar,Sharma,SHARMA BHASKAR,c00269,1.0,758,15413,0.04917926425744502,3,5,False,False,False,,0.95,open_data
2010,2010-10-25,general,44-ward,councillor,43,,2010-councillor-43,Benjamin Mbaegbu,Benjamin,Mbaegbu,MBAEGBU BENJAMIN,c00250,1.0,489,15413,0.03172646467267891,4,5,False,False,False,,0.95,open_data
2010,2010-10-25,general,44-ward,councillor,43,,2010-councillor-43,Samuel Getachew,Samuel,Getachew,GETACHEW SAMUEL,c00846,1.0,392,15413,0.025433075974826445,5,5,False,False,False,,0.95,open_data
2010,2010-10-25,general,44-ward,councillor,44,,2010-councillor-44,Ron Moeser,Ron,Moeser,MOESER RON,c01290,1.0,10185,21462,0.474559686888454,1,4,True,False,True,prior_winner,0.95,open_data
2010,2010-10-25,general,44-ward,councillor,44,,2010-councillor-44,Diana Hall,Diana,Hall,HALL DIANA,c00667,1.0,9901,21462,0.46132699655204545,2,4,False,False,False,,0.95,open_data
2010,2010-10-25,general,44-ward,councillor,44,,2010-councillor-44,Mohammed Mirza,Mohammed,Mirza,MIRZA MOHAMMED,c01287,1.0,749,21462,0.03489889106327462,3,4,False,False,False,,0.95,open_data
2010,2010-10-25,general,44-ward,councillor,44,,2010-councillor-44,Heath Thomas,Heath,Thomas,THOMAS HEATH,c00918,1.0,627,21462,0.02921442549622589,4,4,False,False,False,,0.95,open_data
2010,2010-10-25,general,44-ward,mayor,,,2010-mayor-city,Rob Ford,Rob,Ford,FORD ROB,c00775,1.0,383501,813984,0.47114071038251365,1,40,True,False,True,prior_winner,0.95,open_data
2010,2010-10-25,general,44-ward,mayor,,,2010-mayor-city,George Smitherman,George,Smitherman,SMITHERMAN GEORGE,c00841,1.0,289832,813984,0.35606596689861225,2,40,False,False,False,,0.95,open_data
2010,2010-10-25,general,44-ward,mayor,,,2010-mayor-city,Joe Pantalone,Joe,Pantalone,PANTALONE JOE,c01015,1.0,95482,813984,0.11730205999135118,3,40,False,False,True,prior_winner,0.95,open_data
2010,2010-10-25,general,44-ward,mayor,,,2010-mayor-city,Rocco Rossi,Rocco,Rossi,ROSSI ROCCO,c01412,1.0,5012,813984,0.006157369186617918,4,40,False,False,False,,0.95,open_data
2010,2010-10-25,general,44-ward,mayor,,,2010-mayor-city,George Babula,George,Babula,BABULA GEORGE,c00208,1.0,3273,813984,0.004020963557023234,5,40,False,False,False,,0.95,open_data
2010,2010-10-25,general,44-ward,mayor,,,2010-mayor-city,Rocco Achampong,Rocco,Achampong,ACHAMPONG ROCCO,c00018,1.0,2805,813984,0.0034460136808585917,6,40,False,False,False,,0.95,open_data
2010,2010-10-25,general,44-ward,mayor,,,2010-mayor-city,Abdullah-Baquie Ghazi,Abdullah-Baquie,Ghazi,GHAZI ABDULLAH-BAQUIE,c00009,1.0,2761,813984,0.0033919585642961042,7,40,False,False,False,,0.95,open_data
2010,2010-10-25,general,44-ward,mayor,,,2010-mayor-city,Michael Alexander,Michael,Alexander,ALEXANDER MICHAEL,c00074,1.0,2470,813984,0.003034457679757833,8,40,False,False,False,,0.95,open_data
2010,2010-10-25,general,44-ward,mayor,,,2010-mayor-city,Vijay Sarma,Vijay,Sarma,SARMA VIJAY,c01437,1.0,2264,813984,0.002781381452215277,9,40,False,False,False,,0.95,open_data
2010,2010-10-25,general,44-ward,mayor,,,2010-mayor-city,Sarah Thomson,Sarah,Thomson,THOMSON SARAH,c01435,1.0,1883,813984,0.0023133132837991903,10,40,False,False,False,,0.95,open_data
2010,2010-10-25,general,44-ward,mayor,,,2010-mayor-city,Jaime Castillo,Jaime,Castillo,CASTILLO JAIME,c00402,1.0,1874,813984,0.0023022565554114086,11,40,False,False,False,,0.95,open_data
2010,2010-10-25,general,44-ward,mayor,,,2010-mayor-city,Dewitt Lee,Dewitt,Lee,LEE DEWITT,c00659,1.0,1699,813984,0.0020872646145378778,12,40,False,False,False,,0.95,open_data
2010,2010-10-25,general,44-ward,mayor,,,2010-mayor-city,Douglas Campbell,Douglas,Campbell,CAMPBELL DOUGLAS,c00374,1.0,1428,813984,0.0017543342375280105,13,40,False,False,False,,0.95,open_data
2010,2010-10-25,general,44-ward,mayor,,,2010-mayor-city,Kevin Clarke,Kevin,Clarke,CLARKE KEVIN,c00489,1.0,1411,813984,0.0017334493061288675,14,40,False,False,False,,0.95,open_data
2010,2010-10-25,general,44-ward,mayor,,,2010-mayor-city,Joseph Pampena,Joseph,Pampena,PAMPENA JOSEPH,c01058,1.0,1319,813984,0.0016204249714982112,15,40,False,False,False,,0.95,open_data
2010,2010-10-25,general,44-ward,mayor,,,2010-mayor-city,David Epstein,David,Epstein,EPSTEIN DAVID,c00595,1.0,1202,813984,0.0014766875024570508,16,40,False,False,False,,0.95,open_data
2010,2010-10-25,general,44-ward,mayor,,,2010-mayor-city,Monowar Hossain,Monowar,Hossain,HOSSAIN MONOWAR,c00932,1.0,1194,813984,0.0014668592994456894,17,40,False,False,False,,0.95,open_data
2010,2010-10-25,general,44-ward,mayor,,,2010-mayor-city,Michael Flie,Michael,Flie,FLIE MICHAEL,c00769,1.0,1190,813984,0.0014619451979400087,18,40,False,False,False,,0.95,open_data
2010,2010-10-25,general,44-ward,mayor,,,2010-mayor-city,Don Andrews,Don,Andrews,ANDREWS DON,c00127,1.0,1032,813984,0.001267838188465621,19,40,False,False,False,,0.95,open_data
2010,2010-10-25,general,44-ward,mayor,,,2010-mayor-city,Weizhen Tang,Weizhen,Tang,TANG WEIZHEN,c01470,1.0,890,813984,0.001093387585013956,20,40,False,False,False,,0.95,open_data
2010,2010-10-25,general,44-ward,mayor,,,2010-mayor-city,Daniel Walker,Daniel,Walker,WALKER DANIEL,c00580,1.0,804,813984,0.000987734402641821,21,40,False,False,False,,0.95,open_data
2010,2010-10-25,general,44-ward,mayor,,,2010-mayor-city,Keith Cole,Keith,Cole,COLE KEITH,c00501,1.0,801,813984,0.0009840488265125604,22,40,False,False,False,,0.95,open_data
2010,2010-10-25,general,44-ward,mayor,,,2010-mayor-city,Michael Brausewetter,Michael,Brausewetter,BRAUSEWETTER MICHAEL,c00321,1.0,796,813984,0.0009779061996304595,23,40,False,False,False,,0.95,open_data
2010,2010-10-25,general,44-ward,mayor,,,2010-mayor-city,Barry Goodhead,Barry,Goodhead,GOODHEAD BARRY,c00229,1.0,740,813984,0.0009091087785509297,24,40,False,False,False,,0.95,open_data
2010,2010-10-25,general,44-ward,mayor,,,2010-mayor-city,Tibor Steinberger,Tibor,Steinberger,STEINBERGER TIBOR,c01459,1.0,735,813984,0.0009029661516688289,25,40,False,False,False,,0.95,open_data
2010,2010-10-25,general,44-ward,mayor,,,2010-mayor-city,Charlene Cottle,Charlene,Cottle,COTTLE CHARLENE,c00420,1.0,733,813984,0.0009005091009159885,26,40,False,False,False,,0.95,open_data
2010,2010-10-25,general,44-ward,mayor,,,2010-mayor-city,Christopher Ball,Christopher,Ball,BALL CHRISTOPHER,c00218,1.0,696,813984,0.0008550536619884421,27,40,False,False,False,,0.95,open_data
2010,2010-10-25,general,44-ward,mayor,,,2010-mayor-city,Fiore James Di,Fiore James,Di,DI FIORE JAMES,c00662,1.0,655,813984,0.0008046841215552149,28,40,False,False,False,,0.95,open_data
2010,2010-10-25,general,44-ward,mayor,,,2010-mayor-city,Diane Devenyi,Diane,Devenyi,DEVENYI DIANE,c00657,1.0,629,813984,0.0007727424617682903,29,40,False,False,False,,0.95,open_data
2010,2010-10-25,general,44-ward,mayor,,,2010-mayor-city,John Letonja,John,Letonja,LETONJA JOHN,c01021,1.0,592,813984,0.0007272870228407438,30,40,False,False,False,,0.95,open_data
2010,2010-10-25,general,44-ward,mayor,,,2010-mayor-city,Himy Syed,Himy,Syed,SYED HIMY,c00925,1.0,582,813984,0.0007150017690765421,31,40,False,False,False,,0.95,open_data
2010,2010-10-25,general,44-ward,mayor,,,2010-mayor-city,Carmen Macklin,Carmen,Macklin,MACKLIN CARMEN,c00386,1.0,575,813984,0.0007064020914416008,32,40,False,False,False,,0.95,open_data
2010,2010-10-25,general,44-ward,mayor,,,2010-mayor-city,Howard Gomberg,Howard,Gomberg,GOMBERG HOWARD,c00867,1.0,477,813984,0.0005860066045524237,33,40,False,False,False,,0.95,open_data
2010,2010-10-25,general,44-ward,mayor,,,2010-mayor-city,David Vallance,David,Vallance,VALLANCE DAVID,c00621,1.0,444,813984,0.0005454652671305579,34,40,False,False,False,,0.95,open_data
2010,2010-10-25,general,44-ward,mayor,,,2010-mayor-city,Mark State,Mark,State,STATE MARK,c01232,1.0,438,813984,0.0005380941148720368,35,40,False,False,False,,0.95,open_data
2010,2010-10-25,general,44-ward,mayor,,,2010-mayor-city,Phil Taylor,Phil,Taylor,TAYLOR PHIL,c01361,1.0,429,813984,0.0005270373864842552,36,40,False,False,False,,0.95,open_data
2010,2010-10-25,general,44-ward,mayor,,,2010-mayor-city,Colin Magee,Colin,Magee,MAGEE COLIN,c00504,1.0,401,813984,0.0004926386759444903,37,40,False,False,False,,0.95,open_data
2010,2010-10-25,general,44-ward,mayor,,,2010-mayor-city,Selwyn Firth,Selwyn,Firth,FIRTH SELWYN,c00767,1.0,394,813984,0.00048403899830954907,38,40,False,False,False,,0.95,open_data
2010,2010-10-25,general,44-ward,mayor,,,2010-mayor-city,Ratan Wadhwa,Ratan,Wadhwa,WADHWA RATAN,c01387,1.0,290,813984,0.00035627235916185085,39,40,False,False,False,,0.95,open_data
2010,2010-10-25,general,44-ward,mayor,,,2010-mayor-city,Gerald Derome,Gerald,Derome,DEROME GERALD,c00649,1.0,251,813984,0.000308359869481464,40,40,False,False,False,,0.95,open_data
2014,2014-10-27,general,44-ward,councillor,1,,2014-councillor-1,Vincent Crisanti,Vincent,Crisanti,CRISANTI VINCENT,c00539,1.0,7427,16039,0.4630587941891639,1,12,True,False,True,prior_winner,0.95,open_data
2014,2014-10-27,general,44-ward,councillor,1,,2014-councillor-1,Avtar Minhas,Avtar,Minhas,MINHAS AVTAR,c00199,1.0,3118,16039,0.194401147203691,2,12,False,False,False,,0.95,open_data
2014,2014-10-27,general,44-ward,councillor,1,,2014-councillor-1,Jeff Corbett,Jeff,Corbett,CORBETT JEFF,c00523,1.0,1699,16039,0.10592929733773926,3,12,False,False,False,,0.95,open_data
2014,2014-10-27,general,44-ward,councillor,1,,2014-councillor-1,Patricia Crooks,Patricia,Crooks,CROOKS PATRICIA,c00542,1.0,942,16039,0.05873184113722801,4,12,False,False,False,,0.95,open_data
2014,2014-10-27,general,44-ward,councillor,1,,2014-councillor-1,Idil Burale,Idil,Burale,BURALE IDIL,c00355,1.0,878,16039,0.05474156742939086,5,12,False,False,False,,0.95,open_data
2014,2014-10-27,general,44-ward,councillor,1,,2014-councillor-1,Arsalan Baig,Arsalan,Baig,BAIG ARSALAN,c00173,1.0,721,16039,0.044952927239852856,6,12,False,False,False,,0.95,open_data
2014,2014-10-27,general,44-ward,councillor,1,,2014-councillor-1,Khaliq Mahmood,Khaliq,Mahmood,MAHMOOD KHALIQ,c01105,1.0,304,16039,0.018953800112226447,7,12,False,False,False,,0.95,open_data
2014,2014-10-27,general,44-ward,councillor,1,,2014-councillor-1,Gurinder Patri,Gurinder,Patri,PATRI GURINDER,c00894,1.0,269,16039,0.016771619178253008,8,12,False,False,False,,0.95,open_data
2014,2014-10-27,general,44-ward,councillor,1,,2014-councillor-1,Akhtar Ayub,Akhtar,Ayub,AYUB AKHTAR,c00049,1.0,196,16039,0.012220213230251263,9,12,False,False,False,,0.95,open_data
2014,2014-10-27,general,44-ward,councillor,1,,2014-councillor-1,Charan Hundal,Charan,Hundal,HUNDAL CHARAN,c00419,1.0,173,16039,0.010786208616497288,10,12,False,False,False,,0.95,open_data
2014,2014-10-27,general,44-ward,councillor,1,,2014-councillor-1,Christopher Noor,Christopher,Noor,NOOR CHRISTOPHER,c00477,1.0,172,16039,0.010723860589812333,11,12,False,False,False,,0.95,open_data
2014,2014-10-27,general,44-ward,councillor,1,,2014-councillor-1,Dino Caltsoudas,Dino,Caltsoudas,CALTSOUDAS DINO,c00370,1.0,140,16039,0.008728723735893758,12,12,False,False,False,,0.95,open_data
2014,2014-10-27,general,44-ward,councillor,2,,2014-councillor-2,Rob Ford,Rob,Ford,FORD ROB,c00775,1.0,11629,19793,0.5875309452836861,1,14,True,False,True,prior_winner,0.95,open_data
2014,2014-10-27,general,44-ward,councillor,2,,2014-councillor-2,Luke Larocque,Luke,Larocque,LAROCQUE LUKE,c01155,1.0,2158,19793,0.10902844439953518,2,14,False,False,False,,0.95,open_data
2014,2014-10-27,general,44-ward,councillor,2,,2014-councillor-2,Andray Domise,Andray,Domise,DOMISE ANDRAY,c00111,1.0,1620,19793,0.08184711766786237,3,14,False,False,False,,0.95,open_data
2014,2014-10-27,general,44-ward,councillor,2,,2014-councillor-2,Munira Abukar,Munira,Abukar,ABUKAR MUNIRA,c00015,1.0,1209,19793,0.06108220077805285,4,14,False,False,False,,0.95,open_data
2014,2014-10-27,general,44-ward,councillor,2,,2014-councillor-2,David Caravaggio,David,Caravaggio,CARAVAGGIO DAVID,c00381,1.0,768,19793,0.038801596524023645,5,14,False,False,False,,0.95,open_data
2014,2014-10-27,general,44-ward,councillor,2,,2014-councillor-2,Ranjeet Chahal,Ranjeet,Chahal,CHAHAL RANJEET,c00408,1.0,460,19793,0.023240539584701663,6,14,False,False,False,,0.95,open_data
2014,2014-10-27,general,44-ward,councillor,2,,2014-councillor-2,Gary Paterson,Gary,Paterson,PATERSON GARY,c00823,1.0,439,19793,0.022179558429747892,7,14,False,False,False,,0.95,open_data
2014,2014-10-27,general,44-ward,councillor,2,,2014-councillor-2,Ataul Malick,Ataul,Malick,MALICK ATAUL,c00190,1.0,316,19793,0.01596524023644723,8,14,False,False,False,,0.95,open_data
2014,2014-10-27,general,44-ward,councillor,2,,2014-councillor-2,Theo Lagakos,Theo,Lagakos,LAGAKOS THEO,c01150,1.0,300,19793,0.015156873642196736,9,14,False,False,False,,0.95,open_data
2014,2014-10-27,general,44-ward,councillor,2,,2014-councillor-2,Doug Cronkite,Doug,Cronkite,CRONKITE DOUG,c00541,1.0,269,19793,0.013590663365836407,10,14,False,False,False,,0.95,open_data
2014,2014-10-27,general,44-ward,councillor,2,,2014-councillor-2,Michelle Garcia,Michelle,Garcia,GARCIA MICHELLE,c00817,1.0,254,19793,0.01283281968372657,11,14,False,False,False,,0.95,open_data
2014,2014-10-27,general,44-ward,councillor,2,,2014-councillor-2,Benn Adeoba,Benn,Adeoba,ADEOBA BENN,c00030,1.0,171,19793,0.00863941797605214,12,14,False,False,False,,0.95,open_data
2014,2014-10-27,general,44-ward,councillor,2,,2014-councillor-2,George Singh,George,Singh,SINGH GEORGE,c00840,1.0,142,19793,0.007174253523973122,13,14,False,False,False,,0.95,open_data
2014,2014-10-27,general,44-ward,councillor,2,,2014-councillor-2,Edmund Bueno-Bradley,Edmund,Bueno-Bradley,BUENO-BRADLEY EDMUND,c00353,1.0,58,19793,0.0029303289041580356,14,14,False,False,False,,0.95,open_data
2014,2014-10-27,general,44-ward,councillor,3,,2014-councillor-3,Stephen Holyday,Stephen,Holyday,HOLYDAY STEPHEN,c00929,1.0,8086,22119,0.3655680636556806,1,10,True,False,False,,0.95,open_data
2014,2014-10-27,general,44-ward,councillor,3,,2014-councillor-3,Annette Hutcheon,Annette,Hutcheon,HUTCHEON ANNETTE,c00138,1.0,5135,22119,0.23215335232153353,2,10,False,False,False,,0.95,open_data
2014,2014-10-27,general,44-ward,councillor,3,,2014-councillor-3,John Moskalyk,John,Moskalyk,MOSKALYK JOHN,c01025,1.0,2701,22119,0.12211221122112212,3,10,False,False,False,,0.95,open_data
2014,2014-10-27,general,44-ward,councillor,3,,2014-councillor-3,George Bauk,George,Bauk,BAUK GEORGE,c00238,1.0,1611,22119,0.0728333107283331,4,10,False,False,False,,0.95,open_data
2014,2014-10-27,general,44-ward,councillor,3,,2014-councillor-3,Dean French,Dean,French,FRENCH DEAN,c00631,1.0,1399,22119,0.06324879063248791,5,10,False,False,False,,0.95,open_data
2014,2014-10-27,general,44-ward,councillor,3,,2014-councillor-3,Greg Comeau,Greg,Comeau,COMEAU GREG,c00514,1.0,1100,22119,0.04973100049731,6,10,False,False,False,,0.95,open_data
2014,2014-10-27,general,44-ward,councillor,3,,2014-councillor-3,Peter Fenech,Peter,Fenech,FENECH PETER,c00755,1.0,1025,22119,0.0463402504634025,7,10,False,False,False,,0.95,open_data
2014,2014-10-27,general,44-ward,councillor,3,,2014-councillor-3,Roberto Alvarez,Roberto,Alvarez,ALVAREZ ROBERTO,c00091,1.0,552,22119,0.024955920249559203,8,10,False,False,False,,0.95,open_data
2014,2014-10-27,general,44-ward,councillor,3,,2014-councillor-3,Paola Bauer,Paola,Bauer,BAUER PAOLA,c00237,1.0,313,22119,0.014150730141507301,9,10,False,False,False,,0.95,open_data
2014,2014-10-27,general,44-ward,councillor,3,,2014-councillor-3,Frank D'Urzo,Frank,D'Urzo,D'URZO FRANK,c00561,1.0,197,22119,0.008906370089063701,10,10,False,False,False,,0.95,open_data
2014,2014-10-27,general,44-ward,councillor,4,,2014-councillor-4,John Campbell,John,Campbell,CAMPBELL JOHN,c00375,1.0,8227,23886,0.34442769823327474,1,10,True,False,False,,0.95,open_data
2014,2014-10-27,general,44-ward,councillor,4,,2014-councillor-4,Niels Christensen,Niels,Christensen,CHRISTENSEN NIELS,c00469,1.0,6847,23886,0.28665326969773086,2,10,False,False,False,,0.95,open_data
2014,2014-10-27,general,44-ward,councillor,4,,2014-councillor-4,Angelo Carnevale,Angelo,Carnevale,CARNEVALE ANGELO,c00133,1.0,4968,23886,0.2079879427279578,3,10,False,False,False,,0.95,open_data
2014,2014-10-27,general,44-ward,councillor,4,,2014-councillor-4,Chris Stockwell,Chris,Stockwell,STOCKWELL CHRIS,c00466,1.0,2208,23886,0.09243908565687013,4,10,False,False,False,,0.95,open_data
2014,2014-10-27,general,44-ward,councillor,4,,2014-councillor-4,Adam Slobodian,Adam,Slobodian,SLOBODIAN ADAM,c00026,1.0,384,23886,0.016076362722933935,5,10,False,False,False,,0.95,open_data
2014,2014-10-27,general,44-ward,councillor,4,,2014-councillor-4,Tony Chun,Tony,Chun,CHUN TONY,c00481,1.0,286,23886,0.011973540986351838,6,10,False,False,False,,0.95,open_data
2014,2014-10-27,general,44-ward,councillor,4,,2014-councillor-4,William Murdoch,William,Murdoch,MURDOCH WILLIAM,c01307,1.0,278,23886,0.01163861676295738,7,10,False,False,False,,0.95,open_data
2014,2014-10-27,general,44-ward,councillor,4,,2014-councillor-4,Rosemarie Mulhall,Rosemarie,Mulhall,MULHALL ROSEMARIE,c01305,1.0,267,23886,0.011178095955790002,8,10,False,False,False,,0.95,open_data
2014,2014-10-27,general,44-ward,councillor,4,,2014-councillor-4,Mario Magno,Mario,Magno,MAGNO MARIO,c01213,1.0,216,23886,0.00904295403165034,9,10,False,False,False,,0.95,open_data
2014,2014-10-27,general,44-ward,councillor,4,,2014-councillor-4,Oscar Vidal-Calvet,Oscar,Vidal-Calvet,VIDAL-CALVET OSCAR,c01342,1.0,205,23886,0.00858243322448296,10,10,False,False,False,,0.95,open_data
2014,2014-10-27,general,44-ward,councillor,5,,2014-councillor-5,Ciano Justin Di,Ciano Justin,Di,DI CIANO JUSTIN,c00483,1.0,15362,28342,0.542022440194764,1,9,True,False,False,,0.95,open_data
2014,2014-10-27,general,44-ward,councillor,5,,2014-councillor-5,Kinga Surma,Kinga,Surma,SURMA KINGA,c01122,1.0,3936,28342,0.13887516759579424,2,9,False,False,False,,0.95,open_data
2014,2014-10-27,general,44-ward,councillor,5,,2014-councillor-5,Guy Bowie,Guy,Bowie,BOWIE GUY,c00311,1.0,2744,28342,0.09681744407592971,3,9,False,False,False,,0.95,open_data
2014,2014-10-27,general,44-ward,councillor,5,,2014-councillor-5,Walter Melnyk,Walter,Melnyk,MELNYK WALTER,c01258,1.0,1399,28342,0.04936137181567991,4,9,False,False,False,,0.95,open_data
2014,2014-10-27,general,44-ward,councillor,5,,2014-councillor-5,Raymond Desilets,Raymond,Desilets,DESILETS RAYMOND,c00652,1.0,1365,28342,0.04816173876226096,5,9,False,False,False,,0.95,open_data
2014,2014-10-27,general,44-ward,councillor,5,,2014-councillor-5,Tony D'Aversa,Tony,D'Aversa,D'AVERSA TONY,c00558,1.0,1307,28342,0.04611530590642862,6,9,False,False,False,,0.95,open_data
2014,2014-10-27,general,44-ward,councillor,5,,2014-councillor-5,Nikola Samac,Nikola,Samac,SAMAC NIKOLA,c01333,1.0,1019,28342,0.03595370827746807,7,9,False,False,False,,0.95,open_data
2014,2014-10-27,general,44-ward,councillor,5,,2014-councillor-5,Magda Chelminska,Magda,Chelminska,CHELMINSKA MAGDA,c00429,1.0,645,28342,0.022757744689859572,8,9,False,False,False,,0.95,open_data
2014,2014-10-27,general,44-ward,councillor,5,,2014-councillor-5,George Lehto,George,Lehto,LEHTO GEORGE,c00832,1.0,565,28342,0.019935078681814974,9,9,False,False,False,,0.95,open_data
2014,2014-10-27,general,44-ward,councillor,6,,2014-councillor-6,Mark Grimes,Mark,Grimes,GRIMES MARK,c00888,1.0,11337,25792,0.4395549007444169,1,12,True,False,True,prior_winner,0.95,open_data
2014,2014-10-27,general,44-ward,councillor,6,,2014-councillor-6,Russ Ford,Russ,Ford,FORD RUSS,c00776,1.0,8791,25792,0.34084212158808935,2,12,False,False,False,,0.95,open_data
2014,2014-10-27,general,44-ward,councillor,6,,2014-councillor-6,Tony Vella,Tony,Vella,VELLA TONY,c01472,1.0,2718,25792,0.10538151364764269,3,12,False,False,False,,0.95,open_data
2014,2014-10-27,general,44-ward,councillor,6,,2014-councillor-6,Miroslaw Jankielewicz,Miroslaw,Jankielewicz,JANKIELEWICZ MIROSLAW,c00981,1.0,1114,25792,0.04319168734491315,4,12,False,False,False,,0.95,open_data
2014,2014-10-27,general,44-ward,councillor,6,,2014-councillor-6,Sean O'Callaghan,Sean,O'Callaghan,O'CALLAGHAN SEAN,c01339,1.0,501,25792,0.019424627791563277,5,12,False,False,False,,0.95,open_data
2014,2014-10-27,general,44-ward,councillor,6,,2014-councillor-6,Peggy Moulder,Peggy,Moulder,MOULDER PEGGY,c01303,1.0,398,25792,0.015431141439205955,6,12,False,False,False,,0.95,open_data
2014,2014-10-27,general,44-ward,councillor,6,,2014-councillor-6,Michael Laxer,Michael,Laxer,LAXER MICHAEL,c01161,1.0,305,25792,0.011825372208436725,7,12,False,False,False,,0.95,open_data
2014,2014-10-27,general,44-ward,councillor,6,,2014-councillor-6,Everett Sheppard,Everett,Sheppard,SHEPPARD EVERETT,c00743,1.0,221,25792,0.008568548387096774,8,12,False,False,False,,0.95,open_data
2014,2014-10-27,general,44-ward,councillor,6,,2014-councillor-6,Ruthmary James,Ruthmary,James,JAMES RUTHMARY,c00971,1.0,169,25792,0.00655241935483871,9,12,False,False,False,,0.95,open_data
2014,2014-10-27,general,44-ward,councillor,6,,2014-councillor-6,Robert Sysak,Robert,Sysak,SYSAK ROBERT,c01408,1.0,90,25792,0.003489454094292804,10,12,False,False,False,,0.95,open_data
2014,2014-10-27,general,44-ward,councillor,6,,2014-councillor-6,John Letonja,John,Letonja,LETONJA JOHN,c01021,1.0,84,25792,0.0032568238213399503,11,12,False,False,False,,0.95,open_data
2014,2014-10-27,general,44-ward,councillor,6,,2014-councillor-6,Dave Searle,Dave,Searle,SEARLE DAVE,c00592,1.0,64,25792,0.0024813895781637717,12,12,False,False,False,,0.95,open_data
2014,2014-10-27,general,44-ward,councillor,7,,2014-councillor-7,Giorgio Mammoliti,Giorgio,Mammoliti,MAMMOLITI GIORGIO,c00853,1.0,6816,14793,0.4607584668424255,1,8,True,False,True,prior_winner,0.95,open_data
2014,2014-10-27,general,44-ward,councillor,7,,2014-councillor-7,Nizio Nick Di,Nizio Nick,Di,DI NIZIO NICK,c00664,1.0,5274,14793,0.3565199756641655,2,8,False,False,False,,0.95,open_data
2014,2014-10-27,general,44-ward,councillor,7,,2014-councillor-7,John Chambers,John,Chambers,CHAMBERS JOHN,c00412,1.0,827,14793,0.05590481984722504,3,8,False,False,False,,0.95,open_data
2014,2014-10-27,general,44-ward,councillor,7,,2014-councillor-7,Harp Brar,Harp,Brar,BRAR HARP,c00320,1.0,536,14793,0.03623335361319543,4,8,False,False,False,,0.95,open_data
2014,2014-10-27,general,44-ward,councillor,7,,2014-councillor-7,Donald Chris Mac,Donald Chris,Mac,MAC DONALD CHRIS,c00455,1.0,528,14793,0.035692557290610424,5,8,False,False,False,,0.95,open_data
2014,2014-10-27,general,44-ward,councillor,7,,2014-councillor-7,Keegan Henry-Mathieu,Keegan,Henry-Mathieu,HENRY-MATHIEU KEEGAN,c00923,1.0,471,14793,0.03183938349219225,6,8,False,False,False,,0.95,open_data
2014,2014-10-27,general,44-ward,councillor,7,,2014-councillor-7,Larry Perlman,Larry,Perlman,PERLMAN LARRY,c01156,1.0,202,14793,0.013655107145271413,7,8,False,False,False,,0.95,open_data
2014,2014-10-27,general,44-ward,councillor,7,,2014-councillor-7,Scott Aitchison,Scott,Aitchison,AITCHISON SCOTT,c00047,1.0,139,14793,0.009396336104914487,8,8,False,False,False,,0.95,open_data
2014,2014-10-27,general,44-ward,councillor,8,,2014-councillor-8,Anthony Perruzza,Anthony,Perruzza,PERRUZZA ANTHONY,c00146,1.0,8705,12244,0.7109604704344985,1,6,True,False,True,prior_winner,0.95,open_data
2014,2014-10-27,general,44-ward,councillor,8,,2014-councillor-8,Arthur Smitherman,Arthur,Smitherman,SMITHERMAN ARTHUR,c00175,1.0,1326,12244,0.10829794184906893,2,6,False,False,False,,0.95,open_data
2014,2014-10-27,general,44-ward,councillor,8,,2014-councillor-8,Suzanne Narain,Suzanne,Narain,NARAIN SUZANNE,c01314,1.0,852,12244,0.06958510290754655,3,6,False,False,False,,0.95,open_data
2014,2014-10-27,general,44-ward,councillor,8,,2014-councillor-8,Princess Boucher,Princess,Boucher,BOUCHER PRINCESS,c00309,1.0,524,12244,0.04279647174126103,4,6,False,False,False,,0.95,open_data
2014,2014-10-27,general,44-ward,councillor,8,,2014-councillor-8,Antonio Vescio,Antonio,Vescio,VESCIO ANTONIO,c00150,1.0,431,12244,0.03520091473374714,5,6,False,False,False,,0.95,open_data
2014,2014-10-27,general,44-ward,councillor,8,,2014-councillor-8,Thomas Barclay,Thomas,Barclay,BARCLAY THOMAS,c00227,1.0,406,12244,0.03315909833387782,6,6,False,False,False,,0.95,open_data
2014,2014-10-27,general,44-ward,councillor,9,,2014-councillor-9,Maria Augimeri,Maria,Augimeri,AUGIMERI MARIA,c00195,1.0,6373,14910,0.42743125419181754,1,6,True,False,True,prior_winner,0.95,open_data
2014,2014-10-27,general,44-ward,councillor,9,,2014-councillor-9,Gus Cusimano,Gus,Cusimano,CUSIMANO GUS,c00549,1.0,4230,14910,0.2837022132796781,2,6,False,False,False,,0.95,open_data
2014,2014-10-27,general,44-ward,councillor,9,,2014-councillor-9,Anthony Fernando,Anthony,Fernando,FERNANDO ANTHONY,c00143,1.0,3367,14910,0.22582159624413145,3,6,False,False,False,,0.95,open_data
2014,2014-10-27,general,44-ward,councillor,9,,2014-councillor-9,Danny Quattrociocchi,Danny,Quattrociocchi,QUATTROCIOCCHI DANNY,c00585,1.0,562,14910,0.037692823608316564,4,6,False,False,False,,0.95,open_data
2014,2014-10-27,general,44-ward,councillor,9,,2014-councillor-9,Ances Hercules,Ances,Hercules,HERCULES ANCES,c00107,1.0,248,14910,0.016633132126089873,5,6,False,False,False,,0.95,open_data
2014,2014-10-27,general,44-ward,councillor,9,,2014-councillor-9,Wilson Basantes,Wilson,Basantes,BASANTES WILSON,c00233,1.0,130,14910,0.008718980549966466,6,6,False,False,False,,0.95,open_data
2014,2014-10-27,general,44-ward,councillor,10,,2014-councillor-10,James Pasternak,James,Pasternak,PASTERNAK JAMES,c00970,1.0,11183,19353,0.5778432284400351,1,6,True,False,True,prior_winner,0.95,open_data
2014,2014-10-27,general,44-ward,councillor,10,,2014-councillor-10,Igor Toutchinski,Igor,Toutchinski,TOUTCHINSKI IGOR,c00949,1.0,3112,19353,0.16080194285123753,2,6,False,False,False,,0.95,open_data
2014,2014-10-27,general,44-ward,councillor,10,,2014-councillor-10,David Epstein,David,Epstein,EPSTEIN DAVID,c00595,1.0,2126,19353,0.10985376944143027,3,6,False,False,False,,0.95,open_data
2014,2014-10-27,general,44-ward,councillor,10,,2014-councillor-10,Michael Mitchell,Michael,Mitchell,MITCHELL MICHAEL,c01261,1.0,1096,19353,0.05663204671110422,4,6,False,False,False,,0.95,open_data
2014,2014-10-27,general,44-ward,councillor,10,,2014-councillor-10,Randy Bucao,Randy,Bucao,BUCAO RANDY,c00350,1.0,1040,19353,0.05373843848498941,5,6,False,False,False,,0.95,open_data
2014,2014-10-27,general,44-ward,councillor,10,,2014-councillor-10,Liberato Masucci,Liberato,Masucci,MASUCCI LIBERATO,c01182,1.0,796,19353,0.04113057407120343,6,6,False,False,False,,0.95,open_data
2014,2014-10-27,general,44-ward,councillor,11,,2014-councillor-11,Frances Nunziata,Frances,Nunziata,NUNZIATA FRANCES,c00785,1.0,13201,18506,0.7133362152815304,1,3,True,False,True,prior_winner,0.95,open_data
2014,2014-10-27,general,44-ward,councillor,11,,2014-councillor-11,Jose Garcia,Jose,Garcia,GARCIA JOSE,c00815,1.0,3212,18506,0.1735653301631903,2,3,False,False,False,,0.95,open_data
2014,2014-10-27,general,44-ward,councillor,11,,2014-councillor-11,Dory Chalhoub,Dory,Chalhoub,CHALHOUB DORY,c00410,1.0,2093,18506,0.11309845455527937,3,3,False,False,False,,0.95,open_data
2014,2014-10-27,general,44-ward,councillor,12,,2014-councillor-12,Giorgio Frank Di,Giorgio Frank,Di,DI GIORGIO FRANK,c00663,1.0,4784,16513,0.2897111366801914,1,4,True,False,True,prior_winner,0.95,open_data
2014,2014-10-27,general,44-ward,councillor,12,,2014-councillor-12,John Nunziata,John,Nunziata,NUNZIATA JOHN,c01027,1.0,4546,16513,0.27529824986374374,2,4,False,False,False,,0.95,open_data
2014,2014-10-27,general,44-ward,councillor,12,,2014-councillor-12,Nick Dominelli,Nick,Dominelli,DOMINELLI NICK,c00687,1.0,3742,16513,0.2266093380972567,3,4,False,False,False,,0.95,open_data
2014,2014-10-27,general,44-ward,councillor,12,,2014-councillor-12,Lekan Olawoye,Lekan,Olawoye,OLAWOYE LEKAN,c01172,1.0,3441,16513,0.2083812753588082,4,4,False,False,False,,0.95,open_data
2014,2014-10-27,general,44-ward,councillor,13,,2014-councillor-13,Sarah Doucette,Sarah,Doucette,DOUCETTE SARAH,c00693,1.0,16202,24691,0.656190514762464,1,12,True,False,True,prior_winner,0.95,open_data
2014,2014-10-27,general,44-ward,councillor,13,,2014-councillor-13,Nick Pavlov,Nick,Pavlov,PAVLOV NICK,c01328,1.0,2628,24691,0.10643554331537808,2,12,False,False,False,,0.95,open_data
2014,2014-10-27,general,44-ward,councillor,13,,2014-councillor-13,Eugene Melnyk,Eugene,Melnyk,MELNYK EUGENE,c00737,1.0,1202,24691,0.048681705884735325,3,12,False,False,False,,0.95,open_data
2014,2014-10-27,general,44-ward,councillor,13,,2014-councillor-13,Taras Kulish,Taras,Kulish,KULISH TARAS,c01139,1.0,1145,24691,0.04637317241099996,4,12,False,False,False,,0.95,open_data
2014,2014-10-27,general,44-ward,councillor,13,,2014-councillor-13,Thomas Dempsey,Thomas,Dempsey,DEMPSEY THOMAS,c00642,1.0,794,24691,0.032157466283261105,5,12,False,False,False,,0.95,open_data
2014,2014-10-27,general,44-ward,councillor,13,,2014-councillor-13,Matthew Bielaski,Matthew,Bielaski,BIELASKI MATTHEW,c00273,1.0,704,24691,0.028512413429994735,6,12,False,False,False,,0.95,open_data
2014,2014-10-27,general,44-ward,councillor,13,,2014-councillor-13,Alex Perez,Alex,Perez,PEREZ ALEX,c00072,1.0,679,24691,0.027499898748531853,7,12,False,False,False,,0.95,open_data
2014,2014-10-27,general,44-ward,councillor,13,,2014-councillor-13,Evan Tummillo,Evan,Tummillo,TUMMILLO EVAN,c00740,1.0,532,24691,0.02154631242153011,8,12,False,False,False,,0.95,open_data
2014,2014-10-27,general,44-ward,councillor,13,,2014-councillor-13,Rishi Sharma,Rishi,Sharma,SHARMA RISHI,c01400,1.0,457,24691,0.01850876837714147,9,12,False,False,False,,0.95,open_data
2014,2014-10-27,general,44-ward,councillor,13,,2014-councillor-13,Greg Lada,Greg,Lada,LADA GREG,c00883,1.0,183,24691,0.00741160746830829,10,12,False,False,False,,0.95,open_data
2014,2014-10-27,general,44-ward,councillor,13,,2014-councillor-13,István Tar,István,Tar,TAR ISTVÁN,c00955,1.0,110,24691,0.004455064598436678,11,12,False,False,False,,0.95,open_data
2014,2014-10-27,general,44-ward,councillor,13,,2014-councillor-13,Bohdan Spas,Bohdan,Spas,SPAS BOHDAN,c00294,1.0,55,24691,0.002227532299218339,12,12,False,False,False,,0.95,open_data
2014,2014-10-27,general,44-ward,councillor,14,,2014-councillor-14,Gord Perks,Gord,Perks,PERKS GORD,c00871,1.0,11630,21133,0.5503241376046941,1,6,True,False,True,prior_winner,0.95,open_data
2014,2014-10-27,general,44-ward,councillor,14,,2014-councillor-14,Charmain Emerson,Charmain,Emerson,EMERSON CHARMAIN,c00428,1.0,6811,21133,0.3222921497184498,2,6,False,False,False,,0.95,open_data
2014,2014-10-27,general,44-ward,councillor,14,,2014-councillor-14,Gus Koutoumanos,Gus,Koutoumanos,KOUTOUMANOS GUS,c00895,1.0,1107,21133,0.05238252969289736,3,6,False,False,False,,0.95,open_data
2014,2014-10-27,general,44-ward,councillor,14,,2014-councillor-14,Tim Kirby,Tim,Kirby,KIRBY TIM,c01123,1.0,968,21133,0.04580513888231676,4,6,False,False,False,,0.95,open_data
2014,2014-10-27,general,44-ward,councillor,14,,2014-councillor-14,Andreas Marouchos,Andreas,Marouchos,MAROUCHOS ANDREAS,c00117,1.0,363,21133,0.017176927080868782,5,6,False,False,False,,0.95,open_data
2014,2014-10-27,general,44-ward,councillor,14,,2014-councillor-14,Jimmy Talpa,Jimmy,Talpa,TALPA JIMMY,c01009,1.0,254,21133,0.012019117020773198,6,6,False,False,False,,0.95,open_data
2014,2014-10-27,general,44-ward,councillor,15,,2014-councillor-15,Josh Colle,Josh,Colle,COLLE JOSH,c00507,1.0,14733,19592,0.7519906084115966,1,5,True,False,True,prior_winner,0.95,open_data
2014,2014-10-27,general,44-ward,councillor,15,,2014-councillor-15,Chani Aryeh-Bain,Chani,Aryeh-Bain,ARYEH-BAIN CHANI,c00178,1.0,2410,19592,0.12300939158840343,2,5,False,False,False,,0.95,open_data
2014,2014-10-27,general,44-ward,councillor,15,,2014-councillor-15,Ahmed Belkadi,Ahmed,Belkadi,BELKADI AHMED,c00041,1.0,1382,19592,0.07053899550837077,3,5,False,False,False,,0.95,open_data
2014,2014-10-27,general,44-ward,councillor,15,,2014-councillor-15,Eduardo Harari,Eduardo,Harari,HARARI EDUARDO,c00716,1.0,645,19592,0.03292160065332789,4,5,False,False,False,,0.95,open_data
2014,2014-10-27,general,44-ward,councillor,15,,2014-councillor-15,Zandwijk James Van,Zandwijk James,Van,VAN ZANDWIJK JAMES,c00974,1.0,422,19592,0.021539403838301347,5,5,False,False,False,,0.95,open_data
2014,2014-10-27,general,44-ward,councillor,16,,2014-councillor-16,Greb Christin Carmichael,Greb Christin,Carmichael,CARMICHAEL GREB CHRISTIN,c00387,1.0,3949,22723,0.17378867227038683,1,16,True,False,False,,0.95,open_data
2014,2014-10-27,general,44-ward,councillor,16,,2014-councillor-16,Adam Tanel,Adam,Tanel,TANEL ADAM,c00027,1.0,3680,22723,0.1619504466839766,2,16,False,False,False,,0.95,open_data
2014,2014-10-27,general,44-ward,councillor,16,,2014-councillor-16,Dyanoosh Youssefi,Dyanoosh,Youssefi,YOUSSEFI DYANOOSH,c00707,1.0,3145,22723,0.1384060203318224,3,16,False,False,False,,0.95,open_data
2014,2014-10-27,general,44-ward,councillor,16,,2014-councillor-16,Jean-Pierre Boutros,Jean-Pierre,Boutros,BOUTROS JEAN-PIERRE,c00310,1.0,2428,22723,0.1068520881925802,4,16,False,False,False,,0.95,open_data
2014,2014-10-27,general,44-ward,councillor,16,,2014-councillor-16,Terry Mills,Terry,Mills,MILLS TERRY,c01284,1.0,1763,22723,0.07758658627822031,5,16,False,False,False,,0.95,open_data
2014,2014-10-27,general,44-ward,councillor,16,,2014-councillor-16,Steven Levitan,Steven,Levitan,LEVITAN STEVEN,c01179,1.0,1723,22723,0.07582625533600316,6,16,False,False,False,,0.95,open_data
2014,2014-10-27,general,44-ward,councillor,16,,2014-councillor-16,Michael Coll,Michael,Coll,COLL MICHAEL,c00506,1.0,1609,22723,0.07080931215068433,7,16,False,False,False,,0.95,open_data
2014,2014-10-27,general,44-ward,councillor,16,,2014-councillor-16,Sean Conacher,Sean,Conacher,CONACHER SEAN,c00515,1.0,1309,22723,0.0576068300840558,8,16,False,False,False,,0.95,open_data
2014,2014-10-27,general,44-ward,councillor,16,,2014-councillor-16,Elana Metter,Elana,Metter,METTER ELANA,c00720,1.0,1245,22723,0.05479030057650838,9,16,False,False,False,,0.95,open_data
2014,2014-10-27,general,44-ward,councillor,16,,2014-councillor-16,Gary Heaney,Gary,Heaney,HEANEY GARY,c00820,1.0,626,22723,0.02754917924569819,10,16,False,False,False,,0.95,open_data
2014,2014-10-27,general,44-ward,councillor,16,,2014-councillor-16,Charm Darby,Charm,Darby,DARBY CHARM,c00427,1.0,578,22723,0.025436782115037627,11,16,False,False,False,,0.95,open_data
2014,2014-10-27,general,44-ward,councillor,16,,2014-councillor-16,Bob Williams,Bob,Williams,WILLIAMS BOB,c00291,1.0,287,22723,0.012630374510407957,12,16,False,False,False,,0.95,open_data
2014,2014-10-27,general,44-ward,councillor,16,,2014-councillor-16,John Cannella,John,Cannella,CANNELLA JOHN,c00376,1.0,121,22723,0.005325001100206839,13,16,False,False,False,,0.95,open_data
2014,2014-10-27,general,44-ward,councillor,16,,2014-councillor-16,Thomas Gallezot,Thomas,Gallezot,GALLEZOT THOMAS,c00808,1.0,97,22723,0.004268802534876557,14,16,False,False,False,,0.95,open_data
2014,2014-10-27,general,44-ward,councillor,16,,2014-councillor-16,Paul Spence,Paul,Spence,SPENCE PAUL,c01353,1.0,93,22723,0.004092769440654843,15,16,False,False,False,,0.95,open_data
2014,2014-10-27,general,44-ward,councillor,16,,2014-councillor-16,Peter Vukosavljev,Peter,Vukosavljev,VUKOSAVLJEV PETER,c01359,1.0,70,22723,0.0030805791488799895,16,16,False,False,False,,0.95,open_data
2014,2014-10-27,general,44-ward,councillor,17,,2014-councillor-17,Cesar Palacio,Cesar,Palacio,PALACIO CESAR,c00407,1.0,8293,17935,0.46239197100641205,1,4,True,False,True,prior_winner,0.95,open_data
2014,2014-10-27,general,44-ward,councillor,17,,2014-councillor-17,Alejandra Bravo,Alejandra,Bravo,BRAVO ALEJANDRA,c00065,1.0,7840,17935,0.43713409534429887,2,4,False,False,False,,0.95,open_data
2014,2014-10-27,general,44-ward,councillor,17,,2014-councillor-17,Saeed Selvam,Saeed,Selvam,SELVAM SAEED,c01427,1.0,1404,17935,0.07828268748257597,3,4,False,False,False,,0.95,open_data
2014,2014-10-27,general,44-ward,councillor,17,,2014-councillor-17,George Stevens,George,Stevens,STEVENS GEORGE,c00842,1.0,398,17935,0.02219124616671313,4,4,False,False,False,,0.95,open_data
2014,2014-10-27,general,44-ward,councillor,18,,2014-councillor-18,Ana Bailão,Ana,Bailão,BAILÃO ANA,c00105,1.0,8797,19207,0.4580101004841985,1,12,True,False,True,prior_winner,0.95,open_data
2014,2014-10-27,general,44-ward,councillor,18,,2014-councillor-18,Alex Mazer,Alex,Mazer,MAZER ALEX,c00070,1.0,7992,19207,0.4160982974957047,2,12,False,False,False,,0.95,open_data
2014,2014-10-27,general,44-ward,councillor,18,,2014-councillor-18,Mohammed Uddin,Mohammed,Uddin,UDDIN MOHAMMED,c01295,1.0,540,19207,0.028114749830790858,3,12,False,False,False,,0.95,open_data
2014,2014-10-27,general,44-ward,councillor,18,,2014-councillor-18,Jolene Hunt,Jolene,Hunt,HUNT JOLENE,c00941,1.0,358,19207,0.01863903785078357,4,12,False,False,False,,0.95,open_data
2014,2014-10-27,general,44-ward,councillor,18,,2014-councillor-18,Paul Alves,Paul,Alves,ALVES PAUL,c00093,1.0,274,19207,0.014265632321549435,5,12,False,False,False,,0.95,open_data
2014,2014-10-27,general,44-ward,councillor,18,,2014-councillor-18,Elsa Romao,Elsa,Romao,ROMAO ELSA,c00725,1.0,270,19207,0.014057374915395429,6,12,False,False,False,,0.95,open_data
2014,2014-10-27,general,44-ward,councillor,18,,2014-councillor-18,Jim Mcmillan,Jim,Mcmillan,MCMILLAN JIM,c01004,1.0,213,19207,0.011089706877700839,7,12,False,False,False,,0.95,open_data
2014,2014-10-27,general,44-ward,councillor,18,,2014-councillor-18,Derek Power,Derek,Power,POWER DEREK,c00648,1.0,198,19207,0.010308741604623315,8,12,False,False,False,,0.95,open_data
2014,2014-10-27,general,44-ward,councillor,18,,2014-councillor-18,Bobby Beckett,Bobby,Beckett,BECKETT BOBBY,c00242,1.0,182,19207,0.009475711980007288,9,12,False,False,False,,0.95,open_data
2014,2014-10-27,general,44-ward,councillor,18,,2014-councillor-18,Joseph Ferrari,Joseph,Ferrari,FERRARI JOSEPH,c00760,1.0,176,19207,0.00916332587077628,10,12,False,False,False,,0.95,open_data
2014,2014-10-27,general,44-ward,councillor,18,,2014-councillor-18,Robert Rodrigues,Robert,Rodrigues,RODRIGUES ROBERT,c01404,1.0,131,19207,0.006820430051543708,11,12,False,False,False,,0.95,open_data
2014,2014-10-27,general,44-ward,councillor,18,,2014-councillor-18,Dennis Pavao,Dennis,Pavao,PAVAO DENNIS,c00645,1.0,76,19207,0.00395689071692612,12,12,False,False,False,,0.95,open_data
2014,2014-10-27,general,44-ward,councillor,19,,2014-councillor-19,Mike Layton,Mike,Layton,LAYTON MIKE,c01162,1.0,21014,25117,0.8366445037225784,1,4,True,False,True,prior_winner,0.95,open_data
2014,2014-10-27,general,44-ward,councillor,19,,2014-councillor-19,Scott Bowman,Scott,Bowman,BOWMAN SCOTT,c00312,1.0,2490,25117,0.09913604331727516,2,4,False,False,False,,0.95,open_data
2014,2014-10-27,general,44-ward,councillor,19,,2014-councillor-19,Albina Burello,Albina,Burello,BURELLO ALBINA,c00064,1.0,964,25117,0.038380379822431025,3,4,False,False,False,,0.95,open_data
2014,2014-10-27,general,44-ward,councillor,19,,2014-councillor-19,George Sawision,George,Sawision,SAWISION GEORGE,c00839,1.0,649,25117,0.025839073137715492,4,4,False,False,False,,0.95,open_data
2014,2014-10-27,general,44-ward,councillor,20,,2014-councillor-20,Joe Cressy,Joe,Cressy,CRESSY JOE,c00538,1.0,12466,29709,0.41960348715877344,1,22,True,False,False,,0.95,open_data
2014,2014-10-27,general,44-ward,councillor,20,,2014-councillor-20,Terri Chu,Terri,Chu,CHU TERRI,c00480,1.0,3693,29709,0.12430576592951631,2,22,False,False,False,,0.95,open_data
2014,2014-10-27,general,44-ward,councillor,20,,2014-councillor-20,Sarah Thomson,Sarah,Thomson,THOMSON SARAH,c01435,1.0,2808,29709,0.09451681308694335,3,22,False,False,False,,0.95,open_data
2014,2014-10-27,general,44-ward,councillor,20,,2014-councillor-20,Mike Yen,Mike,Yen,YEN MIKE,c01281,1.0,1431,29709,0.048167222053923056,4,22,False,False,False,,0.95,open_data
2014,2014-10-27,general,44-ward,councillor,20,,2014-councillor-20,Philip Morrison,Philip,Morrison,MORRISON PHILIP,c01302,1.0,1407,29709,0.04735938604463294,5,22,False,False,False,,0.95,open_data
2014,2014-10-27,general,44-ward,councillor,20,,2014-councillor-20,Anshul Kapoor,Anshul,Kapoor,KAPOOR ANSHUL,c00140,1.0,1063,29709,0.03578040324480797,6,22,False,False,False,,0.95,open_data
2014,2014-10-27,general,44-ward,councillor,20,,2014-councillor-20,Charles Macdonald,Charles,Macdonald,MACDONALD CHARLES,c00423,1.0,972,29709,0.032717358376249624,7,22,False,False,False,,0.95,open_data
2014,2014-10-27,general,44-ward,councillor,20,,2014-councillor-20,Albert Koehl,Albert,Koehl,KOEHL ALBERT,c00061,1.0,853,29709,0.028711838163519472,8,22,False,False,False,,0.95,open_data
2014,2014-10-27,general,44-ward,councillor,20,,2014-councillor-20,Tonny Louie,Tonny,Louie,LOUIE TONNY,c01195,1.0,740,29709,0.024908276953111853,9,22,False,False,False,,0.95,open_data
2014,2014-10-27,general,44-ward,councillor,20,,2014-councillor-20,Daryl Christoff,Daryl,Christoff,CHRISTOFF DARYL,c00473,1.0,705,29709,0.023730182772897103,10,22,False,False,False,,0.95,open_data
2014,2014-10-27,general,44-ward,councillor,20,,2014-councillor-20,Mike Andreae,Mike,Andreae,ANDREAE MIKE,c00115,1.0,590,29709,0.01985930189504864,11,22,False,False,False,,0.95,open_data
2014,2014-10-27,general,44-ward,councillor,20,,2014-councillor-20,Sam Goldstein,Sam,Goldstein,GOLDSTEIN SAM,c00866,1.0,519,29709,0.017469453700898717,12,22,False,False,False,,0.95,open_data
2014,2014-10-27,general,44-ward,councillor,20,,2014-councillor-20,Nick Wright,Nick,Wright,WRIGHT NICK,c01330,1.0,395,29709,0.01329563431956646,13,22,False,False,False,,0.95,open_data
2014,2014-10-27,general,44-ward,councillor,20,,2014-councillor-20,Stephanie Carty-Kegel,Stephanie,Carty-Kegel,CARTY-KEGEL STEPHANIE,c00399,1.0,376,29709,0.012656097478878454,14,22,False,False,False,,0.95,open_data
2014,2014-10-27,general,44-ward,councillor,20,,2014-councillor-20,Sam Novak,Sam,Novak,NOVAK SAM,c01336,1.0,376,29709,0.012656097478878454,14,22,False,False,False,,0.95,open_data
2014,2014-10-27,general,44-ward,councillor,20,,2014-councillor-20,Graham Hollings,Graham,Hollings,HOLLINGS GRAHAM,c00878,1.0,307,29709,0.010333568952169376,16,22,False,False,False,,0.95,open_data
2014,2014-10-27,general,44-ward,councillor,20,,2014-councillor-20,Stella Kargiannakis,Stella,Kargiannakis,KARGIANNAKIS STELLA,c01082,1.0,286,29709,0.009626712444040526,17,22,False,False,False,,0.95,open_data
2014,2014-10-27,general,44-ward,councillor,20,,2014-councillor-20,Leanne Hicks,Leanne,Hicks,HICKS LEANNE,c00924,1.0,212,29709,0.007135884748729341,18,22,False,False,False,,0.95,open_data
2014,2014-10-27,general,44-ward,councillor,20,,2014-councillor-20,Susan Tsai,Susan,Tsai,TSAI SUSAN,c01468,1.0,194,29709,0.006530007741761755,19,22,False,False,False,,0.95,open_data
2014,2014-10-27,general,44-ward,councillor,20,,2014-councillor-20,Michael Monaghan,Michael,Monaghan,MONAGHAN MICHAEL,c01262,1.0,128,29709,0.004308458716213942,20,22,False,False,False,,0.95,open_data
2014,2014-10-27,general,44-ward,councillor,20,,2014-councillor-20,Kat Shermack,Kat,Shermack,SHERMACK KAT,c01084,1.0,102,29709,0.003433303039482985,21,22,False,False,False,,0.95,open_data
2014,2014-10-27,general,44-ward,councillor,20,,2014-councillor-20,Akeem Fasasi,Akeem,Fasasi,FASASI AKEEM,c00048,1.0,86,29709,0.002894745699956242,22,22,False,False,False,,0.95,open_data
2014,2014-10-27,general,44-ward,councillor,21,,2014-councillor-21,Joe Mihevc,Joe,Mihevc,MIHEVC JOE,c01014,1.0,15745,20462,0.7694751246212491,1,4,True,False,True,prior_winner,0.95,open_data
2014,2014-10-27,general,44-ward,councillor,21,,2014-councillor-21,Ted Bustamante,Ted,Bustamante,BUSTAMANTE TED,c00361,1.0,1766,20462,0.08630632391750562,2,4,False,False,False,,0.95,open_data
2014,2014-10-27,general,44-ward,councillor,21,,2014-councillor-21,Cos Licursi,Cos,Licursi,LICURSI COS,c00530,1.0,1728,20462,0.08444922294985828,3,4,False,False,False,,0.95,open_data
2014,2014-10-27,general,44-ward,councillor,21,,2014-councillor-21,Rosina Bonavota,Rosina,Bonavota,BONAVOTA ROSINA,c00296,1.0,1223,20462,0.059769328511386964,4,4,False,False,False,,0.95,open_data
2014,2014-10-27,general,44-ward,councillor,22,,2014-councillor-22,Josh Matlow,Josh,Matlow,MATLOW JOSH,c01063,1.0,24347,28259,0.8615662266888425,1,4,True,False,True,prior_winner,0.95,open_data
2014,2014-10-27,general,44-ward,councillor,22,,2014-councillor-22,Bob Murphy,Bob,Murphy,MURPHY BOB,c00288,1.0,1586,28259,0.05612371279946212,2,4,False,False,False,,0.95,open_data
2014,2014-10-27,general,44-ward,councillor,22,,2014-councillor-22,James O'Shaughnessy,James,O'Shaughnessy,O'SHAUGHNESSY JAMES,c00969,1.0,1526,28259,0.054000495417389154,3,4,False,False,False,,0.95,open_data
2014,2014-10-27,general,44-ward,councillor,22,,2014-councillor-22,Sarfraz Khan,Sarfraz,Khan,KHAN SARFRAZ,c01109,1.0,800,28259,0.028309565094306238,4,4,False,False,False,,0.95,open_data
2014,2014-10-27,general,44-ward,councillor,23,,2014-councillor-23,John Filion,John,Filion,FILION JOHN,c00766,1.0,14128,25459,0.5549314584233473,1,6,True,False,True,prior_winner,0.95,open_data
2014,2014-10-27,general,44-ward,councillor,23,,2014-councillor-23,David Mousavi,David,Mousavi,MOUSAVI DAVID,c00608,1.0,7951,25459,0.3123060607250874,2,6,False,False,False,,0.95,open_data
2014,2014-10-27,general,44-ward,councillor,23,,2014-councillor-23,Kun-Won Park,Kun-Won,Park,PARK KUN-WON,c01142,1.0,2049,25459,0.08048234416120036,3,6,False,False,False,,0.95,open_data
2014,2014-10-27,general,44-ward,councillor,23,,2014-councillor-23,Chris Penny,Chris,Penny,PENNY CHRIS,c00461,1.0,593,25459,0.023292352409756863,4,6,False,False,False,,0.95,open_data
2014,2014-10-27,general,44-ward,councillor,23,,2014-councillor-23,Scott Werle,Scott,Werle,WERLE SCOTT,c01440,1.0,380,25459,0.014925959385678934,5,6,False,False,False,,0.95,open_data
2014,2014-10-27,general,44-ward,councillor,23,,2014-councillor-23,Carmen Kedzior,Carmen,Kedzior,KEDZIOR CARMEN,c00385,1.0,358,25459,0.014061824894929102,6,6,False,False,False,,0.95,open_data
2014,2014-10-27,general,44-ward,councillor,24,,2014-councillor-24,David Shiner,David,Shiner,SHINER DAVID,c00617,1.0,10716,19423,0.5517170365031149,1,5,True,False,True,prior_winner,0.95,open_data
2014,2014-10-27,general,44-ward,councillor,24,,2014-councillor-24,Dan Fox,Dan,Fox,FOX DAN,c00566,1.0,5649,19423,0.2908407558049735,2,5,False,False,False,,0.95,open_data
2014,2014-10-27,general,44-ward,councillor,24,,2014-councillor-24,Randy Ai,Randy,Ai,AI RANDY,c00045,1.0,1299,19423,0.06687947278999125,3,5,False,False,False,,0.95,open_data
2014,2014-10-27,general,44-ward,councillor,24,,2014-councillor-24,Michael Galea,Michael,Galea,GALEA MICHAEL,c00805,1.0,1098,19423,0.05653091695412655,4,5,False,False,False,,0.95,open_data
2014,2014-10-27,general,44-ward,councillor,24,,2014-councillor-24,Daniela Acerra,Daniela,Acerra,ACERRA DANIELA,c00016,1.0,661,19423,0.03403181794779385,5,5,False,False,False,,0.95,open_data
2014,2014-10-27,general,44-ward,councillor,25,,2014-councillor-25,Jaye Robinson,Jaye,Robinson,ROBINSON JAYE,c00986,1.0,19066,22905,0.832394673652041,1,5,True,False,True,prior_winner,0.95,open_data
2014,2014-10-27,general,44-ward,councillor,25,,2014-councillor-25,Richard Friedman,Richard,Friedman,FRIEDMAN RICHARD,c00800,1.0,1891,22905,0.08255839336389435,2,5,False,False,False,,0.95,open_data
2014,2014-10-27,general,44-ward,councillor,25,,2014-councillor-25,Tanya Hostler,Tanya,Hostler,HOSTLER TANYA,c00934,1.0,850,22905,0.03710980135341629,3,5,False,False,False,,0.95,open_data
2014,2014-10-27,general,44-ward,councillor,25,,2014-councillor-25,Kim Diep,Kim,Diep,DIEP KIM,c00677,1.0,564,22905,0.024623444662737394,4,5,False,False,False,,0.95,open_data
2014,2014-10-27,general,44-ward,councillor,25,,2014-councillor-25,Nikola Streker,Nikola,Streker,STREKER NIKOLA,c01334,1.0,534,22905,0.023313686967910936,5,5,False,False,False,,0.95,open_data
2014,2014-10-27,general,44-ward,councillor,26,,2014-councillor-26,Jon Burnside,Jon,Burnside,BURNSIDE JON,c00359,1.0,9415,22034,0.4272941817191613,1,6,True,False,False,,0.95,open_data
2014,2014-10-27,general,44-ward,councillor,26,,2014-councillor-26,John Parker,John,Parker,PARKER JOHN,c01029,1.0,6167,22034,0.2798856312970863,2,6,False,False,True,prior_winner,0.95,open_data
2014,2014-10-27,general,44-ward,councillor,26,,2014-councillor-26,Ishrath Velshi,Ishrath,Velshi,VELSHI ISHRATH,c00953,1.0,3055,22034,0.13864936007987655,3,6,False,False,False,,0.95,open_data
2014,2014-10-27,general,44-ward,councillor,26,,2014-councillor-26,David Sparrow,David,Sparrow,SPARROW DAVID,c00619,1.0,1786,22034,0.08105654896977399,4,6,False,False,False,,0.95,open_data
2014,2014-10-27,general,44-ward,councillor,26,,2014-councillor-26,Wasim Vania,Wasim,Vania,VANIA WASIM,c01474,1.0,1033,22034,0.04688209131342471,5,6,False,False,False,,0.95,open_data
2014,2014-10-27,general,44-ward,councillor,26,,2014-councillor-26,Dimitre Popov,Dimitre,Popov,POPOV DIMITRE,c00679,1.0,578,22034,0.026232186620677136,6,6,False,False,False,,0.95,open_data
2014,2014-10-27,general,44-ward,councillor,27,,2014-councillor-27,Kristyn Wong-Tam,Kristyn,Wong-Tam,WONG-TAM KRISTYN,c01136,1.0,19682,31495,0.6249245912049531,1,10,True,False,True,prior_winner,0.95,open_data
2014,2014-10-27,general,44-ward,councillor,27,,2014-councillor-27,Megan Mciver,Megan,Mciver,MCIVER MEGAN,c01253,1.0,5340,31495,0.16955072233687887,2,10,False,False,False,,0.95,open_data
2014,2014-10-27,general,44-ward,councillor,27,,2014-councillor-27,Benjamin Dichter,Benjamin,Dichter,DICHTER BENJAMIN,c00249,1.0,1528,31495,0.048515637402762345,3,10,False,False,False,,0.95,open_data
2014,2014-10-27,general,44-ward,councillor,27,,2014-councillor-27,Jordan Stone,Jordan,Stone,STONE JORDAN,c01050,1.0,1270,31495,0.0403238609303064,4,10,False,False,False,,0.95,open_data
2014,2014-10-27,general,44-ward,councillor,27,,2014-councillor-27,David Byford,David,Byford,BYFORD DAVID,c00363,1.0,839,31495,0.026639149071281155,5,10,False,False,False,,0.95,open_data
2014,2014-10-27,general,44-ward,councillor,27,,2014-councillor-27,Susan Humfryes,Susan,Humfryes,HUMFRYES SUSAN,c00940,1.0,794,31495,0.025210350849341166,6,10,False,False,False,,0.95,open_data
2014,2014-10-27,general,44-ward,councillor,27,,2014-councillor-27,Robin Lawrance,Robin,Lawrance,LAWRANCE ROBIN,c01159,1.0,704,31495,0.022352754405461184,7,10,False,False,False,,0.95,open_data
2014,2014-10-27,general,44-ward,councillor,27,,2014-councillor-27,Kamal Ahmed,Kamal,Ahmed,AHMED KAMAL,c00042,1.0,609,31495,0.01933640260358787,8,10,False,False,False,,0.95,open_data
2014,2014-10-27,general,44-ward,councillor,27,,2014-councillor-27,Alain Damours,Alain,Damours,DAMOURS ALAIN,c00051,1.0,378,31495,0.01200190506429592,9,10,False,False,False,,0.95,open_data
2014,2014-10-27,general,44-ward,councillor,27,,2014-councillor-27,Rob Wolvin,Rob,Wolvin,WOLVIN ROB,c01403,1.0,351,31495,0.011144626131131926,10,10,False,False,False,,0.95,open_data
2014,2014-10-27,general,44-ward,councillor,28,,2014-councillor-28,Pam Mcconnell,Pam,Mcconnell,MCCONNELL PAM,c01249,1.0,14047,25173,0.5580185118976682,1,14,True,False,True,prior_winner,0.95,open_data
2014,2014-10-27,general,44-ward,councillor,28,,2014-councillor-28,David Blackmore,David,Blackmore,BLACKMORE DAVID,c00281,1.0,2852,25173,0.11329599173717872,2,14,False,False,False,,0.95,open_data
2014,2014-10-27,general,44-ward,councillor,28,,2014-councillor-28,Jonathan Hughes,Jonathan,Hughes,HUGHES JONATHAN,c00939,1.0,2416,25173,0.09597584713780638,3,14,False,False,False,,0.95,open_data
2014,2014-10-27,general,44-ward,councillor,28,,2014-councillor-28,Andy Melnyk,Andy,Melnyk,MELNYK ANDY,c00129,1.0,1964,25173,0.07802010090175983,4,14,False,False,False,,0.95,open_data
2014,2014-10-27,general,44-ward,councillor,28,,2014-councillor-28,Daniel Patel,Daniel,Patel,PATEL DANIEL,c00576,1.0,965,25173,0.03833472371191356,5,14,False,False,False,,0.95,open_data
2014,2014-10-27,general,44-ward,councillor,28,,2014-councillor-28,Mohammed Sheikh,Mohammed,Sheikh,SHEIKH MOHAMMED,c01294,1.0,779,25173,0.030945854685575817,6,14,False,False,False,,0.95,open_data
2014,2014-10-27,general,44-ward,councillor,28,,2014-councillor-28,Miguel Avila,Miguel,Avila,AVILA MIGUEL,c00198,1.0,456,25173,0.018114646645215112,7,14,False,False,False,,0.95,open_data
2014,2014-10-27,general,44-ward,councillor,28,,2014-councillor-28,Adam Pham,Adam,Pham,PHAM ADAM,c00024,1.0,447,25173,0.017757120724585865,8,14,False,False,False,,0.95,open_data
2014,2014-10-27,general,44-ward,councillor,28,,2014-councillor-28,Christopher Brosky,Christopher,Brosky,BROSKY CHRISTOPHER,c00336,1.0,349,25173,0.013864060699956302,9,14,False,False,False,,0.95,open_data
2014,2014-10-27,general,44-ward,councillor,28,,2014-councillor-28,Sean Yilmaz,Sean,Yilmaz,YILMAZ SEAN,c01442,1.0,307,25173,0.01219560640368649,10,14,False,False,False,,0.95,open_data
2014,2014-10-27,general,44-ward,councillor,28,,2014-councillor-28,Raj Rama,Raj,Rama,RAMA RAJ,c01379,1.0,246,25173,0.009772375163866047,11,14,False,False,False,,0.95,open_data
2014,2014-10-27,general,44-ward,councillor,28,,2014-councillor-28,Michael Loomans,Michael,Loomans,LOOMANS MICHAEL,c01191,1.0,169,25173,0.00671354228737139,12,14,False,False,False,,0.95,open_data
2014,2014-10-27,general,44-ward,councillor,28,,2014-councillor-28,Gerald Derome,Gerald,Derome,DEROME GERALD,c00649,1.0,125,25173,0.0049656377865173,13,14,False,False,False,,0.95,open_data
2014,2014-10-27,general,44-ward,councillor,28,,2014-councillor-28,Sammy Shaltout,Sammy,Shaltout,SHALTOUT SAMMY,c01432,1.0,51,25173,0.0020259802168990583,14,14,False,False,False,,0.95,open_data
2014,2014-10-27,general,44-ward,councillor,29,,2014-councillor-29,Mary Fragedakis,Mary,Fragedakis,FRAGEDAKIS MARY,c00784,1.0,11904,20059,0.5934493244927463,1,6,True,False,True,prior_winner,0.95,open_data
2014,2014-10-27,general,44-ward,councillor,29,,2014-councillor-29,Dave Andre,Dave,Andre,ANDRE DAVE,c00112,1.0,4950,20059,0.2467720225335261,2,6,False,False,False,,0.95,open_data
2014,2014-10-27,general,44-ward,councillor,29,,2014-councillor-29,John Papadakis,John,Papadakis,PAPADAKIS JOHN,c01028,1.0,2000,20059,0.09970586769031357,3,6,False,False,False,,0.95,open_data
2014,2014-10-27,general,44-ward,councillor,29,,2014-councillor-29,Ricardo Francis,Ricardo,Francis,FRANCIS RICARDO,c00788,1.0,528,20059,0.026322349070242782,4,6,False,False,False,,0.95,open_data
2014,2014-10-27,general,44-ward,councillor,29,,2014-councillor-29,Jimmy Vlachos,Jimmy,Vlachos,VLACHOS JIMMY,c01010,1.0,428,20059,0.021337055685727104,5,6,False,False,False,,0.95,open_data
2014,2014-10-27,general,44-ward,councillor,29,,2014-councillor-29,Hank Martyn,Hank,Martyn,MARTYN HANK,c00905,1.0,249,20059,0.01241338052744404,6,6,False,False,False,,0.95,open_data
2014,2014-10-27,general,44-ward,councillor,30,,2014-councillor-30,Paula Fletcher,Paula,Fletcher,FLETCHER PAULA,c00768,1.0,11924,24025,0.49631633714880335,1,6,True,False,True,prior_winner,0.95,open_data
2014,2014-10-27,general,44-ward,councillor,30,,2014-councillor-30,Liz West,Liz,West,WEST LIZ,c01188,1.0,6644,24025,0.2765452653485952,2,6,False,False,False,,0.95,open_data
2014,2014-10-27,general,44-ward,councillor,30,,2014-councillor-30,Jane Farrow,Jane,Farrow,FARROW JANE,c00748,1.0,4815,24025,0.2004162330905307,3,6,False,False,False,,0.95,open_data
2014,2014-10-27,general,44-ward,councillor,30,,2014-councillor-30,Mark Borden,Mark,Borden,BORDEN MARK,c00303,1.0,302,24025,0.012570239334027055,4,6,False,False,False,,0.95,open_data
2014,2014-10-27,general,44-ward,councillor,30,,2014-councillor-30,Francis Russell,Francis,Russell,RUSSELL FRANCIS,c00789,1.0,206,24025,0.008574401664932361,5,6,False,False,False,,0.95,open_data
2014,2014-10-27,general,44-ward,councillor,30,,2014-councillor-30,Daniel Trayes,Daniel,Trayes,TRAYES DANIEL,c00579,1.0,134,24025,0.005577523413111342,6,6,False,False,False,,0.95,open_data
2014,2014-10-27,general,44-ward,councillor,31,,2014-councillor-31,Janet Davis,Janet,Davis,DAVIS JANET,c00625,1.0,12697,20546,0.6179791686946364,1,9,True,False,True,prior_winner,0.95,open_data
2014,2014-10-27,general,44-ward,councillor,31,,2014-councillor-31,George Papadakis,George,Papadakis,PAPADAKIS GEORGE,c00836,1.0,3023,20546,0.14713326194879783,2,9,False,False,False,,0.95,open_data
2014,2014-10-27,general,44-ward,councillor,31,,2014-councillor-31,Russell Rahman,Russell,Rahman,RAHMAN RUSSELL,c01378,1.0,1652,20546,0.08040494500146014,3,9,False,False,False,,0.95,open_data
2014,2014-10-27,general,44-ward,councillor,31,,2014-councillor-31,Brenda Macdonald,Brenda,Macdonald,MACDONALD BRENDA,c00324,1.0,1291,20546,0.06283461501022097,4,9,False,False,False,,0.95,open_data
2014,2014-10-27,general,44-ward,councillor,31,,2014-councillor-31,Janet Sherbanowski,Janet,Sherbanowski,SHERBANOWSKI JANET,c00980,1.0,858,20546,0.04175995327557675,5,9,False,False,False,,0.95,open_data
2014,2014-10-27,general,44-ward,councillor,31,,2014-councillor-31,Mark Turnbull,Mark,Turnbull,TURNBULL MARK,c01233,1.0,462,20546,0.022486128686849023,6,9,False,False,False,,0.95,open_data
2014,2014-10-27,general,44-ward,councillor,31,,2014-councillor-31,Bob Smith,Bob,Smith,SMITH BOB,c00290,1.0,256,20546,0.012459846198773484,7,9,False,False,False,,0.95,open_data
2014,2014-10-27,general,44-ward,councillor,31,,2014-councillor-31,Michael Sokovnin,Michael,Sokovnin,SOKOVNIN MICHAEL,c01266,1.0,174,20546,0.008468801713228852,8,9,False,False,False,,0.95,open_data
2014,2014-10-27,general,44-ward,councillor,31,,2014-councillor-31,Stephen Prince,Stephen,Prince,PRINCE STEPHEN,c01373,1.0,133,20546,0.006473279470456537,9,9,False,False,False,,0.95,open_data
2014,2014-10-27,general,44-ward,councillor,32,,2014-councillor-32,Mary-Margaret Mcmahon,Mary-Margaret,Mcmahon,MCMAHON MARY-MARGARET,c01237,1.0,15762,25875,0.609159420289855,1,12,True,False,True,prior_winner,0.95,open_data
2014,2014-10-27,general,44-ward,councillor,32,,2014-councillor-32,Sandra Bussin,Sandra,Bussin,BUSSIN SANDRA,c00360,1.0,4552,25875,0.17592270531400966,2,12,False,False,False,,0.95,open_data
2014,2014-10-27,general,44-ward,councillor,32,,2014-councillor-32,Brian Graff,Brian,Graff,GRAFF BRIAN,c00329,1.0,1922,25875,0.07428019323671498,3,12,False,False,False,,0.95,open_data
2014,2014-10-27,general,44-ward,councillor,32,,2014-councillor-32,James Sears,James,Sears,SEARS JAMES,c00972,1.0,797,25875,0.03080193236714976,4,12,False,False,False,,0.95,open_data
2014,2014-10-27,general,44-ward,councillor,32,,2014-councillor-32,Boer Eric De,Boer Eric,De,DE BOER ERIC,c00293,1.0,677,25875,0.02616425120772947,5,12,False,False,False,,0.95,open_data
2014,2014-10-27,general,44-ward,councillor,32,,2014-councillor-32,Carmel Suttor,Carmel,Suttor,SUTTOR CARMEL,c00384,1.0,464,25875,0.017932367149758453,6,12,False,False,False,,0.95,open_data
2014,2014-10-27,general,44-ward,councillor,32,,2014-councillor-32,Alan Burke,Alan,Burke,BURKE ALAN,c00054,1.0,404,25875,0.01561352657004831,7,12,False,False,False,,0.95,open_data
2014,2014-10-27,general,44-ward,councillor,32,,2014-councillor-32,Maria Garcia,Maria,Garcia,GARCIA MARIA,c00816,1.0,402,25875,0.01553623188405797,8,12,False,False,False,,0.95,open_data
2014,2014-10-27,general,44-ward,councillor,32,,2014-councillor-32,Michael Connor,Michael,Connor,CONNOR MICHAEL,c00518,1.0,334,25875,0.012908212560386474,9,12,False,False,False,,0.95,open_data
2014,2014-10-27,general,44-ward,councillor,32,,2014-councillor-32,Sean Dawson,Sean,Dawson,DAWSON SEAN,c00627,1.0,241,25875,0.00931400966183575,10,12,False,False,False,,0.95,open_data
2014,2014-10-27,general,44-ward,councillor,32,,2014-councillor-32,Bruce Baker,Bruce,Baker,BAKER BRUCE,c00211,1.0,213,25875,0.008231884057971015,11,12,False,False,False,,0.95,open_data
2014,2014-10-27,general,44-ward,councillor,32,,2014-councillor-32,Jim Brookman,Jim,Brookman,BROOKMAN JIM,c00333,1.0,107,25875,0.004135265700483092,12,12,False,False,False,,0.95,open_data
2014,2014-10-27,general,44-ward,councillor,33,,2014-councillor-33,Shelley Carroll,Shelley,Carroll,CARROLL SHELLEY,c00396,1.0,9747,16119,0.6046901172529313,1,5,True,False,True,prior_winner,0.95,open_data
2014,2014-10-27,general,44-ward,councillor,33,,2014-councillor-33,Divya Nayak,Divya,Nayak,NAYAK DIVYA,c00682,1.0,3534,16119,0.21924436999813884,2,5,False,False,False,,0.95,open_data
2014,2014-10-27,general,44-ward,councillor,33,,2014-councillor-33,Paul Bell,Paul,Bell,BELL PAUL,c00245,1.0,2097,16119,0.13009491903964265,3,5,False,False,False,,0.95,open_data
2014,2014-10-27,general,44-ward,councillor,33,,2014-councillor-33,Dina Karzman,Dina,Karzman,KARZMAN DINA,c00680,1.0,525,16119,0.032570258700911965,4,5,False,False,False,,0.95,open_data
2014,2014-10-27,general,44-ward,councillor,33,,2014-councillor-33,Khamphay Inthisorn,Khamphay,Inthisorn,INTHISORN KHAMPHAY,c00951,1.0,216,16119,0.01340033500837521,5,5,False,False,False,,0.95,open_data
2014,2014-10-27,general,44-ward,councillor,34,,2014-councillor-34,Denzil Minnan-Wong,Denzil,Minnan-Wong,MINNAN-WONG DENZIL,c00646,1.0,11761,18529,0.6347347401370824,1,6,True,False,True,prior_winner,0.95,open_data
2014,2014-10-27,general,44-ward,councillor,34,,2014-councillor-34,Mary Hynes,Mary,Hynes,HYNES MARY,c00944,1.0,3953,18529,0.21334124885314912,2,6,False,False,False,,0.95,open_data
2014,2014-10-27,general,44-ward,councillor,34,,2014-councillor-34,Douglas Owen,Douglas,Owen,OWEN DOUGLAS,c00697,1.0,1171,18529,0.06319822980193211,3,6,False,False,False,,0.95,open_data
2014,2014-10-27,general,44-ward,councillor,34,,2014-councillor-34,Faisal Boodhwani,Faisal,Boodhwani,BOODHWANI FAISAL,c00301,1.0,705,18529,0.03804846456905391,4,6,False,False,False,,0.95,open_data
2014,2014-10-27,general,44-ward,councillor,34,,2014-councillor-34,Amer Karaman,Amer,Karaman,KARAMAN AMER,c00102,1.0,486,18529,0.026229154298666953,5,6,False,False,False,,0.95,open_data
2014,2014-10-27,general,44-ward,councillor,34,,2014-councillor-34,Alan Selby,Alan,Selby,SELBY ALAN,c00056,1.0,453,18529,0.024448162340115494,6,6,False,False,False,,0.95,open_data
2014,2014-10-27,general,44-ward,councillor,35,,2014-councillor-35,Michelle Berardinetti,Michelle,Berardinetti,BERARDINETTI MICHELLE,c00255,1.0,11919,18845,0.6324754576810825,1,9,True,False,True,prior_winner,0.95,open_data
2014,2014-10-27,general,44-ward,councillor,35,,2014-councillor-35,Paul Bocking,Paul,Bocking,BOCKING PAUL,c00292,1.0,2722,18845,0.14444149641814805,2,9,False,False,False,,0.95,open_data
2014,2014-10-27,general,44-ward,councillor,35,,2014-councillor-35,Sharif Ahmed,Sharif,Ahmed,AHMED SHARIF,c00043,1.0,927,18845,0.049190766781639694,3,9,False,False,False,,0.95,open_data
2014,2014-10-27,general,44-ward,councillor,35,,2014-councillor-35,Christopher Upwood,Christopher,Upwood,UPWOOD CHRISTOPHER,c00479,1.0,890,18845,0.047227381268240914,4,9,False,False,False,,0.95,open_data
2014,2014-10-27,general,44-ward,councillor,35,,2014-councillor-35,Shahid Uddin,Shahid,Uddin,UDDIN SHAHID,c01444,1.0,831,18845,0.044096577341469885,5,9,False,False,False,,0.95,open_data
2014,2014-10-27,general,44-ward,councillor,35,,2014-councillor-35,Teferi Assefa,Teferi,Assefa,ASSEFA TEFERI,c00189,1.0,487,18845,0.02584239851419475,6,9,False,False,False,,0.95,open_data
2014,2014-10-27,general,44-ward,councillor,35,,2014-councillor-35,Anwarul Kabir,Anwarul,Kabir,KABIR ANWARUL,c00153,1.0,403,18845,0.021384982754046166,7,9,False,False,False,,0.95,open_data
2014,2014-10-27,general,44-ward,councillor,35,,2014-councillor-35,Saima Shaikh,Saima,Shaikh,SHAIKH SAIMA,c01428,1.0,389,18845,0.020642080127354735,8,9,False,False,False,,0.95,open_data
2014,2014-10-27,general,44-ward,councillor,35,,2014-councillor-35,Jason Woychesko,Jason,Woychesko,WOYCHESKO JASON,c00985,1.0,277,18845,0.014698859113823296,9,9,False,False,False,,0.95,open_data
2014,2014-10-27,general,44-ward,councillor,36,,2014-councillor-36,Gary Crawford,Gary,Crawford,CRAWFORD GARY,c00537,1.0,10833,20515,0.5280526444065318,1,8,True,False,True,prior_winner,0.95,open_data
2014,2014-10-27,general,44-ward,councillor,36,,2014-councillor-36,Robert Spencer,Robert,Spencer,SPENCER ROBERT,c01407,1.0,6390,20515,0.31147940531318546,2,8,False,False,False,,0.95,open_data
2014,2014-10-27,general,44-ward,councillor,36,,2014-councillor-36,Joy Robertson,Joy,Robertson,ROBERTSON JOY,c01067,1.0,994,20515,0.04845235193760663,3,8,False,False,False,,0.95,open_data
2014,2014-10-27,general,44-ward,councillor,36,,2014-councillor-36,Masihullah Mohebzada,Masihullah,Mohebzada,MOHEBZADA MASIHULLAH,c01238,1.0,795,20515,0.038752132585912744,4,8,False,False,False,,0.95,open_data
2014,2014-10-27,general,44-ward,councillor,36,,2014-councillor-36,Robert Mcdermott,Robert,Mcdermott,MCDERMOTT ROBERT,c01252,1.0,638,20515,0.031099195710455763,5,8,False,False,False,,0.95,open_data
2014,2014-10-27,general,44-ward,councillor,36,,2014-councillor-36,Ed Green,Ed,Green,GREEN ED,c00709,1.0,447,20515,0.02178893492566415,6,8,False,False,False,,0.95,open_data
2014,2014-10-27,general,44-ward,councillor,36,,2014-councillor-36,Christian Tobin,Christian,Tobin,TOBIN CHRISTIAN,c00470,1.0,320,20515,0.015598342676090666,7,8,False,False,False,,0.95,open_data
2014,2014-10-27,general,44-ward,councillor,36,,2014-councillor-36,Andre Musters,Andre,Musters,MUSTERS ANDRE,c00114,1.0,98,20515,0.004776992444552766,8,8,False,False,False,,0.95,open_data
2014,2014-10-27,general,44-ward,councillor,37,,2014-councillor-37,Michael Thompson,Michael,Thompson,THOMPSON MICHAEL,c01268,1.0,16315,20221,0.8068344790069729,1,3,True,False,True,prior_winner,0.95,open_data
2014,2014-10-27,general,44-ward,councillor,37,,2014-councillor-37,Niranjan Balachandran,Niranjan,Balachandran,BALACHANDRAN NIRANJAN,c00214,1.0,2440,20221,0.12066663369764107,2,3,False,False,False,,0.95,open_data
2014,2014-10-27,general,44-ward,councillor,37,,2014-councillor-37,Luigi Lisciandro,Luigi,Lisciandro,LISCIANDRO LUIGI,c01186,1.0,1466,20221,0.07249888729538599,3,3,False,False,False,,0.95,open_data
2014,2014-10-27,general,44-ward,councillor,38,,2014-councillor-38,Baeremaeker Glenn De,Baeremaeker Glenn,De,DE BAEREMAEKER GLENN,c00209,1.0,13626,19595,0.6953814748660373,1,11,True,False,True,prior_winner,0.95,open_data
2014,2014-10-27,general,44-ward,councillor,38,,2014-councillor-38,David Thomas,David,Thomas,THOMAS DAVID,c00620,1.0,1552,19595,0.07920387854044399,2,11,False,False,False,,0.95,open_data
2014,2014-10-27,general,44-ward,councillor,38,,2014-councillor-38,Ganga Sasthrigal,Ganga,Sasthrigal,SASTHRIGAL GANGA,c00813,1.0,662,19595,0.033784128604235776,3,11,False,False,False,,0.95,open_data
2014,2014-10-27,general,44-ward,councillor,38,,2014-councillor-38,John Lewis,John,Lewis,LEWIS JOHN,c01022,1.0,642,19595,0.03276346006634345,4,11,False,False,False,,0.95,open_data
2014,2014-10-27,general,44-ward,councillor,38,,2014-councillor-38,Kevin Winson,Kevin,Winson,WINSON KEVIN,c01103,1.0,567,19595,0.028935953049247256,5,11,False,False,False,,0.95,open_data
2014,2014-10-27,general,44-ward,councillor,38,,2014-councillor-38,Theodore Rueckert,Theodore,Rueckert,RUECKERT THEODORE,c01422,1.0,550,19595,0.028068384792038787,6,11,False,False,False,,0.95,open_data
2014,2014-10-27,general,44-ward,councillor,38,,2014-councillor-38,Theo Kalafatis,Theo,Kalafatis,KALAFATIS THEO,c01074,1.0,483,19595,0.024649145190099517,7,11,False,False,False,,0.95,open_data
2014,2014-10-27,general,44-ward,councillor,38,,2014-councillor-38,Justin Reid,Justin,Reid,REID JUSTIN,c01072,1.0,463,19595,0.023628476652207197,8,11,False,False,False,,0.95,open_data
2014,2014-10-27,general,44-ward,councillor,38,,2014-councillor-38,Aysha Sidiq,Aysha,Sidiq,SIDIQ AYSHA,c00203,1.0,460,19595,0.02347537637152335,9,11,False,False,False,,0.95,open_data
2014,2014-10-27,general,44-ward,councillor,38,,2014-councillor-38,Rajesh Shah,Rajesh,Shah,SHAH RAJESH,c01380,1.0,405,19595,0.02066853789231947,10,11,False,False,False,,0.95,open_data
2014,2014-10-27,general,44-ward,councillor,38,,2014-councillor-38,Tushar Shah,Tushar,Shah,SHAH TUSHAR,c01443,1.0,185,19595,0.009441183975503956,11,11,False,False,False,,0.95,open_data
2014,2014-10-27,general,44-ward,councillor,39,,2014-councillor-39,Jim Karygiannis,Jim,Karygiannis,KARYGIANNIS JIM,c01002,1.0,9438,16277,0.5798365792222154,1,9,True,False,False,,0.95,open_data
2014,2014-10-27,general,44-ward,councillor,39,,2014-councillor-39,Franco Ng,Franco,Ng,NG FRANCO,c00790,1.0,2950,16277,0.18123732874608342,2,9,False,False,False,,0.95,open_data
2014,2014-10-27,general,44-ward,councillor,39,,2014-councillor-39,Cozette Giannini,Cozette,Giannini,GIANNINI COZETTE,c00534,1.0,1600,16277,0.09829821220126558,3,9,False,False,False,,0.95,open_data
2014,2014-10-27,general,44-ward,councillor,39,,2014-councillor-39,Derek Li,Derek,Li,LI DEREK,c00647,1.0,723,16277,0.04441850463844689,4,9,False,False,False,,0.95,open_data
2014,2014-10-27,general,44-ward,councillor,39,,2014-councillor-39,Christopher Blueman,Christopher,Blueman,BLUEMAN CHRISTOPHER,c00286,1.0,620,16277,0.038090557227990415,5,9,False,False,False,,0.95,open_data
2014,2014-10-27,general,44-ward,councillor,39,,2014-councillor-39,Patricia Sinclair,Patricia,Sinclair,SINCLAIR PATRICIA,c01351,1.0,597,16277,0.03667752042759722,6,9,False,False,False,,0.95,open_data
2014,2014-10-27,general,44-ward,councillor,39,,2014-councillor-39,Clayton Jones,Clayton,Jones,JONES CLAYTON,c00491,1.0,160,16277,0.009829821220126558,7,9,False,False,False,,0.95,open_data
2014,2014-10-27,general,44-ward,councillor,39,,2014-councillor-39,Jude Coutinho,Jude,Coutinho,COUTINHO JUDE,c00532,1.0,111,16277,0.0068194384714628,8,9,False,False,False,,0.95,open_data
2014,2014-10-27,general,44-ward,councillor,39,,2014-councillor-39,Janet Rivers,Janet,Rivers,RIVERS JANET,c00979,1.0,78,16277,0.004792037844811698,9,9,False,False,False,,0.95,open_data
2014,2014-10-27,general,44-ward,councillor,40,,2014-councillor-40,Norm Kelly,Norm,Kelly,KELLY NORM,c01090,0.9090908765792847,16052,18672,0.8596829477292203,1,3,True,False,True,prior_winner,0.95,open_data
2014,2014-10-27,general,44-ward,councillor,40,,2014-councillor-40,Josh Borenstein,Josh,Borenstein,BORENSTEIN JOSH,c00305,1.0,1347,18672,0.0721401028277635,2,3,False,False,False,,0.95,open_data
2014,2014-10-27,general,44-ward,councillor,40,,2014-councillor-40,Anthony Internicola,Anthony,Internicola,INTERNICOLA ANTHONY,c00145,1.0,1273,18672,0.06817694944301628,3,3,False,False,False,,0.95,open_data
2014,2014-10-27,general,44-ward,councillor,41,,2014-councillor-41,Chin Lee,Chin,Lee,LEE CHIN,c00443,1.0,10019,19097,0.5246373775985756,1,5,True,False,True,prior_winner,0.95,open_data
2014,2014-10-27,general,44-ward,councillor,41,,2014-councillor-41,Cynthia Lai,Cynthia,Lai,LAI CYNTHIA,c00552,1.0,4387,19097,0.22972194585536995,2,5,False,False,False,,0.95,open_data
2014,2014-10-27,general,44-ward,councillor,41,,2014-councillor-41,Sivavathani Prabaharan,Sivavathani,Prabaharan,PRABAHARAN SIVAVATHANI,c01371,1.0,2069,19097,0.1083416243389014,3,5,False,False,False,,0.95,open_data
2014,2014-10-27,general,44-ward,councillor,41,,2014-councillor-41,John Kladitis,John,Kladitis,KLADITIS JOHN,c01019,1.0,1747,19097,0.09148033722574227,4,5,False,False,False,,0.95,open_data
2014,2014-10-27,general,44-ward,councillor,41,,2014-councillor-41,Sandeep Srivastava,Sandeep,Srivastava,SRIVASTAVA SANDEEP,c01433,1.0,875,19097,0.04581871498141069,5,5,False,False,False,,0.95,open_data
2014,2014-10-27,general,44-ward,councillor,42,,2014-councillor-42,Raymond Cho,Raymond,Cho,CHO RAYMOND,c00448,1.0,11768,23793,0.4945992518808053,1,11,True,False,True,prior_winner,0.95,open_data
2014,2014-10-27,general,44-ward,councillor,42,,2014-councillor-42,Neethan Shan,Neethan,Shan,SHAN NEETHAN,c01320,1.0,7393,23793,0.3107216408187282,2,11,False,False,False,,0.95,open_data
2014,2014-10-27,general,44-ward,councillor,42,,2014-councillor-42,Ken Jeffers,Ken,Jeffers,JEFFERS KEN,c00990,1.0,1074,23793,0.04513932669272475,3,11,False,False,False,,0.95,open_data
2014,2014-10-27,general,44-ward,councillor,42,,2014-councillor-42,Gulam Mohamed,Gulam,Mohamed,MOHAMED GULAM,c00891,1.0,1048,23793,0.04404656831841298,4,11,False,False,False,,0.95,open_data
2014,2014-10-27,general,44-ward,councillor,42,,2014-councillor-42,Neethan Sabaratnam,Neethan,Sabaratnam,SABARATNAM NEETHAN,c01319,1.0,911,23793,0.038288572269154796,5,11,False,False,False,,0.95,open_data
2014,2014-10-27,general,44-ward,councillor,42,,2014-councillor-42,Sherri-Anne Williams,Sherri-Anne,Williams,WILLIAMS SHERRI-ANNE,c01451,1.0,521,23793,0.02189719665447821,6,11,False,False,False,,0.95,open_data
2014,2014-10-27,general,44-ward,councillor,42,,2014-councillor-42,Dwayne Chin,Dwayne,Chin,CHIN DWAYNE,c00441,1.0,363,23793,0.015256588072122053,7,11,False,False,False,,0.95,open_data
2014,2014-10-27,general,44-ward,councillor,42,,2014-councillor-42,Kabirul Mollah,Kabirul,Mollah,MOLLAH KABIRUL,c01073,1.0,279,23793,0.011726137939730173,8,11,False,False,False,,0.95,open_data
2014,2014-10-27,general,44-ward,councillor,42,,2014-councillor-42,Somu Mondal,Somu,Mondal,MONDAL SOMU,c01299,1.0,233,23793,0.00979279620056319,9,11,False,False,False,,0.95,open_data
2014,2014-10-27,general,44-ward,councillor,42,,2014-councillor-42,Ganesh Kulasegarampillai,Ganesh,Kulasegarampillai,KULASEGARAMPILLAI GANESH,c00812,1.0,107,23793,0.004497121001975371,10,11,False,False,False,,0.95,open_data
2014,2014-10-27,general,44-ward,councillor,42,,2014-councillor-42,Venthan Ramana,Venthan,Ramana,RAMANA VENTHAN,c01382,1.0,96,23793,0.004034800151305006,11,11,False,False,False,,0.95,open_data
2014,2014-10-27,general,44-ward,councillor,43,,2014-councillor-43,Paul Ainslie,Paul,Ainslie,AINSLIE PAUL,c00046,1.0,12358,16627,0.743248932459253,1,5,True,False,True,prior_winner,0.95,open_data
2014,2014-10-27,general,44-ward,councillor,43,,2014-councillor-43,Mark Harris,Mark,Harris,HARRIS MARK,c00907,1.0,1750,16627,0.10525049618091056,2,5,False,False,False,,0.95,open_data
2014,2014-10-27,general,44-ward,councillor,43,,2014-councillor-43,Jason Colterman,Jason,Colterman,COLTERMAN JASON,c00512,1.0,1437,16627,0.08642569314969628,3,5,False,False,False,,0.95,open_data
2014,2014-10-27,general,44-ward,councillor,43,,2014-councillor-43,Alonzo Bartley,Alonzo,Bartley,BARTLEY ALONZO,c00088,1.0,799,16627,0.04805436939917002,4,5,False,False,False,,0.95,open_data
2014,2014-10-27,general,44-ward,councillor,43,,2014-councillor-43,Andi Kodanipork,Andi,Kodanipork,KODANIPORK ANDI,c00110,1.0,283,16627,0.017020508810970107,5,5,False,False,False,,0.95,open_data
2014,2014-10-27,general,44-ward,councillor,44,,2014-councillor-44,Ron Moeser,Ron,Moeser,MOESER RON,c01290,1.0,6416,24934,0.2573193230127537,1,15,True,False,True,prior_winner,0.95,open_data
2014,2014-10-27,general,44-ward,councillor,44,,2014-councillor-44,Jennifer Mckelvie,Jennifer,Mckelvie,MCKELVIE JENNIFER,c00996,1.0,5844,24934,0.2343787599262052,2,15,False,False,False,,0.95,open_data
2014,2014-10-27,general,44-ward,councillor,44,,2014-councillor-44,Diana Hall,Diana,Hall,HALL DIANA,c00667,1.0,5530,24934,0.22178551375631667,3,15,False,False,False,,0.95,open_data
2014,2014-10-27,general,44-ward,councillor,44,,2014-councillor-44,Amarjeet Chhabra,Amarjeet,Chhabra,CHHABRA AMARJEET,c00098,1.0,2852,24934,0.11438196839656693,4,15,False,False,False,,0.95,open_data
2014,2014-10-27,general,44-ward,councillor,44,,2014-councillor-44,Richard Ross,Richard,Ross,ROSS RICHARD,c01397,1.0,1859,24934,0.07455683003128259,5,15,False,False,False,,0.95,open_data
2014,2014-10-27,general,44-ward,councillor,44,,2014-councillor-44,Mohammed Mirza,Mohammed,Mirza,MIRZA MOHAMMED,c01287,1.0,445,24934,0.01784711638726237,6,15,False,False,False,,0.95,open_data
2014,2014-10-27,general,44-ward,councillor,44,,2014-councillor-44,Paul Maguire,Paul,Maguire,MAGUIRE PAUL,c01214,1.0,362,24934,0.014518328386941526,7,15,False,False,False,,0.95,open_data
2014,2014-10-27,general,44-ward,councillor,44,,2014-councillor-44,Ragu Thanabalasingam,Ragu,Thanabalasingam,THANABALASINGAM RAGU,c01376,1.0,353,24934,0.014157375471244085,8,15,False,False,False,,0.95,open_data
2014,2014-10-27,general,44-ward,councillor,44,,2014-councillor-44,Ashley Sondhi,Ashley,Sondhi,SONDHI ASHLEY,c00181,1.0,337,24934,0.013515681398893078,9,15,False,False,False,,0.95,open_data
2014,2014-10-27,general,44-ward,councillor,44,,2014-councillor-44,Arlene Nielsen,Arlene,Nielsen,NIELSEN ARLENE,c00167,1.0,237,24934,0.009505093446699286,10,15,False,False,False,,0.95,open_data
2014,2014-10-27,general,44-ward,councillor,44,,2014-councillor-44,Neethra Vipulanandan,Neethra,Vipulanandan,VIPULANANDAN NEETHRA,c01321,1.0,202,24934,0.008101387663431459,11,15,False,False,False,,0.95,open_data
2014,2014-10-27,general,44-ward,councillor,44,,2014-councillor-44,Phil Allen,Phil,Allen,ALLEN PHIL,c00086,1.0,185,24934,0.007419587711558514,12,15,False,False,False,,0.95,open_data
2014,2014-10-27,general,44-ward,councillor,44,,2014-councillor-44,Marc Proctor,Marc,Proctor,PROCTOR MARC,c01225,1.0,147,24934,0.005895564289724873,13,15,False,False,False,,0.95,open_data
2014,2014-10-27,general,44-ward,councillor,44,,2014-councillor-44,Graham Beckmann,Graham,Beckmann,BECKMANN GRAHAM,c00243,1.0,128,24934,0.005133552578808053,14,15,False,False,False,,0.95,open_data
2014,2014-10-27,general,44-ward,councillor,44,,2014-councillor-44,Markpaul St.Bishoy,Markpaul,St.Bishoy,ST.BISHOY MARKPAUL,c01235,1.0,37,24934,0.0014839175423117029,15,15,False,False,False,,0.95,open_data
2014,2014-10-27,general,44-ward,mayor,,,2014-mayor-city,John Tory,John,Tory,TORY JOHN,c01037,1.0,395124,981054,0.40275458843244105,1,65,True,False,False,,0.95,open_data
2014,2014-10-27,general,44-ward,mayor,,,2014-mayor-city,Doug Ford,Doug,Ford,FORD DOUG,c00694,1.0,331006,981054,0.3373983491224744,2,65,False,False,True,prior_winner,0.95,open_data
2014,2014-10-27,general,44-ward,mayor,,,2014-mayor-city,Olivia Chow,Olivia,Chow,CHOW OLIVIA,c00453,1.0,227003,981054,0.23138685536168244,3,65,False,False,False,,0.95,open_data
2014,2014-10-27,general,44-ward,mayor,,,2014-mayor-city,Ari Goldkind,Ari,Goldkind,GOLDKIND ARI,c00159,1.0,3916,981054,0.003991625333569814,4,65,False,False,False,,0.95,open_data
2014,2014-10-27,general,44-ward,mayor,,,2014-mayor-city,Selina Chan,Selina,Chan,CHAN SELINA,c00417,1.0,2336,981054,0.002381112558533985,5,65,False,False,False,,0.95,open_data
2014,2014-10-27,general,44-ward,mayor,,,2014-mayor-city,Paola Rocco Di,Paola Rocco,Di,DI PAOLA ROCCO,c00666,1.0,1557,981054,0.0015870686017283452,6,65,False,False,False,,0.95,open_data
2014,2014-10-27,general,44-ward,mayor,,,2014-mayor-city,Don Andrews,Don,Andrews,ANDREWS DON,c00127,1.0,1012,981054,0.0010315436255292777,7,65,False,False,False,,0.95,open_data
2014,2014-10-27,general,44-ward,mayor,,,2014-mayor-city,Morgan Baskin,Morgan,Baskin,BASKIN MORGAN,c00236,1.0,1009,981054,0.0010284856898804754,8,65,False,False,False,,0.95,open_data
2014,2014-10-27,general,44-ward,mayor,,,2014-mayor-city,Ramnarine Tiwari,Ramnarine,Tiwari,TIWARI RAMNARINE,c01385,1.0,1008,981054,0.0010274663779975414,9,65,False,False,False,,0.95,open_data
2014,2014-10-27,general,44-ward,mayor,,,2014-mayor-city,George Dedopoulos,George,Dedopoulos,DEDOPOULOS GEORGE,c00638,1.0,941,981054,0.0009591724818409588,10,65,False,False,False,,0.95,open_data
2014,2014-10-27,general,44-ward,mayor,,,2014-mayor-city,Said Aly,Said,Aly,ALY SAID,c00095,1.0,800,981054,0.0008154495063472551,11,65,False,False,False,,0.95,open_data
2014,2014-10-27,general,44-ward,mayor,,,2014-mayor-city,Robb Johannes,Robb,Johannes,JOHANNES ROBB,c01018,1.0,756,981054,0.0007705997834981561,12,65,False,False,False,,0.95,open_data
2014,2014-10-27,general,44-ward,mayor,,,2014-mayor-city,Jonathan Glaister,Jonathan,Glaister,GLAISTER JONATHAN,c00859,1.0,748,981054,0.0007624452884346835,13,65,False,False,False,,0.95,open_data
2014,2014-10-27,general,44-ward,mayor,,,2014-mayor-city,Monowar Hossain,Monowar,Hossain,HOSSAIN MONOWAR,c00932,1.0,614,981054,0.0006258574961215183,14,65,False,False,False,,0.95,open_data
2014,2014-10-27,general,44-ward,mayor,,,2014-mayor-city,Mike Gallay,Mike,Gallay,GALLAY MIKE,c00807,1.0,570,981054,0.0005810077732724192,15,65,False,False,False,,0.95,open_data
2014,2014-10-27,general,44-ward,mayor,,,2014-mayor-city,Sam Surendran,Sam,Surendran,SURENDRAN SAM,c01431,1.0,569,981054,0.0005799884613894851,16,65,False,False,False,,0.95,open_data
2014,2014-10-27,general,44-ward,mayor,,,2014-mayor-city,Michael Tramov,Michael,Tramov,TRAMOV MICHAEL,c01269,1.0,560,981054,0.0005708146544430786,17,65,False,False,False,,0.95,open_data
2014,2014-10-27,general,44-ward,mayor,,,2014-mayor-city,Kevin Clarke,Kevin,Clarke,CLARKE KEVIN,c00489,1.0,547,981054,0.0005575635999649357,18,65,False,False,False,,0.95,open_data
2014,2014-10-27,general,44-ward,mayor,,,2014-mayor-city,Matthew Wong,Matthew,Wong,WONG MATTHEW,c01244,1.0,491,981054,0.0005004821345206278,19,65,False,False,False,,0.95,open_data
2014,2014-10-27,general,44-ward,mayor,,,2014-mayor-city,Dewitt Lee,Dewitt,Lee,LEE DEWITT,c00659,1.0,489,981054,0.0004984435107547597,20,65,False,False,False,,0.95,open_data
2014,2014-10-27,general,44-ward,mayor,,,2014-mayor-city,Hïmy Syed,Hïmy,Syed,SYED HÏMY,c00925,1.0,465,981054,0.000473980025564342,21,65,False,False,False,,0.95,open_data
2014,2014-10-27,general,44-ward,mayor,,,2014-mayor-city,Mark Cidade,Mark,Cidade,CIDADE MARK,c00485,1.0,453,981054,0.0004617482829691332,22,65,False,False,False,,0.95,open_data
2014,2014-10-27,general,44-ward,mayor,,,2014-mayor-city,Troy Young,Troy,Young,YOUNG TROY,c01473,1.0,411,981054,0.0004189371838859023,23,65,False,False,False,,0.95,open_data
2014,2014-10-27,general,44-ward,mayor,,,2014-mayor-city,Dave Mckay,Dave,Mckay,MCKAY DAVE,c00591,1.0,407,981054,0.00041485993635416603,24,65,False,False,False,,0.95,open_data
2014,2014-10-27,general,44-ward,mayor,,,2014-mayor-city,Michael Gordon,Michael,Gordon,GORDON MICHAEL,c00874,1.0,388,981054,0.00039549301057841875,25,65,False,False,False,,0.95,open_data
2014,2014-10-27,general,44-ward,mayor,,,2014-mayor-city,Christopher Ball,Christopher,Ball,BALL CHRISTOPHER,c00218,1.0,377,981054,0.00038428057986614395,26,65,False,False,False,,0.95,open_data
2014,2014-10-27,general,44-ward,mayor,,,2014-mayor-city,Ashok Sajnani,Ashok,Sajnani,SAJNANI ASHOK,c00182,1.0,368,981054,0.0003751067729197373,27,65,False,False,False,,0.95,open_data
2014,2014-10-27,general,44-ward,mayor,,,2014-mayor-city,Matthew Crack,Matthew,Crack,CRACK MATTHEW,c00535,1.0,366,981054,0.0003730681491538692,28,65,False,False,False,,0.95,open_data
2014,2014-10-27,general,44-ward,mayor,,,2014-mayor-city,Frank Burgess,Frank,Burgess,BURGESS FRANK,c00356,1.0,335,981054,0.00034146948078291305,29,65,False,False,False,,0.95,open_data
2014,2014-10-27,general,44-ward,mayor,,,2014-mayor-city,D!Onne Renée,D!Onne,Renée,RENÉE D!ONNE,c00553,1.0,323,981054,0.00032923773818770423,30,65,False,False,False,,0.95,open_data
2014,2014-10-27,general,44-ward,mayor,,,2014-mayor-city,Michael Tasevski,Michael,Tasevski,TASEVSKI MICHAEL,c01267,1.0,319,981054,0.00032516049065596796,31,65,False,False,False,,0.95,open_data
2014,2014-10-27,general,44-ward,mayor,,,2014-mayor-city,Mohammad Okhovat,Mohammad,Okhovat,OKHOVAT MOHAMMAD,c01293,1.0,318,981054,0.0003241411787730339,32,65,False,False,False,,0.95,open_data
2014,2014-10-27,general,44-ward,mayor,,,2014-mayor-city,Chinh Huynh,Chinh,Huynh,HUYNH CHINH,c00445,1.0,312,981054,0.0003180253074754295,33,65,False,False,False,,0.95,open_data
2014,2014-10-27,general,44-ward,mayor,,,2014-mayor-city,Veerayya Kembhavimath,Veerayya,Kembhavimath,KEMBHAVIMATH VEERAYYA,c01091,1.0,294,981054,0.00029967769358261624,34,65,False,False,False,,0.95,open_data
2014,2014-10-27,general,44-ward,mayor,,,2014-mayor-city,Jeff Billard,Jeff,Billard,BILLARD JEFF,c00279,1.0,288,981054,0.00029356182228501185,35,65,False,False,False,,0.95,open_data
2014,2014-10-27,general,44-ward,mayor,,,2014-mayor-city,Pat Roberge,Pat,Roberge,ROBERGE PAT,c01349,1.0,273,981054,0.0002782721440410008,36,65,False,False,False,,0.95,open_data
2014,2014-10-27,general,44-ward,mayor,,,2014-mayor-city,Lee Romanov,Lee,Romanov,ROMANOV LEE,c01170,0.9523809552192688,271,981054,0.0002762335202751327,37,65,False,False,False,,0.95,open_data
2014,2014-10-27,general,44-ward,mayor,,,2014-mayor-city,Radu Popescu,Radu,Popescu,POPESCU RADU,c01369,1.0,233,981054,0.00023749966872363805,38,65,False,False,False,,0.95,open_data
2014,2014-10-27,general,44-ward,mayor,,,2014-mayor-city,Jon Karsemeyer,Jon,Karsemeyer,KARSEMEYER JON,c01046,1.0,232,981054,0.00023648035684070397,39,65,False,False,False,,0.95,open_data
2014,2014-10-27,general,44-ward,mayor,,,2014-mayor-city,Steven Lam,Steven,Lam,LAM STEVEN,c01152,1.0,226,981054,0.00023036448554309956,40,65,False,False,False,,0.95,open_data
2014,2014-10-27,general,44-ward,mayor,,,2014-mayor-city,Jonathan Bliguin,Jonathan,Bliguin,BLIGUIN JONATHAN,c00285,1.0,207,981054,0.00021099755976735225,41,65,False,False,False,,0.95,open_data
2014,2014-10-27,general,44-ward,mayor,,,2014-mayor-city,Eyck Christina Van,Eyck Christina,Van,VAN EYCK CHRISTINA,c00471,1.0,203,981054,0.00020692031223561597,42,65,False,False,False,,0.95,open_data
2014,2014-10-27,general,44-ward,mayor,,,2014-mayor-city,Josh Rachlis,Josh,Rachlis,RACHLIS JOSH,c01065,1.0,201,981054,0.00020488168846974784,43,65,False,False,False,,0.95,open_data
2014,2014-10-27,general,44-ward,mayor,,,2014-mayor-city,Carlie Ritch,Carlie,Ritch,RITCH CARLIE,c00383,1.0,194,981054,0.00019774650528920937,44,65,False,False,False,,0.95,open_data
2014,2014-10-27,general,44-ward,mayor,,,2014-mayor-city,Tibor Steinberger,Tibor,Steinberger,STEINBERGER TIBOR,c01459,1.0,188,981054,0.00019163063399160494,45,65,False,False,False,,0.95,open_data
2014,2014-10-27,general,44-ward,mayor,,,2014-mayor-city,Klim Khomenko,Klim,Khomenko,KHOMENKO KLIM,c01116,1.0,186,981054,0.0001895920102257368,46,65,False,False,False,,0.95,open_data
2014,2014-10-27,general,44-ward,mayor,,,2014-mayor-city,Leo Gambin,Leo,Gambin,GAMBIN LEO,c00810,1.0,165,981054,0.00016818646068412138,47,65,False,False,False,,0.95,open_data
2014,2014-10-27,general,44-ward,mayor,,,2014-mayor-city,Daniel Walker,Daniel,Walker,WALKER DANIEL,c00580,1.0,162,981054,0.00016512852503531916,48,65,False,False,False,,0.95,open_data
2014,2014-10-27,general,44-ward,mayor,,,2014-mayor-city,Ram Narula,Ram,Narula,NARULA RAM,c01315,1.0,156,981054,0.00015901265373771475,49,65,False,False,False,,0.95,open_data
2014,2014-10-27,general,44-ward,mayor,,,2014-mayor-city,Jamie Shannon,Jamie,Shannon,SHANNON JAMIE,c00976,1.0,156,981054,0.00015901265373771475,49,65,False,False,False,,0.95,open_data
2014,2014-10-27,general,44-ward,mayor,,,2014-mayor-city,Michael Nicula,Michael,Nicula,NICULA MICHAEL,c01263,1.0,145,981054,0.00014780022302543998,51,65,False,False,False,,0.95,open_data
2014,2014-10-27,general,44-ward,mayor,,,2014-mayor-city,Gary Mcbean,Gary,Mcbean,MCBEAN GARY,c00822,1.0,135,981054,0.0001376071041960993,52,65,False,False,False,,0.95,open_data
2014,2014-10-27,general,44-ward,mayor,,,2014-mayor-city,Charles Huang,Charles,Huang,HUANG CHARLES,c00421,1.0,134,981054,0.00013658779231316522,53,65,False,False,False,,0.95,open_data
2014,2014-10-27,general,44-ward,mayor,,,2014-mayor-city,Russell Saunders,Russell,Saunders,SAUNDERS RUSSELL,c01423,1.0,134,981054,0.00013658779231316522,53,65,False,False,False,,0.95,open_data
2014,2014-10-27,general,44-ward,mayor,,,2014-mayor-city,Diana Maxted,Diana,Maxted,MAXTED DIANA,c00668,0.8888888359069824,117,981054,0.00011925949030328605,55,65,False,False,False,,0.95,open_data
2014,2014-10-27,general,44-ward,mayor,,,2014-mayor-city,Jim Ruel,Jim,Ruel,RUEL JIM,c01007,1.0,110,981054,0.00011212430712274758,56,65,False,False,False,,0.95,open_data
2014,2014-10-27,general,44-ward,mayor,,,2014-mayor-city,Erwin Sniedzins,Erwin,Sniedzins,SNIEDZINS ERWIN,c00735,1.0,105,981054,0.00010702774770807723,57,65,False,False,False,,0.95,open_data
2014,2014-10-27,general,44-ward,mayor,,,2014-mayor-city,Chai Kalevar,Chai,Kalevar,KALEVAR CHAI,c00409,1.0,102,981054,0.00010396981205927503,58,65,False,False,False,,0.95,open_data
2014,2014-10-27,general,44-ward,mayor,,,2014-mayor-city,Matt Mernagh,Matt,Mernagh,MERNAGH MATT,c01241,1.0,102,981054,0.00010396981205927503,58,65,False,False,False,,0.95,open_data
2014,2014-10-27,general,44-ward,mayor,,,2014-mayor-city,Wally Schwauss,Wally,Schwauss,SCHWAUSS WALLY,c01438,1.0,97,981054,9.887325264460469e-05,60,65,False,False,False,,0.95,open_data
2014,2014-10-27,general,44-ward,mayor,,,2014-mayor-city,Donovan Searchwell,Donovan,Searchwell,SEARCHWELL DONOVAN,c00691,1.0,90,981054,9.17380694640662e-05,61,65,False,False,False,,0.95,open_data
2014,2014-10-27,general,44-ward,mayor,,,2014-mayor-city,Ratan Wadhwa,Ratan,Wadhwa,WADHWA RATAN,c01387,1.0,73,981054,7.440976745418703e-05,62,65,False,False,False,,0.95,open_data
2014,2014-10-27,general,44-ward,mayor,,,2014-mayor-city,René Viau,René,Viau,VIAU RENÉ,c01393,1.0,69,981054,7.033251992245076e-05,63,65,False,False,False,,0.95,open_data
2014,2014-10-27,general,44-ward,mayor,,,2014-mayor-city,Oweka-Arac Ongwen,Oweka-Arac,Ongwen,ONGWEN OWEKA-ARAC,c01341,1.0,56,981054,5.7081465444307856e-05,64,65,False,False,False,,0.95,open_data
2014,2014-10-27,general,44-ward,mayor,,,2014-mayor-city,Jack Weenen,Jack,Weenen,WEENEN JACK,c00959,1.0,52,981054,5.300421791257158e-05,65,65,False,False,False,,0.95,open_data
2018,2018-10-22,general,25-ward,councillor,1,Etobicoke North,2018-councillor-1,Michael Ford,Michael,Ford,Ford Michael,c00774,1.0,10648,25199,0.4225564506528037,1,9,True,False,True,city_attendance,0.95,open_data
2018,2018-10-22,general,25-ward,councillor,1,Etobicoke North,2018-councillor-1,Vincent Crisanti,Vincent,Crisanti,Crisanti Vincent,c00539,1.0,8654,25199,0.34342632644152543,2,9,False,False,True,prior_winner,0.95,open_data
2018,2018-10-22,general,25-ward,councillor,1,Etobicoke North,2018-councillor-1,Naiima Farah,Naiima,Farah,Farah Naiima,c00746,1.0,2262,25199,0.0897654668836065,3,9,False,False,False,,0.95,open_data
2018,2018-10-22,general,25-ward,councillor,1,Etobicoke North,2018-councillor-1,Shirish Patel,Shirish,Patel,Patel Shirish,c01350,1.0,1945,25199,0.0771856026032779,4,9,False,False,False,,0.95,open_data
2018,2018-10-22,general,25-ward,councillor,1,Etobicoke North,2018-councillor-1,Carol Royer,Carol,Royer,Royer Carol,c00391,1.0,642,25199,0.02547720147624906,5,9,False,False,False,,0.95,open_data
2018,2018-10-22,general,25-ward,councillor,1,Etobicoke North,2018-councillor-1,Michelle Garcia,Michelle,Garcia,Garcia Michelle,c00817,1.0,439,25199,0.017421326243104884,6,9,False,False,False,,0.95,open_data
2018,2018-10-22,general,25-ward,councillor,1,Etobicoke North,2018-councillor-1,Peter D'Gama,Peter,D'Gama,D'Gama Peter,c00560,1.0,253,25199,0.010040080955593476,7,9,False,False,False,,0.95,open_data
2018,2018-10-22,general,25-ward,councillor,1,Etobicoke North,2018-councillor-1,Christopher Noor,Christopher,Noor,Noor Christopher,c00477,1.0,214,25199,0.008492400492083019,8,9,False,False,False,,0.95,open_data
2018,2018-10-22,general,25-ward,councillor,1,Etobicoke North,2018-councillor-1,Gurinder Patri,Gurinder,Patri,Patri Gurinder,c00894,1.0,142,25199,0.005635144251756022,9,9,False,False,False,,0.95,open_data
2018,2018-10-22,general,25-ward,councillor,2,Etobicoke Centre,2018-councillor-2,Stephen Holyday,Stephen,Holyday,Holyday Stephen,c00929,1.0,14627,37915,0.38578399050507717,1,5,True,False,True,prior_winner,0.95,open_data
2018,2018-10-22,general,25-ward,councillor,2,Etobicoke Centre,2018-councillor-2,John Campbell,John,Campbell,Campbell John,c00375,1.0,13441,37915,0.3545034946591059,2,5,False,False,True,prior_winner,0.95,open_data
2018,2018-10-22,general,25-ward,councillor,2,Etobicoke Centre,2018-councillor-2,Angelo Carnevale,Angelo,Carnevale,Carnevale Angelo,c00133,1.0,5735,37915,0.15125939601740737,3,5,False,False,False,,0.95,open_data
2018,2018-10-22,general,25-ward,councillor,2,Etobicoke Centre,2018-councillor-2,Erica Kelly,Erica,Kelly,Kelly Erica,c00730,1.0,3854,37915,0.10164842410655413,4,5,False,False,False,,0.95,open_data
2018,2018-10-22,general,25-ward,councillor,2,Etobicoke Centre,2018-councillor-2,Bill Boersma,Bill,Boersma,Boersma Bill,c00274,1.0,258,37915,0.006804694711855466,5,5,False,False,False,,0.95,open_data
2018,2018-10-22,general,25-ward,councillor,3,Etobicoke-Lakeshore,2018-councillor-3,Mark Grimes,Mark,Grimes,Grimes Mark,c00888,1.0,16527,40408,0.4090031676895664,1,10,True,False,True,prior_winner,0.95,open_data
2018,2018-10-22,general,25-ward,councillor,3,Etobicoke-Lakeshore,2018-councillor-3,Amber Morley,Amber,Morley,Morley Amber,c00099,1.0,10985,40408,0.27185210849336766,2,10,False,False,False,,0.95,open_data
2018,2018-10-22,general,25-ward,councillor,3,Etobicoke-Lakeshore,2018-councillor-3,Pamela Gough,Pamela,Gough,Gough Pamela,c00876,1.0,7301,40408,0.18068204315977035,3,10,False,False,False,,0.95,open_data
2018,2018-10-22,general,25-ward,councillor,3,Etobicoke-Lakeshore,2018-councillor-3,Iain Davis,Iain,Davis,Davis Iain,c00624,1.0,2722,40408,0.06736289843595328,4,10,False,False,False,,0.95,open_data
2018,2018-10-22,general,25-ward,councillor,3,Etobicoke-Lakeshore,2018-councillor-3,Svitlana Burlakova,Svitlana,Burlakova,Burlakova Svitlana,c00357,1.0,1218,40408,0.030142546030489013,5,10,False,False,False,,0.95,open_data
2018,2018-10-22,general,25-ward,councillor,3,Etobicoke-Lakeshore,2018-councillor-3,Peggy Moulder,Peggy,Moulder,Moulder Peggy,c01303,1.0,575,40408,0.014229855474163533,6,10,False,False,False,,0.95,open_data
2018,2018-10-22,general,25-ward,councillor,3,Etobicoke-Lakeshore,2018-councillor-3,Patrizia Nigro,Patrizia,Nigro,Nigro Patrizia,c01332,1.0,394,40408,0.009750544446644228,7,10,False,False,False,,0.95,open_data
2018,2018-10-22,general,25-ward,councillor,3,Etobicoke-Lakeshore,2018-councillor-3,Michael Julihen,Michael,Julihen,Julihen Michael,c01070,1.0,320,40408,0.007919223916056227,8,10,False,False,False,,0.95,open_data
2018,2018-10-22,general,25-ward,councillor,3,Etobicoke-Lakeshore,2018-councillor-3,Michael Loomans,Michael,Loomans,Loomans Michael,c01191,1.0,199,40408,0.004924767372797466,9,10,False,False,False,,0.95,open_data
2018,2018-10-22,general,25-ward,councillor,3,Etobicoke-Lakeshore,2018-councillor-3,Robert Gunnyon,Robert,Gunnyon,Gunnyon Robert,c00893,1.0,167,40408,0.004132844981191843,10,10,False,False,False,,0.95,open_data
2018,2018-10-22,general,25-ward,councillor,4,Parkdale-High Park,2018-councillor-4,Gord Perks,Gord,Perks,Perks Gord,c00871,1.0,16887,37903,0.4455320159354141,1,10,True,False,True,prior_winner,0.95,open_data
2018,2018-10-22,general,25-ward,councillor,4,Parkdale-High Park,2018-councillor-4,David Ginsberg,David,Ginsberg,Ginsberg David,c00601,1.0,8181,37903,0.21584043479407963,2,10,False,False,False,,0.95,open_data
2018,2018-10-22,general,25-ward,councillor,4,Parkdale-High Park,2018-councillor-4,Kalsang Dolma,Kalsang,Dolma,Dolma Kalsang,c00684,1.0,5352,37903,0.1412025433343007,3,10,False,False,False,,0.95,open_data
2018,2018-10-22,general,25-ward,councillor,4,Parkdale-High Park,2018-councillor-4,Evan Tummillo,Evan,Tummillo,Tummillo Evan,c00740,1.0,2367,37903,0.062448882674194656,4,10,False,False,False,,0.95,open_data
2018,2018-10-22,general,25-ward,councillor,4,Parkdale-High Park,2018-councillor-4,Valerie Grdisa,Valerie,Grdisa,Grdisa Valerie,c00880,1.0,1771,37903,0.04672453367807298,5,10,False,False,False,,0.95,open_data
2018,2018-10-22,general,25-ward,councillor,4,Parkdale-High Park,2018-councillor-4,Nick Pavlov,Nick,Pavlov,Pavlov Nick,c01328,1.0,874,37903,0.023058860776191858,6,10,False,False,False,,0.95,open_data
2018,2018-10-22,general,25-ward,councillor,4,Parkdale-High Park,2018-councillor-4,Taras Kulish,Taras,Kulish,Kulish Taras,c01139,1.0,868,37903,0.02290056196079466,7,10,False,False,False,,0.95,open_data
2018,2018-10-22,general,25-ward,councillor,4,Parkdale-High Park,2018-councillor-4,Alex Perez,Alex,Perez,Perez Alex,c00072,1.0,686,37903,0.01809883122707965,8,10,False,False,False,,0.95,open_data
2018,2018-10-22,general,25-ward,councillor,4,Parkdale-High Park,2018-councillor-4,José Vera,José,Vera,Vera José,c01052,1.0,544,37903,0.014352425929345962,9,10,False,False,False,,0.95,open_data
2018,2018-10-22,general,25-ward,councillor,4,Parkdale-High Park,2018-councillor-4,Mercy Okalowe,Mercy,Okalowe,Okalowe Mercy,c01259,1.0,373,37903,0.009840909690525815,10,10,False,False,False,,0.95,open_data
2018,2018-10-22,general,25-ward,councillor,5,York South-Weston,2018-councillor-5,Frances Nunziata,Frances,Nunziata,Nunziata Frances,c00785,1.0,8425,26180,0.3218105423987777,1,11,True,False,True,prior_winner,0.95,open_data
2018,2018-10-22,general,25-ward,councillor,5,York South-Weston,2018-councillor-5,Giorgio Frank Di,Giorgio Frank,Di,Di Giorgio Frank,c00663,1.0,5674,26180,0.21673032849503437,2,11,False,False,True,prior_winner,0.95,open_data
2018,2018-10-22,general,25-ward,councillor,5,York South-Weston,2018-councillor-5,Chiara Padovani,Chiara,Padovani,Padovani Chiara,c00438,1.0,5358,26180,0.20466004583651642,3,11,False,False,False,,0.95,open_data
2018,2018-10-22,general,25-ward,councillor,5,York South-Weston,2018-councillor-5,Lekan Olawoye,Lekan,Olawoye,Olawoye Lekan,c01172,1.0,3889,26180,0.1485485103132162,4,11,False,False,False,,0.95,open_data
2018,2018-10-22,general,25-ward,councillor,5,York South-Weston,2018-councillor-5,Deeqa Barre,Deeqa,Barre,Barre Deeqa,c00228,1.0,1172,26180,0.04476699770817418,5,11,False,False,False,,0.95,open_data
2018,2018-10-22,general,25-ward,councillor,5,York South-Weston,2018-councillor-5,Keaton Austin,Keaton,Austin,Austin Keaton,c00197,1.0,467,26180,0.017838044308632544,6,11,False,False,False,,0.95,open_data
2018,2018-10-22,general,25-ward,councillor,5,York South-Weston,2018-councillor-5,Luis Portillo,Luis,Portillo,Portillo Luis,c01205,1.0,352,26180,0.013445378151260505,7,11,False,False,False,,0.95,open_data
2018,2018-10-22,general,25-ward,councillor,5,York South-Weston,2018-councillor-5,Fred Fosu,Fred,Fosu,Fosu Fred,c00782,1.0,245,26180,0.009358288770053475,8,11,False,False,False,,0.95,open_data
2018,2018-10-22,general,25-ward,councillor,5,York South-Weston,2018-councillor-5,Joey Carapinha,Joey,Carapinha,Carapinha Joey,c00380,1.0,241,26180,0.00920550038197097,9,11,False,False,False,,0.95,open_data
2018,2018-10-22,general,25-ward,councillor,5,York South-Weston,2018-councillor-5,Cedric Ogilvie,Cedric,Ogilvie,Ogilvie Cedric,c00406,1.0,189,26180,0.007219251336898396,10,11,False,False,False,,0.95,open_data
2018,2018-10-22,general,25-ward,councillor,5,York South-Weston,2018-councillor-5,Harpreet Gulri,Harpreet,Gulri,Gulri Harpreet,c00892,1.0,168,26180,0.006417112299465241,11,11,False,False,False,,0.95,open_data
2018,2018-10-22,general,25-ward,councillor,6,York Centre,2018-councillor-6,James Pasternak,James,Pasternak,Pasternak James,c00970,1.0,11559,24279,0.47609044853577165,1,4,True,False,True,prior_winner,0.95,open_data
2018,2018-10-22,general,25-ward,councillor,6,York Centre,2018-councillor-6,Maria Augimeri,Maria,Augimeri,Augimeri Maria,c00195,1.0,9223,24279,0.3798756126693851,2,4,False,False,True,prior_winner,0.95,open_data
2018,2018-10-22,general,25-ward,councillor,6,York Centre,2018-councillor-6,Louise Russo,Louise,Russo,Russo Louise,c01196,1.0,2726,24279,0.11227810041599737,3,4,False,False,False,,0.95,open_data
2018,2018-10-22,general,25-ward,councillor,6,York Centre,2018-councillor-6,Edward Zaretsky,Edward,Zaretsky,Zaretsky Edward,c00717,1.0,771,24279,0.031755838378845914,4,4,False,False,False,,0.95,open_data
2018,2018-10-22,general,25-ward,councillor,7,Humber River-Black Creek,2018-councillor-7,Anthony Perruzza,Anthony,Perruzza,Perruzza Anthony,c00146,1.0,8336,22652,0.36800282535758433,1,8,True,False,True,prior_winner,0.95,open_data
2018,2018-10-22,general,25-ward,councillor,7,Humber River-Black Creek,2018-councillor-7,Giorgio Mammoliti,Giorgio,Mammoliti,Mammoliti Giorgio,c00853,1.0,5625,22652,0.24832244393431044,2,8,False,False,True,prior_winner,0.95,open_data
2018,2018-10-22,general,25-ward,councillor,7,Humber River-Black Creek,2018-councillor-7,Deanna Sgro,Deanna,Sgro,Sgro Deanna,c00634,1.0,4512,22652,0.19918770969450822,3,8,False,False,False,,0.95,open_data
2018,2018-10-22,general,25-ward,councillor,7,Humber River-Black Creek,2018-councillor-7,Tiffany Ford,Tiffany,Ford,Ford Tiffany,c00777,1.0,3187,22652,0.1406939784566484,4,8,False,False,False,,0.95,open_data
2018,2018-10-22,general,25-ward,councillor,7,Humber River-Black Creek,2018-councillor-7,Amanda Coombs,Amanda,Coombs,Coombs Amanda,c00097,1.0,445,22652,0.019645064453469894,5,8,False,False,False,,0.95,open_data
2018,2018-10-22,general,25-ward,councillor,7,Humber River-Black Creek,2018-councillor-7,Rose Winston La,Rose Winston,La,La Rose Winston,c01148,1.0,247,22652,0.010904114426982164,6,8,False,False,False,,0.95,open_data
2018,2018-10-22,general,25-ward,councillor,7,Humber River-Black Creek,2018-councillor-7,Kerry-Ann Thomas,Kerry-Ann,Thomas,Thomas Kerry-Ann,c01096,1.0,153,22652,0.006754370475013244,7,8,False,False,False,,0.95,open_data
2018,2018-10-22,general,25-ward,councillor,7,Humber River-Black Creek,2018-councillor-7,Kristy-Ann Charles,Kristy-Ann,Charles,Charles Kristy-Ann,c00422,1.0,147,22652,0.0064894932014833125,8,8,False,False,False,,0.95,open_data
2018,2018-10-22,general,25-ward,councillor,8,Eglinton-Lawrence,2018-councillor-8,Mike Colle,Mike,Colle,Colle Mike,c00508,1.0,14094,34096,0.41336227123416236,1,10,True,False,False,,0.95,open_data
2018,2018-10-22,general,25-ward,councillor,8,Eglinton-Lawrence,2018-councillor-8,Greb Christin Carmichael,Greb Christin,Carmichael,Carmichael Greb Christin,c00387,1.0,7395,34096,0.21688761145002347,2,10,False,False,True,prior_winner,0.95,open_data
2018,2018-10-22,general,25-ward,councillor,8,Eglinton-Lawrence,2018-councillor-8,Dyanoosh Youssefi,Dyanoosh,Youssefi,Youssefi Dyanoosh,c00707,1.0,5253,34096,0.15406499296105114,3,10,False,False,False,,0.95,open_data
2018,2018-10-22,general,25-ward,councillor,8,Eglinton-Lawrence,2018-councillor-8,Beth Levy,Beth,Levy,Levy Beth,c00264,1.0,3122,34096,0.09156499296105115,4,10,False,False,False,,0.95,open_data
2018,2018-10-22,general,25-ward,councillor,8,Eglinton-Lawrence,2018-councillor-8,Jennifer Arp,Jennifer,Arp,Arp Jennifer,c00171,1.0,2404,34096,0.07050680431722196,5,10,False,False,False,,0.95,open_data
2018,2018-10-22,general,25-ward,councillor,8,Eglinton-Lawrence,2018-councillor-8,Lauralyn Johnston,Lauralyn,Johnston,Johnston Lauralyn,c01044,1.0,992,34096,0.029094321914594087,6,10,False,False,False,,0.95,open_data
2018,2018-10-22,general,25-ward,councillor,8,Eglinton-Lawrence,2018-councillor-8,Josh Pede,Josh,Pede,Pede Josh,c01064,1.0,420,34096,0.012318160488033787,7,10,False,False,False,,0.95,open_data
2018,2018-10-22,general,25-ward,councillor,8,Eglinton-Lawrence,2018-councillor-8,Darren Dunlop,Darren,Dunlop,Dunlop Darren,c00587,1.0,210,34096,0.0061590802440168934,8,10,False,False,False,,0.95,open_data
2018,2018-10-22,general,25-ward,councillor,8,Eglinton-Lawrence,2018-councillor-8,Randall Pancer,Randall,Pancer,Pancer Randall,c01345,1.0,134,34096,0.003930079774753637,9,10,False,False,False,,0.95,open_data
2018,2018-10-22,general,25-ward,councillor,8,Eglinton-Lawrence,2018-councillor-8,Peter Tijiri,Peter,Tijiri,Tijiri Peter,c01358,1.0,72,34096,0.002111684655091506,10,10,False,False,False,,0.95,open_data
2018,2018-10-22,general,25-ward,councillor,9,Davenport,2018-councillor-9,Ana Bailão,Ana,Bailão,Bailão Ana,c00105,1.0,26219,31355,0.836198373465157,1,4,True,False,True,prior_winner,0.95,open_data
2018,2018-10-22,general,25-ward,councillor,9,Davenport,2018-councillor-9,Nahum Mann,Nahum,Mann,Mann Nahum,c01221,1.0,2804,31355,0.08942752352096954,2,4,False,False,False,,0.95,open_data
2018,2018-10-22,general,25-ward,councillor,9,Davenport,2018-councillor-9,Troy Young,Troy,Young,Young Troy,c01473,1.0,1218,31355,0.038845479189921865,3,4,False,False,False,,0.95,open_data
2018,2018-10-22,general,25-ward,councillor,9,Davenport,2018-councillor-9,Mark Balack,Mark,Balack,Balack Mark,c00215,1.0,1114,31355,0.03552862382395152,4,4,False,False,False,,0.95,open_data
2018,2018-10-22,general,25-ward,councillor,10,Spadina-Fort York,2018-councillor-10,Joe Cressy,Joe,Cressy,Cressy Joe,c00538,1.0,15903,28884,0.5505816368923971,1,14,True,False,True,prior_winner,0.95,open_data
2018,2018-10-22,general,25-ward,councillor,10,Spadina-Fort York,2018-councillor-10,April Engelberg,April,Engelberg,Engelberg April,c00155,1.0,3346,28884,0.115842681069104,2,14,False,False,False,,0.95,open_data
2018,2018-10-22,general,25-ward,councillor,10,Spadina-Fort York,2018-councillor-10,Kevin Vuong,Kevin,Vuong,Vuong Kevin,c01101,1.0,3018,28884,0.10448691316992106,3,14,False,False,False,,0.95,open_data
2018,2018-10-22,general,25-ward,councillor,10,Spadina-Fort York,2018-councillor-10,Sabrina Zuniga,Sabrina,Zuniga,Zuniga Sabrina,c01426,1.0,1564,28884,0.05414762498268938,4,14,False,False,False,,0.95,open_data
2018,2018-10-22,general,25-ward,councillor,10,Spadina-Fort York,2018-councillor-10,John Nguyen,John,Nguyen,Nguyen John,c01026,1.0,1032,28884,0.03572912339011217,5,14,False,False,False,,0.95,open_data
2018,2018-10-22,general,25-ward,councillor,10,Spadina-Fort York,2018-councillor-10,Karlene Nation,Karlene,Nation,Nation Karlene,c01083,1.0,860,28884,0.029774269491760146,6,14,False,False,False,,0.95,open_data
2018,2018-10-22,general,25-ward,councillor,10,Spadina-Fort York,2018-councillor-10,Rick Myers,Rick,Myers,Myers Rick,c01310,1.0,747,28884,0.02586206896551724,7,14,False,False,False,,0.95,open_data
2018,2018-10-22,general,25-ward,councillor,10,Spadina-Fort York,2018-councillor-10,Dean Maher,Dean,Maher,Maher Dean,c00633,1.0,611,28884,0.021153579836587732,8,14,False,False,False,,0.95,open_data
2018,2018-10-22,general,25-ward,councillor,10,Spadina-Fort York,2018-councillor-10,Al Carbone,Al,Carbone,Carbone Al,c00050,1.0,519,28884,0.017968425425841296,9,14,False,False,False,,0.95,open_data
2018,2018-10-22,general,25-ward,councillor,10,Spadina-Fort York,2018-councillor-10,Andrew Massey,Andrew,Massey,Massey Andrew,c00123,1.0,473,28884,0.01637584822046808,10,14,False,False,False,,0.95,open_data
2018,2018-10-22,general,25-ward,councillor,10,Spadina-Fort York,2018-councillor-10,Michael Barcelos,Michael,Barcelos,Barcelos Michael,c00226,1.0,451,28884,0.015614180861376541,11,14,False,False,False,,0.95,open_data
2018,2018-10-22,general,25-ward,councillor,10,Spadina-Fort York,2018-councillor-10,Edris Zalmai,Edris,Zalmai,Zalmai Edris,c00715,1.0,147,28884,0.00508932280847528,12,14,False,False,False,,0.95,open_data
2018,2018-10-22,general,25-ward,councillor,10,Spadina-Fort York,2018-councillor-10,Andrei Zodian,Andrei,Zodian,Zodian Andrei,c00118,1.0,133,28884,0.004604625398144302,13,14,False,False,False,,0.95,open_data
2018,2018-10-22,general,25-ward,councillor,10,Spadina-Fort York,2018-councillor-10,Ahdam Dour,Ahdam,Dour,Dour Ahdam,c00036,1.0,80,28884,0.002769699487605595,14,14,False,False,False,,0.95,open_data
2018,2018-10-22,general,25-ward,councillor,11,University-Rosedale,2018-councillor-11,Mike Layton,Mike,Layton,Layton Mike,c01162,1.0,22370,32157,0.6956494697888485,1,7,True,False,True,prior_winner,0.95,open_data
2018,2018-10-22,general,25-ward,councillor,11,University-Rosedale,2018-councillor-11,Joyce Rowlands,Joyce,Rowlands,Rowlands Joyce,c01068,1.0,4231,32157,0.1315732188947974,2,7,False,False,False,,0.95,open_data
2018,2018-10-22,general,25-ward,councillor,11,University-Rosedale,2018-councillor-11,Nicki Ward,Nicki,Ward,Ward Nicki,c01331,1.0,2933,32157,0.09120875703579313,3,7,False,False,False,,0.95,open_data
2018,2018-10-22,general,25-ward,councillor,11,University-Rosedale,2018-councillor-11,Marc Cormier,Marc,Cormier,Cormier Marc,c00525,1.0,995,32157,0.03094194110147091,4,7,False,False,False,,0.95,open_data
2018,2018-10-22,general,25-ward,councillor,11,University-Rosedale,2018-councillor-11,Michael Borrelli,Michael,Borrelli,Borrelli Michael,c00306,1.0,671,32157,0.020866374350841186,5,7,False,False,False,,0.95,open_data
2018,2018-10-22,general,25-ward,councillor,11,University-Rosedale,2018-councillor-11,Michael Shaw,Michael,Shaw,Shaw Michael,c01265,1.0,581,32157,0.018067605808999597,6,7,False,False,False,,0.95,open_data
2018,2018-10-22,general,25-ward,councillor,11,University-Rosedale,2018-councillor-11,George Sawision,George,Sawision,Sawision George,c00839,1.0,376,32157,0.011692633019249308,7,7,False,False,False,,0.95,open_data
2018,2018-10-22,general,25-ward,councillor,12,Toronto-St. Paul's,2018-councillor-12,Josh Matlow,Josh,Matlow,Matlow Josh,c01063,1.0,20371,39475,0.5160481317289424,1,6,True,False,True,prior_winner,0.95,open_data
2018,2018-10-22,general,25-ward,councillor,12,Toronto-St. Paul's,2018-councillor-12,Joe Mihevc,Joe,Mihevc,Mihevc Joe,c01014,1.0,16634,39475,0.4213806206459785,2,6,False,False,True,prior_winner,0.95,open_data
2018,2018-10-22,general,25-ward,councillor,12,Toronto-St. Paul's,2018-councillor-12,Ian Lipton,Ian,Lipton,Lipton Ian,c00945,1.0,930,39475,0.023559214692843573,3,6,False,False,False,,0.95,open_data
2018,2018-10-22,general,25-ward,councillor,12,Toronto-St. Paul's,2018-councillor-12,Elizabeth Cook,Elizabeth,Cook,Cook Elizabeth,c00519,1.0,908,39475,0.023001899936668777,4,6,False,False,False,,0.95,open_data
2018,2018-10-22,general,25-ward,councillor,12,Toronto-St. Paul's,2018-councillor-12,Bob Murphy,Bob,Murphy,Murphy Bob,c00288,1.0,342,39475,0.008663711209626345,5,6,False,False,False,,0.95,open_data
2018,2018-10-22,general,25-ward,councillor,12,Toronto-St. Paul's,2018-councillor-12,Artur Langu,Artur,Langu,Langu Artur,c00176,1.0,290,39475,0.007346421785940469,6,6,False,False,False,,0.95,open_data
2018,2018-10-22,general,25-ward,councillor,13,Toronto Centre,2018-councillor-13,Kristyn Wong-Tam,Kristyn,Wong-Tam,Wong-Tam Kristyn,c01136,1.0,15706,31249,0.5026080834586707,1,19,True,False,True,prior_winner,0.95,open_data
2018,2018-10-22,general,25-ward,councillor,13,Toronto Centre,2018-councillor-13,George Smitherman,George,Smitherman,Smitherman George,c00841,1.0,4734,31249,0.15149284777112867,2,19,False,False,False,,0.95,open_data
2018,2018-10-22,general,25-ward,councillor,13,Toronto Centre,2018-councillor-13,Lucy Troisi,Lucy,Troisi,Troisi Lucy,c01203,1.0,2698,31249,0.0863387628404109,3,19,False,False,True,city_voting,0.9,open_data
2018,2018-10-22,general,25-ward,councillor,13,Toronto Centre,2018-councillor-13,Khuram Aftab,Khuram,Aftab,Aftab Khuram,c00033,1.0,1794,31249,0.05740983711478767,4,19,False,False,False,,0.95,open_data
2018,2018-10-22,general,25-ward,councillor,13,Toronto Centre,2018-councillor-13,Ali Walied Khogali,Ali Walied,Khogali,Khogali Ali Walied,c00079,1.0,1408,31249,0.04505744183813882,5,19,False,False,False,,0.95,open_data
2018,2018-10-22,general,25-ward,councillor,13,Toronto Centre,2018-councillor-13,Ryan Lester,Ryan,Lester,Lester Ryan,c01177,1.0,968,31249,0.03097699126372044,6,19,False,False,False,,0.95,open_data
2018,2018-10-22,general,25-ward,councillor,13,Toronto Centre,2018-councillor-13,Tim Gordanier,Tim,Gordanier,Gordanier Tim,c00873,1.0,734,31249,0.023488751640052482,7,19,False,False,False,,0.95,open_data
2018,2018-10-22,general,25-ward,councillor,13,Toronto Centre,2018-councillor-13,Jon Callegher,Jon,Callegher,Callegher Jon,c00369,1.0,713,31249,0.02281673013536433,8,19,False,False,False,,0.95,open_data
2018,2018-10-22,general,25-ward,councillor,13,Toronto Centre,2018-councillor-13,John Jeffery,John,Jeffery,Jeffery John,c00991,1.0,530,31249,0.016960542737367596,9,19,False,False,False,,0.95,open_data
2018,2018-10-22,general,25-ward,councillor,13,Toronto Centre,2018-councillor-13,Catherina Perez,Catherina,Perez,Perez Catherina,c00403,1.0,511,31249,0.016352523280744984,10,19,False,False,False,,0.95,open_data
2018,2018-10-22,general,25-ward,councillor,13,Toronto Centre,2018-councillor-13,Megann Willson,Megann,Willson,Willson Megann,c01255,1.0,411,31249,0.013152420877468079,11,19,False,False,False,,0.95,open_data
2018,2018-10-22,general,25-ward,councillor,13,Toronto Centre,2018-councillor-13,Barbara Lavoie,Barbara,Lavoie,Lavoie Barbara,c00225,1.0,176,31249,0.005632180229767352,12,19,False,False,False,,0.95,open_data
2018,2018-10-22,general,25-ward,councillor,13,Toronto Centre,2018-councillor-13,Jordan Stone,Jordan,Stone,Stone Jordan,c01050,1.0,161,31249,0.005152164869275817,13,19,False,False,False,,0.95,open_data
2018,2018-10-22,general,25-ward,councillor,13,Toronto Centre,2018-councillor-13,Richard Forget,Richard,Forget,Forget Richard,c00778,1.0,150,31249,0.004800153604915357,14,19,False,False,False,,0.95,open_data
2018,2018-10-22,general,25-ward,councillor,13,Toronto Centre,2018-councillor-13,Jonathan Heath,Jonathan,Heath,Heath Jonathan,c00917,1.0,144,31249,0.004608147460718743,15,19,False,False,False,,0.95,open_data
2018,2018-10-22,general,25-ward,councillor,13,Toronto Centre,2018-councillor-13,Kyle Mcnally,Kyle,Mcnally,McNally Kyle,c01145,1.0,138,31249,0.004416141316522129,16,19,False,False,False,,0.95,open_data
2018,2018-10-22,general,25-ward,councillor,13,Toronto Centre,2018-councillor-13,Darren Abramson,Darren,Abramson,Abramson Darren,c00013,1.0,108,31249,0.0034561105955390574,17,19,False,False,False,,0.95,open_data
2018,2018-10-22,general,25-ward,councillor,13,Toronto Centre,2018-councillor-13,Gladys Larbie,Gladys,Larbie,Larbie Gladys,c00858,1.0,101,31249,0.003232103427309674,18,19,False,False,False,,0.95,open_data
2018,2018-10-22,general,25-ward,councillor,13,Toronto Centre,2018-councillor-13,Rob Wolvin,Rob,Wolvin,Wolvin Rob,c01403,1.0,64,31249,0.002048065538097219,19,19,False,False,False,,0.95,open_data
2018,2018-10-22,general,25-ward,councillor,14,Toronto-Danforth,2018-councillor-14,Paula Fletcher,Paula,Fletcher,Fletcher Paula,c00768,1.0,16468,38959,0.4227007880079057,1,10,True,False,True,prior_winner,0.95,open_data
2018,2018-10-22,general,25-ward,councillor,14,Toronto-Danforth,2018-councillor-14,Mary Fragedakis,Mary,Fragedakis,Fragedakis Mary,c00784,1.0,10201,38959,0.2618393695936754,2,10,False,False,True,prior_winner,0.95,open_data
2018,2018-10-22,general,25-ward,councillor,14,Toronto-Danforth,2018-councillor-14,Chris Budo,Chris,Budo,Budo Chris,c00352,1.0,7394,38959,0.18978926563823506,3,10,False,False,False,,0.95,open_data
2018,2018-10-22,general,25-ward,councillor,14,Toronto-Danforth,2018-councillor-14,Lanrick Bennett,Lanrick,Bennett,Bennett Lanrick,c00252,1.0,1935,38959,0.04966759927102852,4,10,False,False,False,,0.95,open_data
2018,2018-10-22,general,25-ward,councillor,14,Toronto-Danforth,2018-councillor-14,Dixon Chan,Dixon,Chan,Chan Dixon,c00414,1.0,1100,38959,0.02823481095510665,5,10,False,False,False,,0.95,open_data
2018,2018-10-22,general,25-ward,councillor,14,Toronto-Danforth,2018-councillor-14,Chris Marinakis,Chris,Marinakis,Marinakis Chris,c00458,1.0,700,38959,0.017967606971431505,6,10,False,False,False,,0.95,open_data
2018,2018-10-22,general,25-ward,councillor,14,Toronto-Danforth,2018-councillor-14,Marisol D'Andrea,Marisol,D'Andrea,D'Andrea Marisol,c00556,1.0,429,38959,0.011011576272491594,7,10,False,False,False,,0.95,open_data
2018,2018-10-22,general,25-ward,councillor,14,Toronto-Danforth,2018-councillor-14,Ryan Lindsay,Ryan,Lindsay,Lindsay Ryan,c01185,1.0,413,38959,0.010600888113144588,8,10,False,False,False,,0.95,open_data
2018,2018-10-22,general,25-ward,councillor,14,Toronto-Danforth,2018-councillor-14,Lawrence Lychowyd,Lawrence,Lychowyd,Lychowyd Lawrence,c01160,1.0,188,38959,0.004825585872327318,9,10,False,False,False,,0.95,open_data
2018,2018-10-22,general,25-ward,councillor,14,Toronto-Danforth,2018-councillor-14,Alexander Pena,Alexander,Pena,Pena Alexander,c00075,1.0,131,38959,0.00336250930465361,10,10,False,False,False,,0.95,open_data
2018,2018-10-22,general,25-ward,councillor,15,Don Valley West,2018-councillor-15,Jaye Robinson,Jaye,Robinson,Robinson Jaye,c00986,1.0,16219,32955,0.49215597026247915,1,5,True,False,True,prior_winner,0.95,open_data
2018,2018-10-22,general,25-ward,councillor,15,Don Valley West,2018-councillor-15,Jon Burnside,Jon,Burnside,Burnside Jon,c00359,1.0,14440,32955,0.43817326657563344,2,5,False,False,True,prior_winner,0.95,open_data
2018,2018-10-22,general,25-ward,councillor,15,Don Valley West,2018-councillor-15,Tanweer Khan,Tanweer,Khan,Khan Tanweer,c01111,1.0,1309,32955,0.03972083143680777,3,5,False,False,False,,0.95,open_data
2018,2018-10-22,general,25-ward,councillor,15,Don Valley West,2018-councillor-15,Nikola Streker,Nikola,Streker,Streker Nikola,c01334,1.0,583,32955,0.01769079047185556,4,5,False,False,False,,0.95,open_data
2018,2018-10-22,general,25-ward,councillor,15,Don Valley West,2018-councillor-15,Minh Le,Minh,Le,Le Minh,c01164,1.0,404,32955,0.012259141253224094,5,5,False,False,False,,0.95,open_data
2018,2018-10-22,general,25-ward,councillor,16,Don Valley East,2018-councillor-16,Denzil Minnan-Wong,Denzil,Minnan-Wong,Minnan-Wong Denzil,c00646,1.0,11128,24017,0.46333846858475247,1,8,True,False,True,prior_winner,0.95,open_data
2018,2018-10-22,general,25-ward,councillor,16,Don Valley East,2018-councillor-16,David Caplan,David,Caplan,Caplan David,c00377,1.0,7277,24017,0.30299371278677606,2,8,False,False,False,,0.95,open_data
2018,2018-10-22,general,25-ward,councillor,16,Don Valley East,2018-councillor-16,Stephen Ksiazek,Stephen,Ksiazek,Ksiazek Stephen,c01137,1.0,1698,24017,0.07069992088937004,3,8,False,False,False,,0.95,open_data
2018,2018-10-22,general,25-ward,councillor,16,Don Valley East,2018-councillor-16,Dimitre Popov,Dimitre,Popov,Popov Dimitre,c00679,1.0,1104,24017,0.045967439730191115,4,8,False,False,False,,0.95,open_data
2018,2018-10-22,general,25-ward,councillor,16,Don Valley East,2018-councillor-16,Pushpalatha Mathanalingam,Pushpalatha,Mathanalingam,Mathanalingam Pushpalatha,c01239,1.0,888,24017,0.036973810217762415,5,8,False,False,False,,0.95,open_data
2018,2018-10-22,general,25-ward,councillor,16,Don Valley East,2018-councillor-16,Michael Woulfe,Michael,Woulfe,Woulfe Michael,c01272,1.0,771,24017,0.03210226089853021,6,8,False,False,False,,0.95,open_data
2018,2018-10-22,general,25-ward,councillor,16,Don Valley East,2018-councillor-16,Aria Alavi,Aria,Alavi,Alavi Aria,c00057,1.0,582,24017,0.0242328350751551,7,8,False,False,False,,0.95,open_data
2018,2018-10-22,general,25-ward,councillor,16,Don Valley East,2018-councillor-16,Diane Gadoutsis,Diane,Gadoutsis,Gadoutsis Diane,c00671,1.0,569,24017,0.02369155181746263,8,8,False,False,False,,0.95,open_data
2018,2018-10-22,general,25-ward,councillor,17,Don Valley North,2018-councillor-17,Shelley Carroll,Shelley,Carroll,Carroll Shelley,c00396,1.0,10554,26099,0.4043833097053527,1,9,True,False,True,prior_winner,0.95,open_data
2018,2018-10-22,general,25-ward,councillor,17,Don Valley North,2018-councillor-17,Christina Liu,Christina,Liu,Liu Christina,c00472,1.0,7552,26099,0.289359745584122,2,9,False,False,False,,0.95,open_data
2018,2018-10-22,general,25-ward,councillor,17,Don Valley North,2018-councillor-17,Ken Lister,Ken,Lister,Lister Ken,c01092,1.0,3410,26099,0.13065634698647458,3,9,False,False,False,,0.95,open_data
2018,2018-10-22,general,25-ward,councillor,17,Don Valley North,2018-councillor-17,Steven Chen,Steven,Chen,Chen Steven,c00431,1.0,2095,26099,0.08027127476148511,4,9,False,False,False,,0.95,open_data
2018,2018-10-22,general,25-ward,councillor,17,Don Valley North,2018-councillor-17,Ian Hanecak,Ian,Hanecak,Hanecak Ian,c00904,1.0,879,26099,0.03367945131997394,5,9,False,False,False,,0.95,open_data
2018,2018-10-22,general,25-ward,councillor,17,Don Valley North,2018-councillor-17,Erin O'Connor,Erin,O'Connor,O'Connor Erin,c00734,1.0,453,26099,0.017356986857734014,6,9,False,False,False,,0.95,open_data
2018,2018-10-22,general,25-ward,councillor,17,Don Valley North,2018-councillor-17,Kostas Kokkinakis,Kostas,Kokkinakis,Kokkinakis Kostas,c01128,1.0,438,26099,0.016782252193570636,7,9,False,False,False,,0.95,open_data
2018,2018-10-22,general,25-ward,councillor,17,Don Valley North,2018-councillor-17,Stella Kargiannakis,Stella,Kargiannakis,Kargiannakis Stella,c01082,1.0,413,26099,0.015824361086631673,8,9,False,False,False,,0.95,open_data
2018,2018-10-22,general,25-ward,councillor,17,Don Valley North,2018-councillor-17,Kasra Gharibi,Kasra,Gharibi,Gharibi Kasra,c00847,1.0,305,26099,0.01168627150465535,9,9,False,False,False,,0.95,open_data
2018,2018-10-22,general,25-ward,councillor,18,Willowdale,2018-councillor-18,John Filion,John,Filion,Filion John,c00766,1.0,8104,26088,0.31064090769702546,1,18,True,False,True,prior_winner,0.95,open_data
2018,2018-10-22,general,25-ward,councillor,18,Willowdale,2018-councillor-18,Lily Cheng,Lily,Cheng,Cheng Lily,c00432,1.0,5149,26088,0.1973704385157927,2,18,False,False,False,,0.95,open_data
2018,2018-10-22,general,25-ward,councillor,18,Willowdale,2018-councillor-18,Sonny Cho,Sonny,Cho,Cho Sonny,c00449,1.0,3130,26088,0.11997853419196565,3,18,False,False,False,,0.95,open_data
2018,2018-10-22,general,25-ward,councillor,18,Willowdale,2018-councillor-18,David Mousavi,David,Mousavi,Mousavi David,c00608,1.0,1596,26088,0.06117755289788408,4,18,False,False,False,,0.95,open_data
2018,2018-10-22,general,25-ward,councillor,18,Willowdale,2018-councillor-18,Santis Danny De,Santis Danny,De,De Santis Danny,c00584,1.0,1486,26088,0.05696105489113769,5,18,False,False,False,,0.95,open_data
2018,2018-10-22,general,25-ward,councillor,18,Willowdale,2018-councillor-18,Norman Gardner,Norman,Gardner,Gardner Norman,c00818,1.0,1479,26088,0.05669273229070837,6,18,False,False,False,,0.95,open_data
2018,2018-10-22,general,25-ward,councillor,18,Willowdale,2018-councillor-18,Sam Moini,Sam,Moini,Moini Sam,c01297,1.0,1289,26088,0.04940969027905551,7,18,False,False,False,,0.95,open_data
2018,2018-10-22,general,25-ward,councillor,18,Willowdale,2018-councillor-18,Nejad Saman Tabasi,Nejad Saman,Tabasi,Tabasi Nejad Saman,c01324,1.0,1189,26088,0.045576510272922414,8,18,False,False,False,,0.95,open_data
2018,2018-10-22,general,25-ward,councillor,18,Willowdale,2018-councillor-18,Winston Park,Winston,Park,Park Winston,c01347,1.0,593,26088,0.022730757436369212,9,18,False,False,False,,0.95,open_data
2018,2018-10-22,general,25-ward,councillor,18,Willowdale,2018-councillor-18,Gerald Mak,Gerald,Mak,Mak Gerald,c00844,1.0,545,26088,0.02089083103342533,10,18,False,False,False,,0.95,open_data
2018,2018-10-22,general,25-ward,councillor,18,Willowdale,2018-councillor-18,David Epstein,David,Epstein,Epstein David,c00595,1.0,538,26088,0.020622508432996012,11,18,False,False,False,,0.95,open_data
2018,2018-10-22,general,25-ward,councillor,18,Willowdale,2018-councillor-18,Albert Kim,Albert,Kim,Kim Albert,c00060,1.0,291,26088,0.011154553817847286,12,18,False,False,False,,0.95,open_data
2018,2018-10-22,general,25-ward,councillor,18,Willowdale,2018-councillor-18,Farah Aslani,Farah,Aslani,Aslani Farah,c00187,1.0,187,26088,0.007168046611468875,13,18,False,False,False,,0.95,open_data
2018,2018-10-22,general,25-ward,councillor,18,Willowdale,2018-councillor-18,Andrew Herbst,Andrew,Herbst,Herbst Andrew,c00120,1.0,162,26088,0.006209751609935602,14,18,False,False,False,,0.95,open_data
2018,2018-10-22,general,25-ward,councillor,18,Willowdale,2018-councillor-18,Hamid Shakeri,Hamid,Shakeri,Shakeri Hamid,c00901,1.0,122,26088,0.004676479607482367,15,18,False,False,False,,0.95,open_data
2018,2018-10-22,general,25-ward,councillor,18,Willowdale,2018-councillor-18,Chung Jin Park,Chung Jin,Park,Park Chung Jin,c00482,1.0,101,26088,0.0038715118061944187,16,18,False,False,False,,0.95,open_data
2018,2018-10-22,general,25-ward,councillor,18,Willowdale,2018-councillor-18,Sam Mathi,Sam,Mathi,Mathi Sam,c01240,1.0,66,26088,0.002529898804047838,17,18,False,False,False,,0.95,open_data
2018,2018-10-22,general,25-ward,councillor,18,Willowdale,2018-councillor-18,Marvin Honickman,Marvin,Honickman,Honickman Marvin,c00930,1.0,61,26088,0.0023382398037411836,18,18,False,False,False,,0.95,open_data
2018,2018-10-22,general,25-ward,councillor,19,Beaches-East York,2018-councillor-19,Brad Bradford,Brad,Bradford,Bradford Brad,c00315,1.0,14286,37048,0.38560786007341824,1,16,True,False,False,,0.95,open_data
2018,2018-10-22,general,25-ward,councillor,19,Beaches-East York,2018-councillor-19,Matthew Kellway,Matthew,Kellway,Kellway Matthew,c01089,1.0,13998,37048,0.37783416108831785,2,16,False,False,False,,0.95,open_data
2018,2018-10-22,general,25-ward,councillor,19,Beaches-East York,2018-councillor-19,Joshua Makuch,Joshua,Makuch,Makuch Joshua,c01066,1.0,2315,37048,0.06248650399481753,3,16,False,False,False,,0.95,open_data
2018,2018-10-22,general,25-ward,councillor,19,Beaches-East York,2018-councillor-19,Diane Dyson,Diane,Dyson,Dyson Diane,c00670,1.0,1612,37048,0.04351112070827035,4,16,False,False,False,,0.95,open_data
2018,2018-10-22,general,25-ward,councillor,19,Beaches-East York,2018-councillor-19,Veronica Stephen,Veronica,Stephen,Stephen Veronica,c01462,1.0,1257,37048,0.0339289570287195,5,16,False,False,False,,0.95,open_data
2018,2018-10-22,general,25-ward,councillor,19,Beaches-East York,2018-councillor-19,Valérie Maltais,Valérie,Maltais,Maltais Valérie,c01218,1.0,929,37048,0.02507557762902181,6,16,False,False,False,,0.95,open_data
2018,2018-10-22,general,25-ward,councillor,19,Beaches-East York,2018-councillor-19,Adam Smith,Adam,Smith,Smith Adam,c00025,0.8888888359069824,708,37048,0.019110343338371843,7,16,False,False,False,,0.95,open_data
2018,2018-10-22,general,25-ward,councillor,19,Beaches-East York,2018-councillor-19,Brenda Macdonald,Brenda,Macdonald,MacDonald Brenda,c00324,1.0,601,37048,0.01622219822932412,8,16,False,False,False,,0.95,open_data
2018,2018-10-22,general,25-ward,councillor,19,Beaches-East York,2018-councillor-19,Paul Bura,Paul,Bura,Bura Paul,c00354,1.0,288,37048,0.00777369898510041,9,16,False,False,False,,0.95,open_data
2018,2018-10-22,general,25-ward,councillor,19,Beaches-East York,2018-councillor-19,Grande David Del,Grande David,Del,Del Grande David,c00593,1.0,283,37048,0.00763873893327575,10,16,False,False,False,,0.95,open_data
2018,2018-10-22,general,25-ward,councillor,19,Beaches-East York,2018-councillor-19,Morley Rosenberg,Morley,Rosenberg,Rosenberg Morley,c01301,1.0,248,37048,0.006694018570503131,11,16,False,False,False,,0.95,open_data
2018,2018-10-22,general,25-ward,councillor,19,Beaches-East York,2018-councillor-19,Frank Marra,Frank,Marra,Marra Frank,c00791,1.0,142,37048,0.003832865471820341,12,16,False,False,False,,0.95,open_data
2018,2018-10-22,general,25-ward,councillor,19,Beaches-East York,2018-councillor-19,Donald Lamoreux,Donald,Lamoreux,Lamoreux Donald,c00689,1.0,141,37048,0.003805873461455409,13,16,False,False,False,,0.95,open_data
2018,2018-10-22,general,25-ward,councillor,19,Beaches-East York,2018-councillor-19,Norval Bryant,Norval,Bryant,Bryant Norval,c00349,1.0,89,37048,0.0024022889224789463,14,16,False,False,False,,0.95,open_data
2018,2018-10-22,general,25-ward,councillor,19,Beaches-East York,2018-councillor-19,Dragan Cimesa,Dragan,Cimesa,Cimesa Dragan,c00487,1.0,77,37048,0.0020783847980997625,15,16,False,False,False,,0.95,open_data
2018,2018-10-22,general,25-ward,councillor,19,Beaches-East York,2018-councillor-19,Paul Murton,Paul,Murton,Murton Paul,c01308,1.0,74,37048,0.0019974087670049665,16,16,False,False,False,,0.95,open_data
2018,2018-10-22,general,25-ward,councillor,20,Scarborough Southwest,2018-councillor-20,Gary Crawford,Gary,Crawford,Crawford Gary,c00537,1.0,10505,29405,0.3572521679986397,1,10,True,False,True,prior_winner,0.95,open_data
2018,2018-10-22,general,25-ward,councillor,20,Scarborough Southwest,2018-councillor-20,Michelle Holland-Berardinetti,Michelle,Holland-Berardinetti,Holland-Berardinetti Michelle,c00928,1.0,10094,29405,0.343274953239245,2,10,False,False,False,,0.95,open_data
2018,2018-10-22,general,25-ward,councillor,20,Scarborough Southwest,2018-councillor-20,Mohsin Bhuiyan,Mohsin,Bhuiyan,Bhuiyan Mohsin,c00271,1.0,2910,29405,0.09896276143513008,3,10,False,False,False,,0.95,open_data
2018,2018-10-22,general,25-ward,councillor,20,Scarborough Southwest,2018-councillor-20,Paulina Corpuz,Paulina,Corpuz,Corpuz Paulina,c00526,1.0,1813,29405,0.06165618092161197,4,10,False,False,False,,0.95,open_data
2018,2018-10-22,general,25-ward,councillor,20,Scarborough Southwest,2018-councillor-20,Suman Roy,Suman,Roy,Roy Suman,c01420,1.0,1582,29405,0.05380037408603979,5,10,False,False,False,,0.95,open_data
2018,2018-10-22,general,25-ward,councillor,20,Scarborough Southwest,2018-councillor-20,Gerard Arbour,Gerard,Arbour,Arbour Gerard,c00157,1.0,1187,29405,0.04036728447542935,6,10,False,False,False,,0.95,open_data
2018,2018-10-22,general,25-ward,councillor,20,Scarborough Southwest,2018-councillor-20,Curtis Smith,Curtis,Smith,Smith Curtis,c00548,1.0,541,29405,0.01839823159326645,7,10,False,False,False,,0.95,open_data
2018,2018-10-22,general,25-ward,councillor,20,Scarborough Southwest,2018-councillor-20,Robert Mcdermott,Robert,Mcdermott,McDermott Robert,c01252,1.0,367,29405,0.012480870600238055,8,10,False,False,False,,0.95,open_data
2018,2018-10-22,general,25-ward,councillor,20,Scarborough Southwest,2018-councillor-20,Bruce Waters,Bruce,Waters,Waters Bruce,c00346,1.0,246,29405,0.008365924162557388,9,10,False,False,False,,0.95,open_data
2018,2018-10-22,general,25-ward,councillor,20,Scarborough Southwest,2018-councillor-20,John Letonja,John,Letonja,Letonja John,c01021,1.0,160,29405,0.0054412514878422035,10,10,False,False,False,,0.95,open_data
2018,2018-10-22,general,25-ward,councillor,21,Scarborough Centre,2018-councillor-21,Michael Thompson,Michael,Thompson,Thompson Michael,c01268,1.0,16542,23956,0.6905159459008182,1,11,True,False,True,prior_winner,0.95,open_data
2018,2018-10-22,general,25-ward,councillor,21,Scarborough Centre,2018-councillor-21,Paul Beatty,Paul,Beatty,Beatty Paul,c00240,1.0,1638,23956,0.06837535481716481,2,11,False,False,False,,0.95,open_data
2018,2018-10-22,general,25-ward,councillor,21,Scarborough Centre,2018-councillor-21,Fawzi Bidawi,Fawzi,Bidawi,Bidawi Fawzi,c00272,1.0,1035,23956,0.043204207714142594,3,11,False,False,False,,0.95,open_data
2018,2018-10-22,general,25-ward,councillor,21,Scarborough Centre,2018-councillor-21,Zia Choudhary,Zia,Choudhary,Choudhary Zia,c00451,1.0,1014,23956,0.04232760060110202,4,11,False,False,False,,0.95,open_data
2018,2018-10-22,general,25-ward,councillor,21,Scarborough Centre,2018-councillor-21,Vivek Bhatt,Vivek,Bhatt,Bhatt Vivek,c00270,1.0,993,23956,0.041450993488061444,5,11,False,False,False,,0.95,open_data
2018,2018-10-22,general,25-ward,councillor,21,Scarborough Centre,2018-councillor-21,Randy Bucao,Randy,Bucao,Bucao Randy,c00350,1.0,949,23956,0.03961429287026215,6,11,False,False,False,,0.95,open_data
2018,2018-10-22,general,25-ward,councillor,21,Scarborough Centre,2018-councillor-21,Raphael Rosch,Raphael,Rosch,Rosch Raphael,c01386,1.0,545,23956,0.022750041743195858,7,11,False,False,False,,0.95,open_data
2018,2018-10-22,general,25-ward,councillor,21,Scarborough Centre,2018-councillor-21,Zamir Ul Hassan Nadeem,Zamir Ul Hassan,Nadeem,Nadeem Zamir ul hassan,c00912,1.0,448,23956,0.018700951744865586,8,11,False,False,False,,0.95,open_data
2018,2018-10-22,general,25-ward,councillor,21,Scarborough Centre,2018-councillor-21,Arfan Naveed,Arfan,Naveed,Naveed Arfan,c00158,1.0,349,23956,0.014568375354817165,9,11,False,False,False,,0.95,open_data
2018,2018-10-22,general,25-ward,councillor,21,Scarborough Centre,2018-councillor-21,Ismail Khan,Ismail,Khan,Khan Ismail,c00954,1.0,311,23956,0.012982133912172317,10,11,False,False,False,,0.95,open_data
2018,2018-10-22,general,25-ward,councillor,21,Scarborough Centre,2018-councillor-21,Nur Saifullah,Nur,Saifullah,Saifullah Nur,c01337,1.0,132,23956,0.0055101018533978965,11,11,False,False,False,,0.95,open_data
2018,2018-10-22,general,25-ward,councillor,22,Scarborough-Agincourt,2018-councillor-22,Jim Karygiannis,Jim,Karygiannis,Karygiannis Jim,c01002,1.0,12593,26907,0.4680194744861932,1,7,True,False,True,prior_winner,0.95,open_data
2018,2018-10-22,general,25-ward,councillor,22,Scarborough-Agincourt,2018-councillor-22,Norm Kelly,Norm,Kelly,Kelly Norm,c01090,0.9090908765792847,9944,26907,0.36956925707065075,2,7,False,False,True,prior_winner,0.95,open_data
2018,2018-10-22,general,25-ward,councillor,22,Scarborough-Agincourt,2018-councillor-22,Roland Lin,Roland,Lin,Lin Roland,c01183,1.0,2789,26907,0.10365332441372134,3,7,False,False,False,,0.95,open_data
2018,2018-10-22,general,25-ward,councillor,22,Scarborough-Agincourt,2018-councillor-22,Michael Korzeniewski,Michael,Korzeniewski,Korzeniewski Michael,c01132,1.0,660,26907,0.024528932991414874,4,7,False,False,False,,0.95,open_data
2018,2018-10-22,general,25-ward,councillor,22,Scarborough-Agincourt,2018-councillor-22,Vincent Lee,Vincent,Lee,Lee Vincent,c01171,1.0,597,26907,0.022187534842234364,5,7,False,False,False,,0.95,open_data
2018,2018-10-22,general,25-ward,councillor,22,Scarborough-Agincourt,2018-councillor-22,Jude Coutinho,Jude,Coutinho,Coutinho Jude,c00532,1.0,234,26907,0.008696621696956182,6,7,False,False,False,,0.95,open_data
2018,2018-10-22,general,25-ward,councillor,22,Scarborough-Agincourt,2018-councillor-22,Jason Woychesko,Jason,Woychesko,Woychesko Jason,c00985,1.0,90,26907,0.0033448544988293008,7,7,False,False,False,,0.95,open_data
2018,2018-10-22,general,25-ward,councillor,23,Scarborough North,2018-councillor-23,Cynthia Lai,Cynthia,Lai,Lai Cynthia,c00552,1.0,5589,20688,0.2701566125290023,1,11,True,False,False,,0.95,open_data
2018,2018-10-22,general,25-ward,councillor,23,Scarborough North,2018-councillor-23,Maggie Chi,Maggie,Chi,Chi Maggie,c00436,1.0,4137,20688,0.19997099767981438,2,11,False,False,False,,0.95,open_data
2018,2018-10-22,general,25-ward,councillor,23,Scarborough North,2018-councillor-23,Felicia Samuel,Felicia,Samuel,Samuel Felicia,c00752,1.0,3702,20688,0.17894431554524362,3,11,False,False,False,,0.95,open_data
2018,2018-10-22,general,25-ward,councillor,23,Scarborough North,2018-councillor-23,Neethan Saba,Neethan,Saba,Saba Neethan,c01318,1.0,2808,20688,0.1357308584686775,4,11,False,False,False,,0.95,open_data
2018,2018-10-22,general,25-ward,councillor,23,Scarborough North,2018-councillor-23,James Chow,James,Chow,Chow James,c00452,1.0,1487,20688,0.07187741686001546,5,11,False,False,False,,0.95,open_data
2018,2018-10-22,general,25-ward,councillor,23,Scarborough North,2018-councillor-23,Ashwani Bhardwaj,Ashwani,Bhardwaj,Bhardwaj Ashwani,c00184,1.0,1259,20688,0.06085653518948182,6,11,False,False,False,,0.95,open_data
2018,2018-10-22,general,25-ward,councillor,23,Scarborough North,2018-councillor-23,Sheraz Khan,Sheraz,Khan,Khan Sheraz,c01110,1.0,453,20688,0.021896751740139213,7,11,False,False,False,,0.95,open_data
2018,2018-10-22,general,25-ward,councillor,23,Scarborough North,2018-councillor-23,Dameon Halstead,Dameon,Halstead,Halstead Dameon,c00565,1.0,391,20688,0.01889984532095901,8,11,False,False,False,,0.95,open_data
2018,2018-10-22,general,25-ward,councillor,23,Scarborough North,2018-councillor-23,Mahboob Mian,Mahboob,Mian,Mian Mahboob,c01215,1.0,335,20688,0.016192962103634956,9,11,False,False,False,,0.95,open_data
2018,2018-10-22,general,25-ward,councillor,23,Scarborough North,2018-councillor-23,Sandeep Srivastava,Sandeep,Srivastava,Srivastava Sandeep,c01433,1.0,273,20688,0.013196055684454757,10,11,False,False,False,,0.95,open_data
2018,2018-10-22,general,25-ward,councillor,23,Scarborough North,2018-councillor-23,Anthony Internicola,Anthony,Internicola,Internicola Anthony,c00145,1.0,254,20688,0.012277648878576953,11,11,False,False,False,,0.95,open_data
2018,2018-10-22,general,25-ward,councillor,24,Scarborough-Guildwood,2018-councillor-24,Paul Ainslie,Paul,Ainslie,Ainslie Paul,c00046,1.0,15131,22646,0.668153316258942,1,9,True,False,True,prior_winner,0.95,open_data
2018,2018-10-22,general,25-ward,councillor,24,Scarborough-Guildwood,2018-councillor-24,Michelle Spencer,Michelle,Spencer,Spencer Michelle,c01275,1.0,1933,22646,0.08535723748123289,2,9,False,False,False,,0.95,open_data
2018,2018-10-22,general,25-ward,councillor,24,Scarborough-Guildwood,2018-councillor-24,Priyanth Nallaratnam,Priyanth,Nallaratnam,Nallaratnam Priyanth,c01311,1.0,1896,22646,0.08372339486001942,3,9,False,False,False,,0.95,open_data
2018,2018-10-22,general,25-ward,councillor,24,Scarborough-Guildwood,2018-councillor-24,Reddy Muttukuru,Reddy,Muttukuru,Muttukuru Reddy,c01309,1.0,1323,22646,0.05842091318555153,4,9,False,False,False,,0.95,open_data
2018,2018-10-22,general,25-ward,councillor,24,Scarborough-Guildwood,2018-councillor-24,Sajid Saleh,Sajid,Saleh,Saleh Sajid,c01429,1.0,841,22646,0.03713680120109512,5,9,False,False,False,,0.95,open_data
2018,2018-10-22,general,25-ward,councillor,24,Scarborough-Guildwood,2018-councillor-24,Morlan Washington,Morlan,Washington,Washington Morlan,c01300,1.0,592,22646,0.02614148193941535,6,9,False,False,False,,0.95,open_data
2018,2018-10-22,general,25-ward,councillor,24,Scarborough-Guildwood,2018-councillor-24,Keiosha Ross,Keiosha,Ross,Ross Keiosha,c01085,1.0,405,22646,0.017883953015985162,7,9,False,False,False,,0.95,open_data
2018,2018-10-22,general,25-ward,councillor,24,Scarborough-Guildwood,2018-councillor-24,Emery Warner,Emery,Warner,Warner Emery,c00726,1.0,393,22646,0.017354058111807825,8,9,False,False,False,,0.95,open_data
2018,2018-10-22,general,25-ward,councillor,24,Scarborough-Guildwood,2018-councillor-24,Itohan Evbagharu,Itohan,Evbagharu,Evbagharu Itohan,c00742,1.0,132,22646,0.00582884394595072,9,9,False,False,False,,0.95,open_data
2018,2018-10-22,general,25-ward,councillor,25,Scarborough-Rouge Park,2018-councillor-25,Jennifer Mckelvie,Jennifer,Mckelvie,McKelvie Jennifer,c00996,1.0,11624,28907,0.40211713425813816,1,11,True,False,False,,0.95,open_data
2018,2018-10-22,general,25-ward,councillor,25,Scarborough-Rouge Park,2018-councillor-25,Neethan Shan,Neethan,Shan,Shan Neethan,c01320,1.0,11470,28907,0.3967897049157644,2,11,False,False,True,city_attendance,0.95,open_data
2018,2018-10-22,general,25-ward,councillor,25,Scarborough-Rouge Park,2018-councillor-25,Paul Cookson,Paul,Cookson,Cookson Paul,c00522,1.0,1897,28907,0.06562424326287751,3,11,False,False,False,,0.95,open_data
2018,2018-10-22,general,25-ward,councillor,25,Scarborough-Rouge Park,2018-councillor-25,Amanda Cain,Amanda,Cain,Cain Amanda,c00096,1.0,831,28907,0.028747362230601585,4,11,False,False,False,,0.95,open_data
2018,2018-10-22,general,25-ward,councillor,25,Scarborough-Rouge Park,2018-councillor-25,Cheryl Lewis-Thurab,Cheryl,Lewis-Thurab,Lewis-Thurab Cheryl,c00434,1.0,638,28907,0.02207077870412011,5,11,False,False,False,,0.95,open_data
2018,2018-10-22,general,25-ward,councillor,25,Scarborough-Rouge Park,2018-councillor-25,Reza Khoshdel,Reza,Khoshdel,Khoshdel Reza,c01117,1.0,548,28907,0.018957345971563982,6,11,False,False,False,,0.95,open_data
2018,2018-10-22,general,25-ward,councillor,25,Scarborough-Rouge Park,2018-councillor-25,Daniel Cubellis,Daniel,Cubellis,Cubellis Daniel,c00545,1.0,527,28907,0.01823087833396755,7,11,False,False,False,,0.95,open_data
2018,2018-10-22,general,25-ward,councillor,25,Scarborough-Rouge Park,2018-councillor-25,Christopher Riley,Christopher,Riley,Riley Christopher,c00478,1.0,456,28907,0.01577472584495105,8,11,False,False,False,,0.95,open_data
2018,2018-10-22,general,25-ward,councillor,25,Scarborough-Rouge Park,2018-councillor-25,Joseph Thomas,Joseph,Thomas,Thomas Joseph,c01060,1.0,428,28907,0.01480610232815581,9,11,False,False,False,,0.95,open_data
2018,2018-10-22,general,25-ward,councillor,25,Scarborough-Rouge Park,2018-councillor-25,Jasper Ghori,Jasper,Ghori,Ghori Jasper,c00848,1.0,337,28907,0.01165807589857128,10,11,False,False,False,,0.95,open_data
2018,2018-10-22,general,25-ward,councillor,25,Scarborough-Rouge Park,2018-councillor-25,Dave Madder,Dave,Madder,Madder Dave,c00590,1.0,151,28907,0.005223648251288615,11,11,False,False,False,,0.95,open_data
2018,2018-10-22,general,25-ward,mayor,,,2018-mayor-city,John Tory,John,Tory,Tory John,c01037,1.0,479659,755493,0.6348953597187532,1,35,True,False,True,prior_winner,0.95,open_data
2018,2018-10-22,general,25-ward,mayor,,,2018-mayor-city,Jennifer Keesmaat,Jennifer,Keesmaat,Keesmaat Jennifer,c00995,1.0,178193,755493,0.2358632045564949,2,35,False,False,False,,0.95,open_data
2018,2018-10-22,general,25-ward,mayor,,,2018-mayor-city,Faith Goldy,Faith,Goldy,Goldy Faith,c00744,1.0,25667,755493,0.03397384224605655,3,35,False,False,False,,0.95,open_data
2018,2018-10-22,general,25-ward,mayor,,,2018-mayor-city,Saron Gebresellassi,Saron,Gebresellassi,Gebresellassi Saron,c00826,1.0,15222,755493,0.020148432877604424,4,35,False,False,False,,0.95,open_data
2018,2018-10-22,general,25-ward,mayor,,,2018-mayor-city,Steven Lam,Steven,Lam,Lam Steven,c01152,1.0,5920,755493,0.007835942887624372,5,35,False,False,False,,0.95,open_data
2018,2018-10-22,general,25-ward,mayor,,,2018-mayor-city,Sarah Climenhaga,Sarah,Climenhaga,Climenhaga Sarah,c00495,1.0,4765,755493,0.0063071398411368475,6,35,False,False,False,,0.95,open_data
2018,2018-10-22,general,25-ward,mayor,,,2018-mayor-city,Kevin Clarke,Kevin,Clarke,Clarke Kevin,c00489,1.0,3853,755493,0.005099981071962282,7,35,False,False,False,,0.95,open_data
2018,2018-10-22,general,25-ward,mayor,,,2018-mayor-city,Monowar Hossain,Monowar,Hossain,Hossain Monowar,c00932,1.0,3602,755493,0.004767747682639018,8,35,False,False,False,,0.95,open_data
2018,2018-10-22,general,25-ward,mayor,,,2018-mayor-city,Logan Choy,Logan,Choy,Choy Logan,c00454,1.0,3518,755493,0.004656562006530834,9,35,False,False,False,,0.95,open_data
2018,2018-10-22,general,25-ward,mayor,,,2018-mayor-city,Knia Singh,Knia,Singh,Singh Knia,c01127,1.0,3244,755493,0.00429388492017795,10,35,False,False,False,,0.95,open_data
2018,2018-10-22,general,25-ward,mayor,,,2018-mayor-city,Dobrosav Basaric,Dobrosav,Basaric,Basaric Dobrosav,c00234,1.0,2882,755493,0.00381472760171173,11,35,False,False,False,,0.95,open_data
2018,2018-10-22,general,25-ward,mayor,,,2018-mayor-city,Chris Brosky,Chris,Brosky,Brosky Chris,c00335,1.0,2782,755493,0.00368236370158294,12,35,False,False,False,,0.95,open_data
2018,2018-10-22,general,25-ward,mayor,,,2018-mayor-city,Jim Mcmillan,Jim,Mcmillan,McMillan Jim,c01004,1.0,2422,755493,0.0032058536611192954,13,35,False,False,False,,0.95,open_data
2018,2018-10-22,general,25-ward,mayor,,,2018-mayor-city,Tofazzel Haque,Tofazzel,Haque,Haque Tofazzel,c00906,1.0,2307,755493,0.003053635175971187,14,35,False,False,False,,0.95,open_data
2018,2018-10-22,general,25-ward,mayor,,,2018-mayor-city,Drew Buckingham,Drew,Buckingham,Buckingham Drew,c00351,1.0,1971,755493,0.002608892471538452,15,35,False,False,False,,0.95,open_data
2018,2018-10-22,general,25-ward,mayor,,,2018-mayor-city,Mike Gallay,Mike,Gallay,Gallay Mike,c00807,1.0,1940,755493,0.0025678596624985274,16,35,False,False,False,,0.95,open_data
2018,2018-10-22,general,25-ward,mayor,,,2018-mayor-city,Daryl Christoff,Daryl,Christoff,Christoff Daryl,c00473,1.0,1751,755493,0.002317691891255114,17,35,False,False,False,,0.95,open_data
2018,2018-10-22,general,25-ward,mayor,,,2018-mayor-city,Gautam Nath,Gautam,Nath,Nath Gautam,c00825,1.0,1474,755493,0.0019510438878983657,18,35,False,False,False,,0.95,open_data
2018,2018-10-22,general,25-ward,mayor,,,2018-mayor-city,Christopher Humphrey,Christopher,Humphrey,Humphrey Christopher,c00474,1.0,1428,755493,0.0018901564938391222,19,35,False,False,False,,0.95,open_data
2018,2018-10-22,general,25-ward,mayor,,,2018-mayor-city,Thomas O'Neill,Thomas,O'Neill,O'Neill Thomas,c01340,1.0,1325,755493,0.0017538216767064684,20,35,False,False,False,,0.95,open_data
2018,2018-10-22,general,25-ward,mayor,,,2018-mayor-city,D!Onne Renée,D!Onne,Renée,Renée D!ONNE,c00553,1.0,1280,755493,0.001694257921648513,21,35,False,False,False,,0.95,open_data
2018,2018-10-22,general,25-ward,mayor,,,2018-mayor-city,Brian Buffey,Brian,Buffey,Buffey Brian,c00326,1.0,1275,755493,0.0016876397266420734,22,35,False,False,False,,0.95,open_data
2018,2018-10-22,general,25-ward,mayor,,,2018-mayor-city,Brian Graff,Brian,Graff,Graff Brian,c00329,1.0,1139,755493,0.001507624822466919,23,35,False,False,False,,0.95,open_data
2018,2018-10-22,general,25-ward,mayor,,,2018-mayor-city,Michael Nicula,Michael,Nicula,Nicula Michael,c01263,1.0,1048,755493,0.00138717367334972,24,35,False,False,False,,0.95,open_data
2018,2018-10-22,general,25-ward,mayor,,,2018-mayor-city,Andrzej Kardys,Andrzej,Kardys,Kardys Andrzej,c00128,1.0,1035,755493,0.0013699663663329772,25,35,False,False,False,,0.95,open_data
2018,2018-10-22,general,25-ward,mayor,,,2018-mayor-city,Joseph Pampena,Joseph,Pampena,Pampena Joseph,c01058,1.0,773,755493,0.0010231729479955472,26,35,False,False,False,,0.95,open_data
2018,2018-10-22,general,25-ward,mayor,,,2018-mayor-city,Jakob Vardy,Jakob,Vardy,Vardy Jakob,c00964,1.0,757,755493,0.001001994723974941,27,35,False,False,False,,0.95,open_data
2018,2018-10-22,general,25-ward,mayor,,,2018-mayor-city,Kris Langenfeld,Kris,Langenfeld,Langenfeld Kris,c01134,1.0,695,755493,0.000919929105895091,28,35,False,False,False,,0.95,open_data
2018,2018-10-22,general,25-ward,mayor,,,2018-mayor-city,James Sears,James,Sears,Sears James,c00972,1.0,680,755493,0.0009000745208757725,29,35,False,False,False,,0.95,open_data
2018,2018-10-22,general,25-ward,mayor,,,2018-mayor-city,Chai Kalevar,Chai,Kalevar,Kalevar Chai,c00409,1.0,615,755493,0.000814037985792059,30,35,False,False,False,,0.95,open_data
2018,2018-10-22,general,25-ward,mayor,,,2018-mayor-city,Jack Weenen,Jack,Weenen,Weenen Jack,c00959,1.0,607,755493,0.0008034488737817557,31,35,False,False,False,,0.95,open_data
2018,2018-10-22,general,25-ward,mayor,,,2018-mayor-city,Ion Gelu Vintila,Ion Gelu,Vintila,Vintila Ion Gelu,c00827,1.0,565,755493,0.000747856035727664,32,35,False,False,False,,0.95,open_data
2018,2018-10-22,general,25-ward,mayor,,,2018-mayor-city,Joseph Osuji,Joseph,Osuji,Osuji Joseph,c01057,1.0,486,755493,0.0006432885546259197,33,35,False,False,False,,0.95,open_data
2018,2018-10-22,general,25-ward,mayor,,,2018-mayor-city,Josh Rachlis,Josh,Rachlis,Rachlis Josh,c01065,1.0,337,755493,0.00044606634343402255,34,35,False,False,False,,0.95,open_data
2018,2018-10-22,general,25-ward,mayor,,,2018-mayor-city,Jim Ruel,Jim,Ruel,Ruel Jim,c01007,1.0,276,755493,0.0003653243643554606,35,35,False,False,False,,0.95,open_data
2022,2022-10-24,general,25-ward,councillor,1,Etobicoke North,2022-councillor-1,Vincent Crisanti,Vincent,Crisanti,Crisanti Vincent,c00539,1.0,6815,16595,0.4106658632118108,1,16,True,False,False,,0.95,open_data
2022,2022-10-24,general,25-ward,councillor,1,Etobicoke North,2022-councillor-1,Avtar Minhas,Avtar,Minhas,Minhas Avtar,c00199,1.0,3409,16595,0.20542332027719193,2,16,False,False,False,,0.95,open_data
2022,2022-10-24,general,25-ward,councillor,1,Etobicoke North,2022-councillor-1,Charles Ozzoude,Charles,Ozzoude,Ozzoude Charles,c00424,1.0,1023,16595,0.06164507381741489,3,16,False,False,False,,0.95,open_data
2022,2022-10-24,general,25-ward,councillor,1,Etobicoke North,2022-councillor-1,Subhash Chand,Subhash,Chand,Chand Subhash,c00418,1.0,934,16595,0.05628201265441398,4,16,False,False,False,,0.95,open_data
2022,2022-10-24,general,25-ward,councillor,1,Etobicoke North,2022-councillor-1,Bill Britton,Bill,Britton,Britton Bill,c00275,1.0,805,16595,0.04850858692377222,5,16,False,False,False,,0.95,open_data
2022,2022-10-24,general,25-ward,councillor,1,Etobicoke North,2022-councillor-1,Michelle Garcia,Michelle,Garcia,Garcia Michelle,c00817,1.0,620,16595,0.037360650798433266,6,16,False,False,False,,0.95,open_data
2022,2022-10-24,general,25-ward,councillor,1,Etobicoke North,2022-councillor-1,Kristian Santos,Kristian,Santos,Santos Kristian,c01135,1.0,613,16595,0.036938836999096114,7,16,False,False,False,,0.95,open_data
2022,2022-10-24,general,25-ward,councillor,1,Etobicoke North,2022-councillor-1,Dev Narang,Dev,Narang,Narang Dev,c00654,1.0,436,16595,0.026272973787285325,8,16,False,False,False,,0.95,open_data
2022,2022-10-24,general,25-ward,councillor,1,Etobicoke North,2022-councillor-1,Ricardo Santos,Ricardo,Santos,Santos Ricardo,c01395,1.0,421,16595,0.025369087074420007,9,16,False,False,False,,0.95,open_data
2022,2022-10-24,general,25-ward,councillor,1,Etobicoke North,2022-councillor-1,Abraham Abbey,Abraham,Abbey,Abbey Abraham,c00002,1.0,285,16595,0.017173847544441095,10,16,False,False,False,,0.95,open_data
2022,2022-10-24,general,25-ward,councillor,1,Etobicoke North,2022-councillor-1,Keith Stephen,Keith,Stephen,Stephen Keith,c01086,1.0,282,16595,0.01699307020186803,11,16,False,False,False,,0.95,open_data
2022,2022-10-24,general,25-ward,councillor,1,Etobicoke North,2022-councillor-1,Christopher Noor,Christopher,Noor,Noor Christopher,c00477,1.0,261,16595,0.015727628803856582,12,16,False,False,False,,0.95,open_data
2022,2022-10-24,general,25-ward,councillor,1,Etobicoke North,2022-councillor-1,John Genser,John,Genser,Genser John,c00828,1.0,198,16595,0.011931304609822236,13,16,False,False,False,,0.95,open_data
2022,2022-10-24,general,25-ward,councillor,1,Etobicoke North,2022-councillor-1,Alistair Courtney,Alistair,Courtney,Courtney Alistair,c00083,1.0,185,16595,0.011147936125338957,14,16,False,False,False,,0.95,open_data
2022,2022-10-24,general,25-ward,councillor,1,Etobicoke North,2022-councillor-1,Mohit Sharma,Mohit,Sharma,Sharma Mohit,c01296,1.0,185,16595,0.011147936125338957,14,16,False,False,False,,0.95,open_data
2022,2022-10-24,general,25-ward,councillor,1,Etobicoke North,2022-councillor-1,Donald Pell,Donald,Pell,Pell Donald,c00690,1.0,123,16595,0.007411871045495631,16,16,False,False,False,,0.95,open_data
2022,2022-10-24,general,25-ward,councillor,2,Etobicoke Centre,2022-councillor-2,Stephen Holyday,Stephen,Holyday,Holyday Stephen,c00929,1.0,18559,25678,0.7227587818365916,1,5,True,False,True,prior_winner,0.95,open_data
2022,2022-10-24,general,25-ward,councillor,2,Etobicoke Centre,2022-councillor-2,Thomas Yanuziello,Thomas,Yanuziello,Yanuziello Thomas,c01471,1.0,2653,25678,0.10331801542176182,2,5,False,False,False,,0.95,open_data
2022,2022-10-24,general,25-ward,councillor,2,Etobicoke Centre,2022-councillor-2,Catherine Habus,Catherine,Habus,Habus Catherine,c00404,1.0,2318,25678,0.0902718280239894,3,5,False,False,False,,0.95,open_data
2022,2022-10-24,general,25-ward,councillor,2,Etobicoke Centre,2022-councillor-2,Maryam Hashimi,Maryam,Hashimi,Hashimi Maryam,c00910,1.0,1591,25678,0.06195965417867435,4,5,False,False,False,,0.95,open_data
2022,2022-10-24,general,25-ward,councillor,2,Etobicoke Centre,2022-councillor-2,Sam Raufi,Sam,Raufi,Raufi Sam,c01389,1.0,557,25678,0.021691720538982787,5,5,False,False,False,,0.95,open_data
2022,2022-10-24,general,25-ward,councillor,3,Etobicoke-Lakeshore,2022-councillor-3,Amber Morley,Amber,Morley,Morley Amber,c00099,1.0,15271,32883,0.46440409938265975,1,6,True,False,False,,0.95,open_data
2022,2022-10-24,general,25-ward,councillor,3,Etobicoke-Lakeshore,2022-councillor-3,Mark Grimes,Mark,Grimes,Grimes Mark,c00888,1.0,13258,32883,0.40318705714198827,2,6,False,False,True,prior_winner,0.95,open_data
2022,2022-10-24,general,25-ward,councillor,3,Etobicoke-Lakeshore,2022-councillor-3,Mary Markovic,Mary,Markovic,Markovic Mary,c01234,1.0,2625,32883,0.079828482802664,3,6,False,False,False,,0.95,open_data
2022,2022-10-24,general,25-ward,councillor,3,Etobicoke-Lakeshore,2022-councillor-3,Marco Valle,Marco,Valle,Valle Marco,c01226,1.0,644,32883,0.019584587780920232,4,6,False,False,False,,0.95,open_data
2022,2022-10-24,general,25-ward,councillor,3,Etobicoke-Lakeshore,2022-councillor-3,Bonnie Hu,Bonnie,Hu,Hu Bonnie,c00298,1.0,618,32883,0.018793905665541465,5,6,False,False,False,,0.95,open_data
2022,2022-10-24,general,25-ward,councillor,3,Etobicoke-Lakeshore,2022-councillor-3,Zeynel Ari,Zeynel,Ari,Ari Zeynel,c00162,1.0,467,32883,0.014201867226226317,6,6,False,False,False,,0.95,open_data
2022,2022-10-24,general,25-ward,councillor,4,Parkdale-High Park,2022-councillor-4,Gord Perks,Gord,Perks,Perks Gord,c00871,1.0,11149,31425,0.3547812251392204,1,6,True,False,True,prior_winner,0.95,open_data
2022,2022-10-24,general,25-ward,councillor,4,Parkdale-High Park,2022-councillor-4,Chemi Lhamo,Chemi,Lhamo,Lhamo Chemi,c00430,1.0,9919,31425,0.3156404136833731,2,6,False,False,False,,0.95,open_data
2022,2022-10-24,general,25-ward,councillor,4,Parkdale-High Park,2022-councillor-4,Siri Agrell,Siri,Agrell,Agrell Siri,c00035,1.0,8077,31425,0.25702466189339696,3,6,False,False,False,,0.95,open_data
2022,2022-10-24,general,25-ward,councillor,4,Parkdale-High Park,2022-councillor-4,Christopher Jurik,Christopher,Jurik,Jurik Christopher,c00475,1.0,827,31425,0.026316626889419253,4,6,False,False,False,,0.95,open_data
2022,2022-10-24,general,25-ward,councillor,4,Parkdale-High Park,2022-councillor-4,Steve Yuen,Steve,Yuen,Yuen Steve,c01465,1.0,827,31425,0.026316626889419253,4,6,False,False,False,,0.95,open_data
2022,2022-10-24,general,25-ward,councillor,4,Parkdale-High Park,2022-councillor-4,Andrew Gorham,Andrew,Gorham,Gorham Andrew,c00119,1.0,626,31425,0.019920445505171042,6,6,False,False,False,,0.95,open_data
2022,2022-10-24,general,25-ward,councillor,5,York South-Weston,2022-councillor-5,Frances Nunziata,Frances,Nunziata,Nunziata Frances,c00785,1.0,10077,21167,0.4760712429725516,1,3,True,False,True,prior_winner,0.95,open_data
2022,2022-10-24,general,25-ward,councillor,5,York South-Weston,2022-councillor-5,Chiara Padovani,Chiara,Padovani,Padovani Chiara,c00438,1.0,9983,21167,0.4716303680257004,2,3,False,False,False,,0.95,open_data
2022,2022-10-24,general,25-ward,councillor,5,York South-Weston,2022-councillor-5,Gabriel Takang,Gabriel,Takang,Takang Gabriel,c00803,1.0,1107,21167,0.052298389001748005,3,3,False,False,False,,0.95,open_data
2022,2022-10-24,general,25-ward,councillor,6,York Centre,2022-councillor-6,James Pasternak,James,Pasternak,Pasternak James,c00970,1.0,12187,16574,0.7353083142271027,1,4,True,False,True,prior_winner,0.95,open_data
2022,2022-10-24,general,25-ward,councillor,6,York Centre,2022-councillor-6,Mike Arkin,Mike,Arkin,Arkin Mike,c00166,1.0,1916,16574,0.11560275129721251,2,4,False,False,False,,0.95,open_data
2022,2022-10-24,general,25-ward,councillor,6,York Centre,2022-councillor-6,Hope Schrier,Hope,Schrier,Schrier Hope,c00931,1.0,1292,16574,0.07795342102087607,3,4,False,False,False,,0.95,open_data
2022,2022-10-24,general,25-ward,councillor,6,York Centre,2022-councillor-6,Basil Canning,Basil,Canning,Canning Basil,c00235,1.0,1179,16574,0.07113551345480873,4,4,False,False,False,,0.95,open_data
2022,2022-10-24,general,25-ward,councillor,7,Humber River-Black Creek,2022-councillor-7,Anthony Perruzza,Anthony,Perruzza,Perruzza Anthony,c00146,1.0,8707,14204,0.6129963390594199,1,3,True,False,True,prior_winner,0.95,open_data
2022,2022-10-24,general,25-ward,councillor,7,Humber River-Black Creek,2022-councillor-7,Christopher Mammoliti,Christopher,Mammoliti,Mammoliti Christopher,c00476,1.0,3215,14204,0.22634469163615883,2,3,False,False,False,,0.95,open_data
2022,2022-10-24,general,25-ward,councillor,7,Humber River-Black Creek,2022-councillor-7,Amanda Coombs,Amanda,Coombs,Coombs Amanda,c00097,1.0,2282,14204,0.16065896930442128,3,3,False,False,False,,0.95,open_data
2022,2022-10-24,general,25-ward,councillor,8,Eglinton-Lawrence,2022-councillor-8,Mike Colle,Mike,Colle,Colle Mike,c00508,1.0,17109,24334,0.7030903262924303,1,5,True,False,True,prior_winner,0.95,open_data
2022,2022-10-24,general,25-ward,councillor,8,Eglinton-Lawrence,2022-councillor-8,Evan Sambasivam,Evan,Sambasivam,Sambasivam Evan,c00739,1.0,3447,24334,0.14165365332456645,2,5,False,False,False,,0.95,open_data
2022,2022-10-24,general,25-ward,councillor,8,Eglinton-Lawrence,2022-councillor-8,Wendy Weston,Wendy,Weston,Weston Wendy,c01477,1.0,1990,24334,0.08177858140872853,3,5,False,False,False,,0.95,open_data
2022,2022-10-24,general,25-ward,councillor,8,Eglinton-Lawrence,2022-councillor-8,Philip Davidovits,Philip,Davidovits,Davidovits Philip,c00623,1.0,1275,24334,0.05239582477192406,4,5,False,False,False,,0.95,open_data
2022,2022-10-24,general,25-ward,councillor,8,Eglinton-Lawrence,2022-councillor-8,Domenico Maiolo,Domenico,Maiolo,Maiolo Domenico,c00685,1.0,513,24334,0.02108161420235062,5,5,False,False,False,,0.95,open_data
2022,2022-10-24,general,25-ward,councillor,9,Davenport,2022-councillor-9,Alejandra Bravo,Alejandra,Bravo,Bravo Alejandra,c00065,1.0,17009,24050,0.7072349272349272,1,9,True,False,False,,0.95,open_data
2022,2022-10-24,general,25-ward,councillor,9,Davenport,2022-councillor-9,Grant Gonzales,Grant,Gonzales,Gonzales Grant,c00870,1.0,3192,24050,0.13272349272349274,2,9,False,False,False,,0.95,open_data
2022,2022-10-24,general,25-ward,councillor,9,Davenport,2022-councillor-9,Shaker Jamal,Shaker,Jamal,Jamal Shaker,c00968,1.0,1414,24050,0.058794178794178795,3,9,False,False,False,,0.95,open_data
2022,2022-10-24,general,25-ward,councillor,9,Davenport,2022-councillor-9,Allie Spencer,Allie,Spencer,Spencer Allie,c00087,1.0,882,24050,0.036673596673596674,4,9,False,False,False,,0.95,open_data
2022,2022-10-24,general,25-ward,councillor,9,Davenport,2022-councillor-9,Steven Leca,Steven,Leca,Leca Steven,c01166,1.0,675,24050,0.028066528066528068,5,9,False,False,False,,0.95,open_data
2022,2022-10-24,general,25-ward,councillor,9,Davenport,2022-councillor-9,Simon Fogel,Simon,Fogel,Fogel Simon,c00773,1.0,381,24050,0.015841995841995842,6,9,False,False,False,,0.95,open_data
2022,2022-10-24,general,25-ward,councillor,9,Davenport,2022-councillor-9,Jacob Maydansky,Jacob,Maydansky,Maydansky Jacob,c00961,1.0,207,24050,0.008607068607068608,7,9,False,False,False,,0.95,open_data
2022,2022-10-24,general,25-ward,councillor,9,Davenport,2022-councillor-9,Mosea Houghron,Mosea,Houghron,Houghron Mosea,c00935,1.0,151,24050,0.006278586278586278,8,9,False,False,False,,0.95,open_data
2022,2022-10-24,general,25-ward,councillor,9,Davenport,2022-councillor-9,Lazare Shorter,Lazare,Shorter,Shorter Lazare,c01163,1.0,139,24050,0.00577962577962578,9,9,False,False,False,,0.95,open_data
2022,2022-10-24,general,25-ward,councillor,10,Spadina-Fort York,2022-councillor-10,Ausma Malik,Ausma,Malik,Malik Ausma,c00196,1.0,8033,21978,0.3655018655018655,1,12,True,False,False,,0.95,open_data
2022,2022-10-24,general,25-ward,councillor,10,Spadina-Fort York,2022-councillor-10,April Engelberg,April,Engelberg,Engelberg April,c00155,1.0,4690,21978,0.2133952133952134,2,12,False,False,False,,0.95,open_data
2022,2022-10-24,general,25-ward,councillor,10,Spadina-Fort York,2022-councillor-10,Rocco Achampong,Rocco,Achampong,Achampong Rocco,c00018,1.0,1906,21978,0.08672308672308672,3,12,False,False,False,,0.95,open_data
2022,2022-10-24,general,25-ward,councillor,10,Spadina-Fort York,2022-councillor-10,Peter George,Peter,George,George Peter,c00838,1.0,1757,21978,0.07994357994357994,4,12,False,False,False,,0.95,open_data
2022,2022-10-24,general,25-ward,councillor,10,Spadina-Fort York,2022-councillor-10,Igor Samardzic,Igor,Samardzic,Samardzic Igor,c00948,1.0,1686,21978,0.07671307671307671,5,12,False,False,False,,0.95,open_data
2022,2022-10-24,general,25-ward,councillor,10,Spadina-Fort York,2022-councillor-10,Karlene Nation,Karlene,Nation,Nation Karlene,c01083,1.0,1001,21978,0.045545545545545546,6,12,False,False,False,,0.95,open_data
2022,2022-10-24,general,25-ward,councillor,10,Spadina-Fort York,2022-councillor-10,Stephanie Soltermann,Stephanie,Soltermann,Soltermann Stephanie,c01455,1.0,661,21978,0.030075530075530075,7,12,False,False,False,,0.95,open_data
2022,2022-10-24,general,25-ward,councillor,10,Spadina-Fort York,2022-councillor-10,Arber Puci,Arber,Puci,Puci Arber,c00156,1.0,603,21978,0.027436527436527438,8,12,False,False,False,,0.95,open_data
2022,2022-10-24,general,25-ward,councillor,10,Spadina-Fort York,2022-councillor-10,Laura-Maria Nikolareizi,Laura-Maria,Nikolareizi,Nikolareizi Laura-Maria,c01158,1.0,471,21978,0.021430521430521432,9,12,False,False,False,,0.95,open_data
2022,2022-10-24,general,25-ward,councillor,10,Spadina-Fort York,2022-councillor-10,Kyle Enslen,Kyle,Enslen,Enslen Kyle,c00727,1.0,439,21978,0.019974519974519975,10,12,False,False,False,,0.95,open_data
2022,2022-10-24,general,25-ward,councillor,10,Spadina-Fort York,2022-councillor-10,Robb Cooke,Robb,Cooke,Cooke Robb,c00521,1.0,434,21978,0.019747019747019746,11,12,False,False,False,,0.95,open_data
2022,2022-10-24,general,25-ward,councillor,10,Spadina-Fort York,2022-councillor-10,Andrei Zodian,Andrei,Zodian,Zodian Andrei,c00118,1.0,297,21978,0.013513513513513514,12,12,False,False,False,,0.95,open_data
2022,2022-10-24,general,25-ward,councillor,11,University-Rosedale,2022-councillor-11,Dianne Saxe,Dianne,Saxe,Saxe Dianne,c00673,1.0,8614,24351,0.35374317276497885,1,14,True,False,False,,0.95,open_data
2022,2022-10-24,general,25-ward,councillor,11,University-Rosedale,2022-councillor-11,Pasquale Norm Di,Pasquale Norm,Di,Di Pasquale Norm,c00665,1.0,8491,24351,0.34869204550121147,2,14,False,False,False,,0.95,open_data
2022,2022-10-24,general,25-ward,councillor,11,University-Rosedale,2022-councillor-11,Potts Robin Buxton,Potts Robin,Buxton,Buxton Potts Robin,c00362,1.0,2156,24351,0.08853845837953267,3,14,False,False,True,city_voting,0.9,open_data
2022,2022-10-24,general,25-ward,councillor,11,University-Rosedale,2022-councillor-11,Peter Lovering,Peter,Lovering,Lovering Peter,c01198,1.0,1321,24351,0.05424828549135559,4,14,False,False,False,,0.95,open_data
2022,2022-10-24,general,25-ward,councillor,11,University-Rosedale,2022-councillor-11,Andrew Layman,Andrew,Layman,Layman Andrew,c00122,1.0,683,24351,0.028048129440269392,5,14,False,False,False,,0.95,open_data
2022,2022-10-24,general,25-ward,councillor,11,University-Rosedale,2022-councillor-11,Ann Rohmer,Ann,Rohmer,Rohmer Ann,c00135,1.0,589,24351,0.024187918360642272,6,14,False,False,False,,0.95,open_data
2022,2022-10-24,general,25-ward,councillor,11,University-Rosedale,2022-councillor-11,Adam Golding,Adam,Golding,Golding Adam,c00023,1.0,481,24351,0.019752782226602605,7,14,False,False,False,,0.95,open_data
2022,2022-10-24,general,25-ward,councillor,11,University-Rosedale,2022-councillor-11,Alison Pang,Alison,Pang,Pang Alison,c00082,1.0,465,24351,0.01909572502155969,8,14,False,False,False,,0.95,open_data
2022,2022-10-24,general,25-ward,councillor,11,University-Rosedale,2022-councillor-11,Axel Arvizu,Axel,Arvizu,Arvizu Axel,c00177,1.0,463,24351,0.019013592870929324,9,14,False,False,False,,0.95,open_data
2022,2022-10-24,general,25-ward,councillor,11,University-Rosedale,2022-councillor-11,Diana Yoon,Diana,Yoon,Yoon Diana,c00669,1.0,415,24351,0.017042421255800584,10,14,False,False,False,,0.95,open_data
2022,2022-10-24,general,25-ward,councillor,11,University-Rosedale,2022-councillor-11,Michael Borrelli,Michael,Borrelli,Borrelli Michael,c00306,1.0,245,24351,0.010061188452219622,11,14,False,False,False,,0.95,open_data
2022,2022-10-24,general,25-ward,councillor,11,University-Rosedale,2022-councillor-11,David Fielder,David,Fielder,Fielder David,c00597,1.0,177,24351,0.0072686953307872365,12,14,False,False,False,,0.95,open_data
2022,2022-10-24,general,25-ward,councillor,11,University-Rosedale,2022-councillor-11,Pierre Therrien,Pierre,Therrien,Therrien Pierre,c01366,1.0,169,24351,0.0069401667282657795,13,14,False,False,False,,0.95,open_data
2022,2022-10-24,general,25-ward,councillor,11,University-Rosedale,2022-councillor-11,Heather Shon,Heather,Shon,Shon Heather,c00919,1.0,82,24351,0.0033674181758449346,14,14,False,False,False,,0.95,open_data
2022,2022-10-24,general,25-ward,councillor,12,Toronto-St. Paul's,2022-councillor-12,Josh Matlow,Josh,Matlow,Matlow Josh,c01063,1.0,22670,26782,0.8464640430139646,1,4,True,False,True,prior_winner,0.95,open_data
2022,2022-10-24,general,25-ward,councillor,12,Toronto-St. Paul's,2022-councillor-12,Bryan Ashworth,Bryan,Ashworth,Ashworth Bryan,c00185,1.0,2045,26782,0.07635725487267568,2,4,False,False,False,,0.95,open_data
2022,2022-10-24,general,25-ward,councillor,12,Toronto-St. Paul's,2022-councillor-12,Bob Murphy,Bob,Murphy,Murphy Bob,c00288,1.0,1175,26782,0.043872750354715856,3,4,False,False,False,,0.95,open_data
2022,2022-10-24,general,25-ward,councillor,12,Toronto-St. Paul's,2022-councillor-12,Antonio Corpuz,Antonio,Corpuz,Corpuz Antonio,c00149,1.0,892,26782,0.03330595175864386,4,4,False,False,False,,0.95,open_data
2022,2022-10-24,general,25-ward,councillor,13,Toronto Centre,2022-councillor-13,Chris Moise,Chris,Moise,Moise Chris,c00459,1.0,10457,21568,0.48483864985163205,1,9,True,False,False,,0.95,open_data
2022,2022-10-24,general,25-ward,councillor,13,Toronto Centre,2022-councillor-13,Nicki Ward,Nicki,Ward,Ward Nicki,c01331,1.0,3940,21568,0.1826780415430267,2,9,False,False,False,,0.95,open_data
2022,2022-10-24,general,25-ward,councillor,13,Toronto Centre,2022-councillor-13,Caroline Murphy,Caroline,Murphy,Murphy Caroline,c00392,1.0,2625,21568,0.12170808605341246,3,9,False,False,False,,0.95,open_data
2022,2022-10-24,general,25-ward,councillor,13,Toronto Centre,2022-councillor-13,Colin Johnson,Colin,Johnson,Johnson Colin,c00503,1.0,1087,21568,0.05039873887240356,4,9,False,False,False,,0.95,open_data
2022,2022-10-24,general,25-ward,councillor,13,Toronto Centre,2022-councillor-13,Dan Cortez Manalo,Dan Cortez,Manalo,Manalo Dan Cortez,c00528,1.0,1055,21568,0.04891505934718101,5,9,False,False,False,,0.95,open_data
2022,2022-10-24,general,25-ward,councillor,13,Toronto Centre,2022-councillor-13,Miguel Avila,Miguel,Avila,Avila Miguel,c00198,1.0,1049,21568,0.04863686943620178,6,9,False,False,False,,0.95,open_data
2022,2022-10-24,general,25-ward,councillor,13,Toronto Centre,2022-councillor-13,Ryan Lester,Ryan,Lester,Lester Ryan,c01177,1.0,648,21568,0.030044510385756677,7,9,False,False,False,,0.95,open_data
2022,2022-10-24,general,25-ward,councillor,13,Toronto Centre,2022-councillor-13,Cleveland Marshall,Cleveland,Marshall,Marshall Cleveland,c00493,1.0,400,21568,0.018545994065281898,8,9,False,False,False,,0.95,open_data
2022,2022-10-24,general,25-ward,councillor,13,Toronto Centre,2022-councillor-13,Dev Ramsumair,Dev,Ramsumair,Ramsumair Dev,c00655,1.0,307,21568,0.014234050445103858,9,9,False,False,False,,0.95,open_data
2022,2022-10-24,general,25-ward,councillor,14,Toronto-Danforth,2022-councillor-14,Paula Fletcher,Paula,Fletcher,Fletcher Paula,c00768,1.0,20305,27433,0.740166952210841,1,5,True,False,True,prior_winner,0.95,open_data
2022,2022-10-24,general,25-ward,councillor,14,Toronto-Danforth,2022-councillor-14,Wali Abro,Wali,Abro,Abro Wali,c00014,1.0,1982,27433,0.07224875150366347,2,5,False,False,False,,0.95,open_data
2022,2022-10-24,general,25-ward,councillor,14,Toronto-Danforth,2022-councillor-14,James Dyson,James,Dyson,Dyson James,c00708,1.0,1937,27433,0.07060839135347939,3,5,False,False,False,,0.95,open_data
2022,2022-10-24,general,25-ward,councillor,14,Toronto-Danforth,2022-councillor-14,Denise Walcott,Denise,Walcott,Walcott Denise,c00643,1.0,1740,27433,0.06342725914045128,4,5,False,False,False,,0.95,open_data
2022,2022-10-24,general,25-ward,councillor,14,Toronto-Danforth,2022-councillor-14,Marco John De,Marco John,De,De Marco John,c00630,1.0,1469,27433,0.0535486457915649,5,5,False,False,False,,0.95,open_data
2022,2022-10-24,general,25-ward,councillor,15,Don Valley West,2022-councillor-15,Jaye Robinson,Jaye,Robinson,Robinson Jaye,c00986,1.0,16142,21749,0.7421950434502735,1,4,True,False,True,prior_winner,0.95,open_data
2022,2022-10-24,general,25-ward,councillor,15,Don Valley West,2022-councillor-15,Sheena Sharp,Sheena,Sharp,Sharp Sheena,c01446,1.0,2780,21749,0.12782196882615293,2,4,False,False,False,,0.95,open_data
2022,2022-10-24,general,25-ward,councillor,15,Don Valley West,2022-councillor-15,David Ricci,David,Ricci,Ricci David,c00611,1.0,2438,21749,0.11209710791300749,3,4,False,False,False,,0.95,open_data
2022,2022-10-24,general,25-ward,councillor,15,Don Valley West,2022-councillor-15,Gregory Vaz,Gregory,Vaz,Vaz Gregory,c00886,1.0,389,21749,0.017885879810566004,4,4,False,False,False,,0.95,open_data
2022,2022-10-24,general,25-ward,councillor,16,Don Valley East,2022-councillor-16,Jon Burnside,Jon,Burnside,Burnside Jon,c00359,1.0,8147,18234,0.4468026763189646,1,11,True,False,False,,0.95,open_data
2022,2022-10-24,general,25-ward,councillor,16,Don Valley East,2022-councillor-16,Stephen Ksiazek,Stephen,Ksiazek,Ksiazek Stephen,c01137,1.0,3778,18234,0.20719534934737305,2,11,False,False,False,,0.95,open_data
2022,2022-10-24,general,25-ward,councillor,16,Don Valley East,2022-councillor-16,Jonathan Mousley,Jonathan,Mousley,Mousley Jonathan,c01048,1.0,1282,18234,0.07030821542173961,3,11,False,False,False,,0.95,open_data
2022,2022-10-24,general,25-ward,councillor,16,Don Valley East,2022-councillor-16,Colin Mahovlich,Colin,Mahovlich,Mahovlich Colin,c00505,1.0,1059,18234,0.05807831523527476,4,11,False,False,False,,0.95,open_data
2022,2022-10-24,general,25-ward,councillor,16,Don Valley East,2022-councillor-16,Samina Alim,Samina,Alim,Alim Samina,c00081,1.0,945,18234,0.051826258637709774,5,11,False,False,False,,0.95,open_data
2022,2022-10-24,general,25-ward,councillor,16,Don Valley East,2022-councillor-16,Stella Kargiannakis,Stella,Kargiannakis,Kargiannakis Stella,c01082,1.0,700,18234,0.03838982121311835,6,11,False,False,False,,0.95,open_data
2022,2022-10-24,general,25-ward,councillor,16,Don Valley East,2022-councillor-16,Walter Alvarez-Bardales,Walter,Alvarez-Bardales,Alvarez-Bardales Walter,c00092,1.0,616,18234,0.03378304266754415,7,11,False,False,False,,0.95,open_data
2022,2022-10-24,general,25-ward,councillor,16,Don Valley East,2022-councillor-16,Nick Pachis,Nick,Pachis,Pachis Nick,c01327,1.0,579,18234,0.031753866403422176,8,11,False,False,False,,0.95,open_data
2022,2022-10-24,general,25-ward,councillor,16,Don Valley East,2022-councillor-16,Dimitre Popov,Dimitre,Popov,Popov Dimitre,c00679,1.0,549,18234,0.030108588351431393,9,11,False,False,False,,0.95,open_data
2022,2022-10-24,general,25-ward,councillor,16,Don Valley East,2022-councillor-16,John Simms,John,Simms,Simms John,c01034,0.9090908765792847,410,18234,0.022485466710540747,10,11,False,False,False,,0.95,open_data
2022,2022-10-24,general,25-ward,councillor,16,Don Valley East,2022-councillor-16,George Asimakis,George,Asimakis,Asimakis George,c00186,1.0,169,18234,0.009268399692881431,11,11,False,False,False,,0.95,open_data
2022,2022-10-24,general,25-ward,councillor,17,Don Valley North,2022-councillor-17,Shelley Carroll,Shelley,Carroll,Carroll Shelley,c00396,1.0,12897,17965,0.7178959087113832,1,6,True,False,True,prior_winner,0.95,open_data
2022,2022-10-24,general,25-ward,councillor,17,Don Valley North,2022-councillor-17,Daryl Christoff,Daryl,Christoff,Christoff Daryl,c00473,1.0,2429,17965,0.13520734762037295,2,6,False,False,False,,0.95,open_data
2022,2022-10-24,general,25-ward,councillor,17,Don Valley North,2022-councillor-17,Calvin Xu,Calvin,Xu,Xu Calvin,c00371,1.0,1367,17965,0.07609240189256888,3,6,False,False,False,,0.95,open_data
2022,2022-10-24,general,25-ward,councillor,17,Don Valley North,2022-councillor-17,Angela Lindow,Angela,Lindow,Lindow Angela,c00131,1.0,577,17965,0.032118007236292795,4,6,False,False,False,,0.95,open_data
2022,2022-10-24,general,25-ward,councillor,17,Don Valley North,2022-councillor-17,Justin Knott,Justin,Knott,Knott Justin,c01071,1.0,409,17965,0.022766490397996105,5,6,False,False,False,,0.95,open_data
2022,2022-10-24,general,25-ward,councillor,17,Don Valley North,2022-councillor-17,Sandakie Ekanayake,Sandakie,Ekanayake,Ekanayake Sandakie,c00718,1.0,286,17965,0.015919844141386027,6,6,False,False,False,,0.95,open_data
2022,2022-10-24,general,25-ward,councillor,18,Willowdale,2022-councillor-18,Lily Cheng,Lily,Cheng,Cheng Lily,c00432,1.0,8337,19981,0.41724638406486164,1,4,True,False,False,,0.95,open_data
2022,2022-10-24,general,25-ward,councillor,18,Willowdale,2022-councillor-18,Fehr Markus O'Brien,Fehr Markus,O'Brien,O'Brien Fehr Markus,c00749,1.0,6709,19981,0.33576898053150495,2,4,False,False,False,,0.95,open_data
2022,2022-10-24,general,25-ward,councillor,18,Willowdale,2022-councillor-18,Daniel Lee,Daniel,Lee,Lee Daniel,c00573,1.0,4617,19981,0.23106951604023823,3,4,False,False,False,,0.95,open_data
2022,2022-10-24,general,25-ward,councillor,18,Willowdale,2022-councillor-18,Elham Shahban,Elham,Shahban,Shahban Elham,c00721,1.0,318,19981,0.015915119363395226,4,4,False,False,False,,0.95,open_data
2022,2022-10-24,general,25-ward,councillor,19,Beaches-East York,2022-councillor-19,Brad Bradford,Brad,Bradford,Bradford Brad,c00315,1.0,15169,27728,0.5470643392960185,1,7,True,False,True,prior_winner,0.95,open_data
2022,2022-10-24,general,25-ward,councillor,19,Beaches-East York,2022-councillor-19,Jennie Worden,Jennie,Worden,Worden Jennie,c00994,1.0,6291,27728,0.22688257357184075,2,7,False,False,False,,0.95,open_data
2022,2022-10-24,general,25-ward,councillor,19,Beaches-East York,2022-councillor-19,Adam Smith,Adam,Smith,Smith Adam,c00025,0.8888888359069824,1902,27728,0.06859492210040392,3,7,False,False,False,,0.95,open_data
2022,2022-10-24,general,25-ward,councillor,19,Beaches-East York,2022-councillor-19,Steven Thompson,Steven,Thompson,Thompson Steven,c01466,1.0,1735,27728,0.06257212925562608,4,7,False,False,False,,0.95,open_data
2022,2022-10-24,general,25-ward,councillor,19,Beaches-East York,2022-councillor-19,Frank Marra,Frank,Marra,Marra Frank,c00791,1.0,1460,27728,0.052654356607039814,5,7,False,False,False,,0.95,open_data
2022,2022-10-24,general,25-ward,councillor,19,Beaches-East York,2022-councillor-19,Donna Braniff,Donna,Braniff,Braniff Donna,c00319,1.0,702,27728,0.02531736872475476,6,7,False,False,False,,0.95,open_data
2022,2022-10-24,general,25-ward,councillor,19,Beaches-East York,2022-councillor-19,Sébastien Auger,Sébastien,Auger,Auger Sébastien,c00194,1.0,469,27728,0.016914310444316214,7,7,False,False,False,,0.95,open_data
2022,2022-10-24,general,25-ward,councillor,20,Scarborough Southwest,2022-councillor-20,Gary Crawford,Gary,Crawford,Crawford Gary,c00537,1.0,8216,23428,0.35069148028000685,1,8,True,False,True,prior_winner,0.95,open_data
2022,2022-10-24,general,25-ward,councillor,20,Scarborough Southwest,2022-councillor-20,Parthi Kandavel,Parthi,Kandavel,Kandavel Parthi,c01076,1.0,6936,23428,0.296056001365887,2,8,False,False,False,,0.95,open_data
2022,2022-10-24,general,25-ward,councillor,20,Scarborough Southwest,2022-councillor-20,Kevin Rupasinghe,Kevin,Rupasinghe,Rupasinghe Kevin,c01100,1.0,3208,23428,0.13693016902851288,3,8,False,False,False,,0.95,open_data
2022,2022-10-24,general,25-ward,councillor,20,Scarborough Southwest,2022-councillor-20,Lorenzo Berardinetti,Lorenzo,Berardinetti,Berardinetti Lorenzo,c00254,1.0,2773,23428,0.11836264299129247,4,8,False,False,False,,0.95,open_data
2022,2022-10-24,general,25-ward,councillor,20,Scarborough Southwest,2022-councillor-20,Malik Ahmad,Malik,Ahmad,Ahmad Malik,c00038,1.0,709,23428,0.030262933242274203,5,8,False,False,False,,0.95,open_data
2022,2022-10-24,general,25-ward,councillor,20,Scarborough Southwest,2022-councillor-20,Corey David,Corey,David,David Corey,c00524,1.0,615,23428,0.026250640259518523,6,8,False,False,False,,0.95,open_data
2022,2022-10-24,general,25-ward,councillor,20,Scarborough Southwest,2022-councillor-20,Sharif Ahmed,Sharif,Ahmed,Ahmed Sharif,c00043,1.0,608,23428,0.025951852484206932,7,8,False,False,False,,0.95,open_data
2022,2022-10-24,general,25-ward,councillor,20,Scarborough Southwest,2022-councillor-20,Philip Mills,Philip,Mills,Mills Philip,c01283,1.0,363,23428,0.015494280348301179,8,8,False,False,False,,0.95,open_data
2022,2022-10-24,general,25-ward,councillor,21,Scarborough Centre,2022-councillor-21,Michael Thompson,Michael,Thompson,Thompson Michael,c01268,1.0,9977,18057,0.5525281054438722,1,6,True,False,True,prior_winner,0.95,open_data
2022,2022-10-24,general,25-ward,councillor,21,Scarborough Centre,2022-councillor-21,Muhammad Ayub,Muhammad,Ayub,Ayub Muhammad,c00204,1.0,2478,18057,0.1372320983552085,2,6,False,False,False,,0.95,open_data
2022,2022-10-24,general,25-ward,councillor,21,Scarborough Centre,2022-councillor-21,Paul Beatty,Paul,Beatty,Beatty Paul,c00240,1.0,1857,18057,0.10284100348895166,3,6,False,False,False,,0.95,open_data
2022,2022-10-24,general,25-ward,councillor,21,Scarborough Centre,2022-councillor-21,Kiri Vadivelu,Kiri,Vadivelu,Vadivelu Kiri,c01124,1.0,1800,18057,0.09968433294567204,4,6,False,False,False,,0.95,open_data
2022,2022-10-24,general,25-ward,councillor,21,Scarborough Centre,2022-councillor-21,Hansie Daniel,Hansie,Daniel,Daniel Hansie,c00571,1.0,1375,18057,0.07614775433349948,5,6,False,False,False,,0.95,open_data
2022,2022-10-24,general,25-ward,councillor,21,Scarborough Centre,2022-councillor-21,Luigi Lisciandro,Luigi,Lisciandro,Lisciandro Luigi,c01186,1.0,570,18057,0.03156670543279615,6,6,False,False,False,,0.95,open_data
2022,2022-10-24,general,25-ward,councillor,22,Scarborough-Agincourt,2022-councillor-22,Nick Mantas,Nick,Mantas,Mantas Nick,c01224,1.0,8228,16831,0.48885984195829124,1,6,True,False,True,city_attendance,0.95,open_data
2022,2022-10-24,general,25-ward,councillor,22,Scarborough-Agincourt,2022-councillor-22,Bill Wu,Bill,Wu,Wu Bill,c00278,1.0,3153,16831,0.18733289762937436,2,6,False,False,False,,0.95,open_data
2022,2022-10-24,general,25-ward,councillor,22,Scarborough-Agincourt,2022-councillor-22,Antonios Mantas,Antonios,Mantas,Mantas Antonios,c00151,1.0,1841,16831,0.10938149842552433,3,6,False,False,False,,0.95,open_data
2022,2022-10-24,general,25-ward,councillor,22,Scarborough-Agincourt,2022-councillor-22,Roland Lin,Roland,Lin,Lin Roland,c01183,1.0,1549,16831,0.0920325589685699,4,6,False,False,False,,0.95,open_data
2022,2022-10-24,general,25-ward,councillor,22,Scarborough-Agincourt,2022-councillor-22,Serge Khatchadourian,Serge,Khatchadourian,Khatchadourian Serge,c01114,1.0,1383,16831,0.08216980571564375,5,6,False,False,False,,0.95,open_data
2022,2022-10-24,general,25-ward,councillor,22,Scarborough-Agincourt,2022-councillor-22,Anthony Internicola,Anthony,Internicola,Internicola Anthony,c00145,1.0,677,16831,0.0402233973025964,6,6,False,False,False,,0.95,open_data
2022,2022-10-24,general,25-ward,councillor,23,Scarborough North,2022-councillor-23,Jamaal Myers,Jamaal,Myers,Myers Jamaal,c00966,1.0,5315,10403,0.5109103143324041,1,3,True,False,False,,0.95,open_data
2022,2022-10-24,general,25-ward,councillor,23,Scarborough North,2022-councillor-23,Phillip Francis,Phillip,Francis,Francis Phillip,c00787,1.0,2755,10403,0.26482745361914833,2,3,False,False,False,,0.95,open_data
2022,2022-10-24,general,25-ward,councillor,23,Scarborough North,2022-councillor-23,Virginia Jones,Virginia,Jones,Jones Virginia,c01049,1.0,2333,10403,0.22426223204844756,3,3,False,False,False,,0.95,open_data
2022,2022-10-24,general,25-ward,councillor,24,Scarborough-Guildwood,2022-councillor-24,Paul Ainslie,Paul,Ainslie,Ainslie Paul,c00046,1.0,12483,16313,0.7652179243548091,1,4,True,False,True,prior_winner,0.95,open_data
2022,2022-10-24,general,25-ward,councillor,24,Scarborough-Guildwood,2022-councillor-24,Vivian Parker,Vivian,Parker,Parker Vivian,c01348,1.0,1820,16313,0.1115674615337461,2,4,False,False,False,,0.95,open_data
2022,2022-10-24,general,25-ward,councillor,24,Scarborough-Guildwood,2022-councillor-24,Habiba Desai,Habiba,Desai,Desai Habiba,c00650,1.0,1307,16313,0.08012014957395942,3,4,False,False,False,,0.95,open_data
2022,2022-10-24,general,25-ward,councillor,24,Scarborough-Guildwood,2022-councillor-24,Keiosha Ross,Keiosha,Ross,Ross Keiosha,c01085,1.0,703,16313,0.043094464537485444,4,4,False,False,False,,0.95,open_data
2022,2022-10-24,general,25-ward,councillor,25,Scarborough-Rouge Park,2022-councillor-25,Jennifer Mckelvie,Jennifer,Mckelvie,McKelvie Jennifer,c00996,1.0,14168,19601,0.722820264272231,1,3,True,False,True,prior_winner,0.95,open_data
2022,2022-10-24,general,25-ward,councillor,25,Scarborough-Rouge Park,2022-councillor-25,Jacinta Kanakaratnam,Jacinta,Kanakaratnam,Kanakaratnam Jacinta,c00957,1.0,3449,19601,0.17596041018315392,2,3,False,False,False,,0.95,open_data
2022,2022-10-24,general,25-ward,councillor,25,Scarborough-Rouge Park,2022-councillor-25,Ashan Fernando,Ashan,Fernando,Fernando Ashan,c00179,1.0,1984,19601,0.10121932554461507,3,3,False,False,False,,0.95,open_data
2022,2022-10-24,general,25-ward,mayor,,,2022-mayor-city,John Tory,John,Tory,Tory John,c01037,1.0,342158,551890,0.6199749950171229,1,31,True,False,True,prior_winner,0.95,open_data
2022,2022-10-24,general,25-ward,mayor,,,2022-mayor-city,Gil Penalosa,Gil,Penalosa,Penalosa Gil,c00851,1.0,98525,551890,0.17852289405497473,2,31,False,False,False,,0.95,open_data
2022,2022-10-24,general,25-ward,mayor,,,2022-mayor-city,Chloe-Marie Brown,Chloe-Marie,Brown,Brown Chloe-Marie,c00338,1.0,34821,551890,0.06309409483773941,3,31,False,False,False,,0.95,open_data
2022,2022-10-24,general,25-ward,mayor,,,2022-mayor-city,Blake Acton,Blake,Acton,Acton Blake,c00021,1.0,8893,551890,0.016113718313432026,4,31,False,False,False,,0.95,open_data
2022,2022-10-24,general,25-ward,mayor,,,2022-mayor-city,Sarah Climenhaga,Sarah,Climenhaga,Climenhaga Sarah,c00495,1.0,6729,551890,0.01219264708546993,5,31,False,False,False,,0.95,open_data
2022,2022-10-24,general,25-ward,mayor,,,2022-mayor-city,Tony Luk,Tony,Luk,Luk Tony,c01207,1.0,6662,551890,0.012071246081646706,6,31,False,False,False,,0.95,open_data
2022,2022-10-24,general,25-ward,mayor,,,2022-mayor-city,Jack Yan,Jack,Yan,Yan Jack,c00960,1.0,5585,551890,0.010119770244070377,7,31,False,False,False,,0.95,open_data
2022,2022-10-24,general,25-ward,mayor,,,2022-mayor-city,Stephen Punwasi,Stephen,Punwasi,Punwasi Stephen,c01375,1.0,5236,551890,0.009487397851021036,8,31,False,False,False,,0.95,open_data
2022,2022-10-24,general,25-ward,mayor,,,2022-mayor-city,Kevin Clarke,Kevin,Clarke,Clarke Kevin,c00489,1.0,4333,551890,0.007851202232328906,9,31,False,False,False,,0.95,open_data
2022,2022-10-24,general,25-ward,mayor,,,2022-mayor-city,Reginald Tull,Reginald,Tull,Tull Reginald,c01391,1.0,3935,551890,0.0071300440305133266,10,31,False,False,False,,0.95,open_data
2022,2022-10-24,general,25-ward,mayor,,,2022-mayor-city,Khadijah Jamal,Khadijah,Jamal,Jamal Khadijah,c00967,1.0,3656,551890,0.006624508507130044,11,31,False,False,False,,0.95,open_data
2022,2022-10-24,general,25-ward,mayor,,,2022-mayor-city,Knia Singh,Knia,Singh,Singh Knia,c01127,1.0,3030,551890,0.0054902245012593085,12,31,False,False,False,,0.95,open_data
2022,2022-10-24,general,25-ward,mayor,,,2022-mayor-city,Arjun Gupta,Arjun,Gupta,Gupta Arjun,c00165,1.0,2843,551890,0.005151388863722843,13,31,False,False,False,,0.95,open_data
2022,2022-10-24,general,25-ward,mayor,,,2022-mayor-city,Darren Atkinson,Darren,Atkinson,Atkinson Darren,c00192,1.0,2580,551890,0.004674844624834659,14,31,False,False,False,,0.95,open_data
2022,2022-10-24,general,25-ward,mayor,,,2022-mayor-city,Sandeep Srivastava,Sandeep,Srivastava,Srivastava Sandeep,c01433,1.0,2024,551890,0.0036673974886299804,15,31,False,False,False,,0.95,open_data
2022,2022-10-24,general,25-ward,mayor,,,2022-mayor-city,Robert Hatton,Robert,Hatton,Hatton Robert,c00913,1.0,1918,551890,0.003475330228849952,16,31,False,False,False,,0.95,open_data
2022,2022-10-24,general,25-ward,mayor,,,2022-mayor-city,Monowar Hossain,Monowar,Hossain,Hossain Monowar,c00932,1.0,1840,551890,0.003333997716936346,17,31,False,False,False,,0.95,open_data
2022,2022-10-24,general,25-ward,mayor,,,2022-mayor-city,Phillip D'Cruze,Phillip,D'Cruze,D'Cruze Phillip,c00559,1.0,1695,551890,0.0030712642011995143,18,31,False,False,False,,0.95,open_data
2022,2022-10-24,general,25-ward,mayor,,,2022-mayor-city,Drew Buckingham,Drew,Buckingham,Buckingham Drew,c00351,1.0,1679,551890,0.003042272916704416,19,31,False,False,False,,0.95,open_data
2022,2022-10-24,general,25-ward,mayor,,,2022-mayor-city,Soaad Hossain,Soaad,Hossain,Hossain Soaad,c00933,1.0,1670,551890,0.003025965319175923,20,31,False,False,False,,0.95,open_data
2022,2022-10-24,general,25-ward,mayor,,,2022-mayor-city,D!Onne Renée,D!Onne,Renée,Renée D!ONNE,c00553,1.0,1483,551890,0.002687129681639457,21,31,False,False,False,,0.95,open_data
2022,2022-10-24,general,25-ward,mayor,,,2022-mayor-city,Kyle Schwartz,Kyle,Schwartz,Schwartz Kyle,c01147,1.0,1357,551890,0.002458823316240555,22,31,False,False,False,,0.95,open_data
2022,2022-10-24,general,25-ward,mayor,,,2022-mayor-city,Kris Langenfeld,Kris,Langenfeld,Langenfeld Kris,c01134,1.0,1326,551890,0.0024026527025313017,23,31,False,False,False,,0.95,open_data
2022,2022-10-24,general,25-ward,mayor,,,2022-mayor-city,Elvira Caputolan,Elvira,Caputolan,Caputolan Elvira,c00379,1.0,1280,551890,0.0023193027596078927,24,31,False,False,False,,0.95,open_data
2022,2022-10-24,general,25-ward,mayor,,,2022-mayor-city,Isabella Gamk,Isabella,Gamk,Gamk Isabella,c00811,1.0,1151,551890,0.00208556052836616,25,31,False,False,False,,0.95,open_data
2022,2022-10-24,general,25-ward,mayor,,,2022-mayor-city,Cory Deville,Cory,Deville,Deville Cory,c00529,1.0,1142,551890,0.002069252930837667,26,31,False,False,False,,0.95,open_data
2022,2022-10-24,general,25-ward,mayor,,,2022-mayor-city,Avraham Arrobas,Avraham,Arrobas,Arrobas Avraham,c00172,1.0,942,551890,0.0017068618746489336,27,31,False,False,False,,0.95,open_data
2022,2022-10-24,general,25-ward,mayor,,,2022-mayor-city,Ferin Malek,Ferin,Malek,Malek Ferin,c00758,1.0,939,551890,0.0017014260088061026,28,31,False,False,False,,0.95,open_data
2022,2022-10-24,general,25-ward,mayor,,,2022-mayor-city,John Letonja,John,Letonja,Letonja John,c01021,1.0,859,551890,0.0015564695863306093,29,31,False,False,False,,0.95,open_data
2022,2022-10-24,general,25-ward,mayor,,,2022-mayor-city,Alexey Efimovskikh,Alexey,Efimovskikh,Efimovskikh Alexey,c00076,1.0,844,551890,0.0015292902571164544,30,31,False,False,False,,0.95,open_data
2022,2022-10-24,general,25-ward,mayor,,,2022-mayor-city,Peter Handjis,Peter,Handjis,Handjis Peter,c00903,1.0,755,551890,0.0013680262371124682,31,31,False,False,False,,0.95,open_data
2023,2023-06-26,by_election,25-ward,mayor,,,2023-mayor-city,Olivia Chow,Olivia,Chow,Chow Olivia,c00453,1.0,269372,724638,0.37173319643739355,1,102,True,False,False,,0.9,open_data
2023,2023-06-26,by_election,25-ward,mayor,,,2023-mayor-city,Ana Bailão,Ana,Bailão,Bailão Ana,c00105,1.0,235175,724638,0.3245413572018028,2,102,False,False,False,,0.9,open_data
2023,2023-06-26,by_election,25-ward,mayor,,,2023-mayor-city,Mark Saunders,Mark,Saunders,Saunders Mark,c01230,1.0,62167,724638,0.08579042225221421,3,102,False,False,False,,0.9,open_data
2023,2023-06-26,by_election,25-ward,mayor,,,2023-mayor-city,Anthony Furey,Anthony,Furey,Furey Anthony,c00144,1.0,35899,724638,0.04954059820213679,4,102,False,False,False,,0.9,open_data
2023,2023-06-26,by_election,25-ward,mayor,,,2023-mayor-city,Josh Matlow,Josh,Matlow,Matlow Josh,c01063,1.0,35572,724638,0.0490893384006911,5,102,False,False,True,prior_winner,0.95,open_data
2023,2023-06-26,by_election,25-ward,mayor,,,2023-mayor-city,Mitzie Hunter,Mitzie,Hunter,Hunter Mitzie,c00942,1.0,21229,724638,0.029296007109756873,6,102,False,False,False,,0.9,open_data
2023,2023-06-26,by_election,25-ward,mayor,,,2023-mayor-city,Chloe Brown,Chloe,Brown,Brown Chloe,c00337,1.0,18831,724638,0.02598676856582183,7,102,False,False,False,,0.9,open_data
2023,2023-06-26,by_election,25-ward,mayor,,,2023-mayor-city,Brad Bradford,Brad,Bradford,Bradford Brad,c00315,1.0,9254,724638,0.012770514380973673,8,102,False,False,True,prior_winner,0.95,open_data
2023,2023-06-26,by_election,25-ward,mayor,,,2023-mayor-city,Chris Saccoccia,Chris,Saccoccia,Saccoccia Chris,c00464,1.0,8001,724638,0.011041375141794938,9,102,False,False,False,,0.9,open_data
2023,2023-06-26,by_election,25-ward,mayor,,,2023-mayor-city,Anthony Perruzza,Anthony,Perruzza,Perruzza Anthony,c00146,1.0,3025,724638,0.004174498163220808,10,102,False,False,True,prior_winner,0.95,open_data
2023,2023-06-26,by_election,25-ward,mayor,,,2023-mayor-city,Xiao Hua Gong,Xiao Hua,Gong,Gong Xiao Hua,c00869,1.0,2983,724638,0.004116538188723197,11,102,False,False,False,,0.9,open_data
2023,2023-06-26,by_election,25-ward,mayor,,,2023-mayor-city,Lyall Sanders,Lyall,Sanders,Sanders Lyall,c01208,1.0,2775,724638,0.0038294983150207415,12,102,False,False,False,,0.9,open_data
2023,2023-06-26,by_election,25-ward,mayor,,,2023-mayor-city,Giorgio Mammoliti,Giorgio,Mammoliti,Mammoliti Giorgio,c00853,1.0,1105,724638,0.0015248993290442952,13,102,False,False,False,,0.9,open_data
2023,2023-06-26,by_election,25-ward,mayor,,,2023-mayor-city,Bahira Abdulsalam,Bahira,Abdulsalam,Abdulsalam Bahira,c00010,1.0,913,724638,0.001259939445626644,14,102,False,False,False,,0.9,open_data
2023,2023-06-26,by_election,25-ward,mayor,,,2023-mayor-city,Sharif Ahmed,Sharif,Ahmed,Ahmed Sharif,c00043,1.0,814,724638,0.0011233195057394174,15,102,False,False,False,,0.9,open_data
2023,2023-06-26,by_election,25-ward,mayor,,,2023-mayor-city,Raksheni Sivaneswaran,Raksheni,Sivaneswaran,Sivaneswaran Raksheni,c01381,1.0,779,724638,0.0010750195269914082,16,102,False,False,False,,0.9,open_data
2023,2023-06-26,by_election,25-ward,mayor,,,2023-mayor-city,Dionysios Apostolopoulos,Dionysios,Apostolopoulos,Apostolopoulos Dionysios,c00154,1.0,726,724638,0.001001879559172994,17,102,False,False,False,,0.9,open_data
2023,2023-06-26,by_election,25-ward,mayor,,,2023-mayor-city,Logan Choy,Logan,Choy,Choy Logan,c00454,1.0,695,724638,0.0009590995779961857,18,102,False,False,False,,0.9,open_data
2023,2023-06-26,by_election,25-ward,mayor,,,2023-mayor-city,Toby Heaps,Toby,Heaps,Heaps Toby,c00916,1.0,593,724638,0.0008183396399305585,19,102,False,False,False,,0.9,open_data
2023,2023-06-26,by_election,25-ward,mayor,,,2023-mayor-city,Roland Chan,Roland,Chan,Chan Roland,c00416,1.0,515,724638,0.0007106996872921376,20,102,False,False,False,,0.9,open_data
2023,2023-06-26,by_election,25-ward,mayor,,,2023-mayor-city,Reginald Tull,Reginald,Tull,Tull Reginald,c01391,1.0,482,724638,0.0006651597073297288,21,102,False,False,False,,0.9,open_data
2023,2023-06-26,by_election,25-ward,mayor,,,2023-mayor-city,Rob Davis,Rob,Davis,Davis Rob,c00626,1.0,378,724638,0.0005216397704785009,22,102,False,False,False,,0.9,open_data
2023,2023-06-26,by_election,25-ward,mayor,,,2023-mayor-city,Jamie Atkinson,Jamie,Atkinson,Atkinson Jamie,c00193,1.0,361,724638,0.0004981797808008964,23,102,False,False,False,,0.9,open_data
2023,2023-06-26,by_election,25-ward,mayor,,,2023-mayor-city,Frank D'Amico,Frank,D'Amico,D'Amico Frank,c00555,1.0,357,724638,0.0004926597832296954,24,102,False,False,False,,0.9,open_data
2023,2023-06-26,by_election,25-ward,mayor,,,2023-mayor-city,Gru Jesse Allan,Gru Jesse,Allan,Allan Gru Jesse,c00085,1.0,352,724638,0.00048575978626569404,25,102,False,False,False,,0.9,open_data
2023,2023-06-26,by_election,25-ward,mayor,,,2023-mayor-city,Frank D'Angelo,Frank,D'Angelo,D'Angelo Frank,c00557,1.0,343,724638,0.00047333979173049164,26,102,False,False,False,,0.9,open_data
2023,2023-06-26,by_election,25-ward,mayor,,,2023-mayor-city,Eliazar Bonilla,Eliazar,Bonilla,Bonilla Eliazar,c00297,1.0,310,724638,0.0004277998117680828,27,102,False,False,False,,0.9,open_data
2023,2023-06-26,by_election,25-ward,mayor,,,2023-mayor-city,Heather He,Heather,He,He Heather,c00915,1.0,297,724638,0.00040985981966167934,28,102,False,False,False,,0.9,open_data
2023,2023-06-26,by_election,25-ward,mayor,,,2023-mayor-city,Kiri Vadivelu,Kiri,Vadivelu,Vadivelu Kiri,c01124,1.0,290,724638,0.00040019982391207746,29,102,False,False,False,,0.9,open_data
2023,2023-06-26,by_election,25-ward,mayor,,,2023-mayor-city,Jose Baking,Jose,Baking,Baking Jose,c00213,1.0,284,724638,0.0003919198275552759,30,102,False,False,False,,0.9,open_data
2023,2023-06-26,by_election,25-ward,mayor,,,2023-mayor-city,Romero Danny Chevalier,Romero Danny,Chevalier,Chevalier Romero Danny,c00435,1.0,281,724638,0.00038777982937687505,31,102,False,False,False,,0.9,open_data
2023,2023-06-26,by_election,25-ward,mayor,,,2023-mayor-city,Monica Forrester,Monica,Forrester,Forrester Monica,c00780,1.0,278,724638,0.00038363983119847427,32,102,False,False,False,,0.9,open_data
2023,2023-06-26,by_election,25-ward,mayor,,,2023-mayor-city,Cleveland Marshall,Cleveland,Marshall,Marshall Cleveland,c00493,1.0,270,724638,0.0003725998360560721,33,102,False,False,False,,0.9,open_data
2023,2023-06-26,by_election,25-ward,mayor,,,2023-mayor-city,Kevin Clarke,Kevin,Clarke,Clarke Kevin,c00489,1.0,265,724638,0.0003656998390920708,34,102,False,False,False,,0.9,open_data
2023,2023-06-26,by_election,25-ward,mayor,,,2023-mayor-city,Blake Acton,Blake,Acton,Acton Blake,c00021,1.0,264,724638,0.00036431983969927056,35,102,False,False,False,,0.9,open_data
2023,2023-06-26,by_election,25-ward,mayor,,,2023-mayor-city,Mark Leliever,Mark,Leliever,LeLiever Mark,c01173,1.0,259,724638,0.0003574198427352692,36,102,False,False,False,,0.9,open_data
2023,2023-06-26,by_election,25-ward,mayor,,,2023-mayor-city,Thomas Hall,Thomas,Hall,Hall Thomas,c00900,1.0,258,724638,0.00035603984334246894,37,102,False,False,False,,0.9,open_data
2023,2023-06-26,by_election,25-ward,mayor,,,2023-mayor-city,Asadul Alam,Asadul,Alam,Alam Asadul,c00052,0.8999999761581421,257,724638,0.0003546598439496687,38,102,False,False,False,,0.9,open_data
2023,2023-06-26,by_election,25-ward,mayor,,,2023-mayor-city,Faizul Mohee,Faizul,Mohee,Mohee Faizul,c00745,1.0,255,724638,0.00035189984516406815,39,102,False,False,False,,0.9,open_data
2023,2023-06-26,by_election,25-ward,mayor,,,2023-mayor-city,Celina Caesar-Chavannes,Celina,Caesar-Chavannes,Caesar-Chavannes Celina,c00364,1.0,254,724638,0.00035051984577126784,40,102,False,False,False,,0.9,open_data
2023,2023-06-26,by_election,25-ward,mayor,,,2023-mayor-city,Knia Singh,Knia,Singh,Singh Knia,c01127,1.0,246,724638,0.00033947985062886575,41,102,False,False,False,,0.9,open_data
2023,2023-06-26,by_election,25-ward,mayor,,,2023-mayor-city,Rick Lee,Rick,Lee,Lee Rick,c01169,1.0,241,724638,0.0003325798536648644,42,102,False,False,False,,0.9,open_data
2023,2023-06-26,by_election,25-ward,mayor,,,2023-mayor-city,Emmanuel Acquaye,Emmanuel,Acquaye,Acquaye Emmanuel,c00020,1.0,236,724638,0.0003256798567008631,43,102,False,False,False,,0.9,open_data
2023,2023-06-26,by_election,25-ward,mayor,,,2023-mayor-city,Willie Reodica,Willie,Reodica,Reodica Willie,c01394,1.0,225,724638,0.0003104998633800601,44,102,False,False,False,,0.9,open_data
2023,2023-06-26,by_election,25-ward,mayor,,,2023-mayor-city,Patricia Johnston,Patricia,Johnston,Johnston Patricia,c01045,1.0,217,724638,0.00029945986823765795,45,102,False,False,False,,0.9,open_data
2023,2023-06-26,by_election,25-ward,mayor,,,2023-mayor-city,Gordon Cohen,Gordon,Cohen,Cohen Gordon,c00496,1.0,214,724638,0.00029531987005925717,46,102,False,False,False,,0.9,open_data
2023,2023-06-26,by_election,25-ward,mayor,,,2023-mayor-city,Ben Bankas,Ben,Bankas,Bankas Ben,c00220,1.0,203,724638,0.00028013987673845424,47,102,False,False,False,,0.9,open_data
2023,2023-06-26,by_election,25-ward,mayor,,,2023-mayor-city,Bob Murphy,Bob,Murphy,Murphy Bob,c00288,1.0,203,724638,0.00028013987673845424,47,102,False,False,False,,0.9,open_data
2023,2023-06-26,by_election,25-ward,mayor,,,2023-mayor-city,Feng Gao,Feng,Gao,Gao Feng,c00756,1.0,198,724638,0.0002732398797744529,49,102,False,False,False,,0.9,open_data
2023,2023-06-26,by_election,25-ward,mayor,,,2023-mayor-city,Habiba Desai,Habiba,Desai,Desai Habiba,c00650,1.0,196,724638,0.00027047988098885236,50,102,False,False,False,,0.9,open_data
2023,2023-06-26,by_election,25-ward,mayor,,,2023-mayor-city,Sarah Climenhaga,Sarah,Climenhaga,Climenhaga Sarah,c00495,1.0,195,724638,0.0002690998815960521,51,102,False,False,False,,0.9,open_data
2023,2023-06-26,by_election,25-ward,mayor,,,2023-mayor-city,Darren Atkinson,Darren,Atkinson,Atkinson Darren,c00192,1.0,192,724638,0.0002649598834176513,52,102,False,False,False,,0.9,open_data
2023,2023-06-26,by_election,25-ward,mayor,,,2023-mayor-city,D!Onne Renée,D!Onne,Renée,Renée D!ONNE,c00553,1.0,188,724638,0.0002594398858464502,53,102,False,False,False,,0.9,open_data
2023,2023-06-26,by_election,25-ward,mayor,,,2023-mayor-city,Nathalie Xian Yi Yan,Nathalie Xian Yi,Yan,Yan Nathalie Xian Yi,c01316,1.0,180,724638,0.00024839989070404807,54,102,False,False,False,,0.9,open_data
2023,2023-06-26,by_election,25-ward,mayor,,,2023-mayor-city,Ari Grosman,Ari,Grosman,Grosman Ari,c00160,1.0,177,724638,0.0002442598925256473,55,102,False,False,False,,0.9,open_data
2023,2023-06-26,by_election,25-ward,mayor,,,2023-mayor-city,Paul Collins,Paul,Collins,Collins Paul,c00511,1.0,168,724638,0.00023183989799044488,56,102,False,False,False,,0.9,open_data
2023,2023-06-26,by_election,25-ward,mayor,,,2023-mayor-city,Sandeep Srivastava,Sandeep,Srivastava,Srivastava Sandeep,c01433,1.0,166,724638,0.00022907989920484435,57,102,False,False,False,,0.9,open_data
2023,2023-06-26,by_election,25-ward,mayor,,,2023-mayor-city,Monowar Hossain,Monowar,Hossain,Hossain Monowar,c00932,1.0,164,724638,0.0002263199004192438,58,102,False,False,False,,0.9,open_data
2023,2023-06-26,by_election,25-ward,mayor,,,2023-mayor-city,Norman Macleod,Norman,Macleod,MacLeod Norman,c01212,1.0,163,724638,0.00022493990102644354,59,102,False,False,False,,0.9,open_data
2023,2023-06-26,by_election,25-ward,mayor,,,2023-mayor-city,Jody Williams,Jody,Williams,Williams Jody,c01012,0.8799999952316284,160,724638,0.00022079990284804276,60,102,False,False,False,,0.9,open_data
2023,2023-06-26,by_election,25-ward,mayor,,,2023-mayor-city,Claudette Beals,Claudette,Beals,Beals Claudette,c00239,1.0,151,724638,0.00020837990831284035,61,102,False,False,False,,0.9,open_data
2023,2023-06-26,by_election,25-ward,mayor,,,2023-mayor-city,Mason Carrie,Mason,Carrie,Carrie Mason,c00394,1.0,150,724638,0.00020699990892004006,62,102,False,False,False,,0.9,open_data
2023,2023-06-26,by_election,25-ward,mayor,,,2023-mayor-city,Atef Aly,Atef,Aly,Aly Atef,c00094,1.0,147,724638,0.00020285991074163928,63,102,False,False,False,,0.9,open_data
2023,2023-06-26,by_election,25-ward,mayor,,,2023-mayor-city,Syed Jaffery,Syed,Jaffery,Jaffery Syed,c00962,1.0,147,724638,0.00020285991074163928,63,102,False,False,False,,0.9,open_data
2023,2023-06-26,by_election,25-ward,mayor,,,2023-mayor-city,Kris Langenfeld,Kris,Langenfeld,Langenfeld Kris,c01134,1.0,137,724638,0.0001890599168136366,65,102,False,False,False,,0.9,open_data
2023,2023-06-26,by_election,25-ward,mayor,,,2023-mayor-city,Matti Charlton,Matti,Charlton,Charlton Matti,c00426,1.0,134,724638,0.0001849199186352358,66,102,False,False,False,,0.9,open_data
2023,2023-06-26,by_election,25-ward,mayor,,,2023-mayor-city,Partap Dua Singh,Partap Dua,Singh,Singh Partap Dua,c00700,1.0,132,724638,0.00018215991984963528,67,102,False,False,False,,0.9,open_data
2023,2023-06-26,by_election,25-ward,mayor,,,2023-mayor-city,Samson Deb,Samson,Deb,Deb Samson,c00635,1.0,129,724638,0.00017801992167123447,68,102,False,False,False,,0.9,open_data
2023,2023-06-26,by_election,25-ward,mayor,,,2023-mayor-city,Meir Straus,Meir,Straus,Straus Meir,c01257,1.0,129,724638,0.00017801992167123447,68,102,False,False,False,,0.9,open_data
2023,2023-06-26,by_election,25-ward,mayor,,,2023-mayor-city,Peter Handjis,Peter,Handjis,Handjis Peter,c00903,1.0,127,724638,0.00017525992288563392,70,102,False,False,False,,0.9,open_data
2023,2023-06-26,by_election,25-ward,mayor,,,2023-mayor-city,Steve Mann,Steve,Mann,Mann Steve,c01222,1.0,127,724638,0.00017525992288563392,70,102,False,False,False,,0.9,open_data
2023,2023-06-26,by_election,25-ward,mayor,,,2023-mayor-city,Weizhen Tang,Weizhen,Tang,Tang Weizhen,c01470,1.0,125,724638,0.0001724999241000334,72,102,False,False,False,,0.9,open_data
2023,2023-06-26,by_election,25-ward,mayor,,,2023-mayor-city,David Gulyas,David,Gulyas,Gulyas David,c00602,1.0,120,724638,0.00016559992713603206,73,102,False,False,False,,0.9,open_data
2023,2023-06-26,by_election,25-ward,mayor,,,2023-mayor-city,Michael Lamoureux,Michael,Lamoureux,Lamoureux Michael,c01153,1.0,120,724638,0.00016559992713603206,73,102,False,False,False,,0.9,open_data
2023,2023-06-26,by_election,25-ward,mayor,,,2023-mayor-city,Glen Benway,Glen,Benway,Benway Glen,c00253,1.0,118,724638,0.00016283992835043154,75,102,False,False,False,,0.9,open_data
2023,2023-06-26,by_election,25-ward,mayor,,,2023-mayor-city,John Winter,John,Winter,Winter John,c01040,1.0,118,724638,0.00016283992835043154,75,102,False,False,False,,0.9,open_data
2023,2023-06-26,by_election,25-ward,mayor,,,2023-mayor-city,Michael Jensen,Michael,Jensen,Jensen Michael,c00999,1.0,115,724638,0.00015869993017203073,77,102,False,False,False,,0.9,open_data
2023,2023-06-26,by_election,25-ward,mayor,,,2023-mayor-city,Robert Shusterman,Robert,Shusterman,Shusterman Robert,c01406,1.0,114,724638,0.00015731993077923047,78,102,False,False,False,,0.9,open_data
2023,2023-06-26,by_election,25-ward,mayor,,,2023-mayor-city,Brian Buffey,Brian,Buffey,Buffey Brian,c00326,1.0,113,724638,0.00015593993138643018,79,102,False,False,False,,0.9,open_data
2023,2023-06-26,by_election,25-ward,mayor,,,2023-mayor-city,Scott Furnival,Scott,Furnival,Furnival Scott,c00802,1.0,110,724638,0.0001517999332080294,80,102,False,False,False,,0.9,open_data
2023,2023-06-26,by_election,25-ward,mayor,,,2023-mayor-city,Walayat Khan,Walayat,Khan,Khan Walayat,c01112,1.0,109,724638,0.00015041993381522913,81,102,False,False,False,,0.9,open_data
2023,2023-06-26,by_election,25-ward,mayor,,,2023-mayor-city,Adil Goraya,Adil,Goraya,Goraya Adil,c00031,1.0,104,724638,0.00014351993685122777,82,102,False,False,False,,0.9,open_data
2023,2023-06-26,by_election,25-ward,mayor,,,2023-mayor-city,James Guglielmin,James,Guglielmin,Guglielmin James,c00890,1.0,101,724638,0.000139379938672827,83,102,False,False,False,,0.9,open_data
2023,2023-06-26,by_election,25-ward,mayor,,,2023-mayor-city,Simryn Fenby,Simryn,Fenby,Fenby Simryn,c00754,1.0,97,724638,0.00013385994110162592,84,102,False,False,False,,0.9,open_data
2023,2023-06-26,by_election,25-ward,mayor,,,2023-mayor-city,Cory Deville,Cory,Deville,Deville Cory,c00529,1.0,96,724638,0.00013247994170882566,85,102,False,False,False,,0.9,open_data
2023,2023-06-26,by_election,25-ward,mayor,,,2023-mayor-city,Serge Korovitsyn,Serge,Korovitsyn,Korovitsyn Serge,c01131,1.0,96,724638,0.00013247994170882566,85,102,False,False,False,,0.9,open_data
2023,2023-06-26,by_election,25-ward,mayor,,,2023-mayor-city,Rocco Schipano,Rocco,Schipano,Schipano Rocco,c01413,1.0,94,724638,0.0001297199429232251,87,102,False,False,False,,0.9,open_data
2023,2023-06-26,by_election,25-ward,mayor,,,2023-mayor-city,Brian Graff,Brian,Graff,Graff Brian,c00329,1.0,89,724638,0.00012281994595922377,88,102,False,False,False,,0.9,open_data
2023,2023-06-26,by_election,25-ward,mayor,,,2023-mayor-city,Isabella Gamk,Isabella,Gamk,Gamk Isabella,c00811,1.0,88,724638,0.00012143994656642351,89,102,False,False,False,,0.9,open_data
2023,2023-06-26,by_election,25-ward,mayor,,,2023-mayor-city,Michael Nicula,Michael,Nicula,Nicula Michael,c01263,1.0,88,724638,0.00012143994656642351,89,102,False,False,False,,0.9,open_data
2023,2023-06-26,by_election,25-ward,mayor,,,2023-mayor-city,Jeffery Tunney,Jeffery,Tunney,Tunney Jeffery,c00992,1.0,83,724638,0.00011453994960242218,91,102,False,False,False,,0.9,open_data
2023,2023-06-26,by_election,25-ward,mayor,,,2023-mayor-city,Yuanqian Wei,Yuanqian,Wei,Wei Yuanqian,c01476,1.0,78,724638,0.00010763995263842084,92,102,False,False,False,,0.9,open_data
2023,2023-06-26,by_election,25-ward,mayor,,,2023-mayor-city,John Ransome,John,Ransome,Ransome John,c01031,1.0,75,724638,0.00010349995446002003,93,102,False,False,False,,0.9,open_data
2023,2023-06-26,by_election,25-ward,mayor,,,2023-mayor-city,Mitchell Toye,Mitchell,Toye,Toye Mitchell,c01289,1.0,72,724638,9.935995628161923e-05,94,102,False,False,False,,0.9,open_data
2023,2023-06-26,by_election,25-ward,mayor,,,2023-mayor-city,Phillip D'Cruze,Phillip,D'Cruze,D'Cruze Phillip,c00559,1.0,68,724638,9.383995871041816e-05,95,102,False,False,False,,0.9,open_data
2023,2023-06-26,by_election,25-ward,mayor,,,2023-mayor-city,Walter Rubino,Walter,Rubino,Rubino Walter,c01421,1.0,67,724638,9.24599593176179e-05,96,102,False,False,False,,0.9,open_data
2023,2023-06-26,by_election,25-ward,mayor,,,2023-mayor-city,John Letonja,John,Letonja,Letonja John,c01021,1.0,45,724638,6.209997267601202e-05,97,102,False,False,False,,0.9,open_data
2023,2023-06-26,by_election,25-ward,mayor,,,2023-mayor-city,Sheila Igodan,Sheila,Igodan,Igodan Sheila,c00947,1.0,42,724638,5.795997449761122e-05,98,102,False,False,False,,0.9,open_data
2023,2023-06-26,by_election,25-ward,mayor,,,2023-mayor-city,Jamil Nowwarah,Jamil,Nowwarah,Nowwarah Jamil,c00977,1.0,38,724638,5.2439976926410153e-05,99,102,False,False,False,,0.9,open_data
2023,2023-06-26,by_election,25-ward,mayor,,,2023-mayor-city,Erwin Sniedzins,Erwin,Sniedzins,Sniedzins Erwin,c00735,1.0,38,724638,5.2439976926410153e-05,99,102,False,False,False,,0.9,open_data
2023,2023-06-26,by_election,25-ward,mayor,,,2023-mayor-city,Jack Weenen,Jack,Weenen,Weenen Jack,c00959,1.0,30,724638,4.1399981784008015e-05,101,102,False,False,False,,0.9,open_data
2023,2023-06-26,by_election,25-ward,mayor,,,2023-mayor-city,Daniel Irmya,Daniel,Irmya,Irmya Daniel,c00572,1.0,27,724638,3.725998360560721e-05,102,102,False,False,False,,0.9,open_data
