candidacy_id,target_person_id,decision,confidence,rationale,evidence_urls,reviewer
can_00828ccb087a59149781207e029ea8e4,per_c973b173a3fa5ae582459fed268c3292,unresolved,low,"Official result occurrence is recorded, but no qualifying same-body/office bridge with matching displayed district and party/affiliation was found; exact name alone is insufficient. No same-event/name collision found.",https://www.toronto.ca/city-government/elections/,independent-adjudication-bucket-0
can_016962ee55d05e4197fca97b6819fe03,per_36aa092b9eb3598fa088b3e9e7f7db0f,unresolved,low,"The proposed occurrence is supported by an official results record, but the target's confirmed history is in a different body/office context; exact name alone is insufficient for this identity bridge.",https://results.elections.on.ca/api/report-groups/1/report-outputs/932/csv;https://results.elections.on.ca/api/report-groups/1/report-outputs/925/csv;https://results.elections.on.ca/api/report-groups/1/report-outputs/930/csv,independent-adjudication-bucket-1
can_0178af043dd25e088fcb3547bd6ce0b9,per_bf8eacb276f45a64a9882d56e70154a5,confirmed,high,Official results show the same candidate in the same toronto_district_school_board trustee district (Ward 14) as the confirmed 2018 occurrence; party/affiliation continuity is consistent and no same-event/name collision was found.,https://ckan0.cf.opendata.inter.prod-toronto.ca/dataset/96d35404-44d9-49d8-95bb-fb1e5489240d/resource/3ad371de-7c51-45d3-9ea4-0b4efac5fc2b/download/2022-results.zip;https://ckan0.cf.opendata.inter.prod-toronto.ca/dataset/96d35404-44d9-49d8-95bb-fb1e5489240d/resource/2fcd5f20-90f5-4dd0-88eb-22e978b9bf89/download/2018-results.zip,independent-adjudication-bucket-1
can_0215b89339175bcbb73da91d4323f719,per_2770f48bced55f709680faa319f2868e,unresolved,low,"The proposed occurrence is supported by an official results record, but the target's confirmed history is in a different body/office context; exact name alone is insufficient for this identity bridge.",https://www.elections.ca/res/rep/off/ovr2019app/51/data_donnees/pollresults_resultatsbureau35.zip,independent-adjudication-bucket-1
can_024a723e9f3c5ef0b7791ea7cff2dfa1,per_546a50310fbe5401a126a3864d97fbb3,unresolved,low,"Official result occurrence is recorded, but no qualifying same-body/office bridge with matching displayed district and party/affiliation was found; exact name alone is insufficient. No same-event/name collision found.",https://www.elections.ca/content.aspx?section=res&dir=rep/off/,independent-adjudication-bucket-0
can_026f65d875bd5249903327349def3cf7,per_67fc59512d505e36bf04935cd5245190,unresolved,low,"The proposed occurrence is supported by an official results record, but the target's confirmed history is in a different body/office context; exact name alone is insufficient for this identity bridge.",https://www.elections.ca/scripts/OVR2004/23/data/ON.zip;https://www.elections.ca/scripts/OVR2004/23/data/table12.csv,independent-adjudication-bucket-1
can_02ca424e910f5b1f89a5f5e802577006,per_38dd1bb0840f5a8f8d37a5a33301ee69,unresolved,medium,"The target has a same-body/same-office result with the same name, but the district differs from this occurrence; results alone cannot establish identity across a changed district, so the proposal is held.",https://results.elections.on.ca/api/report-groups/48/report-outputs/1096/csv;https://results.elections.on.ca/api/report-groups/48/report-outputs/1089/csv;https://results.elections.on.ca/api/report-groups/48/report-outputs/1094/csv,independent-adjudication-bucket-1
can_02d534be2a115522bb7c2ffd48769701,per_546a50310fbe5401a126a3864d97fbb3,unresolved,low,"Official result occurrence is recorded, but no qualifying same-body/office bridge with matching displayed district and party/affiliation was found; exact name alone is insufficient. No same-event/name collision found.",https://www.toronto.ca/city-government/elections/,independent-adjudication-bucket-0
can_02e12b4f510054768aaf731a7250630d,per_5542c2a9da75521a8c92b062a2f48b33,unresolved,low,"Official result occurrence is recorded, but no qualifying same-body/office bridge with matching displayed district and party/affiliation was found; exact name alone is insufficient. No same-event/name collision found.",https://www.toronto.ca/city-government/elections/,independent-adjudication-bucket-0
can_035ba3c47a1c5ee0a5865fde06721a2e,per_66eb4d79e82255939ee52ad86a1e1534,unresolved,low,"Official result occurrence is recorded, but no qualifying same-body/office bridge with matching displayed district and party/affiliation was found; exact name alone is insufficient. No same-event/name collision found.",https://www.elections.ca/content.aspx?section=res&dir=rep/off/,independent-adjudication-bucket-0
can_038c7443a17759ec89c75966d7c19fb2,per_b1bd45fca31b5fc89130749dbb6d82aa,unresolved,medium,"The target has a same-body/same-office result with the same name, but the district differs from this occurrence; results alone cannot establish identity across a changed district, so the proposal is held.",https://ckan0.cf.opendata.inter.prod-toronto.ca/dataset/elections-official-results,independent-adjudication-bucket-1
can_03bc037489055dde9a399958f449489e,per_022858fa191a541eaa442dd0e9cefd5d,confirmed,high,Official results show the same candidate in the same toronto_district_school_board trustee district (Ward 18) as the confirmed 2014 occurrence; party/affiliation continuity is consistent and no same-event/name collision was found.,https://ckan0.cf.opendata.inter.prod-toronto.ca/dataset/96d35404-44d9-49d8-95bb-fb1e5489240d/resource/3ad371de-7c51-45d3-9ea4-0b4efac5fc2b/download/2022-results.zip;https://ckan0.cf.opendata.inter.prod-toronto.ca/dataset/96d35404-44d9-49d8-95bb-fb1e5489240d/resource/d59b5a52-33c3-4380-a136-82707e4d9aae/download/2014-results.zip,independent-adjudication-bucket-1
can_03e7fa9b7ff25fdd87b6283a7336053c,per_35aa0facc1595a859fd2e13b969ad839,unresolved,low,"Official result occurrence is recorded, but no qualifying same-body/office bridge with matching displayed district and party/affiliation was found; exact name alone is insufficient. No same-event/name collision found.",https://www.elections.ca/content.aspx?section=res&dir=rep/off/,independent-adjudication-bucket-0
can_0437ac79299457f6a655c0679cae4a9b,per_222e4d620cd457ea89cc741bd6426eca,unresolved,low,"Official result occurrence is recorded, but no qualifying same-body/office bridge with matching displayed district and party/affiliation was found; exact name alone is insufficient. No same-event/name collision found.",https://results.elections.on.ca/en/publications,independent-adjudication-bucket-0
can_046a211bdf565d6a8ad4a5926a4e0aa9,per_0a7d82034a4554c2a6f261128a359a69,unresolved,low,"The proposed occurrence is supported by an official results record, but the target's confirmed history is in a different body/office context; exact name alone is insufficient for this identity bridge.",https://results.elections.on.ca/api/report-groups/48/report-outputs/1096/csv;https://results.elections.on.ca/api/report-groups/48/report-outputs/1089/csv;https://results.elections.on.ca/api/report-groups/48/report-outputs/1094/csv,independent-adjudication-bucket-1
can_049575cca65559529a8f47741934ffb2,per_cfa2a65b47f9546d9c6ee5ac1ceec4b5,unresolved,low,"Official result occurrence is recorded, but no qualifying same-body/office bridge with matching displayed district and party/affiliation was found; exact name alone is insufficient. No same-event/name collision found.",https://www.elections.ca/content.aspx?section=res&dir=rep/off/,independent-adjudication-bucket-2
can_04c005861f385edfa0318a69b17c6bd2,per_147b8bcaa46a51aa91b2eef12f1fa014,unresolved,low,"Official result occurrence is recorded, but no qualifying same-body/office bridge with matching displayed district and party/affiliation was found; exact name alone is insufficient. No same-event/name collision found.",https://www.toronto.ca/city-government/elections/,independent-adjudication-bucket-0
can_053d7b155fa35518a1fba451888a6edb,per_ece5a4b1c23c56e3a844780cdf9ffc4b,unresolved,low,"Official result occurrence is recorded, but no qualifying same-body/office bridge with matching displayed district and party/affiliation was found; exact name alone is insufficient. No same-event/name collision found.",https://www.toronto.ca/city-government/elections/,independent-adjudication-bucket-0
can_056242814697543eb7efbb9df5b7dbf7,per_c4bda40818095aa8928034a09d781f3b,unresolved,low,"The proposed occurrence is supported by an official results record, but the target's confirmed history is in a different body/office context; exact name alone is insufficient for this identity bridge.",https://www.elections.ca/res/rep/off/ovrGE45/62/data_donnees/pollresults_resultatsbureau35.zip,independent-adjudication-bucket-1
can_05c92ecbd5075e69a5f5e70e7ed7ff8c,per_6a772a1058a85f8e889f5e20b50850b2,unresolved,low,"The proposed occurrence is supported by an official results record, but the target's confirmed history is in a different body/office context; exact name alone is insufficient for this identity bridge.",https://results.elections.on.ca/api/report-groups/2/report-outputs/488/csv;https://results.elections.on.ca/api/report-groups/2/report-outputs/481/csv;https://results.elections.on.ca/api/report-groups/2/report-outputs/486/csv,independent-adjudication-bucket-1
can_05f2bf6b96335051bae55978653e078b,per_df061311972e51afa824f3ca403b7ce7,unresolved,low,"The proposed occurrence is supported by an official results record, but the target's confirmed history is in a different body/office context; exact name alone is insufficient for this identity bridge.",https://ckan0.cf.opendata.inter.prod-toronto.ca/dataset/96d35404-44d9-49d8-95bb-fb1e5489240d/resource/2fcd5f20-90f5-4dd0-88eb-22e978b9bf89/download/2018-results.zip,independent-adjudication-bucket-1
can_05fb59e1527c51f6a5b4cb1f8500242f,per_956a8be294385cdd947b0e836f4184be,unresolved,low,"Official result occurrence is recorded, but no qualifying same-body/office bridge with matching displayed district and party/affiliation was found; exact name alone is insufficient. No same-event/name collision found.",https://www.elections.ca/content.aspx?section=res&dir=rep/off/,independent-adjudication-bucket-2
can_060c8be206475ee8904f5af1368add5a,per_fee912e22b015db4b02689f4f26da2bd,unresolved,low,"Official result occurrence is recorded, but no qualifying same-body/office bridge with matching displayed district and party/affiliation was found; exact name alone is insufficient. No same-event/name collision found.",https://www.toronto.ca/city-government/elections/,independent-adjudication-bucket-0
can_064774a3fa9755b69ee37c1eeac543f3,per_19437117d92857d9ac07198a36e10a37,unresolved,medium,"The target has a same-body/same-office result with the same name, but the district differs from this occurrence; results alone cannot establish identity across a changed district, so the proposal is held.",https://ckan0.cf.opendata.inter.prod-toronto.ca/dataset/96d35404-44d9-49d8-95bb-fb1e5489240d/resource/d59b5a52-33c3-4380-a136-82707e4d9aae/download/2014-results.zip,independent-adjudication-bucket-1
can_0686bf92e3f45019b7d36f3ebd3c6521,per_fee912e22b015db4b02689f4f26da2bd,unresolved,low,"Official result occurrence is recorded, but no qualifying same-body/office bridge with matching displayed district and party/affiliation was found; exact name alone is insufficient. No same-event/name collision found.",https://results.elections.on.ca/en/publications,independent-adjudication-bucket-0
can_06a11c9c57f75caa917e751ea03de958,per_0a7d82034a4554c2a6f261128a359a69,unresolved,medium,"The target has a same-body/same-office result with the same name, but the district differs from this occurrence; results alone cannot establish identity across a changed district, so the proposal is held.",https://www.elections.ca/scripts/OVR2011/34/data_donnees/pollresults_resultatsbureau35.zip,independent-adjudication-bucket-1
can_06b52ede8d7a5352a9b3cba08891e914,per_311c6cb209eb58a5b8a7a89d7a6d1497,unresolved,low,"Official result occurrence is recorded, but no qualifying same-body/office bridge with matching displayed district and party/affiliation was found; exact name alone is insufficient. No same-event/name collision found.",https://www.toronto.ca/city-government/elections/,independent-adjudication-bucket-0
can_06c7527165cd5a60ae2dfce717ea194a,per_8a84600de31d56439c7749dddcd6ad2e,unresolved,low,"The proposed occurrence is supported by an official results record, but the target's confirmed history is in a different body/office context; exact name alone is insufficient for this identity bridge.",https://results.elections.on.ca/api/report-groups/45/report-outputs/1050/csv;https://results.elections.on.ca/api/report-groups/45/report-outputs/1043/csv;https://results.elections.on.ca/api/report-groups/45/report-outputs/1048/csv,independent-adjudication-bucket-1
can_07a5231ae59750b2a9ef2dd2b921b73d,per_dd5bab4d673552cf86e230bd8b138521,confirmed,high,"Official result continuity: same body/office, displayed district “Ward 1”, and party/affiliation “non_partisan” match a confirmed candidacy; no same-event/name collision found.",https://www.tcdsb.org/,independent-adjudication-bucket-2
can_07b400e3934858579d15ddde33228ece,per_c2646840648556528945f9763d4aae27,unresolved,low,"Official result occurrence is recorded, but no qualifying same-body/office bridge with matching displayed district and party/affiliation was found; exact name alone is insufficient. No same-event/name collision found.",https://www.toronto.ca/city-government/elections/,independent-adjudication-bucket-0
can_0825ef06a4b555b4bb30a2f7e9e4d184,per_7b66a05627cf557db879bb07990a8aa6,confirmed,high,"Candidate-controlled campaign history and matching first-person biographies explicitly bridge the federal, provincial, and municipal candidacies to the existing Person; no contradictory occurrence or same-event collision was found.",https://www.toronto4life.ca/2014--2018-toronto-city-councillor-municipal-election.html;https://beachmetro.com/2023/11/15/scarborough-southwest-byelection-2023-candidate-anthony-internicola-answers-our-questions/;https://en.votemate.org/canada2019/candidates/2255,council-batch-2-evidence-review
can_0841f52427a05cb3b1aad02eefc6e9f6,per_bcfbb71d06325ab69c98fd92e7da065f,unresolved,low,"Official result occurrence is recorded, but no qualifying same-body/office bridge with matching displayed district and party/affiliation was found; exact name alone is insufficient. No same-event/name collision found.",https://www.tdsb.on.ca/,independent-adjudication-bucket-0
can_0855099408a55b858cfe37e4464a929f,per_1edd1e3c4ca2572ea491719d939021c5,unresolved,low,"Official result occurrence is recorded, but no qualifying same-body/office bridge with matching displayed district and party/affiliation was found; exact name alone is insufficient. No same-event/name collision found.",https://www.elections.ca/content.aspx?section=res&dir=rep/off/,independent-adjudication-bucket-0
can_08652379898f550b8fe8ac2c10afade0,per_be35261e04625433bb723ad991789bd1,unresolved,low,"Official result occurrence is recorded, but no qualifying same-body/office bridge with matching displayed district and party/affiliation was found; exact name alone is insufficient. No same-event/name collision found.",https://www.elections.ca/content.aspx?section=res&dir=rep/off/,independent-adjudication-bucket-2
can_08c57ea696c451f88c7ce1d681168e91,per_8feeabb119355e87b3a8f8f42e8ec3b9,unresolved,low,"Official result occurrence is recorded, but no qualifying same-body/office bridge with matching displayed district and party/affiliation was found; exact name alone is insufficient. No same-event/name collision found.",https://results.elections.on.ca/en/publications,independent-adjudication-bucket-2
can_08f71a39dd4358a399bcbffe091d154c,per_9c36e7ff690d57379982c10a27d3be02,unresolved,low,"Official result occurrence is recorded, but no qualifying same-body/office bridge with matching displayed district and party/affiliation was found; exact name alone is insufficient. No same-event/name collision found.",https://results.elections.on.ca/en/publications,independent-adjudication-bucket-0
can_0911e45f54c45759a1f4afe72bc7e85b,per_7003c6c13d0e5483a2bfe9a210876145,confirmed,high,"Official result continuity: same body/office, displayed district “Ward 1”, and party/affiliation “non_partisan” match a confirmed candidacy; no same-event/name collision found.",https://www.tdsb.on.ca/,independent-adjudication-bucket-2
can_093c91b5c480550ebe5e088954692715,per_837198af1a5d5c99b41f8a0279577da0,unresolved,low,"Official result occurrence is recorded, but no qualifying same-body/office bridge with matching displayed district and party/affiliation was found; exact name alone is insufficient. No same-event/name collision found.",https://www.elections.ca/content.aspx?section=res&dir=rep/off/,independent-adjudication-bucket-0
can_09769e5687995034aee617a56b2260f1,per_4c8a5911f9885151a78e4dc9a5feb8fd,unresolved,low,"The proposed occurrence is supported by an official results record, but the target's confirmed history is in a different body/office context; exact name alone is insufficient for this identity bridge.",https://results.elections.on.ca/api/report-groups/4/report-outputs/510/csv;https://results.elections.on.ca/api/report-groups/4/report-outputs/503/csv;https://results.elections.on.ca/api/report-groups/4/report-outputs/508/csv,independent-adjudication-bucket-1
can_098aaf58122b56ce87e8044db4aea098,per_7667ac68d0685abf8bace21429261af4,unresolved,low,"Official result occurrence is recorded, but no qualifying same-body/office bridge with matching displayed district and party/affiliation was found; exact name alone is insufficient. No same-event/name collision found.",https://results.elections.on.ca/en/publications,independent-adjudication-bucket-0
can_09bab15b9a3952a3bf16b610da5402cd,per_17a3a012347b5d07a5aba45414729366,unresolved,low,"Official result occurrence is recorded, but no qualifying same-body/office bridge with matching displayed district and party/affiliation was found; exact name alone is insufficient. No same-event/name collision found.",https://results.elections.on.ca/en/publications,independent-adjudication-bucket-2
can_09e2fdf5e91451a2b6946229fc785420,per_51d759025cdb5b699415b91f4a43f0d5,unresolved,low,"Official result occurrence is recorded, but no qualifying same-body/office bridge with matching displayed district and party/affiliation was found; exact name alone is insufficient. No same-event/name collision found.",https://www.tdsb.on.ca/,independent-adjudication-bucket-0
can_09eece20c90953eba1f3e307aa759c5c,per_d01f90666b6f5ca8b9b5505e19248b8e,unresolved,low,"Official result occurrence is recorded, but no qualifying same-body/office bridge with matching displayed district and party/affiliation was found; exact name alone is insufficient. No same-event/name collision found.",https://www.elections.ca/content.aspx?section=res&dir=rep/off/,independent-adjudication-bucket-2
can_0a0ec6a21084500391880212c4afecef,per_9e28e6a2b24d557d800532456b906271,unresolved,medium,"The target has a same-body/same-office result with the same name, but the district differs from this occurrence; results alone cannot establish identity across a changed district, so the proposal is held.",https://ckan0.cf.opendata.inter.prod-toronto.ca/dataset/96d35404-44d9-49d8-95bb-fb1e5489240d/resource/3ad371de-7c51-45d3-9ea4-0b4efac5fc2b/download/2022-results.zip,independent-adjudication-bucket-1
can_0a1ea2558dea5042822f4e2236dda46b,per_37f7dad14c375a50af81a0802a124a64,unresolved,low,"Official result occurrence is recorded, but no qualifying same-body/office bridge with matching displayed district and party/affiliation was found; exact name alone is insufficient. No same-event/name collision found.",https://results.elections.on.ca/en/publications,independent-adjudication-bucket-2
can_0a39edf5aae0590da15f809494094c13,per_2ca802ab0bb55224bfa4298f0b12970c,unresolved,low,"Official result occurrence is recorded, but no qualifying same-body/office bridge with matching displayed district and party/affiliation was found; exact name alone is insufficient. No same-event/name collision found.",https://www.toronto.ca/city-government/elections/,independent-adjudication-bucket-0
can_0a41589e224455b68af9a351579e94b6,per_d647c6e710c45134a9f9f19b43378347,unresolved,low,"Official result occurrence is recorded, but no qualifying same-body/office bridge with matching displayed district and party/affiliation was found; exact name alone is insufficient. No same-event/name collision found.",https://results.elections.on.ca/en/publications,independent-adjudication-bucket-0
can_0a6020974b365c40bd6a175802bfa38b,per_e9c195ba937751869154a92d57592773,unresolved,low,"Official result occurrence is recorded, but no qualifying same-body/office bridge with matching displayed district and party/affiliation was found; exact name alone is insufficient. No same-event/name collision found.",https://results.elections.on.ca/en/publications,independent-adjudication-bucket-0
can_0a93b17d655f518f9bd9503e478f44f1,per_ae90d48a1de055d484b5518370c2b1ae,unresolved,low,"Official result occurrence is recorded, but no qualifying same-body/office bridge with matching displayed district and party/affiliation was found; exact name alone is insufficient. No same-event/name collision found.",https://www.elections.ca/content.aspx?section=res&dir=rep/off/,independent-adjudication-bucket-2
can_0ab8f6a4ce795dd9818519bca08626d8,per_f285f0621dbe566cadb4c7cee0d4a752,unresolved,low,"Official result occurrence is recorded, but no qualifying same-body/office bridge with matching displayed district and party/affiliation was found; exact name alone is insufficient. No same-event/name collision found.",https://www.tdsb.on.ca/,independent-adjudication-bucket-0
can_0b04ece4b99d5b8e9a788c077a2bc0fa,per_af9b42612918591ca5bd5d03c1927be5,unresolved,low,"Official result occurrence is recorded, but no qualifying same-body/office bridge with matching displayed district and party/affiliation was found; exact name alone is insufficient. No same-event/name collision found.",https://www.elections.ca/content.aspx?section=res&dir=rep/off/,independent-adjudication-bucket-0
can_0b40f570d25c589a985a4d00a90a7e07,per_4de6ed98e00f5891b666a99ff4fd9c15,unresolved,low,"The proposed occurrence is supported by an official results record, but the target's confirmed history is in a different body/office context; exact name alone is insufficient for this identity bridge.",https://ckan0.cf.opendata.inter.prod-toronto.ca/dataset/elections-official-results,independent-adjudication-bucket-1
can_0b752cb1341b5007a786de6f2766bfd2,per_78fd07f017e055fdb6645ef054d4f86a,unresolved,low,"Official result occurrence is recorded, but no qualifying same-body/office bridge with matching displayed district and party/affiliation was found; exact name alone is insufficient. No same-event/name collision found.",https://www.tcdsb.org/,independent-adjudication-bucket-2
can_0bbe7a78b54b5f61a34065bbf25192a5,per_6a1afa9bb527562a9570f4baf11efc6e,confirmed,high,Official results show the same candidate in the same ontario_legislative_assembly mpp district (St. Paul's) as the confirmed 2003 occurrence; party/affiliation continuity is consistent and no same-event/name collision was found.,https://results.elections.on.ca/api/report-groups/4/report-outputs/510/csv;https://results.elections.on.ca/api/report-groups/4/report-outputs/503/csv;https://results.elections.on.ca/api/report-groups/4/report-outputs/508/csv;https://results.elections.on.ca/api/report-groups/5/report-outputs/521/csv;https://results.elections.on.ca/api/report-groups/5/report-outputs/514/csv;https://results.elections.on.ca/api/report-groups/5/report-outputs/519/csv,independent-adjudication-bucket-1
can_0c29223206985ba7b4e34e905d776199,per_1f99fbadd9165d50bd173574d7657f4e,unresolved,low,"Official result occurrence is recorded, but no qualifying same-body/office bridge with matching displayed district and party/affiliation was found; exact name alone is insufficient. No same-event/name collision found.",https://www.toronto.ca/city-government/elections/,independent-adjudication-bucket-2
can_0c44fdd640f055caa09f763ce91b36c9,per_563490cf54425af0a1b5b828727dd501,unresolved,low,"Official result occurrence is recorded, but no qualifying same-body/office bridge with matching displayed district and party/affiliation was found; exact name alone is insufficient. No same-event/name collision found.",https://results.elections.on.ca/en/publications,independent-adjudication-bucket-2
can_0c5809f5918a5cbf8c82490948d74118,per_79a08135fe27563791ae43729dded417,unresolved,medium,"The target has a same-body/same-office result with the same name, but the district differs from this occurrence; results alone cannot establish identity across a changed district, so the proposal is held.",https://results.elections.on.ca/api/report-groups/4/report-outputs/510/csv;https://results.elections.on.ca/api/report-groups/4/report-outputs/503/csv;https://results.elections.on.ca/api/report-groups/4/report-outputs/508/csv,independent-adjudication-bucket-1
can_0c7f01f2f5175ff8af6dee6ecfcae719,per_7387324d5432540fbe0d3d2772e6eb48,unresolved,low,"The proposed occurrence is supported by an official results record, but the target's confirmed history is in a different body/office context; exact name alone is insufficient for this identity bridge.",https://www.elections.ca/scripts/OVR2008/31/data/pollresults_resultatsbureau35.zip,independent-adjudication-bucket-1
can_0c98702a96eb5c87bf47fb6ab98873f4,per_cf67e953cc5d5813be347c92214ea37d,unresolved,low,"Official result occurrence is recorded, but no qualifying same-body/office bridge with matching displayed district and party/affiliation was found; exact name alone is insufficient. No same-event/name collision found.",https://www.tdsb.on.ca/,independent-adjudication-bucket-2
can_0cd830441bb059bab3011ae788b8401e,per_7437d8503d715996aeb65671032da866,unresolved,low,"The target has confirmed activity in the same represented body, but not a matching office/district occurrence; exact name is insufficient across offices, so the proposal is held.",https://ckan0.cf.opendata.inter.prod-toronto.ca/dataset/elections-official-results,independent-adjudication-bucket-1
can_0cf00735eb5b57b58f07808eb9ac8179,per_e7c84473fc1759b49f35d74fbf26a6bd,unresolved,low,"Official result occurrence is recorded, but no qualifying same-body/office bridge with matching displayed district and party/affiliation was found; exact name alone is insufficient. No same-event/name collision found.",https://www.elections.ca/content.aspx?section=res&dir=rep/off/,independent-adjudication-bucket-0
can_0d3a7e78c07d5748ac0f0d9902bd153a,per_5853689b88db555ca8a9431a01bdd81a,unresolved,low,"Official result occurrence is recorded, but no qualifying same-body/office bridge with matching displayed district and party/affiliation was found; exact name alone is insufficient. No same-event/name collision found.",https://results.elections.on.ca/en/publications,independent-adjudication-bucket-0
can_0d3d22121f125aaf8b8c50d8249cd8ad,per_02e1241d551453eca03dcc3e2de3c480,unresolved,low,"Official result occurrence is recorded, but no qualifying same-body/office bridge with matching displayed district and party/affiliation was found; exact name alone is insufficient. No same-event/name collision found.",https://www.toronto.ca/city-government/elections/,independent-adjudication-bucket-2
can_0ecbab8bfc59568da28f01bf8f3da9c0,per_ff11c06004f758998ecbea5c6c9ed0a0,confirmed,high,"Official result continuity: same body/office, displayed district “Ward 7”, and party/affiliation “non_partisan” match a confirmed candidacy; no same-event/name collision found.",https://www.toronto.ca/city-government/elections/,independent-adjudication-bucket-2
can_0f102ca366415f77acb58b66ac0c55c7,per_46779385ba305d05b1ac1b31a7e7f8a4,unresolved,low,"The proposed occurrence is supported by an official results record, but the target's confirmed history is in a different body/office context; exact name alone is insufficient for this identity bridge.",https://results.elections.on.ca/api/report-groups/48/report-outputs/1096/csv;https://results.elections.on.ca/api/report-groups/48/report-outputs/1089/csv;https://results.elections.on.ca/api/report-groups/48/report-outputs/1094/csv,independent-adjudication-bucket-1
can_0f1e24fb6b2f5c238efffbfe2f59faf4,per_ff11c06004f758998ecbea5c6c9ed0a0,unresolved,low,"Official result occurrence is recorded, but no qualifying same-body/office bridge with matching displayed district and party/affiliation was found; exact name alone is insufficient. No same-event/name collision found.",https://results.elections.on.ca/en/publications,independent-adjudication-bucket-2
can_0f4202e7c3995ecd8cbe30fa1a676ad4,per_2ca802ab0bb55224bfa4298f0b12970c,unresolved,low,"Official result occurrence is recorded, but no qualifying same-body/office bridge with matching displayed district and party/affiliation was found; exact name alone is insufficient. No same-event/name collision found.",https://www.elections.ca/content.aspx?section=res&dir=rep/off/,independent-adjudication-bucket-0
can_0fa3d2d74b485f3eaf1658b1f320c393,per_f3c2f90a4fd0506991cc77e026e1126a,unresolved,low,"Official result occurrence is recorded, but no qualifying same-body/office bridge with matching displayed district and party/affiliation was found; exact name alone is insufficient. No same-event/name collision found.",https://www.tcdsb.org/,independent-adjudication-bucket-0
can_10272de08c315e7e8b1b7e38791b8de5,per_166cacef70bd5bd4b69f66b2e3318e4a,unresolved,low,"Official result occurrence is recorded, but no qualifying same-body/office bridge with matching displayed district and party/affiliation was found; exact name alone is insufficient. No same-event/name collision found.",https://www.tdsb.on.ca/,independent-adjudication-bucket-0
can_10a662ca127651caaf6b1b7df3bd6da9,per_e7567d45d54950beaf2ae91527a82ebf,unresolved,low,"Official result occurrence is recorded, but no qualifying same-body/office bridge with matching displayed district and party/affiliation was found; exact name alone is insufficient. No same-event/name collision found.",https://results.elections.on.ca/en/publications,independent-adjudication-bucket-2
can_10b7ae4c81cc5e1982c5e91eea050fa0,per_982a63e06b42518892b172d5fad100f4,unresolved,low,"Official result occurrence is recorded, but no qualifying same-body/office bridge with matching displayed district and party/affiliation was found; exact name alone is insufficient. No same-event/name collision found.",https://www.toronto.ca/city-government/elections/,independent-adjudication-bucket-2
can_1101a1fd643552a6a3e0e761dd4bb074,per_17b1ba87b5485b119fe64b2c6684317a,unresolved,low,"The proposed occurrence is supported by an official results record, but the target's confirmed history is in a different body/office context; exact name alone is insufficient for this identity bridge.",https://results.elections.on.ca/api/report-groups/45/report-outputs/1050/csv;https://results.elections.on.ca/api/report-groups/45/report-outputs/1043/csv;https://results.elections.on.ca/api/report-groups/45/report-outputs/1048/csv,independent-adjudication-bucket-1
can_113a362e91ed50a99079f0b1a487736c,per_4ccbf46e79ae5ec68405ab3b932771b1,unresolved,low,"Official result occurrence is recorded, but no qualifying same-body/office bridge with matching displayed district and party/affiliation was found; exact name alone is insufficient. No same-event/name collision found.",https://www.tcdsb.org/,independent-adjudication-bucket-2
can_1217bfcb3e4b57738e44c31c71f128e1,per_854ac5ba2c075e978b72a56edbb90cef,unresolved,low,"The proposed occurrence is supported by an official results record, but the target's confirmed history is in a different body/office context; exact name alone is insufficient for this identity bridge.",https://results.elections.on.ca/api/report-groups/2/report-outputs/488/csv;https://results.elections.on.ca/api/report-groups/2/report-outputs/481/csv;https://results.elections.on.ca/api/report-groups/2/report-outputs/486/csv,independent-adjudication-bucket-1
can_125703e5b5ee5b9e9c5300e26ffb8a56,per_9ec0303dc6b659d1b698694e9184a0a8,unresolved,low,"Official result occurrence is recorded, but no qualifying same-body/office bridge with matching displayed district and party/affiliation was found; exact name alone is insufficient. No same-event/name collision found.",https://www.toronto.ca/city-government/elections/,independent-adjudication-bucket-2
can_127d1719b4ab58e0a5c111c6c16a1232,per_57886ab346255d2fb7f769a5ae8f03f0,confirmed,high,Official results show the same candidate in the same toronto_catholic_district_school_board trustee district (Ward 2) as the confirmed 2003 occurrence; party/affiliation continuity is consistent and no same-event/name collision was found.,https://ckan0.cf.opendata.inter.prod-toronto.ca/dataset/96d35404-44d9-49d8-95bb-fb1e5489240d/resource/3fb1227c-a279-4523-a1aa-f00190ba717f/download/2006-results.zip;https://ckan0.cf.opendata.inter.prod-toronto.ca/dataset/96d35404-44d9-49d8-95bb-fb1e5489240d/resource/1ed53c9d-a316-465e-96ce-e72be74f8aa9/download/2003-results.zip,independent-adjudication-bucket-1
can_12b78e8751935dc9b823f2fa7bacf716,per_57ce819a197e5fec897dd6758ac099cf,unresolved,low,"Official result occurrence is recorded, but no qualifying same-body/office bridge with matching displayed district and party/affiliation was found; exact name alone is insufficient. No same-event/name collision found.",https://results.elections.on.ca/en/publications,independent-adjudication-bucket-0
can_12d609f64ded53ed97a00290b25d0dec,per_906af205b4ec5f849f79a14ca99c7300,unresolved,low,"Official result occurrence is recorded, but no qualifying same-body/office bridge with matching displayed district and party/affiliation was found; exact name alone is insufficient. No same-event/name collision found.",https://results.elections.on.ca/en/publications,independent-adjudication-bucket-2
can_12dba48db92c53f3b6ae107a51966b85,per_e5f7c88c222a509688591661ac39767b,unresolved,low,"Official result occurrence is recorded, but no qualifying same-body/office bridge with matching displayed district and party/affiliation was found; exact name alone is insufficient. No same-event/name collision found.",https://www.elections.ca/content.aspx?section=res&dir=rep/off/,independent-adjudication-bucket-0
can_12e1fc81bbcb501eb1bd0eb92d14c08f,per_24e4f4fc217c5db6849d74005b7bcfce,unresolved,low,"Official result occurrence is recorded, but no qualifying same-body/office bridge with matching displayed district and party/affiliation was found; exact name alone is insufficient. No same-event/name collision found.",https://results.elections.on.ca/en/publications,independent-adjudication-bucket-0
can_139ca14401bd5ab5b32ebc2e1f9b5e23,per_30b56ef985505b0a9974c42454e6ec75,unresolved,low,"The proposed occurrence is supported by an official results record, but the target's confirmed history is in a different body/office context; exact name alone is insufficient for this identity bridge.",https://www.elections.ca/res/rep/off/ovr2021app/53/data_donnees/pollresults_resultatsbureau35.zip,independent-adjudication-bucket-1
can_13af1628453c5c6399267578b01380ce,per_06c593495da95ae0ab273e23c22b243f,unresolved,low,"The proposed occurrence is supported by an official results record, but the target's confirmed history is in a different body/office context; exact name alone is insufficient for this identity bridge.",https://results.elections.on.ca/api/report-groups/4/report-outputs/510/csv;https://results.elections.on.ca/api/report-groups/4/report-outputs/503/csv;https://results.elections.on.ca/api/report-groups/4/report-outputs/508/csv,independent-adjudication-bucket-1
can_13b625e1a48852a1a52becee0664fe66,per_b8edeb08180855638cf9958d3da74b28,unresolved,low,"Official result occurrence is recorded, but no qualifying same-body/office bridge with matching displayed district and party/affiliation was found; exact name alone is insufficient. No same-event/name collision found.",https://www.toronto.ca/city-government/elections/,independent-adjudication-bucket-0
can_13f1b94743ab5c0e9f1ec12e25b0305e,per_0a7d82034a4554c2a6f261128a359a69,unresolved,low,"The proposed occurrence is supported by an official results record, but the target's confirmed history is in a different body/office context; exact name alone is insufficient for this identity bridge.",https://results.elections.on.ca/api/report-groups/3/report-outputs/499/csv;https://results.elections.on.ca/api/report-groups/3/report-outputs/492/csv;https://results.elections.on.ca/api/report-groups/3/report-outputs/497/csv,independent-adjudication-bucket-1
can_143224caef615e8bb12a8da040c61226,per_cc9a4e06fc1758dfa41c2c0812b3b194,confirmed,high,"Official result continuity: same body/office, displayed district “Ward 20 — Scarborough Southwest”, and party/affiliation “non_partisan” match a confirmed candidacy; no same-event/name collision found.",https://www.toronto.ca/city-government/elections/,independent-adjudication-bucket-2
can_146bb6a90bec54569862f99cbb327e46,per_ace9396f014150ff94149657a1e256ab,confirmed,high,"A 2015 profile explicitly connects the federal candidacy to the 2014 TDSB run, while later profiles repeat the same distinctive education, teaching, spouse, and family details across the 2018 and 2021 occurrences.",https://gleanernews.ca/page/120/;https://www.youcount.ca/candidates/3935,council-batch-2-evidence-review
can_14fc3bff7c6a52a491b57e1949ecfb91,per_5903ae015a9e52259eb7b89b21d09855,unresolved,low,"Official result occurrence is recorded, but no qualifying same-body/office bridge with matching displayed district and party/affiliation was found; exact name alone is insufficient. No same-event/name collision found.",https://www.toronto.ca/city-government/elections/,independent-adjudication-bucket-2
can_15006fa79b5d59eebfc3c3fa525a4989,per_0dc4a5c8fe3251b7927d6f7f417e8f1a,unresolved,low,"Official result occurrence is recorded, but no qualifying same-body/office bridge with matching displayed district and party/affiliation was found; exact name alone is insufficient. No same-event/name collision found.",https://www.toronto.ca/city-government/elections/,independent-adjudication-bucket-2
can_15023bf143375359b5a7d8910bf3b785,per_d1cba76fb5ec5c9a9bf3d280053bee28,unresolved,low,"The proposed occurrence is supported by an official results record, but the target's confirmed history is in a different body/office context; exact name alone is insufficient for this identity bridge.",https://results.elections.on.ca/api/report-groups/3/report-outputs/499/csv;https://results.elections.on.ca/api/report-groups/3/report-outputs/492/csv;https://results.elections.on.ca/api/report-groups/3/report-outputs/497/csv,independent-adjudication-bucket-1
can_1504f76fec1052299203a212d3fb7f45,per_60ca0cd8bf5a5be4b53dec2fcd06beb4,unresolved,medium,"The target has a same-body/same-office result with the same name, but the district differs from this occurrence; results alone cannot establish identity across a changed district, so the proposal is held.",https://ckan0.cf.opendata.inter.prod-toronto.ca/dataset/elections-official-results,independent-adjudication-bucket-1
can_1542a8e7b6f25b9abf933698b877dbf6,per_35a74b64eea251898e6dec4a1aa09483,unresolved,low,"Official result occurrence is recorded, but no qualifying same-body/office bridge with matching displayed district and party/affiliation was found; exact name alone is insufficient. No same-event/name collision found.",https://www.tdsb.on.ca/,independent-adjudication-bucket-0
can_1582e4fb141256a998fb267d48a4063b,per_205383728e5c5198ac4afe12dbdb00da,unresolved,low,"Official result occurrence is recorded, but no qualifying same-body/office bridge with matching displayed district and party/affiliation was found; exact name alone is insufficient. No same-event/name collision found.",https://www.elections.ca/content.aspx?section=res&dir=rep/off/,independent-adjudication-bucket-0
can_159718ddaafc584c97a25156dcf8624c,per_546a50310fbe5401a126a3864d97fbb3,unresolved,low,"Official result occurrence is recorded, but no qualifying same-body/office bridge with matching displayed district and party/affiliation was found; exact name alone is insufficient. No same-event/name collision found.",https://www.elections.ca/content.aspx?section=res&dir=rep/off/,independent-adjudication-bucket-0
can_1597747933f25f85a829dad9fc5811db,per_d8df96fd59ef5d1e91a7f24d60e2120b,unresolved,low,"Official result occurrence is recorded, but no qualifying same-body/office bridge with matching displayed district and party/affiliation was found; exact name alone is insufficient. No same-event/name collision found.",https://www.toronto.ca/city-government/elections/,independent-adjudication-bucket-2
can_16408e6810715e90b32501e04aaec668,per_e5f7c88c222a509688591661ac39767b,unresolved,low,"Official result occurrence is recorded, but no qualifying same-body/office bridge with matching displayed district and party/affiliation was found; exact name alone is insufficient. No same-event/name collision found.",https://www.elections.ca/content.aspx?section=res&dir=rep/off/,independent-adjudication-bucket-0
can_16b1c4141f9a55d5a7c47069236d95c6,per_19b23979e5bf50839692b80a10e3213a,unresolved,low,"The proposed occurrence is supported by an official results record, but the target's confirmed history is in a different body/office context; exact name alone is insufficient for this identity bridge.",https://www.elections.ca/res/rep/off/ovr_2020/52/data_donnees/pollresults_resultatsbureau35108.csv,independent-adjudication-bucket-1
can_16b1db3ed40b5ad68c908f2dc1d40ab5,per_ab5e139b6f9f57bea985527dbf2dff04,unresolved,low,"Official result occurrence is recorded, but no qualifying same-body/office bridge with matching displayed district and party/affiliation was found; exact name alone is insufficient. No same-event/name collision found.",https://www.elections.ca/content.aspx?section=res&dir=rep/off/,independent-adjudication-bucket-2
can_16b8d2d158545d95afa2c55482baee9f,per_c4b0ed94a3c35d64ae0f0671db24b11c,unresolved,low,"Official result occurrence is recorded, but no qualifying same-body/office bridge with matching displayed district and party/affiliation was found; exact name alone is insufficient. No same-event/name collision found.",https://results.elections.on.ca/en/publications,independent-adjudication-bucket-2
can_17af31327c9d5de29f01c2ad7aae17f4,per_3d92cb8578745ebaa293a5ae42926548,unresolved,low,"Official result occurrence is recorded, but no qualifying same-body/office bridge with matching displayed district and party/affiliation was found; exact name alone is insufficient. No same-event/name collision found.",https://www.toronto.ca/city-government/elections/,independent-adjudication-bucket-2
can_17fa8f8d1aed5c2fbfe631b076b52ccf,per_b94e370149915061bfbc7625fb443b1b,unresolved,low,"Official result occurrence is recorded, but no qualifying same-body/office bridge with matching displayed district and party/affiliation was found; exact name alone is insufficient. No same-event/name collision found.",https://www.tdsb.on.ca/,independent-adjudication-bucket-2
can_180ec7e7b0f65aef8d08a0d0f9e0a71a,per_b7a23ff02b8c5b39b642402b70038187,unresolved,low,"Official result occurrence is recorded, but no qualifying same-body/office bridge with matching displayed district and party/affiliation was found; exact name alone is insufficient. No same-event/name collision found.",https://results.elections.on.ca/en/publications,independent-adjudication-bucket-2
can_183ce1e41d3657e3b3502864149492bc,per_5c9d1a45082151428abf9879ddd1dfe1,unresolved,low,"The proposed occurrence is supported by an official results record, but the target's confirmed history is in a different body/office context; exact name alone is insufficient for this identity bridge.",https://www.elections.ca/scripts/OVR2004/23/data/ON.zip;https://www.elections.ca/scripts/OVR2004/23/data/table12.csv,independent-adjudication-bucket-1
can_18738de4b0b85201bfe91edc973b38f3,per_a058ca36ff575589a3d59793cedba0b6,unresolved,low,"Official result occurrence is recorded, but no qualifying same-body/office bridge with matching displayed district and party/affiliation was found; exact name alone is insufficient. No same-event/name collision found.",https://www.toronto.ca/city-government/elections/,independent-adjudication-bucket-0
can_18db177c8fe2555b92e35a98d5e74142,per_594469ac5a99523ba0c0639212ecc614,unresolved,low,"Official result occurrence is recorded, but no qualifying same-body/office bridge with matching displayed district and party/affiliation was found; exact name alone is insufficient. No same-event/name collision found.",https://www.toronto.ca/city-government/elections/,independent-adjudication-bucket-0
can_18fd5dc4a27753b9b15ae782c5d3429d,per_9ec0303dc6b659d1b698694e9184a0a8,unresolved,low,"Official result occurrence is recorded, but no qualifying same-body/office bridge with matching displayed district and party/affiliation was found; exact name alone is insufficient. No same-event/name collision found.",https://www.toronto.ca/city-government/elections/,independent-adjudication-bucket-2
can_192d37d417e25fa899b46b45db9ed82a,per_aa1078f5c83b568188c98224c0b71f58,unresolved,low,"The proposed occurrence is supported by an official results record, but the target's confirmed history is in a different body/office context; exact name alone is insufficient for this identity bridge.",https://www.elections.ca/Scripts/OVR2006/25/data_donnees/pollresults_resultatsbureau35.zip,independent-adjudication-bucket-1
can_193746f14d37583fa1abe263938fa303,per_367207ba64ce5967b89538eb6400f1d1,unresolved,low,"The proposed occurrence is supported by an official results record, but the target's confirmed history is in a different body/office context; exact name alone is insufficient for this identity bridge.",https://ckan0.cf.opendata.inter.prod-toronto.ca/dataset/elections-official-results,independent-adjudication-bucket-1
can_1951364ed6365d3cac0421405184ea42,per_79a08135fe27563791ae43729dded417,unresolved,low,"The proposed occurrence is supported by an official results record, but the target's confirmed history is in a different body/office context; exact name alone is insufficient for this identity bridge.",https://www.elections.ca/Scripts/OVR2006/25/data_donnees/pollresults_resultatsbureau35.zip,independent-adjudication-bucket-1
can_196ef149d4b55aa390997a641054fea2,per_74720b07b18859e3a62f1b68796a2968,unresolved,medium,"The target has a same-body/same-office result with the same name, but the district differs from this occurrence; results alone cannot establish identity across a changed district, so the proposal is held.",https://ckan0.cf.opendata.inter.prod-toronto.ca/dataset/97d72233-8681-4b3d-828e-4929d40d122c/resource/7057b4fe-f71d-469b-bf61-c366895fc62e/download/2025-tdsb-ward-11.xlsx,independent-adjudication-bucket-1
can_1a5bf34f65815bff99eb44de8e2799fc,per_956a8be294385cdd947b0e836f4184be,unresolved,low,"Official result occurrence is recorded, but no qualifying same-body/office bridge with matching displayed district and party/affiliation was found; exact name alone is insufficient. No same-event/name collision found.",https://www.elections.ca/content.aspx?section=res&dir=rep/off/,independent-adjudication-bucket-2
can_1a80d6d4deec5d34b78cb72d16cb9b3f,per_ffdfb6fc36275bda8157ab07a3795235,unresolved,low,"The proposed occurrence is supported by an official results record, but the target's confirmed history is in a different body/office context; exact name alone is insufficient for this identity bridge.",https://results.elections.on.ca/api/report-groups/4/report-outputs/510/csv;https://results.elections.on.ca/api/report-groups/4/report-outputs/503/csv;https://results.elections.on.ca/api/report-groups/4/report-outputs/508/csv,independent-adjudication-bucket-1
can_1a8d8c7f95295b58a2c4c1811fedfae1,per_86d6edbb770f584f846f9cd03cef60f3,unresolved,medium,"The target has a same-body/same-office result with the same name, but the district differs from this occurrence; results alone cannot establish identity across a changed district, so the proposal is held.",https://results.elections.on.ca/api/report-groups/3/report-outputs/499/csv;https://results.elections.on.ca/api/report-groups/3/report-outputs/492/csv;https://results.elections.on.ca/api/report-groups/3/report-outputs/497/csv,independent-adjudication-bucket-1
can_1c0f06a3882958ed9c10caba4e146032,per_d0da66ab157252efbbb0fc3f36492b30,unresolved,low,"The proposed occurrence is supported by an official results record, but the target's confirmed history is in a different body/office context; exact name alone is insufficient for this identity bridge.",https://www.elections.ca/res/rep/off/ovr_2020/52/data_donnees/pollresults_resultatsbureau35118.csv,independent-adjudication-bucket-1
can_1c1421d4e4e45c5db966a4a24638d384,per_67fc59512d505e36bf04935cd5245190,unresolved,low,"The proposed occurrence is supported by an official results record, but the target's confirmed history is in a different body/office context; exact name alone is insufficient for this identity bridge.",https://www.elections.ca/res/rep/off/ovrGE45/62/data_donnees/pollresults_resultatsbureau35.zip,independent-adjudication-bucket-1
can_1cc097a793a155659de27b35333708cf,per_aaff7ec639605974bc95f3d84b5ee8e1,confirmed,high,"Official result continuity: same body/office, displayed district “Ward 1”, and party/affiliation “non_partisan” match a confirmed candidacy; no same-event/name collision found.",https://www.tcdsb.org/,independent-adjudication-bucket-2
can_1d782a80905b5c87b0af521fbaac88d9,per_9d630e622a9852db9fee45fdc7efcae4,unresolved,low,"Official result occurrence is recorded, but no qualifying same-body/office bridge with matching displayed district and party/affiliation was found; exact name alone is insufficient. No same-event/name collision found.",https://www.toronto.ca/city-government/elections/,independent-adjudication-bucket-2
can_1df6d19116cf578da41fe55ecb261c15,per_4f37b2f5fa8b5a78adaeab69c05cab5f,unresolved,low,"Official result occurrence is recorded, but no qualifying same-body/office bridge with matching displayed district and party/affiliation was found; exact name alone is insufficient. No same-event/name collision found.",https://results.elections.on.ca/en/publications,independent-adjudication-bucket-0
can_1fbe381430db555b8044161d0a87334d,per_fee676443417560dabcacf61aa50ded4,unresolved,low,"Official result occurrence is recorded, but no qualifying same-body/office bridge with matching displayed district and party/affiliation was found; exact name alone is insufficient. No same-event/name collision found.",https://www.toronto.ca/city-government/elections/,independent-adjudication-bucket-2
can_2041c07576e55ee28a93a1dcc089563c,per_e9c195ba937751869154a92d57592773,unresolved,low,"Official result occurrence is recorded, but no qualifying same-body/office bridge with matching displayed district and party/affiliation was found; exact name alone is insufficient. No same-event/name collision found.",https://www.toronto.ca/city-government/elections/,independent-adjudication-bucket-0
can_2059f029fe485801b682b0664b20e816,per_7e2c1e29c5ff5035aea6b1df51a169fe,unresolved,low,"The proposed occurrence is supported by an official results record, but the target's confirmed history is in a different body/office context; exact name alone is insufficient for this identity bridge.",https://ckan0.cf.opendata.inter.prod-toronto.ca/dataset/96d35404-44d9-49d8-95bb-fb1e5489240d/resource/3ad371de-7c51-45d3-9ea4-0b4efac5fc2b/download/2022-results.zip,independent-adjudication-bucket-1
can_207e31117e06514cb809867f1319a656,per_438e3ccb16465b9399a98f488305d79f,unresolved,low,"Official result occurrence is recorded, but no qualifying same-body/office bridge with matching displayed district and party/affiliation was found; exact name alone is insufficient. No same-event/name collision found.",https://www.tdsb.on.ca/,independent-adjudication-bucket-0
can_20824627f15e500781ff79382c5abbf7,per_b7adb2bef5965b5d9f270dd2d94acf71,unresolved,low,"Official result occurrence is recorded, but no qualifying same-body/office bridge with matching displayed district and party/affiliation was found; exact name alone is insufficient. No same-event/name collision found.",https://www.tdsb.on.ca/,independent-adjudication-bucket-0
can_20a862f802be5fe28576d88d6bc198f8,per_00f30ea06d545d1fb20b7892d7427a36,unresolved,low,"Official result occurrence is recorded, but no qualifying same-body/office bridge with matching displayed district and party/affiliation was found; exact name alone is insufficient. No same-event/name collision found.",https://www.tcdsb.org/,independent-adjudication-bucket-2
can_20f314fbde31550b85acb37c8ed100ad,per_4ebb7e3cd01a55fe80b379d9c1e55071,unresolved,low,"Official result occurrence is recorded, but no qualifying same-body/office bridge with matching displayed district and party/affiliation was found; exact name alone is insufficient. No same-event/name collision found.",https://results.elections.on.ca/en/publications,independent-adjudication-bucket-0
can_2105b750095e50f09db86f7d2b9f0836,per_5b7b8cce36ae58d28c55f058b78d5afa,confirmed,high,"Official result continuity: same body/office, displayed district “Davenport”, and party/affiliation match a confirmed candidacy; no same-event/name collision found.",https://results.elections.on.ca/en/publications,independent-adjudication-bucket-0
can_2142c9a3670c5cbd9de289272c34a429,per_4d6961589e7e52b9a6017ba3eba85900,unresolved,low,"The proposed occurrence is supported by an official results record, but the target's confirmed history is in a different body/office context; exact name alone is insufficient for this identity bridge.",https://www.elections.ca/scripts/OVR2011/34/data_donnees/pollresults_resultatsbureau35.zip,independent-adjudication-bucket-1
can_214cd09b85415c9486b9f4e3ad2e7b2c,per_f82cc356a3c4516388273690b095fe32,unresolved,medium,"The target has a same-body/same-office result with the same name, but the district differs from this occurrence; results alone cannot establish identity across a changed district, so the proposal is held.",https://ckan0.cf.opendata.inter.prod-toronto.ca/dataset/elections-official-results,independent-adjudication-bucket-1
can_218ffb78846254899662185d5b746c92,per_64b4963bd07c52f68aa4ed27565d2e10,unresolved,low,"Official result occurrence is recorded, but no qualifying same-body/office bridge with matching displayed district and party/affiliation was found; exact name alone is insufficient. No same-event/name collision found.",https://results.elections.on.ca/en/publications,independent-adjudication-bucket-0
can_227eaae6d22652989e68a0314620f2e3,per_5903ae015a9e52259eb7b89b21d09855,unresolved,low,"Official result occurrence is recorded, but no qualifying same-body/office bridge with matching displayed district and party/affiliation was found; exact name alone is insufficient. No same-event/name collision found.",https://www.toronto.ca/city-government/elections/,independent-adjudication-bucket-2
can_22b9a827f9e450f5bed7ca0ffd50935e,per_8fec12de724c5f97b466886d33a755cd,unresolved,low,"Official result occurrence is recorded, but no qualifying same-body/office bridge with matching displayed district and party/affiliation was found; exact name alone is insufficient. No same-event/name collision found.",https://www.tdsb.on.ca/,independent-adjudication-bucket-0
can_23001069c06a57598ba5ce830849d242,per_51d759025cdb5b699415b91f4a43f0d5,unresolved,low,"Official result occurrence is recorded, but no qualifying same-body/office bridge with matching displayed district and party/affiliation was found; exact name alone is insufficient. No same-event/name collision found.",https://www.toronto.ca/city-government/elections/,independent-adjudication-bucket-0
can_231ac513022254bca65c011eb4e87f40,per_8c27d890a1015ef28cfa3ff79384ef59,confirmed,high,"A fact-checked 2023 mayoral profile explicitly enumerates the candidates 2003 and 2006 Ward 38 council runs, bridging both occurrences to the existing Person.",https://thelocal.to/toronto-mayor-candidates-2023/,council-batch-2-evidence-review
can_23537cc58b0956899a83c4c7e33a5edf,per_752b7d7461ed56958c2f8873b66356d2,confirmed,high,Official results show the same candidate in the same conseil_scolaire_viamonde trustee district (Ward 4) as the confirmed 2014 occurrence; party/affiliation continuity is consistent and no same-event/name collision was found.,https://ckan0.cf.opendata.inter.prod-toronto.ca/dataset/96d35404-44d9-49d8-95bb-fb1e5489240d/resource/2fcd5f20-90f5-4dd0-88eb-22e978b9bf89/download/2018-results.zip;https://www.toronto.ca/wp-content/uploads/2017/08/9757-election-2014-declaration-trustee-ward4.pdf,independent-adjudication-bucket-1
can_235e4aead06956b98d03d893cb7ef84b,per_5b7b8cce36ae58d28c55f058b78d5afa,unresolved,low,"Official result occurrence is recorded, but no qualifying same-body/office bridge with matching displayed district and party/affiliation was found; exact name alone is insufficient. No same-event/name collision found.",https://results.elections.on.ca/en/publications,independent-adjudication-bucket-0
can_246c0347d317593aa183f92681afb95e,per_c264c8a222ea5baea6a15b1bfeac3ae0,confirmed,high,The archived first-party 2018 council campaign identifies Jennifer Arp and states that she was elected public-school trustee in 2014.,https://web.archive.org/web/20181214222254/https://www.jenniferarp.ca/;https://web.archive.org/web/20181026215109/https://www.jenniferarp.ca/about,consequential-council-evidence-review
can_24974cb016c95aad844177e657ef554e,per_e1d6212b49d75693a61d13f8a85c2834,unresolved,low,"Official result occurrence is recorded, but no qualifying same-body/office bridge with matching displayed district and party/affiliation was found; exact name alone is insufficient. No same-event/name collision found.",https://www.elections.ca/content.aspx?section=res&dir=rep/off/,independent-adjudication-bucket-0
can_24b38c9041405169b612f697ec0ae71b,per_cfc77048930058b584124d09703f4532,unresolved,low,"Official result occurrence is recorded, but no qualifying same-body/office bridge with matching displayed district and party/affiliation was found; exact name alone is insufficient. No same-event/name collision found.",https://www.tdsb.on.ca/,independent-adjudication-bucket-0
can_24e559a6d803554a9fda5052cc9bb73f,per_08c33272c5b35fceafb3fe59da7b01f5,unresolved,low,"Official result occurrence is recorded, but no qualifying same-body/office bridge with matching displayed district and party/affiliation was found; exact name alone is insufficient. No same-event/name collision found.",https://www.elections.ca/content.aspx?section=res&dir=rep/off/,independent-adjudication-bucket-2
can_24f733187692598f8e67ecce5c5c754a,per_077af717fa16509886dba5bcf8d3d38a,unresolved,low,"Official result occurrence is recorded, but no qualifying same-body/office bridge with matching displayed district and party/affiliation was found; exact name alone is insufficient. No same-event/name collision found.",https://www.toronto.ca/city-government/elections/,independent-adjudication-bucket-2
can_2578f8fcc7a8526d898f72d590543382,per_ecea20b36c9059ba916a6b1930b67573,unresolved,low,"Official result occurrence is recorded, but no qualifying same-body/office bridge with matching displayed district and party/affiliation was found; exact name alone is insufficient. No same-event/name collision found.",https://results.elections.on.ca/en/publications,independent-adjudication-bucket-2
can_2604678658c35eba8d83bb0735f1fd9b,per_e5b21e53b8ee51e387755704d6797614,unresolved,low,"The target has confirmed activity in the same represented body, but not a matching office/district occurrence; exact name is insufficient across offices, so the proposal is held.",https://ckan0.cf.opendata.inter.prod-toronto.ca/dataset/elections-official-results,independent-adjudication-bucket-1
can_2609decf31e2509ab37319f49f77d6ce,per_9f569a842c9e527b88cda3fc73dbfacb,unresolved,low,"Official result occurrence is recorded, but no qualifying same-body/office bridge with matching displayed district and party/affiliation was found; exact name alone is insufficient. No same-event/name collision found.",https://www.elections.ca/content.aspx?section=res&dir=rep/off/,independent-adjudication-bucket-2
can_2615953f8fc15322a02395c71c996b79,per_d656c7f8ca4a57adbc964d25972eaefb,confirmed,high,"Official result continuity: same body/office, displayed district “Ward 44”, and party/affiliation “non_partisan” match a confirmed candidacy; no same-event/name collision found.",https://www.toronto.ca/city-government/elections/,independent-adjudication-bucket-2
can_263c929e61e25a29a275cd168894a249,per_2710f532ca8951179c0fd04304432213,unresolved,low,"Official result occurrence is recorded, but no qualifying same-body/office bridge with matching displayed district and party/affiliation was found; exact name alone is insufficient. No same-event/name collision found.",https://results.elections.on.ca/en/publications,independent-adjudication-bucket-0
can_2686de2b6c91584481d63691915b71b8,per_ccafb0590d4e59ae9bc7d87d081d03c7,confirmed,high,"Official result continuity: same body/office, displayed district “Ward 11 — University-Rosedale”, and party/affiliation “non_partisan” match a confirmed candidacy; no same-event/name collision found.",https://www.toronto.ca/city-government/elections/,independent-adjudication-bucket-2
can_271502d6684958e3a8c8216768cb7828,per_3ec6d8e61c565378ae90753ba7c51ab9,unresolved,low,"Official result occurrence is recorded, but no qualifying same-body/office bridge with matching displayed district and party/affiliation was found; exact name alone is insufficient. No same-event/name collision found.",https://www.toronto.ca/city-government/elections/,independent-adjudication-bucket-0
can_272c0dc878425579b9cfdd970ffd6efd,per_7ebba43960555aac869a894b7d989baf,unresolved,low,"Official result occurrence is recorded, but no qualifying same-body/office bridge with matching displayed district and party/affiliation was found; exact name alone is insufficient. No same-event/name collision found.",https://www.elections.ca/content.aspx?section=res&dir=rep/off/,independent-adjudication-bucket-0
can_2781d33755c95ad28dab132e3121fb78,per_879ab85d24c6595f849d3aed56623719,confirmed,high,"Official result continuity: same body/office, displayed district “Ward 35”, and party/affiliation “non_partisan” match a confirmed candidacy; no same-event/name collision found.",https://www.toronto.ca/city-government/elections/,independent-adjudication-bucket-2
can_27f131d9a36f5df4b4077a76f201fd14,per_561845b4a2305303a01cfcb2140c023c,unresolved,low,"Official result occurrence is recorded, but no qualifying same-body/office bridge with matching displayed district and party/affiliation was found; exact name alone is insufficient. No same-event/name collision found.",https://www.elections.ca/content.aspx?section=res&dir=rep/off/,independent-adjudication-bucket-2
can_288280de20f4514695faf4ee313f285f,per_1789a90b994b5a518c1d8e0e2326781d,unresolved,low,"Official result occurrence is recorded, but no qualifying same-body/office bridge with matching displayed district and party/affiliation was found; exact name alone is insufficient. No same-event/name collision found.",https://www.tdsb.on.ca/,independent-adjudication-bucket-0
can_28fd43bcc5cb5113bae6937c662e56c5,per_67fc59512d505e36bf04935cd5245190,unresolved,low,"The proposed occurrence is supported by an official results record, but the target's confirmed history is in a different body/office context; exact name alone is insufficient for this identity bridge.",https://www.elections.ca/Scripts/OVR2006/25/data_donnees/pollresults_resultatsbureau35.zip,independent-adjudication-bucket-1
can_29050361958a5e9897ecd54de6753b17,per_a8cd4e0e25c2544e9230fa6fdd800423,unresolved,low,"Official result occurrence is recorded, but no qualifying same-body/office bridge with matching displayed district and party/affiliation was found; exact name alone is insufficient. No same-event/name collision found.",https://www.toronto.ca/city-government/elections/,independent-adjudication-bucket-0
can_2a67962278b85d87ba0883c6e0a48c30,per_f640a887a07d5dfe9a787bb0318a45ef,unresolved,low,"Official result occurrence is recorded, but no qualifying same-body/office bridge with matching displayed district and party/affiliation was found; exact name alone is insufficient. No same-event/name collision found.",https://results.elections.on.ca/en/publications,independent-adjudication-bucket-2
can_2adf8e15528759cca8120a97015fbb4a,per_347c82802924528995ecb19724ca7a5c,unresolved,low,"Official result occurrence is recorded, but no qualifying same-body/office bridge with matching displayed district and party/affiliation was found; exact name alone is insufficient. No same-event/name collision found.",https://results.elections.on.ca/en/publications,independent-adjudication-bucket-0
can_2be6eb5c966a5c3e922215053eac8307,per_487cd0e52ba251569cfda83d5f6f5cd5,unresolved,low,"Official result occurrence is recorded, but no qualifying same-body/office bridge with matching displayed district and party/affiliation was found; exact name alone is insufficient. No same-event/name collision found.",https://www.toronto.ca/city-government/elections/,independent-adjudication-bucket-0
can_2c732a315c0255edbb6a4a2c723fe9fc,per_d5e5e06f749653ad9781bb70aaf1806b,unresolved,low,"Official result occurrence is recorded, but no qualifying same-body/office bridge with matching displayed district and party/affiliation was found; exact name alone is insufficient. No same-event/name collision found.",https://www.toronto.ca/city-government/elections/,independent-adjudication-bucket-2
can_2c903858cb1d5d0c8d3fbc89428de044,per_49df4ac999ee5622807c0776d2811835,unresolved,low,"Official result occurrence is recorded, but no qualifying same-body/office bridge with matching displayed district and party/affiliation was found; exact name alone is insufficient. No same-event/name collision found.",https://www.elections.ca/content.aspx?section=res&dir=rep/off/,independent-adjudication-bucket-0
can_2ca6defbf7da5fe7a937ad70a061796c,per_c44cdf5cda645b059a05ad1d6ccd697d,unresolved,low,"Official result occurrence is recorded, but no qualifying same-body/office bridge with matching displayed district and party/affiliation was found; exact name alone is insufficient. No same-event/name collision found.",https://www.tcdsb.org/,independent-adjudication-bucket-0
can_2d68691020df5de5906666e6747b792a,per_59770c806fab5841a84425063296edbd,unresolved,low,"Official result occurrence is recorded, but no qualifying same-body/office bridge with matching displayed district and party/affiliation was found; exact name alone is insufficient. No same-event/name collision found.",https://www.toronto.ca/city-government/elections/,independent-adjudication-bucket-2
can_2d73c5ede7cf541caf5061236d3b2f1b,per_f70f796cc0985e83aa97978f0f260294,unresolved,low,"Official result occurrence is recorded, but no qualifying same-body/office bridge with matching displayed district and party/affiliation was found; exact name alone is insufficient. No same-event/name collision found.",https://results.elections.on.ca/en/publications,independent-adjudication-bucket-2
can_2da3ec1693855b3595c6b583bb21520a,per_104453d2f1f8529d8a895a9cff4f8a84,unresolved,low,"Official result occurrence is recorded, but no qualifying same-body/office bridge with matching displayed district and party/affiliation was found; exact name alone is insufficient. No same-event/name collision found.",https://www.tdsb.on.ca/,independent-adjudication-bucket-0
can_2e8a945cf8ef5a6fa674861ebd1c6391,per_aa1078f5c83b568188c98224c0b71f58,unresolved,low,"The proposed occurrence is supported by an official results record, but the target's confirmed history is in a different body/office context; exact name alone is insufficient for this identity bridge.",https://www.elections.ca/res/rep/off/ovr2019app/51/data_donnees/pollresults_resultatsbureau35.zip,independent-adjudication-bucket-1
can_2e95d69c77ed5130998c182d591c6c8a,per_a89824be70535923ae6dbc585cff3fc0,confirmed,high,Candidate profiles explicitly connect the 2022 council candidacy to the 2019 and 2021 federal Green runs and the 2022 provincial Green run; the distinctive biographical continuity also bridges the 2018 council anchor.,https://thelocal.to/ward-13-toronto-centre/;https://www.metradio.ca/news/toronto-votes-2022-2slgbtq-and-disability-rights-community-advocate-nicki-ward-to-run-for-ward-13/;https://gpo.ca/2021/12/17/nicki-ward-nominated-as-ontario-green-candidate-in-toronto-centre/,council-batch-2-evidence-review
can_2ed9535ce53255239aa43a1bc7653390,per_c53dea9f0236552ab33fe78d27be0b2e,unresolved,low,"Official result occurrence is recorded, but no qualifying same-body/office bridge with matching displayed district and party/affiliation was found; exact name alone is insufficient. No same-event/name collision found.",https://www.elections.ca/content.aspx?section=res&dir=rep/off/,independent-adjudication-bucket-0
can_2ef2034b54f453df960a88c826f1120b,per_2770f48bced55f709680faa319f2868e,confirmed,high,Official results show the same candidate in the same ontario_legislative_assembly mpp district (Willowdale) as the confirmed 2003 occurrence; party/affiliation continuity is consistent and no same-event/name collision was found.,https://results.elections.on.ca/api/report-groups/48/report-outputs/1096/csv;https://results.elections.on.ca/api/report-groups/48/report-outputs/1089/csv;https://results.elections.on.ca/api/report-groups/48/report-outputs/1094/csv;https://results.elections.on.ca/api/report-groups/5/report-outputs/521/csv;https://results.elections.on.ca/api/report-groups/5/report-outputs/514/csv;https://results.elections.on.ca/api/report-groups/5/report-outputs/519/csv,independent-adjudication-bucket-1
can_2f8438a841585a4abc0b683a5d3b2b96,per_b49c6a493d3c5bd0be96dadab479542e,confirmed,high,"Official result continuity: same body/office, displayed district “Scarborough—Guildwood”, and party/affiliation “Conservative Party of Canada” match a confirmed candidacy; no same-event/name collision found.",https://www.elections.ca/content.aspx?section=res&dir=rep/off/,independent-adjudication-bucket-2
can_2f88aec9415a58cd84cd59007c26ccf7,per_c1b74eff7c0c5008ae54031014e5ace8,unresolved,low,"Official result occurrence is recorded, but no qualifying same-body/office bridge with matching displayed district and party/affiliation was found; exact name alone is insufficient. No same-event/name collision found.",https://www.tcdsb.org/,independent-adjudication-bucket-0
can_2fdc1a832c565f1b8cff4248c422a296,per_78fd07f017e055fdb6645ef054d4f86a,unresolved,low,"Official result occurrence is recorded, but no qualifying same-body/office bridge with matching displayed district and party/affiliation was found; exact name alone is insufficient. No same-event/name collision found.",https://results.elections.on.ca/en/publications,independent-adjudication-bucket-2
can_306e9c9ca2635e328e733f99a95dc569,per_609d9bd285755cdfb534eb9dcd79c5f0,unresolved,low,"The proposed occurrence is supported by an official results record, but the target's confirmed history is in a different body/office context; exact name alone is insufficient for this identity bridge.",https://ckan0.cf.opendata.inter.prod-toronto.ca/dataset/96d35404-44d9-49d8-95bb-fb1e5489240d/resource/3ad371de-7c51-45d3-9ea4-0b4efac5fc2b/download/2022-results.zip,independent-adjudication-bucket-1
can_30f0284c4e1554e393c746030f8b89f1,per_5b7b8cce36ae58d28c55f058b78d5afa,confirmed,high,"Official result continuity: same body/office, displayed district “Davenport”, and party/affiliation match a confirmed candidacy; no same-event/name collision found.",https://results.elections.on.ca/en/publications,independent-adjudication-bucket-0
can_316227ad3c3354da91d437f03a1942d3,per_43c06264ca8b5009b5f80b067c7b5a65,unresolved,low,"The proposed occurrence is supported by an official results record, but the target's confirmed history is in a different body/office context; exact name alone is insufficient for this identity bridge.",https://ckan0.cf.opendata.inter.prod-toronto.ca/dataset/elections-official-results,independent-adjudication-bucket-1
can_319dd6dab3185537acfe2bc5e10b39c1,per_90685b4235d45206bb4e1a949ddde7d6,unresolved,medium,"The target has a same-body/same-office result with the same name, but the district differs from this occurrence; results alone cannot establish identity across a changed district, so the proposal is held.",https://ckan0.cf.opendata.inter.prod-toronto.ca/dataset/elections-official-results,independent-adjudication-bucket-1
can_33410b2fbd815ee48d80640910044c2d,per_546a50310fbe5401a126a3864d97fbb3,unresolved,low,"Official result occurrence is recorded, but no qualifying same-body/office bridge with matching displayed district and party/affiliation was found; exact name alone is insufficient. No same-event/name collision found.",https://www.toronto.ca/city-government/elections/,independent-adjudication-bucket-0
can_33b30d5d15065464a4ec58cb7fda84f5,per_311c6cb209eb58a5b8a7a89d7a6d1497,unresolved,low,"Official result occurrence is recorded, but no qualifying same-body/office bridge with matching displayed district and party/affiliation was found; exact name alone is insufficient. No same-event/name collision found.",https://www.tdsb.on.ca/,independent-adjudication-bucket-0
can_33ce836d3fa05ba68c64a80d5beea93c,per_ee2cf3ad9d695538877fd4f6f6e19a06,unresolved,low,"Official result occurrence is recorded, but no qualifying same-body/office bridge with matching displayed district and party/affiliation was found; exact name alone is insufficient. No same-event/name collision found.",https://www.elections.ca/content.aspx?section=res&dir=rep/off/,independent-adjudication-bucket-2
can_341fef507d985c53a6aa510e826414df,per_7a6c09e82feb52cdbcd1fa757f7c708d,unresolved,low,"Official result occurrence is recorded, but no qualifying same-body/office bridge with matching displayed district and party/affiliation was found; exact name alone is insufficient. No same-event/name collision found.",https://results.elections.on.ca/en/publications,independent-adjudication-bucket-2
can_344f5edb81f757678310a90359cba6a9,per_b7d654afc1da5ba785bfa72ec7171cde,unresolved,low,"Official result occurrence is recorded, but no qualifying same-body/office bridge with matching displayed district and party/affiliation was found; exact name alone is insufficient. No same-event/name collision found.",https://www.elections.ca/content.aspx?section=res&dir=rep/off/,independent-adjudication-bucket-2
can_345928295d205f4f9b021abe7ec36281,per_aa7e1fc3732f5f7ca827abe93a68e2e8,unresolved,low,"The proposed occurrence is supported by an official results record, but the target's confirmed history is in a different body/office context; exact name alone is insufficient for this identity bridge.",https://ckan0.cf.opendata.inter.prod-toronto.ca/dataset/96d35404-44d9-49d8-95bb-fb1e5489240d/resource/6fbfaab0-bb84-442a-8e4b-1c14d4c10d6d/download/2010-results.zip,independent-adjudication-bucket-1
can_34f07f2cd127599ebf7ac5d9f6b3ef4b,per_88833869308b5906b67035397250de33,unresolved,low,"Official result occurrence is recorded, but no qualifying same-body/office bridge with matching displayed district and party/affiliation was found; exact name alone is insufficient. No same-event/name collision found.",https://www.elections.ca/content.aspx?section=res&dir=rep/off/,independent-adjudication-bucket-0
can_34fbfb27258159f1b05bf2d0cb8302ff,per_d56a01f9891c5106ba8bf6281c6f713c,confirmed,high,The archived first-party Ward 7 council campaign states that Tiffany Ford had served the preceding three years as the local public-school trustee.,https://web.archive.org/web/20181214230713/https://tiffanyford2018.ca/,consequential-council-evidence-review
can_351a508d60285d88af2c83f2ec1a3790,per_077af717fa16509886dba5bcf8d3d38a,unresolved,low,"Official result occurrence is recorded, but no qualifying same-body/office bridge with matching displayed district and party/affiliation was found; exact name alone is insufficient. No same-event/name collision found.",https://www.toronto.ca/city-government/elections/,independent-adjudication-bucket-2
can_3522546def255049a6555df5d350cc93,per_8d81c1f5bfce582688960383e47a5d28,unresolved,medium,"The target has a same-body/same-office result with the same name, but the district differs from this occurrence; results alone cannot establish identity across a changed district, so the proposal is held.",https://ckan0.cf.opendata.inter.prod-toronto.ca/dataset/96d35404-44d9-49d8-95bb-fb1e5489240d/resource/2fcd5f20-90f5-4dd0-88eb-22e978b9bf89/download/2018-results.zip,independent-adjudication-bucket-1
can_3529cf3b353650ec8d5691737585a3c4,per_758199a183235ac99105bd103064fa8c,unresolved,low,"The proposed occurrence is supported by an official results record, but the target's confirmed history is in a different body/office context; exact name alone is insufficient for this identity bridge.",https://ckan0.cf.opendata.inter.prod-toronto.ca/dataset/96d35404-44d9-49d8-95bb-fb1e5489240d/resource/2fcd5f20-90f5-4dd0-88eb-22e978b9bf89/download/2018-results.zip,independent-adjudication-bucket-1
can_3549dbabc8b35ca1ad486dab2c2e4947,per_4de6ed98e00f5891b666a99ff4fd9c15,unresolved,medium,"The target has a same-body/same-office result with the same name, but the district differs from this occurrence; results alone cannot establish identity across a changed district, so the proposal is held.",https://results.elections.on.ca/api/report-groups/3/report-outputs/499/csv;https://results.elections.on.ca/api/report-groups/3/report-outputs/492/csv;https://results.elections.on.ca/api/report-groups/3/report-outputs/497/csv,independent-adjudication-bucket-1
can_355e8a0ee2ac5138a3286911be91981e,per_f33c433391a55cf49578fca4183f8431,unresolved,low,"Official result occurrence is recorded, but no qualifying same-body/office bridge with matching displayed district and party/affiliation was found; exact name alone is insufficient. No same-event/name collision found.",https://www.tdsb.on.ca/,independent-adjudication-bucket-0
can_359e7578304a59aabe34e1b7f5b69aa8,per_5b7b8cce36ae58d28c55f058b78d5afa,confirmed,high,"Official result continuity: same body/office, displayed district “Davenport”, and party/affiliation match a confirmed candidacy; no same-event/name collision found.",https://results.elections.on.ca/en/publications,independent-adjudication-bucket-0
can_36079acc11df52c382fc75317cf546d9,per_ac32e66055fa547f8f3cf1c2d6f6723e,unresolved,low,"The target has confirmed activity in the same represented body, but not a matching office/district occurrence; exact name is insufficient across offices, so the proposal is held.",https://ckan0.cf.opendata.inter.prod-toronto.ca/dataset/elections-official-results,independent-adjudication-bucket-1
can_36226ff3112258c59b7e63796661e2cc,per_bcfbb71d06325ab69c98fd92e7da065f,unresolved,low,"Official result occurrence is recorded, but no qualifying same-body/office bridge with matching displayed district and party/affiliation was found; exact name alone is insufficient. No same-event/name collision found.",https://www.toronto.ca/city-government/elections/,independent-adjudication-bucket-0
can_3690b7f05ed25de6bd713a65866bd191,per_cf032acbb51e54c8b5417443d6924146,unresolved,medium,"The target has a same-body/same-office result with the same name, but the district differs from this occurrence; results alone cannot establish identity across a changed district, so the proposal is held.",https://ckan0.cf.opendata.inter.prod-toronto.ca/dataset/elections-official-results,independent-adjudication-bucket-1
can_369a8d80a4f855dd85aa1a3ad8e3490b,per_24e4f4fc217c5db6849d74005b7bcfce,unresolved,low,"Official result occurrence is recorded, but no qualifying same-body/office bridge with matching displayed district and party/affiliation was found; exact name alone is insufficient. No same-event/name collision found.",https://www.toronto.ca/city-government/elections/,independent-adjudication-bucket-0
can_370bd795c6495ef985fc72b56b5b435d,per_837198af1a5d5c99b41f8a0279577da0,unresolved,low,"Official result occurrence is recorded, but no qualifying same-body/office bridge with matching displayed district and party/affiliation was found; exact name alone is insufficient. No same-event/name collision found.",https://www.elections.ca/content.aspx?section=res&dir=rep/off/,independent-adjudication-bucket-0
can_381f50d7cb8f55e5b9aa06b16ecf8f38,per_0e9435aafc59527b8d1e55a3466d4b95,unresolved,low,"Official result occurrence is recorded, but no qualifying same-body/office bridge with matching displayed district and party/affiliation was found; exact name alone is insufficient. No same-event/name collision found.",https://www.elections.ca/content.aspx?section=res&dir=rep/off/,independent-adjudication-bucket-0
can_38300aa9795d5038840b611f3bb0a34c,per_d19869be2087556dba162ebf8f2efd15,unresolved,low,"Official result occurrence is recorded, but no qualifying same-body/office bridge with matching displayed district and party/affiliation was found; exact name alone is insufficient. No same-event/name collision found.",https://www.toronto.ca/city-government/elections/,independent-adjudication-bucket-0
can_38a441b68f8d57b88bd5af4423b81403,per_bb2a4a79e2845e0dacd2990db4822495,unresolved,low,"Official result occurrence is recorded, but no qualifying same-body/office bridge with matching displayed district and party/affiliation was found; exact name alone is insufficient. No same-event/name collision found.",https://www.elections.ca/content.aspx?section=res&dir=rep/off/,independent-adjudication-bucket-0
can_38aaeac1475c5ae9aba6761dc0c0c8b9,per_2f83033ee3885fb1a9572017b91c3d75,confirmed,high,"Official result continuity: same body/office, displayed district “Etobicoke North”, and party/affiliation match a confirmed candidacy; no same-event/name collision found.",https://www.elections.ca/content.aspx?section=res&dir=rep/off/,independent-adjudication-bucket-0
can_390ca3cf6a875926a9a19550abf076ef,per_2770f48bced55f709680faa319f2868e,unresolved,low,"The proposed occurrence is supported by an official results record, but the target's confirmed history is in a different body/office context; exact name alone is insufficient for this identity bridge.",https://www.elections.ca/Scripts/OVR2006/25/data_donnees/pollresults_resultatsbureau35.zip,independent-adjudication-bucket-1
can_3939e8a759a45a3e97abf9e5667a3c14,per_de71c502bd0c588281ce5fb96c3d8bf6,unresolved,low,"Official result occurrence is recorded, but no qualifying same-body/office bridge with matching displayed district and party/affiliation was found; exact name alone is insufficient. No same-event/name collision found.",https://www.toronto.ca/city-government/elections/,independent-adjudication-bucket-2
can_3969a285f02754068d6aeb8ab44662cb,per_a39385ec8fc65555a86f30b50d338a33,unresolved,low,"The proposed occurrence is supported by an official results record, but the target's confirmed history is in a different body/office context; exact name alone is insufficient for this identity bridge.",https://www.elections.ca/res/rep/off/ovr2019app/51/data_donnees/pollresults_resultatsbureau35.zip,independent-adjudication-bucket-1
can_39bf34bd62f4528bb04df8b06904f1d4,per_d1cb0559ac05589d9bb7b47e03b8e3c3,confirmed,high,"Official result continuity: same body/office, displayed district “Ward 5”, and party/affiliation “non_partisan” match a confirmed candidacy; no same-event/name collision found.",https://www.tcdsb.org/,independent-adjudication-bucket-2
can_39cb9dd6876155bc94f638175c5f40ca,per_d647c6e710c45134a9f9f19b43378347,unresolved,low,"Official result occurrence is recorded, but no qualifying same-body/office bridge with matching displayed district and party/affiliation was found; exact name alone is insufficient. No same-event/name collision found.",https://results.elections.on.ca/en/publications,independent-adjudication-bucket-0
can_3a2322c5bf575c04ae6b9578cdd36be1,per_7a6c09e82feb52cdbcd1fa757f7c708d,unresolved,low,"Official result occurrence is recorded, but no qualifying same-body/office bridge with matching displayed district and party/affiliation was found; exact name alone is insufficient. No same-event/name collision found.",https://www.elections.ca/content.aspx?section=res&dir=rep/off/,independent-adjudication-bucket-2
can_3a472f55ed855197a5f3a713feb1d248,per_fee676443417560dabcacf61aa50ded4,unresolved,low,"Official result occurrence is recorded, but no qualifying same-body/office bridge with matching displayed district and party/affiliation was found; exact name alone is insufficient. No same-event/name collision found.",https://www.toronto.ca/city-government/elections/,independent-adjudication-bucket-2
can_3abe5f9f302e56fda082324e9bfebdbe,per_b2206e8da6a05caf99812fb6d9002c16,unresolved,low,"Official result occurrence is recorded, but no qualifying same-body/office bridge with matching displayed district and party/affiliation was found; exact name alone is insufficient. No same-event/name collision found.",https://www.tdsb.on.ca/,independent-adjudication-bucket-0
can_3ad713b6bad85817924c8f1dbd969a91,per_cfde0c3667245862aa0f774a719e3419,unresolved,low,"Official result occurrence is recorded, but no qualifying same-body/office bridge with matching displayed district and party/affiliation was found; exact name alone is insufficient. No same-event/name collision found.",https://www.toronto.ca/city-government/elections/,independent-adjudication-bucket-0
can_3af30fb649a05dcea3b07ae06886403e,per_569f91e4ec19560da9f9d43c5f88f5fd,unresolved,low,"Official result occurrence is recorded, but no qualifying same-body/office bridge with matching displayed district and party/affiliation was found; exact name alone is insufficient. No same-event/name collision found.",https://results.elections.on.ca/en/publications,independent-adjudication-bucket-0
can_3b00773d04365f64a37bf88fce264eaf,per_656bf9ee8956529195719d111d5fe53d,confirmed,high,CityNews explicitly identifies former MPP David Caplan as the 2018 Ward 16 council candidate; official Legislative Assembly and City records independently corroborate both occurrences.,https://toronto.citynews.ca/2019/07/25/former-mpp-david-caplan-dead-at-54/;https://www.ola.org/en/members/all/david-caplan;https://www.toronto.ca/wp-content/uploads/2018/10/97da-2018clerksofficialdeclarationofresults.pdf,consequential-council-hold-followup
can_3b47ba523d6a5b9f829f547e7905151d,per_93556d07caeb5edeb817a88666066436,unresolved,low,"The proposed occurrence is supported by an official results record, but the target's confirmed history is in a different body/office context; exact name alone is insufficient for this identity bridge.",https://ckan0.cf.opendata.inter.prod-toronto.ca/dataset/96d35404-44d9-49d8-95bb-fb1e5489240d/resource/3ad371de-7c51-45d3-9ea4-0b4efac5fc2b/download/2022-results.zip,independent-adjudication-bucket-1
can_3b7de428b00157bfb43bbf760293785a,per_dbd47b34384c5d77a458afaa7e279480,confirmed,high,Official results show the same candidate in the same toronto_city_council councillor district (Ward 13 — Toronto Centre) as the confirmed 2018 occurrence; party/affiliation continuity is consistent and no same-event/name collision was found.,https://ckan0.cf.opendata.inter.prod-toronto.ca/dataset/elections-official-results,independent-adjudication-bucket-1
can_3b8ce0eb7cb35f83a0f1488063dbf6df,per_e5f7c88c222a509688591661ac39767b,unresolved,low,"Official result occurrence is recorded, but no qualifying same-body/office bridge with matching displayed district and party/affiliation was found; exact name alone is insufficient. No same-event/name collision found.",https://results.elections.on.ca/en/publications,independent-adjudication-bucket-0
can_3c050424c2005594a627a70e1a79bf61,per_3ae03a3db8cc5dfc94fdd9e3dc15260f,confirmed,high,Official results show the same candidate in the same ontario_legislative_assembly mpp district (Etobicoke—Lakeshore) as the confirmed 2014 occurrence; party/affiliation continuity is consistent and no same-event/name collision was found.,https://results.elections.on.ca/api/report-groups/1/report-outputs/932/csv;https://results.elections.on.ca/api/report-groups/1/report-outputs/925/csv;https://results.elections.on.ca/api/report-groups/1/report-outputs/930/csv;https://results.elections.on.ca/api/report-groups/2/report-outputs/488/csv;https://results.elections.on.ca/api/report-groups/2/report-outputs/481/csv;https://results.elections.on.ca/api/report-groups/2/report-outputs/486/csv,independent-adjudication-bucket-1
can_3c56391269885ca2b026770fa3dc441c,per_d6acb15f737053038b9f0ea1e0dbc691,confirmed,high,Official results show the same candidate in the same ontario_legislative_assembly mpp district (Davenport) as the confirmed 2003 occurrence; party/affiliation continuity is consistent and no same-event/name collision was found.,https://results.elections.on.ca/api/report-groups/3/report-outputs/499/csv;https://results.elections.on.ca/api/report-groups/3/report-outputs/492/csv;https://results.elections.on.ca/api/report-groups/3/report-outputs/497/csv;https://results.elections.on.ca/api/report-groups/5/report-outputs/521/csv;https://results.elections.on.ca/api/report-groups/5/report-outputs/514/csv;https://results.elections.on.ca/api/report-groups/5/report-outputs/519/csv,independent-adjudication-bucket-1
can_3c626ca5095b5443839ea250e45abeb5,per_ff056fc0e23851078243e1be89112c34,unresolved,low,"Official result occurrence is recorded, but no qualifying same-body/office bridge with matching displayed district and party/affiliation was found; exact name alone is insufficient. No same-event/name collision found.",https://results.elections.on.ca/en/publications,independent-adjudication-bucket-2
can_3c798f149f6f564b80752e01c7882410,per_66eb4d79e82255939ee52ad86a1e1534,unresolved,low,"Official result occurrence is recorded, but no qualifying same-body/office bridge with matching displayed district and party/affiliation was found; exact name alone is insufficient. No same-event/name collision found.",https://www.elections.ca/content.aspx?section=res&dir=rep/off/,independent-adjudication-bucket-0
can_3c7e28a7b3435fe19b4ba1066ee1ec6a,per_443faa4b55235df2a75e74216f08e4c5,unresolved,medium,"The target has a same-body/same-office result with the same name, but the district differs from this occurrence; results alone cannot establish identity across a changed district, so the proposal is held.",https://ckan0.cf.opendata.inter.prod-toronto.ca/dataset/elections-official-results,independent-adjudication-bucket-1
can_3c9323a2d4f45193bd554ec993be451a,per_efb9299062b15bd2abb7245d2003637e,unresolved,low,"Official result occurrence is recorded, but no qualifying same-body/office bridge with matching displayed district and party/affiliation was found; exact name alone is insufficient. No same-event/name collision found.",https://www.tdsb.on.ca/,independent-adjudication-bucket-0
can_3c9bc0cd2fc2524e919cae6519b79b21,per_09a896edf623508abcc63be6ca60dc8f,unresolved,low,"Official result occurrence is recorded, but no qualifying same-body/office bridge with matching displayed district and party/affiliation was found; exact name alone is insufficient. No same-event/name collision found.",https://results.elections.on.ca/en/publications,independent-adjudication-bucket-0
can_3d6529e8861f5d7b947e46b79ae816d6,per_6ae741fa1fc65281a8b7aea106352cb1,unresolved,low,"Official result occurrence is recorded, but no qualifying same-body/office bridge with matching displayed district and party/affiliation was found; exact name alone is insufficient. No same-event/name collision found.",https://www.elections.ca/content.aspx?section=res&dir=rep/off/,independent-adjudication-bucket-2
can_3d9049d343f15e0ca34b8d0264c99ef3,per_ffe3c5e4da7f5556a227d0ebb126386a,confirmed,high,"Official result continuity: same body/office, displayed district “Ward 21 — Scarborough Centre”, and party/affiliation “non_partisan” match a confirmed candidacy; no same-event/name collision found.",https://www.toronto.ca/city-government/elections/,independent-adjudication-bucket-2
can_3d994034b01552bfb5f0ca62556a00ae,per_546a50310fbe5401a126a3864d97fbb3,unresolved,low,"Official result occurrence is recorded, but no qualifying same-body/office bridge with matching displayed district and party/affiliation was found; exact name alone is insufficient. No same-event/name collision found.",https://www.elections.ca/content.aspx?section=res&dir=rep/off/,independent-adjudication-bucket-0
can_3e28eda831e05643a66fc66d27aa3eda,per_3e12ce0e617558e499e3efe88b8d22da,unresolved,low,"The proposed occurrence is supported by an official results record, but the target's confirmed history is in a different body/office context; exact name alone is insufficient for this identity bridge.",https://results.elections.on.ca/api/report-groups/1/report-outputs/932/csv;https://results.elections.on.ca/api/report-groups/1/report-outputs/925/csv;https://results.elections.on.ca/api/report-groups/1/report-outputs/930/csv,independent-adjudication-bucket-1
can_3e594586f4bd503f898490f24c70c9fa,per_feb80bf76ab054648511b8cfe6ed95a8,unresolved,medium,"The target has a same-body/same-office result with the same name, but the district differs from this occurrence; results alone cannot establish identity across a changed district, so the proposal is held.",https://results.elections.on.ca/api/report-groups/1/report-outputs/932/csv;https://results.elections.on.ca/api/report-groups/1/report-outputs/925/csv;https://results.elections.on.ca/api/report-groups/1/report-outputs/930/csv,independent-adjudication-bucket-1
can_3e7a8a6735385cae8da4cddbb461132c,per_c8dc8f2b4c1855fd86ac1dfc1b6b65b6,unresolved,low,"The target has confirmed activity in the same represented body, but not a matching office/district occurrence; exact name is insufficient across offices, so the proposal is held.",https://ckan0.cf.opendata.inter.prod-toronto.ca/dataset/elections-official-results,independent-adjudication-bucket-1
can_3ebad31e03dc59f6940a0cd4455aa291,per_30b56ef985505b0a9974c42454e6ec75,unresolved,low,"The proposed occurrence is supported by an official results record, but the target's confirmed history is in a different body/office context; exact name alone is insufficient for this identity bridge.",https://www.elections.ca/res/rep/off/ovr2019app/51/data_donnees/pollresults_resultatsbureau35.zip,independent-adjudication-bucket-1
can_3ef7bf25a6055473bcb8b14699dad51d,per_01385977e05c5b489043140a6871ded8,unresolved,medium,"The target has a same-body/same-office result with the same name, but the district differs from this occurrence; results alone cannot establish identity across a changed district, so the proposal is held.",https://results.elections.on.ca/api/report-groups/1/report-outputs/932/csv;https://results.elections.on.ca/api/report-groups/1/report-outputs/925/csv;https://results.elections.on.ca/api/report-groups/1/report-outputs/930/csv,independent-adjudication-bucket-1
can_3efad6239bf45d15a79535b826b7b71d,per_f582eba5e7c25cb3acb26b03708cbfef,unresolved,low,"The proposed occurrence is supported by an official results record, but the target's confirmed history is in a different body/office context; exact name alone is insufficient for this identity bridge.",https://www.elections.ca/scripts/OVR2008/31/data/pollresults_resultatsbureau35.zip,independent-adjudication-bucket-1
can_3f6d624758675c29b551058a89e67ffc,per_5b7b8cce36ae58d28c55f058b78d5afa,confirmed,high,"Official result continuity: same body/office, displayed district “Davenport”, and party/affiliation match a confirmed candidacy; no same-event/name collision found.",https://results.elections.on.ca/en/publications,independent-adjudication-bucket-0
can_3f7377dd408056238b9d0ddae492b23f,per_ada3fe69f7fa5808978a59bd6fa42259,unresolved,low,"Official result occurrence is recorded, but no qualifying same-body/office bridge with matching displayed district and party/affiliation was found; exact name alone is insufficient. No same-event/name collision found.",https://www.elections.ca/content.aspx?section=res&dir=rep/off/,independent-adjudication-bucket-0
can_3f7dab904c9c583ea66aa1572577cfe0,per_d66953f6761d568fbf6999bdf05c172d,unresolved,low,"Official result occurrence is recorded, but no qualifying same-body/office bridge with matching displayed district and party/affiliation was found; exact name alone is insufficient. No same-event/name collision found.",https://results.elections.on.ca/en/publications,independent-adjudication-bucket-2
can_3f88325454715474aa2754f6edcfa2d3,per_1792a797c99c5743a4c1d84fb1f6a399,unresolved,low,"Official result occurrence is recorded, but no qualifying same-body/office bridge with matching displayed district and party/affiliation was found; exact name alone is insufficient. No same-event/name collision found.",https://www.toronto.ca/city-government/elections/,independent-adjudication-bucket-0
can_403869c12fe95f30a60bc3ec56861f9f,per_75a82a5ddd195da2bccc289f8513f8d2,unresolved,low,"Official result occurrence is recorded, but no qualifying same-body/office bridge with matching displayed district and party/affiliation was found; exact name alone is insufficient. No same-event/name collision found.",https://www.elections.ca/content.aspx?section=res&dir=rep/off/,independent-adjudication-bucket-0
can_40478ba79e9f575db3d3a873656c600c,per_26c8bb5191885b0b9444dc194e907fc3,confirmed,high,Official results show the same candidate in the same ontario_legislative_assembly mpp district (Etobicoke—Lakeshore) as the confirmed 2014 occurrence; party/affiliation continuity is consistent and no same-event/name collision was found.,https://results.elections.on.ca/api/report-groups/1/report-outputs/932/csv;https://results.elections.on.ca/api/report-groups/1/report-outputs/925/csv;https://results.elections.on.ca/api/report-groups/1/report-outputs/930/csv;https://results.elections.on.ca/api/report-groups/2/report-outputs/488/csv;https://results.elections.on.ca/api/report-groups/2/report-outputs/481/csv;https://results.elections.on.ca/api/report-groups/2/report-outputs/486/csv,independent-adjudication-bucket-1
can_409a2a8b910d5a11a24babf9ea29809a,per_b1e037542ccb51439b82c5f1d80907dd,unresolved,low,"Official result occurrence is recorded, but no qualifying same-body/office bridge with matching displayed district and party/affiliation was found; exact name alone is insufficient. No same-event/name collision found.",https://www.tcdsb.org/,independent-adjudication-bucket-0
can_414e4f1397a75374821158c4047f4f8c,per_ad7a54487232543985c6c8ddb8260cbe,unresolved,low,"Official result occurrence is recorded, but no qualifying same-body/office bridge with matching displayed district and party/affiliation was found; exact name alone is insufficient. No same-event/name collision found.",https://results.elections.on.ca/en/publications,independent-adjudication-bucket-0
can_4177a1d4172a55ecbe08f135fb3b48af,per_de71c502bd0c588281ce5fb96c3d8bf6,unresolved,low,"Official result occurrence is recorded, but no qualifying same-body/office bridge with matching displayed district and party/affiliation was found; exact name alone is insufficient. No same-event/name collision found.",https://www.toronto.ca/city-government/elections/,independent-adjudication-bucket-2
can_41ebca3f931658f9999599ff8733a128,per_9d0ddac367b553a7a2cefe1ab1ce9256,unresolved,low,"Official result occurrence is recorded, but no qualifying same-body/office bridge with matching displayed district and party/affiliation was found; exact name alone is insufficient. No same-event/name collision found.",https://www.tcdsb.org/,independent-adjudication-bucket-0
can_41fa067ba91954a38f2a63ed1a601a23,per_cacdaf09421e5b0e98d0138141449f29,unresolved,low,"Official result occurrence is recorded, but no qualifying same-body/office bridge with matching displayed district and party/affiliation was found; exact name alone is insufficient. No same-event/name collision found.",https://results.elections.on.ca/en/publications,independent-adjudication-bucket-0
can_424e9723a2aa501a97698ef048a28477,per_4abfc6814553591da65fde24f2822daa,unresolved,medium,"The target has a same-body/same-office result with the same name, but the district differs from this occurrence; results alone cannot establish identity across a changed district, so the proposal is held.",https://ckan0.cf.opendata.inter.prod-toronto.ca/dataset/elections-official-results,independent-adjudication-bucket-1
can_4254c6df3d1c5d96af5e1920543c99ce,per_8e3161381be553a0a8631ebce050cdaf,unresolved,low,"Official result occurrence is recorded, but no qualifying same-body/office bridge with matching displayed district and party/affiliation was found; exact name alone is insufficient. No same-event/name collision found.",https://www.elections.ca/content.aspx?section=res&dir=rep/off/,independent-adjudication-bucket-0
can_42cbb498572d51629899abc4090a645e,per_9e71e82620d15666b80af8fdc41646b2,unresolved,low,"Official result occurrence is recorded, but no qualifying same-body/office bridge with matching displayed district and party/affiliation was found; exact name alone is insufficient. No same-event/name collision found.",https://www.elections.ca/content.aspx?section=res&dir=rep/off/,independent-adjudication-bucket-2
can_42f17569f48c54e9a34339de3809ac68,per_d5c7df4b1d8055cfb543438371ad2b07,unresolved,low,"Official result occurrence is recorded, but no qualifying same-body/office bridge with matching displayed district and party/affiliation was found; exact name alone is insufficient. No same-event/name collision found.",https://results.elections.on.ca/en/publications,independent-adjudication-bucket-2
can_42f98805c4bf5bf6b1cb45472413dba7,per_3b5c691ecc49595daa1d84a97b6544de,unresolved,low,"Official result occurrence is recorded, but no qualifying same-body/office bridge with matching displayed district and party/affiliation was found; exact name alone is insufficient. No same-event/name collision found.",https://www.elections.ca/content.aspx?section=res&dir=rep/off/,independent-adjudication-bucket-0
can_4309d6680d8a5d8e9da9b60a0a92ce9b,per_33fb6977b0cc5be2b7681eb0f9385da5,unresolved,low,"Official result occurrence is recorded, but no qualifying same-body/office bridge with matching displayed district and party/affiliation was found; exact name alone is insufficient. No same-event/name collision found.",https://www.toronto.ca/city-government/elections/,independent-adjudication-bucket-2
can_432741c28e6c5365b1b5fdae4d00f6ee,per_aa5920025b895fe7a144ad14554592dc,unresolved,low,"Official result occurrence is recorded, but no qualifying same-body/office bridge with matching displayed district and party/affiliation was found; exact name alone is insufficient. No same-event/name collision found.",https://www.toronto.ca/city-government/elections/,independent-adjudication-bucket-0
can_435fe9e517d45e3b80dd156db557de84,per_f3c958aa4f5f5509a94c11ad48f91dba,unresolved,low,"Official result occurrence is recorded, but no qualifying same-body/office bridge with matching displayed district and party/affiliation was found; exact name alone is insufficient. No same-event/name collision found.",https://results.elections.on.ca/en/publications,independent-adjudication-bucket-2
can_43730465ce5151b680e9c905b618c2af,per_de71c502bd0c588281ce5fb96c3d8bf6,unresolved,low,"Official result occurrence is recorded, but no qualifying same-body/office bridge with matching displayed district and party/affiliation was found; exact name alone is insufficient. No same-event/name collision found.",https://www.toronto.ca/city-government/elections/,independent-adjudication-bucket-2
can_43e8f1a1fdb5504f9bd7f0249f4759f8,per_64b4963bd07c52f68aa4ed27565d2e10,unresolved,low,"Official result occurrence is recorded, but no qualifying same-body/office bridge with matching displayed district and party/affiliation was found; exact name alone is insufficient. No same-event/name collision found.",https://www.elections.ca/content.aspx?section=res&dir=rep/off/,independent-adjudication-bucket-0
can_446014dfa14f56e7a4a75af7ab098dc9,per_fb1330040a9f58b2a6e7de8bae16bf3e,confirmed,high,"A fact-checked 2025 candidate profile explicitly identifies the council candidate as the 2022 TCDSB Ward 9 candidate, bridging the offices to the existing Person.",https://thelocal.to/srp2025/,council-batch-2-evidence-review
can_44b1b0bacd9651fcb69478affb54cce5,per_d6acb15f737053038b9f0ea1e0dbc691,confirmed,high,Official results show the same candidate in the same ontario_legislative_assembly mpp district (Davenport) as the confirmed 2003 occurrence; party/affiliation continuity is consistent and no same-event/name collision was found.,https://results.elections.on.ca/api/report-groups/1/report-outputs/932/csv;https://results.elections.on.ca/api/report-groups/1/report-outputs/925/csv;https://results.elections.on.ca/api/report-groups/1/report-outputs/930/csv;https://results.elections.on.ca/api/report-groups/5/report-outputs/521/csv;https://results.elections.on.ca/api/report-groups/5/report-outputs/514/csv;https://results.elections.on.ca/api/report-groups/5/report-outputs/519/csv,independent-adjudication-bucket-1
can_44b8ec49d1a45caab718e7dc4fd95db7,per_dcf81aa9f2785dfe91089150ec4ccddc,unresolved,low,"Official result occurrence is recorded, but no qualifying same-body/office bridge with matching displayed district and party/affiliation was found; exact name alone is insufficient. No same-event/name collision found.",https://www.tdsb.on.ca/,independent-adjudication-bucket-2
can_44fc83800bf55475b694fea79eb3e0d1,per_6ae741fa1fc65281a8b7aea106352cb1,unresolved,low,"Official result occurrence is recorded, but no qualifying same-body/office bridge with matching displayed district and party/affiliation was found; exact name alone is insufficient. No same-event/name collision found.",https://www.elections.ca/content.aspx?section=res&dir=rep/off/,independent-adjudication-bucket-2
can_450d772a29fb5025ae72afcf2d030b69,per_9cb0ccbff3bd5e5aa8122fef1a77fdcf,unresolved,low,"Official result occurrence is recorded, but no qualifying same-body/office bridge with matching displayed district and party/affiliation was found; exact name alone is insufficient. No same-event/name collision found.",https://results.elections.on.ca/en/publications,independent-adjudication-bucket-2
can_4520b0522d8e53b49e795bddfd3d9eb3,per_d5c7df4b1d8055cfb543438371ad2b07,unresolved,low,"Official result occurrence is recorded, but no qualifying same-body/office bridge with matching displayed district and party/affiliation was found; exact name alone is insufficient. No same-event/name collision found.",https://www.elections.ca/content.aspx?section=res&dir=rep/off/,independent-adjudication-bucket-2
can_454887c8eadd58c6a9f0590230c7c23e,per_99e7c7fb654e5a6caf9b4d82439eea03,unresolved,low,"The proposed occurrence is supported by an official results record, but the target's confirmed history is in a different body/office context; exact name alone is insufficient for this identity bridge.",https://ckan0.cf.opendata.inter.prod-toronto.ca/dataset/elections-official-results,independent-adjudication-bucket-1
can_45676c1c51535c65898027fab6b6abd0,per_814faf6d9f0b59c7817614e59dc88eee,unresolved,medium,"The target has a same-body/same-office result with the same name, but the district differs from this occurrence; results alone cannot establish identity across a changed district, so the proposal is held.",https://www.elections.ca/res/rep/off/ovr2021app/53/data_donnees/pollresults_resultatsbureau35.zip,independent-adjudication-bucket-1
can_457a50afc38158a2a80231ae7ad4632d,per_34f86027a4e85065b3f8628892cf286b,unresolved,low,"The proposed occurrence is supported by an official results record, but the target's confirmed history is in a different body/office context; exact name alone is insufficient for this identity bridge.",https://ckan0.cf.opendata.inter.prod-toronto.ca/dataset/elections-official-results,independent-adjudication-bucket-1
can_45abc25c12925c7ba1a005c4c0b10f87,per_b164704c5e2553369da45403e2f7329a,unresolved,low,"Official result occurrence is recorded, but no qualifying same-body/office bridge with matching displayed district and party/affiliation was found; exact name alone is insufficient. No same-event/name collision found.",https://results.elections.on.ca/en/publications,independent-adjudication-bucket-2
can_46733f134e7052788d0fe7e6b14b41ff,per_c44cdf5cda645b059a05ad1d6ccd697d,unresolved,low,"Official result occurrence is recorded, but no qualifying same-body/office bridge with matching displayed district and party/affiliation was found; exact name alone is insufficient. No same-event/name collision found.",https://www.tcdsb.org/,independent-adjudication-bucket-0
can_467ce1971c8b595a88cebb67edda463a,per_1a5bfbdd6d5a5bdd8a98871a2d12da15,unresolved,low,"Official result occurrence is recorded, but no qualifying same-body/office bridge with matching displayed district and party/affiliation was found; exact name alone is insufficient. No same-event/name collision found.",https://www.toronto.ca/city-government/elections/,independent-adjudication-bucket-0
can_46caccb6917d5d3e9e94349284e3993b,per_0dc4a5c8fe3251b7927d6f7f417e8f1a,unresolved,low,"Official result occurrence is recorded, but no qualifying same-body/office bridge with matching displayed district and party/affiliation was found; exact name alone is insufficient. No same-event/name collision found.",https://www.toronto.ca/city-government/elections/,independent-adjudication-bucket-2
can_47a8eb50a52a5f718c57f22a7a4298b7,per_2ca802ab0bb55224bfa4298f0b12970c,unresolved,low,"Official result occurrence is recorded, but no qualifying same-body/office bridge with matching displayed district and party/affiliation was found; exact name alone is insufficient. No same-event/name collision found.",https://www.toronto.ca/city-government/elections/,independent-adjudication-bucket-0
can_47b88d63ece95daa99b75f4401304a4e,per_c44cdf5cda645b059a05ad1d6ccd697d,unresolved,low,"Official result occurrence is recorded, but no qualifying same-body/office bridge with matching displayed district and party/affiliation was found; exact name alone is insufficient. No same-event/name collision found.",https://results.elections.on.ca/en/publications,independent-adjudication-bucket-0
can_47cf001142fa5deeb0af1686784e4c55,per_093405f4e15257dfb50a2207eccd05cc,unresolved,low,"Official result occurrence is recorded, but no qualifying same-body/office bridge with matching displayed district and party/affiliation was found; exact name alone is insufficient. No same-event/name collision found.",https://www.tdsb.on.ca/,independent-adjudication-bucket-2
can_480e85c2b3c5544ab31c87b1c4a7ac79,per_9b92574a7f9e510393cfdf8cd7140383,unresolved,low,"Official result occurrence is recorded, but no qualifying same-body/office bridge with matching displayed district and party/affiliation was found; exact name alone is insufficient. No same-event/name collision found.",https://www.toronto.ca/city-government/elections/,independent-adjudication-bucket-0
can_481c7e81c965547c9261bd709b768565,per_b50c46c6e53b5293887c79647c07cdda,unresolved,low,"Official result occurrence is recorded, but no qualifying same-body/office bridge with matching displayed district and party/affiliation was found; exact name alone is insufficient. No same-event/name collision found.",https://www.tdsb.on.ca/,independent-adjudication-bucket-2
can_483da73256965f16a45bb0798aa967d7,per_5d6ccf2244905e79b0fb668d84e2675b,unresolved,low,"Official result occurrence is recorded, but no qualifying same-body/office bridge with matching displayed district and party/affiliation was found; exact name alone is insufficient. No same-event/name collision found.",https://www.toronto.ca/city-government/elections/,independent-adjudication-bucket-2
can_4847cf505a755727912650a3e7e2e3b0,per_cf67e953cc5d5813be347c92214ea37d,confirmed,high,"Official result continuity: same body/office, displayed district “Ward 19”, and party/affiliation “non_partisan” match a confirmed candidacy; no same-event/name collision found.",https://www.tdsb.on.ca/,independent-adjudication-bucket-2
can_4857592f0aec556c98cce6da1896f0e1,per_df641109865658e58906d26532b72e0f,unresolved,low,"The proposed occurrence is supported by an official results record, but the target's confirmed history is in a different body/office context; exact name alone is insufficient for this identity bridge.",https://results.elections.on.ca/api/report-groups/48/report-outputs/1096/csv;https://results.elections.on.ca/api/report-groups/48/report-outputs/1089/csv;https://results.elections.on.ca/api/report-groups/48/report-outputs/1094/csv,independent-adjudication-bucket-1
can_486492dc42e95661a5d31c4bc8cef8ff,per_78fd07f017e055fdb6645ef054d4f86a,unresolved,low,"Official result occurrence is recorded, but no qualifying same-body/office bridge with matching displayed district and party/affiliation was found; exact name alone is insufficient. No same-event/name collision found.",https://results.elections.on.ca/en/publications,independent-adjudication-bucket-2
can_4893f8c2cdae5b2db28073fd456a422a,per_371b5bc9eb45536589fb1d6d13928109,unresolved,low,"The proposed occurrence is supported by an official results record, but the target's confirmed history is in a different body/office context; exact name alone is insufficient for this identity bridge.",https://www.elections.ca/res/rep/off/ovr_2026/64/data_donnees/pollresults_resultatsbureau35112.csv,independent-adjudication-bucket-1
can_48bf2acf6dd25bc986d30b7f515bc443,per_b35e8e42755855f49dc074cb1b16e178,unresolved,low,"Official result occurrence is recorded, but no qualifying same-body/office bridge with matching displayed district and party/affiliation was found; exact name alone is insufficient. No same-event/name collision found.",https://www.tdsb.on.ca/,independent-adjudication-bucket-0
can_48f2cb1cc2065e9f96931c6686fdd731,per_abd1b24156dc5a6fb667305c163eece7,unresolved,low,"Official result occurrence is recorded, but no qualifying same-body/office bridge with matching displayed district and party/affiliation was found; exact name alone is insufficient. No same-event/name collision found.",https://www.toronto.ca/city-government/elections/,independent-adjudication-bucket-0
can_4904cf2217345185a3d72c6fb1b7dbcd,per_56f12a90f5605d99a70de072b09452a5,unresolved,low,"The proposed occurrence is supported by an official results record, but the target's confirmed history is in a different body/office context; exact name alone is insufficient for this identity bridge.",https://ckan0.cf.opendata.inter.prod-toronto.ca/dataset/elections-official-results,independent-adjudication-bucket-1
can_49478b066d235422b0440723df7f2117,per_76657ce29bbf58dc8e5cfec827657070,unresolved,low,"Official result occurrence is recorded, but no qualifying same-body/office bridge with matching displayed district and party/affiliation was found; exact name alone is insufficient. No same-event/name collision found.",https://results.elections.on.ca/en/publications,independent-adjudication-bucket-2
can_496fb173cd77524a8f7bd5f6ca71718b,per_00e88da3f4295154a9273797c99df368,unresolved,low,"Official result occurrence is recorded, but no qualifying same-body/office bridge with matching displayed district and party/affiliation was found; exact name alone is insufficient. No same-event/name collision found.",https://www.tdsb.on.ca/,independent-adjudication-bucket-0
can_4996638a44b75281b3f3f94bdd093ad1,per_9614b37993c0510688787961dc86e1a0,unresolved,low,"The proposed occurrence is supported by an official results record, but the target's confirmed history is in a different body/office context; exact name alone is insufficient for this identity bridge.",https://ckan0.cf.opendata.inter.prod-toronto.ca/dataset/96d35404-44d9-49d8-95bb-fb1e5489240d/resource/2fcd5f20-90f5-4dd0-88eb-22e978b9bf89/download/2018-results.zip,independent-adjudication-bucket-1
can_49a7481280d051cfacce6ae46478b7e6,per_938e95f2cf3a517bbb1e3feeabe58948,unresolved,low,"Official result occurrence is recorded, but no qualifying same-body/office bridge with matching displayed district and party/affiliation was found; exact name alone is insufficient. No same-event/name collision found.",https://results.elections.on.ca/en/publications,independent-adjudication-bucket-2
can_4a1e59d9176a5f92bbc234e9b8b9c185,per_ff056fc0e23851078243e1be89112c34,unresolved,low,"Official result occurrence is recorded, but no qualifying same-body/office bridge with matching displayed district and party/affiliation was found; exact name alone is insufficient. No same-event/name collision found.",https://www.toronto.ca/city-government/elections/,independent-adjudication-bucket-2
can_4a373a62278d55ceb6818a548ac1dd80,per_d01f90666b6f5ca8b9b5505e19248b8e,unresolved,low,"Official result occurrence is recorded, but no qualifying same-body/office bridge with matching displayed district and party/affiliation was found; exact name alone is insufficient. No same-event/name collision found.",https://results.elections.on.ca/en/publications,independent-adjudication-bucket-2
can_4a949b6ccb3c566ca4462fe3bb806b21,per_791106f36261525dbc579ab6cf45b553,confirmed,high,"Official result continuity: same body/office, displayed district “Etobicoke—Lakeshore”, and party/affiliation “Conservative Party of Canada” match a confirmed candidacy; no same-event/name collision found.",https://www.elections.ca/content.aspx?section=res&dir=rep/off/,independent-adjudication-bucket-2
can_4aa199fa294f5662a1a712cddc5b7ada,per_f4920710f55956eab0f9aee1d8410fac,unresolved,low,"Official result occurrence is recorded, but no qualifying same-body/office bridge with matching displayed district and party/affiliation was found; exact name alone is insufficient. No same-event/name collision found.",https://www.toronto.ca/city-government/elections/,independent-adjudication-bucket-0
can_4b4d13ab93a95ddeb7ff12670bc0b962,per_4426f79f0e8d5e639aa007a3e6712197,unresolved,low,"Official result occurrence is recorded, but no qualifying same-body/office bridge with matching displayed district and party/affiliation was found; exact name alone is insufficient. No same-event/name collision found.",https://www.tdsb.on.ca/,independent-adjudication-bucket-2
can_4b78499058bb5bb7a70328ec83ab9ef9,per_35ea9f020c565de2a219a14213d94b73,unresolved,low,"Official result occurrence is recorded, but no qualifying same-body/office bridge with matching displayed district and party/affiliation was found; exact name alone is insufficient. No same-event/name collision found.",https://results.elections.on.ca/en/publications,independent-adjudication-bucket-2
can_4c4ffea017fe500c8b6ac7ff6b01b13d,per_ea30d05412e5511da4dc09e3abd56452,unresolved,low,"Official result occurrence is recorded, but no qualifying same-body/office bridge with matching displayed district and party/affiliation was found; exact name alone is insufficient. No same-event/name collision found.",https://www.toronto.ca/city-government/elections/,independent-adjudication-bucket-2
can_4c6dc532414d5578a6f7dddfe490b9ba,per_75a82a5ddd195da2bccc289f8513f8d2,unresolved,low,"Official result occurrence is recorded, but no qualifying same-body/office bridge with matching displayed district and party/affiliation was found; exact name alone is insufficient. No same-event/name collision found.",https://www.elections.ca/content.aspx?section=res&dir=rep/off/,independent-adjudication-bucket-0
can_4d3cd20bc79d51d9a6e9774d62fc6503,per_b146470fe4365ec38207d3787b68b315,unresolved,low,"Official result occurrence is recorded, but no qualifying same-body/office bridge with matching displayed district and party/affiliation was found; exact name alone is insufficient. No same-event/name collision found.",https://www.toronto.ca/city-government/elections/,independent-adjudication-bucket-0
can_4f122d8e3c3e5bd69ad24264cdf728ed,per_3bcca97368575b6f819b1259f8c0327c,unresolved,low,"The proposed occurrence is supported by an official results record, but the target's confirmed history is in a different body/office context; exact name alone is insufficient for this identity bridge.",https://results.elections.on.ca/api/report-groups/3/report-outputs/499/csv;https://results.elections.on.ca/api/report-groups/3/report-outputs/492/csv;https://results.elections.on.ca/api/report-groups/3/report-outputs/497/csv,independent-adjudication-bucket-1
can_4f42705b1b805d5fa62b50b91f6c0ac3,per_47f14ba2b4fa5a8ba1707ce46ec5d6f4,unresolved,low,"Official result occurrence is recorded, but no qualifying same-body/office bridge with matching displayed district and party/affiliation was found; exact name alone is insufficient. No same-event/name collision found.",https://results.elections.on.ca/en/publications,independent-adjudication-bucket-0
can_4f82c5cfb1595ed794e9692de2ba3b07,per_0bf581c7815c51f6964d53ddb7b07052,unresolved,low,"The proposed occurrence is supported by an official results record, but the target's confirmed history is in a different body/office context; exact name alone is insufficient for this identity bridge.",https://www.elections.ca/res/rep/off/ovr2021app/53/data_donnees/pollresults_resultatsbureau35.zip,independent-adjudication-bucket-1
can_505ba8fe03b15f489b5f7bf68d7af82e,per_d29d1e556ae8574eb8fd3d8db56ed625,unresolved,low,"Official result occurrence is recorded, but no qualifying same-body/office bridge with matching displayed district and party/affiliation was found; exact name alone is insufficient. No same-event/name collision found.",https://www.toronto.ca/city-government/elections/,independent-adjudication-bucket-2
can_50aee42f5b9b5f9695725c01990c6425,per_3a2fd4dcc9125d67af5b628373f21fcd,confirmed,high,Official results show the same candidate in the same toronto_city_council mayor district (City of Toronto) as the confirmed 2010 occurrence; party/affiliation continuity is consistent and no same-event/name collision was found.,https://ckan0.cf.opendata.inter.prod-toronto.ca/dataset/elections-official-results,independent-adjudication-bucket-1
can_5105ce5f9d135bac9fc59ef7bd4d4c22,per_cafffa12de5f5870bf7b6e7cc1f7e95d,unresolved,low,"Official result occurrence is recorded, but no qualifying same-body/office bridge with matching displayed district and party/affiliation was found; exact name alone is insufficient. No same-event/name collision found.",https://www.elections.ca/content.aspx?section=res&dir=rep/off/,independent-adjudication-bucket-2
can_51594ecf09b95c3caecb6e237854a307,per_59a4976fbfdf5049a3d99fd7e06d0fc8,unresolved,low,"Official result occurrence is recorded, but no qualifying same-body/office bridge with matching displayed district and party/affiliation was found; exact name alone is insufficient. No same-event/name collision found.",https://www.elections.ca/content.aspx?section=res&dir=rep/off/,independent-adjudication-bucket-0
can_5177cf6a18055fc4acf597d1babf871c,per_c3c1063b1db255be8fddaa0281613c31,unresolved,low,"Official result occurrence is recorded, but no qualifying same-body/office bridge with matching displayed district and party/affiliation was found; exact name alone is insufficient. No same-event/name collision found.",https://www.elections.ca/content.aspx?section=res&dir=rep/off/,independent-adjudication-bucket-2
can_51a876188fdc55e2914ab8fe0062e4e5,per_81ef63522b8f5740b01215b6541b08c7,confirmed,high,Official results show the same candidate in the same toronto_district_school_board trustee district (Ward 22) as the confirmed 2006 occurrence; party/affiliation continuity is consistent and no same-event/name collision was found.,https://ckan0.cf.opendata.inter.prod-toronto.ca/dataset/96d35404-44d9-49d8-95bb-fb1e5489240d/resource/6fbfaab0-bb84-442a-8e4b-1c14d4c10d6d/download/2010-results.zip;https://ckan0.cf.opendata.inter.prod-toronto.ca/dataset/96d35404-44d9-49d8-95bb-fb1e5489240d/resource/3fb1227c-a279-4523-a1aa-f00190ba717f/download/2006-results.zip,independent-adjudication-bucket-1
can_51ac8ec3949851a99620e6a4f40fa13c,per_608ec85707085c46ac38f31aca539d14,unresolved,low,"Official result occurrence is recorded, but no qualifying same-body/office bridge with matching displayed district and party/affiliation was found; exact name alone is insufficient. No same-event/name collision found.",https://results.elections.on.ca/en/publications,independent-adjudication-bucket-2
can_51e1f09fae635e12a5a27f2e955d9d31,per_62aca9c6dafa541c8f74b41fe1ef273d,confirmed,high,Official results show the same candidate in the same toronto_city_council councillor district (Ward 10) as the confirmed 2006 occurrence; party/affiliation continuity is consistent and no same-event/name collision was found.,https://ckan0.cf.opendata.inter.prod-toronto.ca/dataset/elections-official-results,independent-adjudication-bucket-1
can_5212fd548f015786b583dac51fabdb2d,per_b2a48c590b585508b905930c9465ff2c,unresolved,medium,"The target has a same-body/same-office result with the same name, but the district differs from this occurrence; results alone cannot establish identity across a changed district, so the proposal is held.",https://ckan0.cf.opendata.inter.prod-toronto.ca/dataset/96d35404-44d9-49d8-95bb-fb1e5489240d/resource/6fbfaab0-bb84-442a-8e4b-1c14d4c10d6d/download/2010-results.zip,independent-adjudication-bucket-1
can_523b204abdf756c183e4fe9b1878a2e8,per_39858a075aaa57578f38835650f60a97,unresolved,low,"The proposed occurrence is supported by an official results record, but the target's confirmed history is in a different body/office context; exact name alone is insufficient for this identity bridge.",https://www.elections.ca/res/rep/off/ovr2015app/41/data_donnees/pollresults_resultatsbureau35.zip,independent-adjudication-bucket-1
can_527b6aa50eae5ddeaa910dc089da26f4,per_aa7e1fc3732f5f7ca827abe93a68e2e8,unresolved,low,"The proposed occurrence is supported by an official results record, but the target's confirmed history is in a different body/office context; exact name alone is insufficient for this identity bridge.",https://ckan0.cf.opendata.inter.prod-toronto.ca/dataset/96d35404-44d9-49d8-95bb-fb1e5489240d/resource/3ad371de-7c51-45d3-9ea4-0b4efac5fc2b/download/2022-results.zip,independent-adjudication-bucket-1
can_52b1f5bf7fef5ff2a4b07cccb627a08c,per_cf8ab4f640845a47a22fbbb2b56492fa,confirmed,high,Official results show the same candidate in the same toronto_city_council councillor district (Ward 38) as the confirmed 2003 occurrence; party/affiliation continuity is consistent and no same-event/name collision was found.,https://ckan0.cf.opendata.inter.prod-toronto.ca/dataset/elections-official-results,independent-adjudication-bucket-1
can_52b2f9ebe41254baaf61d83258bb95c5,per_369d39203a7d5746a0e1eef836e08912,unresolved,low,"The proposed occurrence is supported by an official results record, but the target's confirmed history is in a different body/office context; exact name alone is insufficient for this identity bridge.",https://results.elections.on.ca/api/report-groups/45/report-outputs/1050/csv;https://results.elections.on.ca/api/report-groups/45/report-outputs/1043/csv;https://results.elections.on.ca/api/report-groups/45/report-outputs/1048/csv,independent-adjudication-bucket-1
can_52d46247bd9c530da77e6418e8ac8d6b,per_28c61b2d83d9518aaffab5e89e69a354,unresolved,low,"Official result occurrence is recorded, but no qualifying same-body/office bridge with matching displayed district and party/affiliation was found; exact name alone is insufficient. No same-event/name collision found.",https://www.toronto.ca/city-government/elections/,independent-adjudication-bucket-0
can_52fe2a8364535d5ca6b3eff20aed8ae7,per_1cdc473ae3635497bb29d351fe210fd3,unresolved,low,"The proposed occurrence is supported by an official results record, but the target's confirmed history is in a different body/office context; exact name alone is insufficient for this identity bridge.",https://ckan0.cf.opendata.inter.prod-toronto.ca/dataset/96d35404-44d9-49d8-95bb-fb1e5489240d/resource/6fbfaab0-bb84-442a-8e4b-1c14d4c10d6d/download/2010-results.zip,independent-adjudication-bucket-1
can_53229f9b8fe45259ba3605ff38b3f5db,per_19d18c2b88bd59e4b65f48587ba5e2a6,unresolved,low,"Official result occurrence is recorded, but no qualifying same-body/office bridge with matching displayed district and party/affiliation was found; exact name alone is insufficient. No same-event/name collision found.",https://www.toronto.ca/city-government/elections/,independent-adjudication-bucket-0
can_532812a7fcd55ea9a14d1eaac3695f09,per_c17ac379fa5b5304b1c8f6bc309e646c,unresolved,low,"Official result occurrence is recorded, but no qualifying same-body/office bridge with matching displayed district and party/affiliation was found; exact name alone is insufficient. No same-event/name collision found.",https://www.elections.ca/content.aspx?section=res&dir=rep/off/,independent-adjudication-bucket-0
can_54a3049e227b5481a481d3c0f9f3ed22,per_f5d996baae1858fb99f1317b2d89a3c3,unresolved,low,"Official result occurrence is recorded, but no qualifying same-body/office bridge with matching displayed district and party/affiliation was found; exact name alone is insufficient. No same-event/name collision found.",https://www.toronto.ca/city-government/elections/,independent-adjudication-bucket-0
can_552ad754487051e38e932e0f309d43d7,per_ef8c7d5062555316a257bf3789dc3864,unresolved,medium,"The target has a same-body/same-office result with the same name, but the district differs from this occurrence; results alone cannot establish identity across a changed district, so the proposal is held.",https://www.elections.ca/Scripts/OVR2006/25/data_donnees/pollresults_resultatsbureau35.zip,independent-adjudication-bucket-1
can_55b145d56a255620b49e6dcff02d6316,per_17a3a012347b5d07a5aba45414729366,unresolved,low,"Official result occurrence is recorded, but no qualifying same-body/office bridge with matching displayed district and party/affiliation was found; exact name alone is insufficient. No same-event/name collision found.",https://www.elections.ca/content.aspx?section=res&dir=rep/off/,independent-adjudication-bucket-2
can_56828200d32d557288872916bebdb1ca,per_715eb1c92da65092bfef73ddf2c15fc6,confirmed,high,"Official result continuity: same body/office, displayed district “Ward 26”, and party/affiliation “non_partisan” match a confirmed candidacy; no same-event/name collision found.",https://www.toronto.ca/city-government/elections/,independent-adjudication-bucket-2
can_57511c29d7135162be9597de73537f20,per_db35a09069a35a3a84a9eb0d0223ac9b,unresolved,low,"Official result occurrence is recorded, but no qualifying same-body/office bridge with matching displayed district and party/affiliation was found; exact name alone is insufficient. No same-event/name collision found.",https://results.elections.on.ca/en/publications,independent-adjudication-bucket-0
can_57b1d3b6fe565eeab279c5830fe231f9,per_273e5ff767d450ec9526ccbe67beab64,unresolved,low,"The proposed occurrence is supported by an official results record, but the target's confirmed history is in a different body/office context; exact name alone is insufficient for this identity bridge.",https://www.elections.ca/res/rep/off/ovr2019app/51/data_donnees/pollresults_resultatsbureau35.zip,independent-adjudication-bucket-1
can_57bff83947fe5a07a99a4ddf20349df1,per_726c6d2c05a559c7b78640513d4c5f43,confirmed,high,"A fact-checked 2025 profile explicitly states that the council candidate ran for TDSB Ward 22 trustee in 2022, bridging the offices to the existing Person.",https://thelocal.to/srp2025/,council-batch-2-evidence-review
can_57e1cee2821951a7ba88f4c5c101518b,per_aa4781aa9aa0509983b1a82511ccfec4,unresolved,medium,"The target has a same-body/same-office result with the same name, but the district differs from this occurrence; results alone cannot establish identity across a changed district, so the proposal is held.",https://ckan0.cf.opendata.inter.prod-toronto.ca/dataset/elections-official-results,independent-adjudication-bucket-1
can_58c6caa97ef9513fadf4fcc81685fe87,per_449db5317b8d51839f4403cde7a9f3fa,unresolved,low,"Official result occurrence is recorded, but no qualifying same-body/office bridge with matching displayed district and party/affiliation was found; exact name alone is insufficient. No same-event/name collision found.",https://www.elections.ca/content.aspx?section=res&dir=rep/off/,independent-adjudication-bucket-0
can_58e70ecf19f6522c8afb5ad9dd108e3b,per_7ebba43960555aac869a894b7d989baf,unresolved,low,"Official result occurrence is recorded, but no qualifying same-body/office bridge with matching displayed district and party/affiliation was found; exact name alone is insufficient. No same-event/name collision found.",https://www.elections.ca/content.aspx?section=res&dir=rep/off/,independent-adjudication-bucket-0
can_595d30ab3f1f5b338e183a5f8f058438,per_45e0588e5a8255eea2c4833fd6d56ca0,unresolved,medium,"The target has a same-body/same-office result with the same name, but the district differs from this occurrence; results alone cannot establish identity across a changed district, so the proposal is held.",https://ckan0.cf.opendata.inter.prod-toronto.ca/dataset/elections-official-results,independent-adjudication-bucket-1
can_59912775367250d0bc82f0b47e116fa7,per_09a896edf623508abcc63be6ca60dc8f,unresolved,low,"Official result occurrence is recorded, but no qualifying same-body/office bridge with matching displayed district and party/affiliation was found; exact name alone is insufficient. No same-event/name collision found.",https://www.elections.ca/content.aspx?section=res&dir=rep/off/,independent-adjudication-bucket-0
can_59985364429c5721b654a6a024a28676,per_3cd56e5a0db95c198dd3f396eb8e7d8b,unresolved,low,"Official result occurrence is recorded, but no qualifying same-body/office bridge with matching displayed district and party/affiliation was found; exact name alone is insufficient. No same-event/name collision found.",https://www.elections.ca/content.aspx?section=res&dir=rep/off/,independent-adjudication-bucket-0
can_5a927c45c592575a98b1f57faac39e57,per_e5f7c88c222a509688591661ac39767b,unresolved,low,"Official result occurrence is recorded, but no qualifying same-body/office bridge with matching displayed district and party/affiliation was found; exact name alone is insufficient. No same-event/name collision found.",https://www.elections.ca/content.aspx?section=res&dir=rep/off/,independent-adjudication-bucket-0
can_5aab2fafb2935172a3da40553f382685,per_be564d82528852a189268ae578759bf7,confirmed,high,Official results show the same candidate in the same toronto_district_school_board trustee district (Ward 22) as the confirmed 2014 occurrence; party/affiliation continuity is consistent and no same-event/name collision was found.,https://ckan0.cf.opendata.inter.prod-toronto.ca/dataset/96d35404-44d9-49d8-95bb-fb1e5489240d/resource/2fcd5f20-90f5-4dd0-88eb-22e978b9bf89/download/2018-results.zip;https://ckan0.cf.opendata.inter.prod-toronto.ca/dataset/96d35404-44d9-49d8-95bb-fb1e5489240d/resource/d59b5a52-33c3-4380-a136-82707e4d9aae/download/2014-results.zip,independent-adjudication-bucket-1
can_5aaf482c944158eca306704d9140902f,per_d46587cbda0d51099533785d087f2a52,unresolved,low,"Official result occurrence is recorded, but no qualifying same-body/office bridge with matching displayed district and party/affiliation was found; exact name alone is insufficient. No same-event/name collision found.",https://www.toronto.ca/city-government/elections/,independent-adjudication-bucket-0
can_5b891d25fc4e51bd906aa6d5b48044f1,per_e6d10d6056c159a688b5fbc44e6fee56,unresolved,low,"Official result occurrence is recorded, but no qualifying same-body/office bridge with matching displayed district and party/affiliation was found; exact name alone is insufficient. No same-event/name collision found.",https://www.toronto.ca/city-government/elections/,independent-adjudication-bucket-2
can_5c2a28e3342c5edc9db883380d1fc8cf,per_a7b310dc68f253e38c7bf537f1fff966,confirmed,high,"Official result continuity: same body/office, displayed district “Ward 8”, and party/affiliation “non_partisan” match a confirmed candidacy; no same-event/name collision found.",https://www.tcdsb.org/,independent-adjudication-bucket-2
can_5c5adaaeccf05f2db3147e0bff56bdf0,per_131f587a894e57098fc6589c9eaa622a,unresolved,low,"Official result occurrence is recorded, but no qualifying same-body/office bridge with matching displayed district and party/affiliation was found; exact name alone is insufficient. No same-event/name collision found.",https://results.elections.on.ca/en/publications,independent-adjudication-bucket-2
can_5c71ca76050c5064ad28b932a633b112,per_e63900f9e4325c71a9f2a5bebc34a2b0,confirmed,high,"Official result continuity: same body/office, displayed district “Parkdale—High Park”, and party/affiliation “Progressive Conservative Party of Ontario” match a confirmed candidacy; no same-event/name collision found.",https://results.elections.on.ca/en/publications,independent-adjudication-bucket-2
can_5d59fc9086f85163a890a566c523a80b,per_cfde0c3667245862aa0f774a719e3419,unresolved,low,"Official result occurrence is recorded, but no qualifying same-body/office bridge with matching displayed district and party/affiliation was found; exact name alone is insufficient. No same-event/name collision found.",https://www.toronto.ca/city-government/elections/,independent-adjudication-bucket-0
can_5d9d327aaf28502289a95b5e4fb9cd5c,per_6d809da6b0a953e894b43462447d72af,unresolved,low,"Official result occurrence is recorded, but no qualifying same-body/office bridge with matching displayed district and party/affiliation was found; exact name alone is insufficient. No same-event/name collision found.",https://results.elections.on.ca/en/publications,independent-adjudication-bucket-0
can_5e137f4f212c52ddabb92d43f0203e3d,per_d5e5e06f749653ad9781bb70aaf1806b,confirmed,high,"Official result continuity: same body/office, displayed district “Ward 8”, and party/affiliation “non_partisan” match a confirmed candidacy; no same-event/name collision found.",https://www.toronto.ca/city-government/elections/,independent-adjudication-bucket-2
can_5e7a66ab4bd75d48ab40bdd668acacd5,per_17a3a012347b5d07a5aba45414729366,unresolved,low,"Official result occurrence is recorded, but no qualifying same-body/office bridge with matching displayed district and party/affiliation was found; exact name alone is insufficient. No same-event/name collision found.",https://www.elections.ca/content.aspx?section=res&dir=rep/off/,independent-adjudication-bucket-2
can_5f2a4be7345f54dd97541ff5c8dd1b25,per_751e8bfb1df156019ce19a9991744f80,unresolved,low,"The proposed occurrence is supported by an official results record, but the target's confirmed history is in a different body/office context; exact name alone is insufficient for this identity bridge.",https://www.elections.ca/Scripts/OVR2006/25/data_donnees/pollresults_resultatsbureau35.zip,independent-adjudication-bucket-1
can_602cd00fb37b5db59a7045176cc9f65e,per_e4852aeb4c6754f1bb0e4106992c8dc8,confirmed,high,Official results show the same candidate in the same toronto_city_council mayor district (City of Toronto) as the confirmed 2022 occurrence; party/affiliation continuity is consistent and no same-event/name collision was found.,https://ckan0.cf.opendata.inter.prod-toronto.ca/dataset/elections-official-results,independent-adjudication-bucket-1
can_6065c7a5afac5934a805759b5aaa90a4,per_4436244498af51ae95e9fbbf93072903,unresolved,low,"Official result occurrence is recorded, but no qualifying same-body/office bridge with matching displayed district and party/affiliation was found; exact name alone is insufficient. No same-event/name collision found.",https://results.elections.on.ca/en/publications,independent-adjudication-bucket-2
can_606fde5c9b85595595ab1c539111e0dd,per_ae97c59f144e5a6bae5b7aaac22cbe14,unresolved,medium,"The target has a same-body/same-office result with the same name, but the district differs from this occurrence; results alone cannot establish identity across a changed district, so the proposal is held.",https://ckan0.cf.opendata.inter.prod-toronto.ca/dataset/elections-official-results,independent-adjudication-bucket-1
can_607cafdc2ebb5be9a591dda97c9fa8c0,per_933975ba30d553f282fab465a9740549,unresolved,low,"Official result occurrence is recorded, but no qualifying same-body/office bridge with matching displayed district and party/affiliation was found; exact name alone is insufficient. No same-event/name collision found.",https://www.toronto.ca/city-government/elections/,independent-adjudication-bucket-0
can_60b89b0fb02f5e4fb35ec11d8ebdbd5f,per_aa1078f5c83b568188c98224c0b71f58,unresolved,low,"The proposed occurrence is supported by an official results record, but the target's confirmed history is in a different body/office context; exact name alone is insufficient for this identity bridge.",https://www.elections.ca/res/rep/off/ovr2021app/53/data_donnees/pollresults_resultatsbureau35.zip,independent-adjudication-bucket-1
can_60eb25f808b6583bb5e21a19de63aa67,per_23fac8c4a971517ba46d8199a0908123,confirmed,high,Official results show the same candidate in the same conseil_scolaire_catholique_monavenir trustee district (Ward 4) as the confirmed 2003 occurrence; party/affiliation continuity is consistent and no same-event/name collision was found.,https://www.toronto.ca/wp-content/uploads/2017/08/8f72-election-2006-clerksofficialdeclaration.pdf;https://ckan0.cf.opendata.inter.prod-toronto.ca/dataset/96d35404-44d9-49d8-95bb-fb1e5489240d/resource/1ed53c9d-a316-465e-96ce-e72be74f8aa9/download/2003-results.zip,independent-adjudication-bucket-1
can_613e10c620db55a09d05aaf1d8b45902,per_19437117d92857d9ac07198a36e10a37,unresolved,medium,"The target has a same-body/same-office result with the same name, but the district differs from this occurrence; results alone cannot establish identity across a changed district, so the proposal is held.",https://www.toronto.ca/wp-content/uploads/2017/08/9783-election-2010-clerksofficialdeclaration.pdf,independent-adjudication-bucket-1
can_615768da2daf5074b4732694ea28a8c5,per_4426f79f0e8d5e639aa007a3e6712197,unresolved,low,"Official result occurrence is recorded, but no qualifying same-body/office bridge with matching displayed district and party/affiliation was found; exact name alone is insufficient. No same-event/name collision found.",https://www.tdsb.on.ca/,independent-adjudication-bucket-2
can_61b88576c149562f9f43e4de95a8b993,per_4f37b2f5fa8b5a78adaeab69c05cab5f,unresolved,low,"Official result occurrence is recorded, but no qualifying same-body/office bridge with matching displayed district and party/affiliation was found; exact name alone is insufficient. No same-event/name collision found.",https://www.toronto.ca/city-government/elections/,independent-adjudication-bucket-0
can_61ba7bbe686e54f0b14f5f47b2a05de1,per_e5f7c88c222a509688591661ac39767b,unresolved,low,"Official result occurrence is recorded, but no qualifying same-body/office bridge with matching displayed district and party/affiliation was found; exact name alone is insufficient. No same-event/name collision found.",https://www.elections.ca/content.aspx?section=res&dir=rep/off/,independent-adjudication-bucket-0
can_61faf7c693655416995cc8241f0d4b54,per_7c2010326383532baee13f9622637d64,unresolved,low,"Official result occurrence is recorded, but no qualifying same-body/office bridge with matching displayed district and party/affiliation was found; exact name alone is insufficient. No same-event/name collision found.",https://www.tdsb.on.ca/,independent-adjudication-bucket-2
can_6220c52e6fbf51e2add4b59cf059b30c,per_dd476c76412b55188c381498b666836f,unresolved,low,"Official result occurrence is recorded, but no qualifying same-body/office bridge with matching displayed district and party/affiliation was found; exact name alone is insufficient. No same-event/name collision found.",https://www.toronto.ca/city-government/elections/,independent-adjudication-bucket-2
can_62377a76404a59c88b8d3d6867a5fb16,per_fee676443417560dabcacf61aa50ded4,unresolved,low,"Official result occurrence is recorded, but no qualifying same-body/office bridge with matching displayed district and party/affiliation was found; exact name alone is insufficient. No same-event/name collision found.",https://www.toronto.ca/city-government/elections/,independent-adjudication-bucket-2
can_625a99df581f59218778c3b2630a7f3d,per_a0c1afdedea75ec48ba2f61bf77797ad,unresolved,low,"The proposed occurrence is supported by an official results record, but the target's confirmed history is in a different body/office context; exact name alone is insufficient for this identity bridge.",https://www.elections.ca/res/rep/off/ovr2021app/53/data_donnees/pollresults_resultatsbureau35.zip,independent-adjudication-bucket-1
can_628904260b3f58c488005d6d4f16f9e5,per_27eaf0e1b5e35aeda34d0cd766b9c4ad,unresolved,low,"Official result occurrence is recorded, but no qualifying same-body/office bridge with matching displayed district and party/affiliation was found; exact name alone is insufficient. No same-event/name collision found.",https://www.toronto.ca/city-government/elections/,independent-adjudication-bucket-2
can_62dec8a29c3b5b7297b37c797bc4008c,per_10880c49eccd5b04aa423a7743bc6cfb,unresolved,low,"Official result occurrence is recorded, but no qualifying same-body/office bridge with matching displayed district and party/affiliation was found; exact name alone is insufficient. No same-event/name collision found.",https://www.toronto.ca/city-government/elections/,independent-adjudication-bucket-0
can_62e755d768b156898b54c44645d46c97,per_7b38dc391d0a520a98ba25bfde5f0ef7,unresolved,low,"Official result occurrence is recorded, but no qualifying same-body/office bridge with matching displayed district and party/affiliation was found; exact name alone is insufficient. No same-event/name collision found.",https://www.toronto.ca/city-government/elections/,independent-adjudication-bucket-2
can_63146b4cf6fd5b2483d7d7ed979ae5c9,per_76657ce29bbf58dc8e5cfec827657070,unresolved,low,"Official result occurrence is recorded, but no qualifying same-body/office bridge with matching displayed district and party/affiliation was found; exact name alone is insufficient. No same-event/name collision found.",https://www.toronto.ca/city-government/elections/,independent-adjudication-bucket-2
can_6319c878feef5d739aa17183ac21d0ad,per_b01a51e931a756c593fe0ad3af90f61a,unresolved,low,"Official result occurrence is recorded, but no qualifying same-body/office bridge with matching displayed district and party/affiliation was found; exact name alone is insufficient. No same-event/name collision found.",https://www.tdsb.on.ca/,independent-adjudication-bucket-0
can_6321ff70309a5eee9e7fdf6502173a9c,per_8e9d36e1b43653b6a469e5c9b87e95e7,unresolved,low,"The proposed occurrence is supported by an official results record, but the target's confirmed history is in a different body/office context; exact name alone is insufficient for this identity bridge.",https://ckan0.cf.opendata.inter.prod-toronto.ca/dataset/elections-official-results,independent-adjudication-bucket-1
can_63470f76c7585d6b9267f04f1786f56c,per_5853689b88db555ca8a9431a01bdd81a,unresolved,low,"Official result occurrence is recorded, but no qualifying same-body/office bridge with matching displayed district and party/affiliation was found; exact name alone is insufficient. No same-event/name collision found.",https://results.elections.on.ca/en/publications,independent-adjudication-bucket-0
can_63dfe0b3bddd54bdb31970d922ea37bf,per_35a74b64eea251898e6dec4a1aa09483,unresolved,low,"Official result occurrence is recorded, but no qualifying same-body/office bridge with matching displayed district and party/affiliation was found; exact name alone is insufficient. No same-event/name collision found.",https://www.tcdsb.org/,independent-adjudication-bucket-0
can_63ffefca947e5e12a4508741ac121797,per_cecd3bd2462c5fd5b42420df4549a36c,unresolved,low,"The proposed occurrence is supported by an official results record, but the target's confirmed history is in a different body/office context; exact name alone is insufficient for this identity bridge.",https://results.elections.on.ca/api/report-groups/3/report-outputs/499/csv;https://results.elections.on.ca/api/report-groups/3/report-outputs/492/csv;https://results.elections.on.ca/api/report-groups/3/report-outputs/497/csv,independent-adjudication-bucket-1
can_641f8be541aa5889b9e411708561e316,per_982a63e06b42518892b172d5fad100f4,unresolved,low,"Official result occurrence is recorded, but no qualifying same-body/office bridge with matching displayed district and party/affiliation was found; exact name alone is insufficient. No same-event/name collision found.",https://www.toronto.ca/city-government/elections/,independent-adjudication-bucket-2
can_6430a971f7135308812dd4354e598dcb,per_87ce1c960f915a0cac91d688c6a52eaa,unresolved,low,"Official result occurrence is recorded, but no qualifying same-body/office bridge with matching displayed district and party/affiliation was found; exact name alone is insufficient. No same-event/name collision found.",https://results.elections.on.ca/en/publications,independent-adjudication-bucket-2
can_644e563c15a257b08478282f1b486966,per_546a50310fbe5401a126a3864d97fbb3,unresolved,low,"Official result occurrence is recorded, but no qualifying same-body/office bridge with matching displayed district and party/affiliation was found; exact name alone is insufficient. No same-event/name collision found.",https://results.elections.on.ca/en/publications,independent-adjudication-bucket-0
can_64ed3984473f53eab04717cd9ff09d7e,per_17a4a4648c2e5681a7adff5d7bfeab89,confirmed,high,"Official result continuity: same body/office, displayed district “Ward 5”, and party/affiliation “non_partisan” match a confirmed candidacy; no same-event/name collision found.",https://www.tcdsb.org/,independent-adjudication-bucket-2
can_651b853772e55a8b9e1bdd9d74d0242d,per_1edd1e3c4ca2572ea491719d939021c5,unresolved,low,"Official result occurrence is recorded, but no qualifying same-body/office bridge with matching displayed district and party/affiliation was found; exact name alone is insufficient. No same-event/name collision found.",https://www.toronto.ca/city-government/elections/,independent-adjudication-bucket-0
can_6541c4c6ae48557daddc17787f3cd3f6,per_546a50310fbe5401a126a3864d97fbb3,unresolved,low,"Official result occurrence is recorded, but no qualifying same-body/office bridge with matching displayed district and party/affiliation was found; exact name alone is insufficient. No same-event/name collision found.",https://results.elections.on.ca/en/publications,independent-adjudication-bucket-0
can_658aa82c704b504797479f1dd182a1db,per_f582eba5e7c25cb3acb26b03708cbfef,unresolved,low,"The proposed occurrence is supported by an official results record, but the target's confirmed history is in a different body/office context; exact name alone is insufficient for this identity bridge.",https://www.elections.ca/scripts/OVR2011/34/data_donnees/pollresults_resultatsbureau35.zip,independent-adjudication-bucket-1
can_659cba0f4a1850748ae7a4632b73d26b,per_0a7d82034a4554c2a6f261128a359a69,unresolved,medium,"The target has a same-body/same-office result with the same name, but the district differs from this occurrence; results alone cannot establish identity across a changed district, so the proposal is held.",https://www.elections.ca/res/rep/off/ovr_2013b2/csv/35093_e.csv;https://www.elections.ca/Scripts/VIS/HistoricalResults/35093_e.html,independent-adjudication-bucket-1
can_65e525de99325ff18a165a77695cc232,per_0a7d82034a4554c2a6f261128a359a69,unresolved,low,"The proposed occurrence is supported by an official results record, but the target's confirmed history is in a different body/office context; exact name alone is insufficient for this identity bridge.",https://results.elections.on.ca/api/report-groups/2/report-outputs/488/csv;https://results.elections.on.ca/api/report-groups/2/report-outputs/481/csv;https://results.elections.on.ca/api/report-groups/2/report-outputs/486/csv,independent-adjudication-bucket-1
can_6683e5726be7591c8838dea276070d00,per_87b00edc1b595a0db1750cdf35706c1a,unresolved,low,"Official result occurrence is recorded, but no qualifying same-body/office bridge with matching displayed district and party/affiliation was found; exact name alone is insufficient. No same-event/name collision found.",https://www.tcdsb.org/,independent-adjudication-bucket-2
can_6694c4902f6d5bc5bb94ee3e3edaaded,per_a804a7155dd659cd9b3cbbd885dff823,unresolved,low,"Official result occurrence is recorded, but no qualifying same-body/office bridge with matching displayed district and party/affiliation was found; exact name alone is insufficient. No same-event/name collision found.",https://www.toronto.ca/city-government/elections/,independent-adjudication-bucket-0
can_671b9d91baad568dbce033f5d0610940,per_d66953f6761d568fbf6999bdf05c172d,unresolved,low,"Official result occurrence is recorded, but no qualifying same-body/office bridge with matching displayed district and party/affiliation was found; exact name alone is insufficient. No same-event/name collision found.",https://results.elections.on.ca/en/publications,independent-adjudication-bucket-2
can_675451af3e4a562bb52d6acc05bfa39a,per_1be2aa1ed8be512385cfc50257cc41b2,unresolved,low,"Official result occurrence is recorded, but no qualifying same-body/office bridge with matching displayed district and party/affiliation was found; exact name alone is insufficient. No same-event/name collision found.",https://www.elections.ca/content.aspx?section=res&dir=rep/off/,independent-adjudication-bucket-2
can_67803acd8cc25264b48741d57eb45e60,per_b01fc84c0b685035a07e4f697bce5f0e,unresolved,low,"Official result occurrence is recorded, but no qualifying same-body/office bridge with matching displayed district and party/affiliation was found; exact name alone is insufficient. No same-event/name collision found.",https://results.elections.on.ca/en/publications,independent-adjudication-bucket-2
can_67c65094c753549baf1e8088e0cb9527,per_438e3ccb16465b9399a98f488305d79f,unresolved,low,"Official result occurrence is recorded, but no qualifying same-body/office bridge with matching displayed district and party/affiliation was found; exact name alone is insufficient. No same-event/name collision found.",https://www.tdsb.on.ca/,independent-adjudication-bucket-0
can_6845e55352d456bab5ae906a42d2db0b,per_546a50310fbe5401a126a3864d97fbb3,unresolved,low,"Official result occurrence is recorded, but no qualifying same-body/office bridge with matching displayed district and party/affiliation was found; exact name alone is insufficient. No same-event/name collision found.",https://results.elections.on.ca/en/publications,independent-adjudication-bucket-0
can_685f15adb0845f648ded289ff4097bc8,per_093405f4e15257dfb50a2207eccd05cc,unresolved,low,"Official result occurrence is recorded, but no qualifying same-body/office bridge with matching displayed district and party/affiliation was found; exact name alone is insufficient. No same-event/name collision found.",https://www.elections.ca/content.aspx?section=res&dir=rep/off/,independent-adjudication-bucket-2
can_68b313b784ef5e5a960c7e84f1e307ea,per_95aec9b2003e56e3a8c1ec0af4643dcb,unresolved,low,"Official result occurrence is recorded, but no qualifying same-body/office bridge with matching displayed district and party/affiliation was found; exact name alone is insufficient. No same-event/name collision found.",https://www.tdsb.on.ca/,independent-adjudication-bucket-2
can_690689c4111c50918c06f6b446c95d0d,per_b94977f840da534caf789477d036ee8c,confirmed,high,The archived first-party Etobicoke-Lakeshore council campaign biography explicitly describes Pamela Goughs tenure as the areas elected TDSB trustee.,https://web.archive.org/web/20181106153055/https://www.votegough.ca/;https://web.archive.org/web/20181106152912/https://www.votegough.ca/about-pamela/,consequential-council-evidence-review
can_6908539df16d51579bd3f494eb12cd20,per_bcfbb71d06325ab69c98fd92e7da065f,unresolved,low,"Official result occurrence is recorded, but no qualifying same-body/office bridge with matching displayed district and party/affiliation was found; exact name alone is insufficient. No same-event/name collision found.",https://www.toronto.ca/city-government/elections/,independent-adjudication-bucket-0
can_69240ad259405866ac3a0fdab6d0a1bc,per_7407bfea8ff95a68bfaa60ce8ed33f1e,unresolved,low,"Official result occurrence is recorded, but no qualifying same-body/office bridge with matching displayed district and party/affiliation was found; exact name alone is insufficient. No same-event/name collision found.",https://results.elections.on.ca/en/publications,independent-adjudication-bucket-0
can_694da788236050af8577033930f84273,per_bf25399d258553ddaa1b5947bd68d319,unresolved,low,"Official result occurrence is recorded, but no qualifying same-body/office bridge with matching displayed district and party/affiliation was found; exact name alone is insufficient. No same-event/name collision found.",https://www.toronto.ca/city-government/elections/,independent-adjudication-bucket-2
can_69552c0e8bc153de805181817fb630ad,per_93a61b01c6945ebeb43d590f8e3152bd,unresolved,low,"Official result occurrence is recorded, but no qualifying same-body/office bridge with matching displayed district and party/affiliation was found; exact name alone is insufficient. No same-event/name collision found.",https://www.toronto.ca/city-government/elections/,independent-adjudication-bucket-2
can_695eb83e3d4450eba058d5e27bd73534,per_5d9b1cbc232752a6a673870fddc99816,unresolved,low,"The proposed occurrence is supported by an official results record, but the target's confirmed history is in a different body/office context; exact name alone is insufficient for this identity bridge.",https://www.elections.ca/res/rep/off/ovrGE45/62/data_donnees/pollresults_resultatsbureau35.zip,independent-adjudication-bucket-1
can_69bf16173cdc53cd83ab74190b0ad830,per_75acdc8e18f1542e9b84c1738d3909a9,confirmed,high,Official results show the same candidate in the same toronto_city_council mayor district (City of Toronto) as the confirmed 2006 occurrence; party/affiliation continuity is consistent and no same-event/name collision was found.,https://ckan0.cf.opendata.inter.prod-toronto.ca/dataset/elections-official-results,independent-adjudication-bucket-1
can_6a3e2fed8ed257c98f4f53bd82e59a2b,per_233f3d4d420a5e329298d755bba4db6c,unresolved,low,"Official result occurrence is recorded, but no qualifying same-body/office bridge with matching displayed district and party/affiliation was found; exact name alone is insufficient. No same-event/name collision found.",https://csviamonde.ca/,independent-adjudication-bucket-2
can_6b27d2790f045849a51d157aebc37c08,per_70ea0da1455352ce8a8b3a715d8fec83,unresolved,low,"Official result occurrence is recorded, but no qualifying same-body/office bridge with matching displayed district and party/affiliation was found; exact name alone is insufficient. No same-event/name collision found.",https://results.elections.on.ca/en/publications,independent-adjudication-bucket-2
can_6b615777b712519daea2b7673276f0ba,per_094ad060da2654dfa39a6a04fdfab959,unresolved,low,"Official result occurrence is recorded, but no qualifying same-body/office bridge with matching displayed district and party/affiliation was found; exact name alone is insufficient. No same-event/name collision found.",https://www.elections.ca/content.aspx?section=res&dir=rep/off/,independent-adjudication-bucket-0
can_6ba0686932915f0a9f6990985c8d9fd3,per_540c022babd6524f968ed0654df279f6,unresolved,low,"Official result occurrence is recorded, but no qualifying same-body/office bridge with matching displayed district and party/affiliation was found; exact name alone is insufficient. No same-event/name collision found.",https://www.elections.ca/content.aspx?section=res&dir=rep/off/,independent-adjudication-bucket-0
can_6be323e7ee8a5933876a3f38906f043b,per_2fdf41daad09550c9f34303f340e8c11,unresolved,low,"Official result occurrence is recorded, but no qualifying same-body/office bridge with matching displayed district and party/affiliation was found; exact name alone is insufficient. No same-event/name collision found.",https://www.toronto.ca/city-government/elections/,independent-adjudication-bucket-0
can_6c0e0ec2bb125bfca1506d9aa87229f1,per_a4f693d03b055d16989f9ce5c4c124c5,unresolved,low,"Official result occurrence is recorded, but no qualifying same-body/office bridge with matching displayed district and party/affiliation was found; exact name alone is insufficient. No same-event/name collision found.",https://www.toronto.ca/city-government/elections/,independent-adjudication-bucket-0
can_6c6305e1a79f578893fd16a72d41cb3d,per_47f14ba2b4fa5a8ba1707ce46ec5d6f4,unresolved,low,"Official result occurrence is recorded, but no qualifying same-body/office bridge with matching displayed district and party/affiliation was found; exact name alone is insufficient. No same-event/name collision found.",https://results.elections.on.ca/en/publications,independent-adjudication-bucket-0
can_6d454e676c1f516fb73ba9989b430741,per_64b4963bd07c52f68aa4ed27565d2e10,unresolved,low,"Official result occurrence is recorded, but no qualifying same-body/office bridge with matching displayed district and party/affiliation was found; exact name alone is insufficient. No same-event/name collision found.",https://www.elections.ca/content.aspx?section=res&dir=rep/off/,independent-adjudication-bucket-0
can_6df9a409d6095008986dc60d22cfc8d1,per_1792a797c99c5743a4c1d84fb1f6a399,unresolved,low,"Official result occurrence is recorded, but no qualifying same-body/office bridge with matching displayed district and party/affiliation was found; exact name alone is insufficient. No same-event/name collision found.",https://www.toronto.ca/city-government/elections/,independent-adjudication-bucket-0
can_6e246ad120725e04aa910859cb8095ed,per_75a82a5ddd195da2bccc289f8513f8d2,unresolved,low,"Official result occurrence is recorded, but no qualifying same-body/office bridge with matching displayed district and party/affiliation was found; exact name alone is insufficient. No same-event/name collision found.",https://www.elections.ca/content.aspx?section=res&dir=rep/off/,independent-adjudication-bucket-0
can_6e8a36c7daed5182876f6b076bb5da51,per_dd9f6d1c03125a3496a60aaf718f694d,unresolved,low,"The proposed occurrence is supported by an official results record, but the target's confirmed history is in a different body/office context; exact name alone is insufficient for this identity bridge.",https://results.elections.on.ca/api/report-groups/4/report-outputs/510/csv;https://results.elections.on.ca/api/report-groups/4/report-outputs/503/csv;https://results.elections.on.ca/api/report-groups/4/report-outputs/508/csv,independent-adjudication-bucket-1
can_6ebb92794851506487b2cd3b6c16bab3,per_c53dea9f0236552ab33fe78d27be0b2e,unresolved,low,"Official result occurrence is recorded, but no qualifying same-body/office bridge with matching displayed district and party/affiliation was found; exact name alone is insufficient. No same-event/name collision found.",https://www.elections.ca/content.aspx?section=res&dir=rep/off/,independent-adjudication-bucket-0
can_6ee7f96b9703582cacb98264979cb608,per_8feeabb119355e87b3a8f8f42e8ec3b9,unresolved,low,"Official result occurrence is recorded, but no qualifying same-body/office bridge with matching displayed district and party/affiliation was found; exact name alone is insufficient. No same-event/name collision found.",https://www.elections.ca/content.aspx?section=res&dir=rep/off/,independent-adjudication-bucket-2
can_6f25cf4c3ed35fbc897169836853fa92,per_75a82a5ddd195da2bccc289f8513f8d2,unresolved,low,"Official result occurrence is recorded, but no qualifying same-body/office bridge with matching displayed district and party/affiliation was found; exact name alone is insufficient. No same-event/name collision found.",https://www.elections.ca/content.aspx?section=res&dir=rep/off/,independent-adjudication-bucket-0
can_6f426cc8521d5180a8ed2e9d54644297,per_3194bffe8a495100879505eee54d1891,confirmed,high,"A fact-checked 2022 candidate profile explicitly states that the candidate ran in the 2014 municipal election, bridging the changed ward to the existing Person.",https://thelocal.to/michael-thompson-sexual-assault-allegations-ward-21-scarborough-centre/,council-batch-2-evidence-review
can_702bdd781cc95f988570896063044e43,per_226308f203ec540aa4268b72caff6d8d,unresolved,low,"Official result occurrence is recorded, but no qualifying same-body/office bridge with matching displayed district and party/affiliation was found; exact name alone is insufficient. No same-event/name collision found.",https://www.toronto.ca/city-government/elections/,independent-adjudication-bucket-0
can_7054d92608745e29a414af5303d664d9,per_f3c2f90a4fd0506991cc77e026e1126a,unresolved,low,"Official result occurrence is recorded, but no qualifying same-body/office bridge with matching displayed district and party/affiliation was found; exact name alone is insufficient. No same-event/name collision found.",https://www.tcdsb.org/,independent-adjudication-bucket-0
can_708733b1951f5dfea952d00789d95e74,per_1532e26a4057567c93e20e166067edcc,rejected,high,"The official results list the same normalized candidate name in multiple toronto_catholic_district_school_board districts in the same event (Ward 6 (can_708733b1951f5dfea952d00789d95e74), Ward 9 (can_bfb4251aac145441b5ec9fd4ac7c75ac)); the occurrence cannot be safely assigned to this proposed Person without person-specific authority evidence.",https://ckan0.cf.opendata.inter.prod-toronto.ca/dataset/96d35404-44d9-49d8-95bb-fb1e5489240d/resource/6fbfaab0-bb84-442a-8e4b-1c14d4c10d6d/download/2010-results.zip,independent-adjudication-bucket-1
can_7099269ff3a0565e898188057091520d,per_e5f7c88c222a509688591661ac39767b,unresolved,low,"Official result occurrence is recorded, but no qualifying same-body/office bridge with matching displayed district and party/affiliation was found; exact name alone is insufficient. No same-event/name collision found.",https://www.elections.ca/content.aspx?section=res&dir=rep/off/,independent-adjudication-bucket-0
can_70f4f2afdb48503ab5dba1ed2d5493dd,per_9f8927504ff85226af85f734abc358c0,confirmed,high,Official results show the same candidate in the same ontario_legislative_assembly mpp district (Willowdale) as the confirmed 2007 occurrence; party/affiliation continuity is consistent and no same-event/name collision was found.,https://results.elections.on.ca/api/report-groups/45/report-outputs/1050/csv;https://results.elections.on.ca/api/report-groups/45/report-outputs/1043/csv;https://results.elections.on.ca/api/report-groups/45/report-outputs/1048/csv;https://results.elections.on.ca/api/report-groups/4/report-outputs/510/csv;https://results.elections.on.ca/api/report-groups/4/report-outputs/503/csv;https://results.elections.on.ca/api/report-groups/4/report-outputs/508/csv,independent-adjudication-bucket-1
can_71558d39f03d5a17aa5046404d273801,per_bf184b98711e552fbc201ee4d1fced49,unresolved,low,"Official result occurrence is recorded, but no qualifying same-body/office bridge with matching displayed district and party/affiliation was found; exact name alone is insufficient. No same-event/name collision found.",https://www.tdsb.on.ca/,independent-adjudication-bucket-2
can_715cf905cc095072bfc5b460cb9e0f34,per_c0e962facfbf55fc974ea57d9bc25d1e,unresolved,low,"Official result occurrence is recorded, but no qualifying same-body/office bridge with matching displayed district and party/affiliation was found; exact name alone is insufficient. No same-event/name collision found.",https://www.tdsb.on.ca/,independent-adjudication-bucket-0
can_71b3423d5fb95ce8bf6b22c17472b2de,per_984c8427445250d194cfdb00909dc9ab,confirmed,high,"Official result continuity: same body/office, displayed district “Scarborough Southwest”, and party/affiliation “Green Party of Ontario” match a confirmed candidacy; no same-event/name collision found.",https://results.elections.on.ca/en/publications,independent-adjudication-bucket-2
can_71d5fb0913e05a04b368062fa50902ec,per_75a82a5ddd195da2bccc289f8513f8d2,unresolved,low,"Official result occurrence is recorded, but no qualifying same-body/office bridge with matching displayed district and party/affiliation was found; exact name alone is insufficient. No same-event/name collision found.",https://results.elections.on.ca/en/publications,independent-adjudication-bucket-0
can_71ff30a95963587d805ab33da63ceb16,per_7a6c09e82feb52cdbcd1fa757f7c708d,unresolved,low,"Official result occurrence is recorded, but no qualifying same-body/office bridge with matching displayed district and party/affiliation was found; exact name alone is insufficient. No same-event/name collision found.",https://www.elections.ca/content.aspx?section=res&dir=rep/off/,independent-adjudication-bucket-2
can_7243df449ac550b08b68f379ac0fca33,per_c3da58de499a5dae931ba05291323774,unresolved,low,"Official result occurrence is recorded, but no qualifying same-body/office bridge with matching displayed district and party/affiliation was found; exact name alone is insufficient. No same-event/name collision found.",https://www.toronto.ca/city-government/elections/,independent-adjudication-bucket-2
can_72565c5cdaaf5afc8ab7277ac529a6b0,per_116bccd349dd5b8a9d02fb19291e5862,unresolved,low,"Official result occurrence is recorded, but no qualifying same-body/office bridge with matching displayed district and party/affiliation was found; exact name alone is insufficient. No same-event/name collision found.",https://www.toronto.ca/city-government/elections/,independent-adjudication-bucket-0
can_72c3041be0cd59bba264c3eaf28436a3,per_df78a26908df56398f6feaaa81ef11a4,unresolved,low,"Official result occurrence is recorded, but no qualifying same-body/office bridge with matching displayed district and party/affiliation was found; exact name alone is insufficient. No same-event/name collision found.",https://www.elections.ca/content.aspx?section=res&dir=rep/off/,independent-adjudication-bucket-0
can_72fc515dc72d5c1c900f1bbbe35b94b3,per_5d6ccf2244905e79b0fb668d84e2675b,unresolved,low,"Official result occurrence is recorded, but no qualifying same-body/office bridge with matching displayed district and party/affiliation was found; exact name alone is insufficient. No same-event/name collision found.",https://www.elections.ca/content.aspx?section=res&dir=rep/off/,independent-adjudication-bucket-2
can_731d9ee1a8785b5dac9503fd55987048,per_2770f48bced55f709680faa319f2868e,unresolved,low,"The proposed occurrence is supported by an official results record, but the target's confirmed history is in a different body/office context; exact name alone is insufficient for this identity bridge.",https://www.elections.ca/scripts/OVR2004/23/data/ON.zip;https://www.elections.ca/scripts/OVR2004/23/data/table12.csv,independent-adjudication-bucket-1
can_73abb44da9a653a29e5981d324e91e9c,per_23bcc9ebd9485027bf7aeb64a99c0c35,unresolved,low,"Official result occurrence is recorded, but no qualifying same-body/office bridge with matching displayed district and party/affiliation was found; exact name alone is insufficient. No same-event/name collision found.",https://www.elections.ca/content.aspx?section=res&dir=rep/off/,independent-adjudication-bucket-2
can_744d7bc8237453e39ee275da9531ef13,per_7bde521bd82552b497443ab1c8d2f23e,unresolved,low,"Official result occurrence is recorded, but no qualifying same-body/office bridge with matching displayed district and party/affiliation was found; exact name alone is insufficient. No same-event/name collision found.",https://www.tcdsb.org/,independent-adjudication-bucket-2
can_7467ae86611b532f977dcc942e49df77,per_3d92cb8578745ebaa293a5ae42926548,unresolved,low,"Official result occurrence is recorded, but no qualifying same-body/office bridge with matching displayed district and party/affiliation was found; exact name alone is insufficient. No same-event/name collision found.",https://results.elections.on.ca/en/publications,independent-adjudication-bucket-2
can_748f347a62d6572787e517fe49da020f,per_a9fa93f9d3fa5bd7aa6054726c7faeeb,confirmed,high,"A fact-checked candidate profile explicitly enumerates the same Person across the 2007 provincial and 2014, 2017, 2018, and 2022 council candidacies.",https://thelocal.to/ward-16-don-valley-east/,council-batch-2-evidence-review
can_74bfdde53fad5dd7a33dc79d840cf0cd,per_863eb5c104cc5b98a3f45dc31df9ee4d,unresolved,low,"Official result occurrence is recorded, but no qualifying same-body/office bridge with matching displayed district and party/affiliation was found; exact name alone is insufficient. No same-event/name collision found.",https://www.toronto.ca/city-government/elections/,independent-adjudication-bucket-2
can_74c410d6f98a5423b8be878edc4da000,per_39858a075aaa57578f38835650f60a97,unresolved,low,"The proposed occurrence is supported by an official results record, but the target's confirmed history is in a different body/office context; exact name alone is insufficient for this identity bridge.",https://ckan0.cf.opendata.inter.prod-toronto.ca/dataset/96d35404-44d9-49d8-95bb-fb1e5489240d/resource/2fcd5f20-90f5-4dd0-88eb-22e978b9bf89/download/2018-results.zip,independent-adjudication-bucket-1
can_758d731c49c25e4a98554f4f9a0e69c9,per_28aee1cff92751488df840b788c6aebf,unresolved,low,"Official result occurrence is recorded, but no qualifying same-body/office bridge with matching displayed district and party/affiliation was found; exact name alone is insufficient. No same-event/name collision found.",https://www.tdsb.on.ca/,independent-adjudication-bucket-2
can_759cd6ed050f5dec9f84413ba2404977,per_f3a7a5e7ef515b52af913693e70a0685,unresolved,low,"Official result occurrence is recorded, but no qualifying same-body/office bridge with matching displayed district and party/affiliation was found; exact name alone is insufficient. No same-event/name collision found.",https://www.tdsb.on.ca/,independent-adjudication-bucket-2
can_76128e37e2a15c24b7c1681fb390155d,per_20efe30e76be57bd8569e4dab191aeee,confirmed,high,"Official result continuity: same body/office, displayed district “Ward 5”, and party/affiliation “non_partisan” match a confirmed candidacy; no same-event/name collision found.",https://www.tdsb.on.ca/,independent-adjudication-bucket-2
can_7622960499995081b92a066c3bb25afb,per_d1cba76fb5ec5c9a9bf3d280053bee28,unresolved,low,"The proposed occurrence is supported by an official results record, but the target's confirmed history is in a different body/office context; exact name alone is insufficient for this identity bridge.",https://results.elections.on.ca/api/report-groups/2/report-outputs/488/csv;https://results.elections.on.ca/api/report-groups/2/report-outputs/481/csv;https://results.elections.on.ca/api/report-groups/2/report-outputs/486/csv,independent-adjudication-bucket-1
can_7685c3cc373b5d0ba7ec032229e61f04,per_38f3be6e70dd5d27bd78f8eca7820a02,unresolved,low,"Official result occurrence is recorded, but no qualifying same-body/office bridge with matching displayed district and party/affiliation was found; exact name alone is insufficient. No same-event/name collision found.",https://www.tcdsb.org/,independent-adjudication-bucket-2
can_76bd277e8ef7535099de3e78a3d01f88,per_17a3a012347b5d07a5aba45414729366,unresolved,low,"Official result occurrence is recorded, but no qualifying same-body/office bridge with matching displayed district and party/affiliation was found; exact name alone is insufficient. No same-event/name collision found.",https://www.elections.ca/content.aspx?section=res&dir=rep/off/,independent-adjudication-bucket-2
can_76d70693e14b5de3ad9c4eea684f015b,per_e89f801c94c05ce595edd9197f3ccb2b,confirmed,high,"Official result continuity: same body/office, displayed district “Ward 9”, and party/affiliation “non_partisan” match a confirmed candidacy; no same-event/name collision found.",https://www.toronto.ca/city-government/elections/,independent-adjudication-bucket-2
can_76e6d4b913ad577ea7675b5f49a0fc21,per_a9fa93f9d3fa5bd7aa6054726c7faeeb,confirmed,high,Official results show the same candidate in the same ontario_legislative_assembly mpp district (Don Valley East) as the confirmed 2007 occurrence; party/affiliation continuity is consistent and no same-event/name collision was found.,https://results.elections.on.ca/api/report-groups/45/report-outputs/1050/csv;https://results.elections.on.ca/api/report-groups/45/report-outputs/1043/csv;https://results.elections.on.ca/api/report-groups/45/report-outputs/1048/csv;https://results.elections.on.ca/api/report-groups/4/report-outputs/510/csv;https://results.elections.on.ca/api/report-groups/4/report-outputs/503/csv;https://results.elections.on.ca/api/report-groups/4/report-outputs/508/csv,independent-adjudication-bucket-1
can_77360db1d61055b1862abdad17f5e03c,per_3c246b205ffd55298633b81a804f8b82,confirmed,high,The first-party Ward 25 council campaign states that Anu Sriskandarajah had served as school-board trustee for seven years; the City certified-candidate list identifies the council candidacy.,https://www.dranu.ca/;https://www.toronto.ca/city-government/elections/ward-25-scarborough-rouge-park-by-election-list-of-candidates-third-party-advertisers/,consequential-council-evidence-review
can_7784bf39e6f158bea7e205594e524b4d,per_608ec85707085c46ac38f31aca539d14,unresolved,low,"Official result occurrence is recorded, but no qualifying same-body/office bridge with matching displayed district and party/affiliation was found; exact name alone is insufficient. No same-event/name collision found.",https://www.elections.ca/content.aspx?section=res&dir=rep/off/,independent-adjudication-bucket-2
can_778a3c6eb8e653b8ae8bffc4fe266a67,per_c1257798628456888a7db958bce5ef85,unresolved,low,"Official result occurrence is recorded, but no qualifying same-body/office bridge with matching displayed district and party/affiliation was found; exact name alone is insufficient. No same-event/name collision found.",https://www.toronto.ca/city-government/elections/,independent-adjudication-bucket-0
can_779bb959ce665e27945623dd07686f8e,per_d6acb15f737053038b9f0ea1e0dbc691,confirmed,high,Official results show the same candidate in the same ontario_legislative_assembly mpp district (Davenport) as the confirmed 2003 occurrence; party/affiliation continuity is consistent and no same-event/name collision was found.,https://results.elections.on.ca/api/report-groups/2/report-outputs/488/csv;https://results.elections.on.ca/api/report-groups/2/report-outputs/481/csv;https://results.elections.on.ca/api/report-groups/2/report-outputs/486/csv;https://results.elections.on.ca/api/report-groups/5/report-outputs/521/csv;https://results.elections.on.ca/api/report-groups/5/report-outputs/514/csv;https://results.elections.on.ca/api/report-groups/5/report-outputs/519/csv,independent-adjudication-bucket-1
can_7812347f200c536980deae8106e3d85e,per_fd23b86034275b79a16406776c74c7c9,unresolved,low,"Official result occurrence is recorded, but no qualifying same-body/office bridge with matching displayed district and party/affiliation was found; exact name alone is insufficient. No same-event/name collision found.",https://www.tdsb.on.ca/,independent-adjudication-bucket-2
can_7889057be29f5c8397b0e9b98ea9b6cc,per_c1257798628456888a7db958bce5ef85,unresolved,low,"Official result occurrence is recorded, but no qualifying same-body/office bridge with matching displayed district and party/affiliation was found; exact name alone is insufficient. No same-event/name collision found.",https://results.elections.on.ca/en/publications,independent-adjudication-bucket-0
can_78ac5b26280f5d4ca24168c34586745a,per_49df4ac999ee5622807c0776d2811835,unresolved,low,"Official result occurrence is recorded, but no qualifying same-body/office bridge with matching displayed district and party/affiliation was found; exact name alone is insufficient. No same-event/name collision found.",https://www.elections.ca/content.aspx?section=res&dir=rep/off/,independent-adjudication-bucket-0
can_78e7dec67e6d59a8b3315df547705de9,per_30b56ef985505b0a9974c42454e6ec75,unresolved,medium,"The target has a same-body/same-office result with the same name, but the district differs from this occurrence; results alone cannot establish identity across a changed district, so the proposal is held.",https://results.elections.on.ca/api/report-groups/45/report-outputs/1050/csv;https://results.elections.on.ca/api/report-groups/45/report-outputs/1043/csv;https://results.elections.on.ca/api/report-groups/45/report-outputs/1048/csv,independent-adjudication-bucket-1
can_7911bcded21b561eb401645b4719be3f,per_faf9843584a45e778d6d90e81cc34651,unresolved,low,"The proposed occurrence is supported by an official results record, but the target's confirmed history is in a different body/office context; exact name alone is insufficient for this identity bridge.",https://ckan0.cf.opendata.inter.prod-toronto.ca/dataset/96d35404-44d9-49d8-95bb-fb1e5489240d/resource/d59b5a52-33c3-4380-a136-82707e4d9aae/download/2014-results.zip,independent-adjudication-bucket-1
can_79169180149950eda2cc8bfe0881d691,per_b4417fb7cea05b679e1b024858dafc35,unresolved,low,"Official result occurrence is recorded, but no qualifying same-body/office bridge with matching displayed district and party/affiliation was found; exact name alone is insufficient. No same-event/name collision found.",https://www.tcdsb.org/,independent-adjudication-bucket-0
can_791b5cd7080b548fbc7e9da1fe00336b,per_4bf677b8b2f250349e69a78e7ba4e36c,unresolved,low,"Official result occurrence is recorded, but no qualifying same-body/office bridge with matching displayed district and party/affiliation was found; exact name alone is insufficient. No same-event/name collision found.",https://www.toronto.ca/city-government/elections/,independent-adjudication-bucket-0
can_794d61470f4453919f18f6bbd1922297,per_371b5bc9eb45536589fb1d6d13928109,unresolved,low,"The proposed occurrence is supported by an official results record, but the target's confirmed history is in a different body/office context; exact name alone is insufficient for this identity bridge.",https://www.elections.ca/res/rep/off/ovrGE45/62/data_donnees/pollresults_resultatsbureau35.zip,independent-adjudication-bucket-1
can_79d93b690cb95099b4c7ce194073e539,per_cb5fece0ddfd52e4aa521482bfd6cf6f,unresolved,low,"Official result occurrence is recorded, but no qualifying same-body/office bridge with matching displayed district and party/affiliation was found; exact name alone is insufficient. No same-event/name collision found.",https://www.toronto.ca/city-government/elections/,independent-adjudication-bucket-2
can_79e64e3492e35d3bb1e4bf7f1c601301,per_fabe9f9b66715eaa94e6d36deafeae97,unresolved,low,"Official result occurrence is recorded, but no qualifying same-body/office bridge with matching displayed district and party/affiliation was found; exact name alone is insufficient. No same-event/name collision found.",https://www.toronto.ca/city-government/elections/,independent-adjudication-bucket-0
can_79f83c513256527b92b9a9e2a83aec11,per_b546cf74381a5f76aa4ba03699b19a3b,unresolved,medium,"The target has a same-body/same-office result with the same name, but the district differs from this occurrence; results alone cannot establish identity across a changed district, so the proposal is held.",https://ckan0.cf.opendata.inter.prod-toronto.ca/dataset/elections-official-results,independent-adjudication-bucket-1
can_7a05dc1534b7557e80aa7dfc2dbfa9ad,per_aabf2d56e3235c99abd6bc49d11bef74,unresolved,low,"The proposed occurrence is supported by an official results record, but the target's confirmed history is in a different body/office context; exact name alone is insufficient for this identity bridge.",https://ckan0.cf.opendata.inter.prod-toronto.ca/dataset/elections-official-results,independent-adjudication-bucket-1
can_7a3d3085214451878d42e6e5136f3249,per_bae4184cf53b5159b67beb668a0d26f4,unresolved,low,"Official result occurrence is recorded, but no qualifying same-body/office bridge with matching displayed district and party/affiliation was found; exact name alone is insufficient. No same-event/name collision found.",https://results.elections.on.ca/en/publications,independent-adjudication-bucket-2
can_7a55edc2f5315cca9cd1951f39a0a2cf,per_243f270247485d1c9451ef36481c8c0e,confirmed,high,"Official result continuity: same body/office, displayed district “Ward 22”, and party/affiliation “non_partisan” match a confirmed candidacy; no same-event/name collision found.",https://www.tdsb.on.ca/,independent-adjudication-bucket-2
can_7af3dda7ae425e95b78f1c054361183e,per_d0f443fdedff53aab2723008d65db500,unresolved,low,"Official result occurrence is recorded, but no qualifying same-body/office bridge with matching displayed district and party/affiliation was found; exact name alone is insufficient. No same-event/name collision found.",https://www.tdsb.on.ca/,independent-adjudication-bucket-0
can_7b18c22be09b5c188a0785fe04355688,per_cf032acbb51e54c8b5417443d6924146,unresolved,low,"The proposed occurrence is supported by an official results record, but the target's confirmed history is in a different body/office context; exact name alone is insufficient for this identity bridge.",https://www.elections.ca/res/rep/off/ovr2015app/41/data_donnees/pollresults_resultatsbureau35.zip,independent-adjudication-bucket-1
can_7bbdf1dc2c0f59d9af3914ceadbe6dda,per_32814e1dbfe456938caee10e6e88c29c,unresolved,low,"Official result occurrence is recorded, but no qualifying same-body/office bridge with matching displayed district and party/affiliation was found; exact name alone is insufficient. No same-event/name collision found.",https://www.elections.ca/content.aspx?section=res&dir=rep/off/,independent-adjudication-bucket-2
can_7c537a872bb65a5fa46370a9f64413ae,per_ed2d2101204b5d73896d136630b4bb71,unresolved,low,"Official result occurrence is recorded, but no qualifying same-body/office bridge with matching displayed district and party/affiliation was found; exact name alone is insufficient. No same-event/name collision found.",https://www.toronto.ca/city-government/elections/,independent-adjudication-bucket-0
can_7c93d3db7ee35456bd409f180cb3796c,per_06c593495da95ae0ab273e23c22b243f,rejected,high,"The official results list the same normalized candidate name in multiple toronto_catholic_district_school_board districts in the same event (Ward 7 (can_4737b10c1bf85d78aed6c3aa26329249), Ward 5 (can_7c93d3db7ee35456bd409f180cb3796c)); the occurrence cannot be safely assigned to this proposed Person without person-specific authority evidence.",https://ckan0.cf.opendata.inter.prod-toronto.ca/dataset/96d35404-44d9-49d8-95bb-fb1e5489240d/resource/6fbfaab0-bb84-442a-8e4b-1c14d4c10d6d/download/2010-results.zip,independent-adjudication-bucket-1
can_7da5e6753799593cb1df488e984aeef0,per_56f12a90f5605d99a70de072b09452a5,confirmed,high,Official results show the same candidate in the same toronto_district_school_board trustee district (Ward 18) as the confirmed 2006 occurrence; party/affiliation continuity is consistent and no same-event/name collision was found.,https://ckan0.cf.opendata.inter.prod-toronto.ca/dataset/96d35404-44d9-49d8-95bb-fb1e5489240d/resource/2fcd5f20-90f5-4dd0-88eb-22e978b9bf89/download/2018-results.zip;https://ckan0.cf.opendata.inter.prod-toronto.ca/dataset/96d35404-44d9-49d8-95bb-fb1e5489240d/resource/3fb1227c-a279-4523-a1aa-f00190ba717f/download/2006-results.zip,independent-adjudication-bucket-1
can_7dcf344ea050543a953d55f4f26c6dca,per_022858fa191a541eaa442dd0e9cefd5d,confirmed,high,"A fact-checked 2023 profile explicitly identifies the council candidate as having run for TDSB trustee in 2014 and 2022, bridging the offices to the existing Person.",https://thelocal.to/scarborough-southwest-by-election-candidates-2023-city-council/,council-batch-2-evidence-review
can_7e7c0f302306571e925c05f0838186d2,per_dcf81aa9f2785dfe91089150ec4ccddc,confirmed,high,"Official result continuity: same body/office, displayed district “Ward 41”, and party/affiliation “non_partisan” match a confirmed candidacy; no same-event/name collision found.",https://www.toronto.ca/city-government/elections/,independent-adjudication-bucket-2
can_7f41beb1dcab50908dd4a063edb69c09,per_4726567e0b185d8c943d11650bbece0c,confirmed,high,Official results show the same candidate in the same toronto_district_school_board trustee district (Ward 5) as the confirmed 2003 occurrence; party/affiliation continuity is consistent and no same-event/name collision was found.,https://ckan0.cf.opendata.inter.prod-toronto.ca/dataset/96d35404-44d9-49d8-95bb-fb1e5489240d/resource/3fb1227c-a279-4523-a1aa-f00190ba717f/download/2006-results.zip;https://ckan0.cf.opendata.inter.prod-toronto.ca/dataset/96d35404-44d9-49d8-95bb-fb1e5489240d/resource/1ed53c9d-a316-465e-96ce-e72be74f8aa9/download/2003-results.zip,independent-adjudication-bucket-1
can_7f529dc34eb45571bf59054deecca4ca,per_f10ad8019bcf58d5a28f435fb1b19777,confirmed,high,Official results show the same candidate in the same toronto_city_council councillor district (Ward 16) as the confirmed 2010 occurrence; party/affiliation continuity is consistent and no same-event/name collision was found.,https://ckan0.cf.opendata.inter.prod-toronto.ca/dataset/elections-official-results,independent-adjudication-bucket-1
can_7f774d6944ef57c9ad1fe4d2813e658e,per_87d8be48db395ec188284c64c2b44d4f,unresolved,low,"The proposed occurrence is supported by an official results record, but the target's confirmed history is in a different body/office context; exact name alone is insufficient for this identity bridge.",https://results.elections.on.ca/api/report-groups/3/report-outputs/499/csv;https://results.elections.on.ca/api/report-groups/3/report-outputs/492/csv;https://results.elections.on.ca/api/report-groups/3/report-outputs/497/csv,independent-adjudication-bucket-1
can_8004f717d1d159c48d54b868e6450c9b,per_a804a7155dd659cd9b3cbbd885dff823,unresolved,low,"Official result occurrence is recorded, but no qualifying same-body/office bridge with matching displayed district and party/affiliation was found; exact name alone is insufficient. No same-event/name collision found.",https://www.elections.ca/content.aspx?section=res&dir=rep/off/,independent-adjudication-bucket-0
can_806dbae38bad58ac9c2256496cc7dc31,per_64b4963bd07c52f68aa4ed27565d2e10,unresolved,low,"Official result occurrence is recorded, but no qualifying same-body/office bridge with matching displayed district and party/affiliation was found; exact name alone is insufficient. No same-event/name collision found.",https://www.elections.ca/content.aspx?section=res&dir=rep/off/,independent-adjudication-bucket-0
can_807375a79a185ec0b0e9532a95f92900,per_bdfd040d7f105317b57d6fe47d3226aa,unresolved,medium,"The target has a same-body/same-office result with the same name, but the district differs from this occurrence; results alone cannot establish identity across a changed district, so the proposal is held.",https://ckan0.cf.opendata.inter.prod-toronto.ca/dataset/elections-official-results,independent-adjudication-bucket-1
can_809e505e25285ee1be5669c7a1399d90,per_60ca0cd8bf5a5be4b53dec2fcd06beb4,confirmed,high,Official results show the same candidate in the same toronto_city_council councillor district (Ward 36) as the confirmed 2010 occurrence; party/affiliation continuity is consistent and no same-event/name collision was found.,https://ckan0.cf.opendata.inter.prod-toronto.ca/dataset/elections-official-results,independent-adjudication-bucket-1
can_81398392a9c05a10aab0cbddc5ee71b9,per_4b668cb5c33950ed9d7522a3c73bdfd0,unresolved,low,"Official result occurrence is recorded, but no qualifying same-body/office bridge with matching displayed district and party/affiliation was found; exact name alone is insufficient. No same-event/name collision found.",https://results.elections.on.ca/en/publications,independent-adjudication-bucket-0
can_8152e4118a635c96bab16fadb865deb7,per_31991329a42a52ad9fceb7901f0958df,confirmed,high,"Official result continuity: same body/office, displayed district “Eglinton—Lawrence”, and party/affiliation “People's Party - PPC” match a confirmed candidacy; no same-event/name collision found.",https://www.elections.ca/content.aspx?section=res&dir=rep/off/,independent-adjudication-bucket-2
can_817d8b17219857e081a8691055ca6982,per_a1407bda0c285c6292e228085d6a3e37,unresolved,low,"The proposed occurrence is supported by an official results record, but the target's confirmed history is in a different body/office context; exact name alone is insufficient for this identity bridge.",https://ckan0.cf.opendata.inter.prod-toronto.ca/dataset/elections-official-results,independent-adjudication-bucket-1
can_81f3f0e725685fc6b289feee06fb735e,per_2afc661b78b15020889552f8f43a6f89,confirmed,high,"The candidates own 2024 questionnaire identifies his earlier Ward 19 run, and a 2025 profile identifies the trustee candidate as the same former ESL teacher who had just run for Ward 15 council.",https://leasideresidents.ca/jason-stevens/;https://leasidelife.com/a-crowded-field-vies-to-be-next-school-trustee/,council-batch-2-evidence-review
can_81ffee4353065676a7fb51b672ec96f0,per_cfa2a65b47f9546d9c6ee5ac1ceec4b5,unresolved,low,"Official result occurrence is recorded, but no qualifying same-body/office bridge with matching displayed district and party/affiliation was found; exact name alone is insufficient. No same-event/name collision found.",https://www.elections.ca/content.aspx?section=res&dir=rep/off/,independent-adjudication-bucket-2
can_825165fe8bfa50188c81c79298e04646,per_5b95e5f81e395254a2aed3f003c63822,unresolved,low,"The target has confirmed activity in the same represented body, but not a matching office/district occurrence; exact name is insufficient across offices, so the proposal is held.",https://ckan0.cf.opendata.inter.prod-toronto.ca/dataset/elections-official-results,independent-adjudication-bucket-1
can_82a3292eb0ea5ce28c04f43d8a9405b5,per_a0c1afdedea75ec48ba2f61bf77797ad,unresolved,low,"The proposed occurrence is supported by an official results record, but the target's confirmed history is in a different body/office context; exact name alone is insufficient for this identity bridge.",https://www.elections.ca/res/rep/off/ovr2019app/51/data_donnees/pollresults_resultatsbureau35.zip,independent-adjudication-bucket-1
can_83bdfde430df5e138aeea37a6cc26453,per_810afc92191b55b08d3d14b7c52d7e05,unresolved,low,"Official result occurrence is recorded, but no qualifying same-body/office bridge with matching displayed district and party/affiliation was found; exact name alone is insufficient. No same-event/name collision found.",https://www.elections.ca/content.aspx?section=res&dir=rep/off/,independent-adjudication-bucket-2
can_83c8c927b9a85e2081f8ede388a0d2a6,per_432ecd5805715b9591c55a2b1d511a2f,unresolved,medium,"The target has a same-body/same-office result with the same name, but the district differs from this occurrence; results alone cannot establish identity across a changed district, so the proposal is held.",https://www.elections.ca/res/rep/off/ovrGE45/62/data_donnees/pollresults_resultatsbureau35.zip,independent-adjudication-bucket-1
can_8415324b62fa5e4bb2a206ba0d0f8b70,per_08ed16179fd25ea5ad40c795beb65e85,unresolved,low,"The proposed occurrence is supported by an official results record, but the target's confirmed history is in a different body/office context; exact name alone is insufficient for this identity bridge.",https://results.elections.on.ca/api/report-groups/4/report-outputs/510/csv;https://results.elections.on.ca/api/report-groups/4/report-outputs/503/csv;https://results.elections.on.ca/api/report-groups/4/report-outputs/508/csv,independent-adjudication-bucket-1
can_849be6ad44d9576484c93074896f2d77,per_955b2c55f6035fd8bec0a9e548ba58d2,unresolved,low,"Official result occurrence is recorded, but no qualifying same-body/office bridge with matching displayed district and party/affiliation was found; exact name alone is insufficient. No same-event/name collision found.",https://results.elections.on.ca/en/publications,independent-adjudication-bucket-0
can_8535afba3ae45399a8505bf8c6660a2d,per_0cd636bb5e8b52e5892b21038393acec,unresolved,medium,"The target has a same-body/same-office result with the same name, but the district differs from this occurrence; results alone cannot establish identity across a changed district, so the proposal is held.",https://www.elections.ca/scripts/OVR2011/34/data_donnees/pollresults_resultatsbureau35.zip,independent-adjudication-bucket-1
can_855b08e5881a50b9b4addd837f61f6eb,per_116bccd349dd5b8a9d02fb19291e5862,unresolved,low,"Official result occurrence is recorded, but no qualifying same-body/office bridge with matching displayed district and party/affiliation was found; exact name alone is insufficient. No same-event/name collision found.",https://www.toronto.ca/city-government/elections/,independent-adjudication-bucket-0
can_85a1b9a890cb57f0aa88d996133cb45f,per_7b66a05627cf557db879bb07990a8aa6,confirmed,high,"Candidate-controlled campaign history and matching first-person biographies explicitly bridge the federal, provincial, and municipal candidacies to the existing Person; no contradictory occurrence or same-event collision was found.",https://www.toronto4life.ca/2014--2018-toronto-city-councillor-municipal-election.html;https://beachmetro.com/2023/11/15/scarborough-southwest-byelection-2023-candidate-anthony-internicola-answers-our-questions/;https://en.votemate.org/canada2019/candidates/2255,council-batch-2-evidence-review
can_85f12ca63c63581ebf80d9710560d3c5,per_4fb75ca0f2ba54879735652aa701181a,confirmed,high,"Party, direct-response, and fact-checked profiles identify the same rare-name architect and Green candidate across the provincial, municipal, and federal Don Valley West candidacies.",https://jointhealth.org/electionfederal2025-candidate-responses-GreenParty.cfm?locale=en-CA;https://gpo.ca/2021/06/02/sheena-sharp-nominated-as-green-party-candidate/;https://thelocal.to/ward-15-don-valley-west-by-election-candidates-2024/,council-batch-2-evidence-review
can_861c77407f2d52e69630dae51986d539,per_ff11c06004f758998ecbea5c6c9ed0a0,unresolved,low,"Official result occurrence is recorded, but no qualifying same-body/office bridge with matching displayed district and party/affiliation was found; exact name alone is insufficient. No same-event/name collision found.",https://results.elections.on.ca/en/publications,independent-adjudication-bucket-2
can_86cb66aaa91552239d5d267f6f6c5d31,per_57ce819a197e5fec897dd6758ac099cf,unresolved,low,"Official result occurrence is recorded, but no qualifying same-body/office bridge with matching displayed district and party/affiliation was found; exact name alone is insufficient. No same-event/name collision found.",https://www.toronto.ca/city-government/elections/,independent-adjudication-bucket-0
can_86da1c90cd6751a9ab45ba6015b295f3,per_3ec6d8e61c565378ae90753ba7c51ab9,unresolved,low,"Official result occurrence is recorded, but no qualifying same-body/office bridge with matching displayed district and party/affiliation was found; exact name alone is insufficient. No same-event/name collision found.",https://www.elections.ca/content.aspx?section=res&dir=rep/off/,independent-adjudication-bucket-0
can_86dbed41a306516aa6564015ed84ea5f,per_000472303d6757c3aeed6254ebfba92c,unresolved,low,"Official result occurrence is recorded, but no qualifying same-body/office bridge with matching displayed district and party/affiliation was found; exact name alone is insufficient. No same-event/name collision found.",https://www.tdsb.on.ca/,independent-adjudication-bucket-2
can_8702c409b44c56869788d0fcb7ee8999,per_b05bca5a3f225453b8484ce46c8b2bb8,confirmed,high,A candidate-authored Ward 19 questionnaire identifies the council campaign and service as MP for Beaches-East York; the House of Commons record corroborates that prior office.,https://deca.to/ward-19-candidate-qa-matthew-kellway/;https://www.ourcommons.ca/Members/en/matthew-kellway%2871585%29,consequential-council-evidence-review
can_8727caf972855664a457ff9eea184daa,per_acc2321c531b5bd6bcdb48a3cb850389,unresolved,low,"Official result occurrence is recorded, but no qualifying same-body/office bridge with matching displayed district and party/affiliation was found; exact name alone is insufficient. No same-event/name collision found.",https://www.elections.ca/content.aspx?section=res&dir=rep/off/,independent-adjudication-bucket-2
can_878f008dffed5988af663b51ee21a2e7,per_b64faf7902aa556198fc50fdb5258e49,confirmed,high,Official results show the same candidate in the same toronto_catholic_district_school_board trustee district (Ward 4) as the confirmed 2010 occurrence; party/affiliation continuity is consistent and no same-event/name collision was found.,https://ckan0.cf.opendata.inter.prod-toronto.ca/dataset/96d35404-44d9-49d8-95bb-fb1e5489240d/resource/d59b5a52-33c3-4380-a136-82707e4d9aae/download/2014-results.zip;https://ckan0.cf.opendata.inter.prod-toronto.ca/dataset/96d35404-44d9-49d8-95bb-fb1e5489240d/resource/6fbfaab0-bb84-442a-8e4b-1c14d4c10d6d/download/2010-results.zip,independent-adjudication-bucket-1
can_87dc09963d025b42ba1ed862a1a3086e,per_2ca802ab0bb55224bfa4298f0b12970c,unresolved,low,"Official result occurrence is recorded, but no qualifying same-body/office bridge with matching displayed district and party/affiliation was found; exact name alone is insufficient. No same-event/name collision found.",https://www.toronto.ca/city-government/elections/,independent-adjudication-bucket-0
can_87f81810b5b456b99e8982ea3b3cf9c9,per_449db5317b8d51839f4403cde7a9f3fa,unresolved,low,"Official result occurrence is recorded, but no qualifying same-body/office bridge with matching displayed district and party/affiliation was found; exact name alone is insufficient. No same-event/name collision found.",https://results.elections.on.ca/en/publications,independent-adjudication-bucket-0
can_88072d9f9f52560ab8d39cd75c7fecff,per_449db5317b8d51839f4403cde7a9f3fa,unresolved,low,"Official result occurrence is recorded, but no qualifying same-body/office bridge with matching displayed district and party/affiliation was found; exact name alone is insufficient. No same-event/name collision found.",https://www.elections.ca/content.aspx?section=res&dir=rep/off/,independent-adjudication-bucket-0
can_8810539127225ef487e9cdf7b653bdf3,per_4c8a5911f9885151a78e4dc9a5feb8fd,unresolved,low,"The proposed occurrence is supported by an official results record, but the target's confirmed history is in a different body/office context; exact name alone is insufficient for this identity bridge.",https://ckan0.cf.opendata.inter.prod-toronto.ca/dataset/96d35404-44d9-49d8-95bb-fb1e5489240d/resource/d59b5a52-33c3-4380-a136-82707e4d9aae/download/2014-results.zip,independent-adjudication-bucket-1
can_88287f60ed1f563e8ca88270f8273135,per_d92efe7c7cf65fe185f2ab4344730f7f,unresolved,low,"Official result occurrence is recorded, but no qualifying same-body/office bridge with matching displayed district and party/affiliation was found; exact name alone is insufficient. No same-event/name collision found.",https://www.elections.ca/content.aspx?section=res&dir=rep/off/,independent-adjudication-bucket-2
can_88372594a0d1537cb053b39d26ade3fc,per_70ea0da1455352ce8a8b3a715d8fec83,unresolved,low,"Official result occurrence is recorded, but no qualifying same-body/office bridge with matching displayed district and party/affiliation was found; exact name alone is insufficient. No same-event/name collision found.",https://www.elections.ca/content.aspx?section=res&dir=rep/off/,independent-adjudication-bucket-2
can_88679a0b033e5771aeaad7a3446b859a,per_51d759025cdb5b699415b91f4a43f0d5,unresolved,low,"Official result occurrence is recorded, but no qualifying same-body/office bridge with matching displayed district and party/affiliation was found; exact name alone is insufficient. No same-event/name collision found.",https://www.toronto.ca/city-government/elections/,independent-adjudication-bucket-0
can_88cdf83e269e5d979b74ec3a900169f1,per_a7d99bd4713856f0b911d07aef6c31ef,unresolved,low,"Official result occurrence is recorded, but no qualifying same-body/office bridge with matching displayed district and party/affiliation was found; exact name alone is insufficient. No same-event/name collision found.",https://www.elections.ca/content.aspx?section=res&dir=rep/off/,independent-adjudication-bucket-2
can_88fb3f25b9fb52d09de97b5520f463c0,per_88e2fc04e7c859c3a729f29683bb15dc,unresolved,low,"Official result occurrence is recorded, but no qualifying same-body/office bridge with matching displayed district and party/affiliation was found; exact name alone is insufficient. No same-event/name collision found.",https://www.elections.ca/content.aspx?section=res&dir=rep/off/,independent-adjudication-bucket-2
can_893f4a3ffee557edb01f1629eab1fccc,per_546a50310fbe5401a126a3864d97fbb3,unresolved,low,"Official result occurrence is recorded, but no qualifying same-body/office bridge with matching displayed district and party/affiliation was found; exact name alone is insufficient. No same-event/name collision found.",https://www.elections.ca/content.aspx?section=res&dir=rep/off/,independent-adjudication-bucket-0
can_8946a75a4c0a594bb0de5f0d3c658dfd,per_cfde0c3667245862aa0f774a719e3419,unresolved,low,"Official result occurrence is recorded, but no qualifying same-body/office bridge with matching displayed district and party/affiliation was found; exact name alone is insufficient. No same-event/name collision found.",https://results.elections.on.ca/en/publications,independent-adjudication-bucket-0
can_896d9787ac0f517f914f263de765478b,per_085a1a3607555e3fae0da14b66f9ffa6,unresolved,low,"Official result occurrence is recorded, but no qualifying same-body/office bridge with matching displayed district and party/affiliation was found; exact name alone is insufficient. No same-event/name collision found.",https://www.elections.ca/content.aspx?section=res&dir=rep/off/,independent-adjudication-bucket-2
can_898d653421515b048bc1b10de5b94a66,per_ece5a4b1c23c56e3a844780cdf9ffc4b,unresolved,low,"Official result occurrence is recorded, but no qualifying same-body/office bridge with matching displayed district and party/affiliation was found; exact name alone is insufficient. No same-event/name collision found.",https://www.tdsb.on.ca/,independent-adjudication-bucket-0
can_89a5370219825c2d84d7990acd2f3fb0,per_bac66ab63b63506990d1624dc20b7042,unresolved,low,"Official result occurrence is recorded, but no qualifying same-body/office bridge with matching displayed district and party/affiliation was found; exact name alone is insufficient. No same-event/name collision found.",https://www.tdsb.on.ca/,independent-adjudication-bucket-2
can_89b7defefff958269ec338774bb2c680,per_3ec6d8e61c565378ae90753ba7c51ab9,unresolved,low,"Official result occurrence is recorded, but no qualifying same-body/office bridge with matching displayed district and party/affiliation was found; exact name alone is insufficient. No same-event/name collision found.",https://www.elections.ca/content.aspx?section=res&dir=rep/off/,independent-adjudication-bucket-0
can_8a17877479f25148a5b2aa837d6ee1ed,per_da89e47733c959288df8c85901667e88,confirmed,high,"Official result continuity: same body/office, displayed district “Ward 22”, and party/affiliation “non_partisan” match a confirmed candidacy; no same-event/name collision found.",https://www.tdsb.on.ca/,independent-adjudication-bucket-2
can_8a95af9600d55d6fb6fe8d75c9ef4761,per_23447e9c350758668744442a1eb1a5af,unresolved,low,"Official result occurrence is recorded, but no qualifying same-body/office bridge with matching displayed district and party/affiliation was found; exact name alone is insufficient. No same-event/name collision found.",https://www.toronto.ca/city-government/elections/,independent-adjudication-bucket-0
can_8b6df4007fe4592bb5df31ed87a7d6b7,per_f50aafbd6e65542692fc247ae63282df,unresolved,low,"Official result occurrence is recorded, but no qualifying same-body/office bridge with matching displayed district and party/affiliation was found; exact name alone is insufficient. No same-event/name collision found.",https://www.elections.ca/content.aspx?section=res&dir=rep/off/,independent-adjudication-bucket-0
can_8baeff0912d8533ba6929a0fcabefc51,per_443faa4b55235df2a75e74216f08e4c5,unresolved,medium,"The target has a same-body/same-office result with the same name, but the district differs from this occurrence; results alone cannot establish identity across a changed district, so the proposal is held.",https://ckan0.cf.opendata.inter.prod-toronto.ca/dataset/elections-official-results,independent-adjudication-bucket-1
can_8bb4e73adb04567dbcbc661495b017d0,per_033bfaeec54b5b3fb41e0d651a17bd96,unresolved,low,"Official result occurrence is recorded, but no qualifying same-body/office bridge with matching displayed district and party/affiliation was found; exact name alone is insufficient. No same-event/name collision found.",https://www.tdsb.on.ca/,independent-adjudication-bucket-0
can_8bb9b57903825e7cbd6728c3739e5e1c,per_03b6008242f554e59fa8bb05090a7262,unresolved,low,"Official result occurrence is recorded, but no qualifying same-body/office bridge with matching displayed district and party/affiliation was found; exact name alone is insufficient. No same-event/name collision found.",https://www.tdsb.on.ca/,independent-adjudication-bucket-2
can_8bca6a89c8595eaaae68b6dc723d25f2,per_6654c1c7bb7b5f15bebbbca60e501b97,unresolved,low,"Official result occurrence is recorded, but no qualifying same-body/office bridge with matching displayed district and party/affiliation was found; exact name alone is insufficient. No same-event/name collision found.",https://www.toronto.ca/city-government/elections/,independent-adjudication-bucket-0
can_8c1efb5f8856524086f5bf4a72f3342f,per_8fab8df34c42581a8ef72786f715c3ad,unresolved,low,"Official result occurrence is recorded, but no qualifying same-body/office bridge with matching displayed district and party/affiliation was found; exact name alone is insufficient. No same-event/name collision found.",https://results.elections.on.ca/en/publications,independent-adjudication-bucket-0
can_8ca2fe3ee27555b0ad486f10f4645d0d,per_ace9396f014150ff94149657a1e256ab,confirmed,high,"A 2015 profile explicitly connects the federal candidacy to the 2014 TDSB run, while later profiles repeat the same distinctive education, teaching, spouse, and family details across the 2018 and 2021 occurrences.",https://gleanernews.ca/page/120/;https://www.youcount.ca/candidates/3935,council-batch-2-evidence-review
can_8ced90ff7ef351daad95516f5b51e377,per_a3fafcf0b4a8541892bcd80fe171773d,unresolved,low,"Official result occurrence is recorded, but no qualifying same-body/office bridge with matching displayed district and party/affiliation was found; exact name alone is insufficient. No same-event/name collision found.",https://www.elections.ca/content.aspx?section=res&dir=rep/off/,independent-adjudication-bucket-2
can_8cefa8625c10554296862649a024b60a,per_6dbd346ddaba5349b1188f1bbd6e5478,unresolved,low,"The proposed occurrence is supported by an official results record, but the target's confirmed history is in a different body/office context; exact name alone is insufficient for this identity bridge.",https://results.elections.on.ca/api/report-groups/48/report-outputs/1096/csv;https://results.elections.on.ca/api/report-groups/48/report-outputs/1089/csv;https://results.elections.on.ca/api/report-groups/48/report-outputs/1094/csv,independent-adjudication-bucket-1
can_8d10397db8ee50e4b111a0e65ad4a6b6,per_e5b21e53b8ee51e387755704d6797614,unresolved,low,"The proposed occurrence is supported by an official results record, but the target's confirmed history is in a different body/office context; exact name alone is insufficient for this identity bridge.",https://results.elections.on.ca/api/report-groups/1/report-outputs/932/csv;https://results.elections.on.ca/api/report-groups/1/report-outputs/925/csv;https://results.elections.on.ca/api/report-groups/1/report-outputs/930/csv,independent-adjudication-bucket-1
can_8e6c404ce2545b19b3d5413a881d754b,per_df78a26908df56398f6feaaa81ef11a4,unresolved,low,"Official result occurrence is recorded, but no qualifying same-body/office bridge with matching displayed district and party/affiliation was found; exact name alone is insufficient. No same-event/name collision found.",https://www.tdsb.on.ca/,independent-adjudication-bucket-0
can_8e8b682c63e15304a523ad137c5c6751,per_879ab85d24c6595f849d3aed56623719,unresolved,low,"Official result occurrence is recorded, but no qualifying same-body/office bridge with matching displayed district and party/affiliation was found; exact name alone is insufficient. No same-event/name collision found.",https://www.tcdsb.org/,independent-adjudication-bucket-2
can_8e93cc0b3c145ee4a297c79bff0c3687,per_c4e03c616eee5ddc9842c396e18cdbc0,confirmed,high,"Official result continuity: same body/office, displayed district “Ward 4”, and party/affiliation “non_partisan” match a confirmed candidacy; no same-event/name collision found.",https://www.tdsb.on.ca/,independent-adjudication-bucket-2
can_8eb0b96fd86159348a661a484ec38be0,per_cf67e953cc5d5813be347c92214ea37d,unresolved,low,"Official result occurrence is recorded, but no qualifying same-body/office bridge with matching displayed district and party/affiliation was found; exact name alone is insufficient. No same-event/name collision found.",https://www.tdsb.on.ca/,independent-adjudication-bucket-2
can_8ed12f9590ee5198bb7016dfc8421ccc,per_a0c1afdedea75ec48ba2f61bf77797ad,unresolved,medium,"The target has a same-body/same-office result with the same name, but the district differs from this occurrence; results alone cannot establish identity across a changed district, so the proposal is held.",https://ckan0.cf.opendata.inter.prod-toronto.ca/dataset/elections-official-results,independent-adjudication-bucket-1
can_8f35018bfb0b5fe880844aee99decb9e,per_4ba352ff4172564f8bc0b40273666759,unresolved,low,"Official result occurrence is recorded, but no qualifying same-body/office bridge with matching displayed district and party/affiliation was found; exact name alone is insufficient. No same-event/name collision found.",https://www.toronto.ca/city-government/elections/,independent-adjudication-bucket-2
can_8f463113d7575175b02955f244ddce44,per_a058ca36ff575589a3d59793cedba0b6,unresolved,low,"Official result occurrence is recorded, but no qualifying same-body/office bridge with matching displayed district and party/affiliation was found; exact name alone is insufficient. No same-event/name collision found.",https://results.elections.on.ca/en/publications,independent-adjudication-bucket-0
can_8f6f5889f425524188d9a21e8bf0dccb,per_238c860d2f9a5736852e516ebcb16a70,unresolved,low,"The proposed occurrence is supported by an official results record, but the target's confirmed history is in a different body/office context; exact name alone is insufficient for this identity bridge.",https://www.elections.ca/res/rep/off/ovrGE45/62/data_donnees/pollresults_resultatsbureau35.zip,independent-adjudication-bucket-1
can_8f834e1ee97255f9bd40c06534b0b510,per_10880c49eccd5b04aa423a7743bc6cfb,unresolved,low,"Official result occurrence is recorded, but no qualifying same-body/office bridge with matching displayed district and party/affiliation was found; exact name alone is insufficient. No same-event/name collision found.",https://www.toronto.ca/city-government/elections/,independent-adjudication-bucket-0
can_8f83814ee32c5eb8b32b541640726b11,per_347c82802924528995ecb19724ca7a5c,unresolved,low,"Official result occurrence is recorded, but no qualifying same-body/office bridge with matching displayed district and party/affiliation was found; exact name alone is insufficient. No same-event/name collision found.",https://results.elections.on.ca/en/publications,independent-adjudication-bucket-0
can_902ddc5622a35769b0dc9503aefc2dec,per_7bdbea9203935ec1b28ef50ada4073c8,unresolved,low,"The target has confirmed activity in the same represented body, but not a matching office/district occurrence; exact name is insufficient across offices, so the proposal is held.",https://ckan0.cf.opendata.inter.prod-toronto.ca/dataset/elections-official-results,independent-adjudication-bucket-1
can_9055eb66f0a856cabe235b6a384327c1,per_bbdb8b5b66ae598ba10af97e4669b06a,unresolved,low,"Official result occurrence is recorded, but no qualifying same-body/office bridge with matching displayed district and party/affiliation was found; exact name alone is insufficient. No same-event/name collision found.",https://www.elections.ca/content.aspx?section=res&dir=rep/off/,independent-adjudication-bucket-2
can_90847115d65158f29c71dfe3d717587d,per_4826264c176d51b9a676838e17f3ba2d,unresolved,low,"Official result occurrence is recorded, but no qualifying same-body/office bridge with matching displayed district and party/affiliation was found; exact name alone is insufficient. No same-event/name collision found.",https://www.toronto.ca/city-government/elections/,independent-adjudication-bucket-2
can_910c3031a66e5d91978ea8cb4b25fd15,per_2d23abe818995711b696fd8b8f2af4ed,confirmed,high,A contemporaneous Ward 7 candidate interview identifies Christopher Mammoliti as the 2022 council candidate and states that he had served four years as a TDSB trustee; official City and TDSB records corroborate the occurrences.,https://emeryvillagevoice.ca/Meet-Your-Ward-7-Humber-River---Black-Creek-2022-election-candidates;https://www.tdsb.on.ca/News/Article-Details/ArtMID/474/ArticleID/1557/Alexander-Brown-Acclaimed-Chair-of-the-Toronto-District-School-Board;https://www.toronto.ca/wp-content/uploads/2022/10/9085-FinalDeclaration-of-Results-for-the-2022-Toronto-Municipal-Election.pdf,consequential-council-hold-followup
can_914f54f2c41d5c3ea3578db5aa60ec5a,per_75a82a5ddd195da2bccc289f8513f8d2,unresolved,low,"Official result occurrence is recorded, but no qualifying same-body/office bridge with matching displayed district and party/affiliation was found; exact name alone is insufficient. No same-event/name collision found.",https://www.elections.ca/content.aspx?section=res&dir=rep/off/,independent-adjudication-bucket-0
can_915baded8277578bb5772f7f21380490,per_d87baa6a15115b7fbf1db8c7df591fc3,confirmed,high,"Official result continuity: same body/office, displayed district “Eglinton—Lawrence”, and party/affiliation match a confirmed candidacy; no same-event/name collision found.",https://results.elections.on.ca/en/publications,independent-adjudication-bucket-0
can_918768352bd3531fa39d5c74b1c09411,per_6412bd6d3bce5a0b8d1a7c82085749fe,unresolved,low,"Official result occurrence is recorded, but no qualifying same-body/office bridge with matching displayed district and party/affiliation was found; exact name alone is insufficient. No same-event/name collision found.",https://www.elections.ca/content.aspx?section=res&dir=rep/off/,independent-adjudication-bucket-2
can_91bfef8764585c34b976fb6835a4407e,per_4f3815c6337e5400bf0823d034fc48f7,unresolved,low,"Official result occurrence is recorded, but no qualifying same-body/office bridge with matching displayed district and party/affiliation was found; exact name alone is insufficient. No same-event/name collision found.",https://www.elections.ca/content.aspx?section=res&dir=rep/off/,independent-adjudication-bucket-0
can_91da1bed940d5ee79133caa53c5cec2d,per_bcfbb71d06325ab69c98fd92e7da065f,unresolved,low,"Official result occurrence is recorded, but no qualifying same-body/office bridge with matching displayed district and party/affiliation was found; exact name alone is insufficient. No same-event/name collision found.",https://www.toronto.ca/city-government/elections/,independent-adjudication-bucket-0
can_91f4bf41815158fd979cd176ee0b24d4,per_99e7c7fb654e5a6caf9b4d82439eea03,unresolved,low,"The proposed occurrence is supported by an official results record, but the target's confirmed history is in a different body/office context; exact name alone is insufficient for this identity bridge.",https://ckan0.cf.opendata.inter.prod-toronto.ca/dataset/elections-official-results,independent-adjudication-bucket-1
can_92e5f276fbb65df2a96f5acd00337559,per_166cacef70bd5bd4b69f66b2e3318e4a,unresolved,low,"Official result occurrence is recorded, but no qualifying same-body/office bridge with matching displayed district and party/affiliation was found; exact name alone is insufficient. No same-event/name collision found.",https://www.toronto.ca/city-government/elections/,independent-adjudication-bucket-0
can_93034e082ddd5486b37cdff461108dbe,per_01e55c64208d564aad668a9cbe1847a7,unresolved,low,"Official result occurrence is recorded, but no qualifying same-body/office bridge with matching displayed district and party/affiliation was found; exact name alone is insufficient. No same-event/name collision found.",https://www.toronto.ca/city-government/elections/,independent-adjudication-bucket-2
can_9339944ddc295df78fc62cbd7a97a49d,per_ef8c7d5062555316a257bf3789dc3864,unresolved,low,"The proposed occurrence is supported by an official results record, but the target's confirmed history is in a different body/office context; exact name alone is insufficient for this identity bridge.",https://results.elections.on.ca/api/report-groups/4/report-outputs/510/csv;https://results.elections.on.ca/api/report-groups/4/report-outputs/503/csv;https://results.elections.on.ca/api/report-groups/4/report-outputs/508/csv,independent-adjudication-bucket-1
can_9355c34b54da5d24b991b05bec531182,per_f3a7a5e7ef515b52af913693e70a0685,unresolved,low,"Official result occurrence is recorded, but no qualifying same-body/office bridge with matching displayed district and party/affiliation was found; exact name alone is insufficient. No same-event/name collision found.",https://www.tdsb.on.ca/,independent-adjudication-bucket-2
can_935d06439a1c5d748234307fead59630,per_6720fedc02b652228dda673d343a0df8,unresolved,low,"Official result occurrence is recorded, but no qualifying same-body/office bridge with matching displayed district and party/affiliation was found; exact name alone is insufficient. No same-event/name collision found.",https://results.elections.on.ca/en/publications,independent-adjudication-bucket-2
can_93a3ff92235f5fa5941eb09306ceb02a,per_32814e1dbfe456938caee10e6e88c29c,unresolved,low,"Official result occurrence is recorded, but no qualifying same-body/office bridge with matching displayed district and party/affiliation was found; exact name alone is insufficient. No same-event/name collision found.",https://results.elections.on.ca/en/publications,independent-adjudication-bucket-2
can_942aa7b587315ede9e134ff3f501ae9b,per_a4f693d03b055d16989f9ce5c4c124c5,unresolved,low,"Official result occurrence is recorded, but no qualifying same-body/office bridge with matching displayed district and party/affiliation was found; exact name alone is insufficient. No same-event/name collision found.",https://www.tdsb.on.ca/,independent-adjudication-bucket-0
can_94c9f534cc225dbbb74ad1b9aa11a1d7,per_74212bbadc535bca8fa201bda63cee06,confirmed,high,A candidate-authored council questionnaire identifies Malika Ghous as the sitting TDSB trustee for Scarborough Southwest; the City filing record identifies the Ward 20 council campaign.,https://beachmetro.com/2023/11/15/scarborough-southwest-byelection-2023-candidate-malika-ghous-answers-our-questions/;https://secure.toronto.ca/EFD/jsf/candidate2018/candidate_campaign_status.xhtml?campaign=20,consequential-council-evidence-review
can_94cf5ce722615692aace51d578fc69d6,per_a1b740b059ae5de6adca06c9e099ecc5,unresolved,low,"Official result occurrence is recorded, but no qualifying same-body/office bridge with matching displayed district and party/affiliation was found; exact name alone is insufficient. No same-event/name collision found.",https://www.toronto.ca/city-government/elections/,independent-adjudication-bucket-0
can_94fa949cbc6d51cb9f996e1006a5106e,per_a184194777035fbaa37cb04a52a218e4,unresolved,low,"The proposed occurrence is supported by an official results record, but the target's confirmed history is in a different body/office context; exact name alone is insufficient for this identity bridge.",https://results.elections.on.ca/api/report-groups/45/report-outputs/1050/csv;https://results.elections.on.ca/api/report-groups/45/report-outputs/1043/csv;https://results.elections.on.ca/api/report-groups/45/report-outputs/1048/csv,independent-adjudication-bucket-1
can_950af0b899105352acc45ee9e96f36a7,per_546a50310fbe5401a126a3864d97fbb3,unresolved,low,"Official result occurrence is recorded, but no qualifying same-body/office bridge with matching displayed district and party/affiliation was found; exact name alone is insufficient. No same-event/name collision found.",https://results.elections.on.ca/en/publications,independent-adjudication-bucket-0
can_954adcc8a9135c0bb50376cb984f1637,per_dcf81aa9f2785dfe91089150ec4ccddc,unresolved,low,"Official result occurrence is recorded, but no qualifying same-body/office bridge with matching displayed district and party/affiliation was found; exact name alone is insufficient. No same-event/name collision found.",https://www.tdsb.on.ca/,independent-adjudication-bucket-2
can_956d94f496725e4d9c7cb02f9243af3c,per_7a6c09e82feb52cdbcd1fa757f7c708d,confirmed,high,"Official result continuity: same body/office, displayed district “City of Toronto”, and party/affiliation “non_partisan” match a confirmed candidacy; no same-event/name collision found.",https://www.toronto.ca/city-government/elections/,independent-adjudication-bucket-2
can_959dced6d7465a9fb47be01a6b544f74,per_49df4ac999ee5622807c0776d2811835,unresolved,low,"Official result occurrence is recorded, but no qualifying same-body/office bridge with matching displayed district and party/affiliation was found; exact name alone is insufficient. No same-event/name collision found.",https://www.elections.ca/content.aspx?section=res&dir=rep/off/,independent-adjudication-bucket-0
can_96f062b6011c5751b9af93ac278236c8,per_35ea9f020c565de2a219a14213d94b73,unresolved,low,"Official result occurrence is recorded, but no qualifying same-body/office bridge with matching displayed district and party/affiliation was found; exact name alone is insufficient. No same-event/name collision found.",https://www.toronto.ca/city-government/elections/,independent-adjudication-bucket-2
can_9757be4df48659578854f772c97ece28,per_2b3284dbf4ff55c69d2897a8190c0220,unresolved,low,"Official result occurrence is recorded, but no qualifying same-body/office bridge with matching displayed district and party/affiliation was found; exact name alone is insufficient. No same-event/name collision found.",https://results.elections.on.ca/en/publications,independent-adjudication-bucket-2
can_9770c1b19f1554eebf7637de77273b40,per_5e04767597b8580a9f5eaa73a13ded4e,unresolved,low,"Official result occurrence is recorded, but no qualifying same-body/office bridge with matching displayed district and party/affiliation was found; exact name alone is insufficient. No same-event/name collision found.",https://results.elections.on.ca/en/publications,independent-adjudication-bucket-2
can_9787a407c766514daf387ec5446a3965,per_07e60867724b57d19bf464457d3fde05,unresolved,medium,"The target has a same-body/same-office result with the same name, but the district differs from this occurrence; results alone cannot establish identity across a changed district, so the proposal is held.",https://www.elections.ca/res/rep/off/ovr2019app/51/data_donnees/pollresults_resultatsbureau35.zip,independent-adjudication-bucket-1
can_983c2912237e54c890a1a50813638d73,per_690db69c2af0513f90abe3c23a02b3c6,unresolved,low,"Official result occurrence is recorded, but no qualifying same-body/office bridge with matching displayed district and party/affiliation was found; exact name alone is insufficient. No same-event/name collision found.",https://www.toronto.ca/city-government/elections/,independent-adjudication-bucket-2
can_9844584c551952269e118702ad04bc3c,per_26941289e65b5f76b4229777ef73dab3,unresolved,low,"The proposed occurrence is supported by an official results record, but the target's confirmed history is in a different body/office context; exact name alone is insufficient for this identity bridge.",https://www.elections.ca/scripts/OVR2004/23/data/ON.zip;https://www.elections.ca/scripts/OVR2004/23/data/table12.csv,independent-adjudication-bucket-1
can_98a86d0fde19588caf51d095bae17f46,per_47f14ba2b4fa5a8ba1707ce46ec5d6f4,unresolved,low,"Official result occurrence is recorded, but no qualifying same-body/office bridge with matching displayed district and party/affiliation was found; exact name alone is insufficient. No same-event/name collision found.",https://www.elections.ca/content.aspx?section=res&dir=rep/off/,independent-adjudication-bucket-0
can_98e4815b33ec543795f6d28ed05ad4a1,per_17e2dabefe625e00b96160e3d410944a,unresolved,low,"Official result occurrence is recorded, but no qualifying same-body/office bridge with matching displayed district and party/affiliation was found; exact name alone is insufficient. No same-event/name collision found.",https://www.toronto.ca/city-government/elections/,independent-adjudication-bucket-0
can_98f13c94ab1f560994954198b31935dd,per_4cdca864f8055243963b86909ed39038,unresolved,low,"Official result occurrence is recorded, but no qualifying same-body/office bridge with matching displayed district and party/affiliation was found; exact name alone is insufficient. No same-event/name collision found.",https://www.elections.ca/content.aspx?section=res&dir=rep/off/,independent-adjudication-bucket-2
can_98f27092d3345cc8bf0475755f79c974,per_b08a08b23b8c59bd8058c1cf1c86f6cb,unresolved,low,"Official result occurrence is recorded, but no qualifying same-body/office bridge with matching displayed district and party/affiliation was found; exact name alone is insufficient. No same-event/name collision found.",https://www.tdsb.on.ca/,independent-adjudication-bucket-2
can_9931e62ad924562ba58e1b4172cc0b5b,per_46779385ba305d05b1ac1b31a7e7f8a4,unresolved,low,"The proposed occurrence is supported by an official results record, but the target's confirmed history is in a different body/office context; exact name alone is insufficient for this identity bridge.",https://www.elections.ca/res/rep/off/ovrGE45/62/data_donnees/pollresults_resultatsbureau35.zip,independent-adjudication-bucket-1
can_994b909ca3665555b3a0a4791a34bc42,per_2ff308a5e6d652f4827fdfeb2e68820e,unresolved,low,"Official result occurrence is recorded, but no qualifying same-body/office bridge with matching displayed district and party/affiliation was found; exact name alone is insufficient. No same-event/name collision found.",https://results.elections.on.ca/en/publications,independent-adjudication-bucket-0
can_9964e922c9e358168746c85aa435deda,per_608f2990f595596e9e25325db0aaa6a9,confirmed,high,"Official result continuity: same body/office, displayed district “Ward 25 — Scarborough-Rouge Park”, and party/affiliation “non_partisan” match a confirmed candidacy; no same-event/name collision found.",https://www.toronto.ca/city-government/elections/,independent-adjudication-bucket-2
can_99bdda3c83d358cdba248a2411c0b039,per_1857a6857e5f556ab0c0424377838d56,confirmed,high,"A fact-checked 2023 profile explicitly identifies the candidates 2022 Ward 20 and 2010 council runs, directly bridging both occurrences to the existing Person.",https://thelocal.to/scarborough-southwest-by-election-candidates-2023-city-council/,council-batch-2-evidence-review
can_9a0249cc1c4053b280b20e9d5fa703ad,per_a89824be70535923ae6dbc585cff3fc0,confirmed,high,Candidate profiles explicitly connect the 2022 council candidacy to the 2019 and 2021 federal Green runs and the 2022 provincial Green run; the distinctive biographical continuity also bridges the 2018 council anchor.,https://thelocal.to/ward-13-toronto-centre/;https://www.metradio.ca/news/toronto-votes-2022-2slgbtq-and-disability-rights-community-advocate-nicki-ward-to-run-for-ward-13/;https://gpo.ca/2021/12/17/nicki-ward-nominated-as-ontario-green-candidate-in-toronto-centre/,council-batch-2-evidence-review
can_9a49102d1cfc5b41a5e37fe3a3451525,per_d92efe7c7cf65fe185f2ab4344730f7f,unresolved,low,"Official result occurrence is recorded, but no qualifying same-body/office bridge with matching displayed district and party/affiliation was found; exact name alone is insufficient. No same-event/name collision found.",https://www.elections.ca/content.aspx?section=res&dir=rep/off/,independent-adjudication-bucket-2
can_9a73e1268e8c5dee9f374b10dfd4fd23,per_093405f4e15257dfb50a2207eccd05cc,unresolved,low,"Official result occurrence is recorded, but no qualifying same-body/office bridge with matching displayed district and party/affiliation was found; exact name alone is insufficient. No same-event/name collision found.",https://www.elections.ca/content.aspx?section=res&dir=rep/off/,independent-adjudication-bucket-2
can_9add5089748155a6965a6c6bd25d29f3,per_07a340cf447c52f08c347da7d94138c6,unresolved,medium,"The target has a same-body/same-office result with the same name, but the district differs from this occurrence; results alone cannot establish identity across a changed district, so the proposal is held.",https://ckan0.cf.opendata.inter.prod-toronto.ca/dataset/elections-official-results,independent-adjudication-bucket-1
can_9b6984ff2d4b54faba5a1962c7cc85b8,per_43d2cff752b05eddae604526908c2c33,confirmed,high,Official results show the same candidate in the same toronto_city_council mayor district (City of Toronto) as the confirmed 2010 occurrence; party/affiliation continuity is consistent and no same-event/name collision was found.,https://ckan0.cf.opendata.inter.prod-toronto.ca/dataset/elections-official-results,independent-adjudication-bucket-1
can_9b7f34aa6c845b348ff5f72ddb6d2f8b,per_854ac5ba2c075e978b72a56edbb90cef,unresolved,low,"The proposed occurrence is supported by an official results record, but the target's confirmed history is in a different body/office context; exact name alone is insufficient for this identity bridge.",https://results.elections.on.ca/api/report-groups/3/report-outputs/499/csv;https://results.elections.on.ca/api/report-groups/3/report-outputs/492/csv;https://results.elections.on.ca/api/report-groups/3/report-outputs/497/csv,independent-adjudication-bucket-1
can_9b8a1c3b434f54e79398ea2c1059b5b2,per_8a5313412fa9596f9df4f19beeb4b521,unresolved,medium,"The target has a same-body/same-office result with the same name, but the district differs from this occurrence; results alone cannot establish identity across a changed district, so the proposal is held.",https://ckan0.cf.opendata.inter.prod-toronto.ca/dataset/elections-official-results,independent-adjudication-bucket-1
can_9bd5ce3d347552ea91c2f524763875e0,per_4ab197e6e4555f7eada7497c16c3bcd1,confirmed,high,Official results show the same candidate in the same toronto_city_council councillor district (Ward 16) as the confirmed 2010 occurrence; party/affiliation continuity is consistent and no same-event/name collision was found.,https://ckan0.cf.opendata.inter.prod-toronto.ca/dataset/elections-official-results,independent-adjudication-bucket-1
can_9be4448733cb59289a3c3055dd2b1efb,per_438598daa5a4567f9a6bc39d048c2705,unresolved,low,"The proposed occurrence is supported by an official results record, but the target's confirmed history is in a different body/office context; exact name alone is insufficient for this identity bridge.",https://ckan0.cf.opendata.inter.prod-toronto.ca/dataset/96d35404-44d9-49d8-95bb-fb1e5489240d/resource/2fcd5f20-90f5-4dd0-88eb-22e978b9bf89/download/2018-results.zip,independent-adjudication-bucket-1
can_9be88e821852531cb209c769f73841cc,per_62f6b1ced4ec59a1ae7df52d01f5adca,unresolved,low,"Official result occurrence is recorded, but no qualifying same-body/office bridge with matching displayed district and party/affiliation was found; exact name alone is insufficient. No same-event/name collision found.",https://results.elections.on.ca/en/publications,independent-adjudication-bucket-0
can_9c0768c17bf05df28da817846a1d7ae9,per_795b9021a68f579ab3575133de40a34e,unresolved,low,"Official result occurrence is recorded, but no qualifying same-body/office bridge with matching displayed district and party/affiliation was found; exact name alone is insufficient. No same-event/name collision found.",https://www.toronto.ca/city-government/elections/,independent-adjudication-bucket-0
can_9c1f78c75af45a1f82b46422e9d85a0b,per_d8c52d40a07e57a69502b856fcf0ef7e,unresolved,low,"The proposed occurrence is supported by an official results record, but the target's confirmed history is in a different body/office context; exact name alone is insufficient for this identity bridge.",https://results.elections.on.ca/api/report-groups/4/report-outputs/510/csv;https://results.elections.on.ca/api/report-groups/4/report-outputs/503/csv;https://results.elections.on.ca/api/report-groups/4/report-outputs/508/csv,independent-adjudication-bucket-1
can_9c4720e664ed5e0b89f2de1168af233b,per_9357f8bf332550b6af971c04eafa3dbd,unresolved,low,"The proposed occurrence is supported by an official results record, but the target's confirmed history is in a different body/office context; exact name alone is insufficient for this identity bridge.",https://ckan0.cf.opendata.inter.prod-toronto.ca/dataset/elections-official-results,independent-adjudication-bucket-1
can_9c7b02b71fb853bf9841b844babdd704,per_1edd1e3c4ca2572ea491719d939021c5,unresolved,low,"Official result occurrence is recorded, but no qualifying same-body/office bridge with matching displayed district and party/affiliation was found; exact name alone is insufficient. No same-event/name collision found.",https://www.toronto.ca/city-government/elections/,independent-adjudication-bucket-0
can_9d27262b83f25fb8a76d8ae72a18481c,per_b99f8b42a078515eaeab53e5a2524e8f,unresolved,low,"Official result occurrence is recorded, but no qualifying same-body/office bridge with matching displayed district and party/affiliation was found; exact name alone is insufficient. No same-event/name collision found.",https://www.toronto.ca/city-government/elections/,independent-adjudication-bucket-0
can_9d33f7a737995367bcd5c407984abf8a,per_d0da66ab157252efbbb0fc3f36492b30,unresolved,low,"The proposed occurrence is supported by an official results record, but the target's confirmed history is in a different body/office context; exact name alone is insufficient for this identity bridge.",https://www.elections.ca/res/rep/off/ovr2019app/51/data_donnees/pollresults_resultatsbureau35.zip,independent-adjudication-bucket-1
can_9db91f84519751d5bea388677a143bd9,per_17a3a012347b5d07a5aba45414729366,unresolved,low,"Official result occurrence is recorded, but no qualifying same-body/office bridge with matching displayed district and party/affiliation was found; exact name alone is insufficient. No same-event/name collision found.",https://www.elections.ca/content.aspx?section=res&dir=rep/off/,independent-adjudication-bucket-2
can_9de03d1a39345f93864f96aadbb9c6fb,per_a9fa93f9d3fa5bd7aa6054726c7faeeb,confirmed,high,"A fact-checked candidate profile explicitly enumerates the same Person across the 2007 provincial and 2014, 2017, 2018, and 2022 council candidacies.",https://thelocal.to/ward-16-don-valley-east/,council-batch-2-evidence-review
can_9e9fe7b348185dd79aa6cd68763b1180,per_6c36ee36aa2f57499024d4c470a930cf,confirmed,high,Official results show the same candidate in the same toronto_district_school_board trustee district (Ward 20) as the confirmed 2014 occurrence; party/affiliation continuity is consistent and no same-event/name collision was found.,https://ckan0.cf.opendata.inter.prod-toronto.ca/dataset/96d35404-44d9-49d8-95bb-fb1e5489240d/resource/2fcd5f20-90f5-4dd0-88eb-22e978b9bf89/download/2018-results.zip;https://ckan0.cf.opendata.inter.prod-toronto.ca/dataset/96d35404-44d9-49d8-95bb-fb1e5489240d/resource/d59b5a52-33c3-4380-a136-82707e4d9aae/download/2014-results.zip,independent-adjudication-bucket-1
can_9ea19b43994f5c11b09b4f60a02c2ec4,per_a6632c56fe775e5cbd87466d9eb46539,unresolved,low,"Official result occurrence is recorded, but no qualifying same-body/office bridge with matching displayed district and party/affiliation was found; exact name alone is insufficient. No same-event/name collision found.",https://www.toronto.ca/city-government/elections/,independent-adjudication-bucket-2
can_9ef264b537c950ed88b398f40cfb6191,per_7ebba43960555aac869a894b7d989baf,unresolved,low,"Official result occurrence is recorded, but no qualifying same-body/office bridge with matching displayed district and party/affiliation was found; exact name alone is insufficient. No same-event/name collision found.",https://www.elections.ca/content.aspx?section=res&dir=rep/off/,independent-adjudication-bucket-0
can_9fb188df3e5958969a30a9c34908eabf,per_608ec85707085c46ac38f31aca539d14,unresolved,low,"Official result occurrence is recorded, but no qualifying same-body/office bridge with matching displayed district and party/affiliation was found; exact name alone is insufficient. No same-event/name collision found.",https://results.elections.on.ca/en/publications,independent-adjudication-bucket-2
can_9fcd4f91e96c5034ae0a23599113faf0,per_7ebba43960555aac869a894b7d989baf,unresolved,low,"Official result occurrence is recorded, but no qualifying same-body/office bridge with matching displayed district and party/affiliation was found; exact name alone is insufficient. No same-event/name collision found.",https://www.elections.ca/content.aspx?section=res&dir=rep/off/,independent-adjudication-bucket-0
can_9fcf0a9695b353729204596f0a7a1545,per_df641109865658e58906d26532b72e0f,unresolved,medium,"The target has a same-body/same-office result with the same name, but the district differs from this occurrence; results alone cannot establish identity across a changed district, so the proposal is held.",https://www.elections.ca/res/rep/off/ovrGE45/62/data_donnees/pollresults_resultatsbureau35.zip,independent-adjudication-bucket-1
can_9fda87a7a64a523abd59f5322d3df25d,per_86d6edbb770f584f846f9cd03cef60f3,unresolved,medium,"The target has a same-body/same-office result with the same name, but the district differs from this occurrence; results alone cannot establish identity across a changed district, so the proposal is held.",https://results.elections.on.ca/api/report-groups/4/report-outputs/510/csv;https://results.elections.on.ca/api/report-groups/4/report-outputs/503/csv;https://results.elections.on.ca/api/report-groups/4/report-outputs/508/csv,independent-adjudication-bucket-1
can_a048f2f56c91562aa1505002ca24ec4a,per_347c82802924528995ecb19724ca7a5c,unresolved,low,"Official result occurrence is recorded, but no qualifying same-body/office bridge with matching displayed district and party/affiliation was found; exact name alone is insufficient. No same-event/name collision found.",https://results.elections.on.ca/en/publications,independent-adjudication-bucket-0
can_a0c887836cd6502a8d214ab7663eaf1a,per_edd1b820d48c5be4b2a5347eaca0f89a,unresolved,low,"Official result occurrence is recorded, but no qualifying same-body/office bridge with matching displayed district and party/affiliation was found; exact name alone is insufficient. No same-event/name collision found.",https://www.tdsb.on.ca/,independent-adjudication-bucket-0
can_a1519eec6e845a3eb3173a5afc14e23c,per_01ec56238970573da3fd164ca3a8a62e,unresolved,low,"The proposed occurrence is supported by an official results record, but the target's confirmed history is in a different body/office context; exact name alone is insufficient for this identity bridge.",https://ckan0.cf.opendata.inter.prod-toronto.ca/dataset/elections-official-results,independent-adjudication-bucket-1
can_a1647b119b3851b9a8aabcc849109b3a,per_a1b740b059ae5de6adca06c9e099ecc5,unresolved,low,"Official result occurrence is recorded, but no qualifying same-body/office bridge with matching displayed district and party/affiliation was found; exact name alone is insufficient. No same-event/name collision found.",https://www.toronto.ca/city-government/elections/,independent-adjudication-bucket-0
can_a17620e74b8958f0a1042057a7d12b6c,per_f5001b816fe758a19012171d34185a60,unresolved,low,"The proposed occurrence is supported by an official results record, but the target's confirmed history is in a different body/office context; exact name alone is insufficient for this identity bridge.",https://ckan0.cf.opendata.inter.prod-toronto.ca/dataset/elections-official-results,independent-adjudication-bucket-1
can_a17891fa1d795c1a8e03c3203508c8b0,per_4de6ed98e00f5891b666a99ff4fd9c15,unresolved,medium,"The target has a same-body/same-office result with the same name, but the district differs from this occurrence; results alone cannot establish identity across a changed district, so the proposal is held.",https://results.elections.on.ca/api/report-groups/4/report-outputs/510/csv;https://results.elections.on.ca/api/report-groups/4/report-outputs/503/csv;https://results.elections.on.ca/api/report-groups/4/report-outputs/508/csv,independent-adjudication-bucket-1
can_a1b147c5edd45d65a8b495e830bf5c81,per_ace9396f014150ff94149657a1e256ab,confirmed,high,"A 2015 profile explicitly connects the federal candidacy to the 2014 TDSB run, while later profiles repeat the same distinctive education, teaching, spouse, and family details across the 2018 and 2021 occurrences.",https://gleanernews.ca/page/120/;https://www.youcount.ca/candidates/3935,council-batch-2-evidence-review
can_a252f29b14c45ea8b6bc007c44d9a0bc,per_093405f4e15257dfb50a2207eccd05cc,unresolved,low,"Official result occurrence is recorded, but no qualifying same-body/office bridge with matching displayed district and party/affiliation was found; exact name alone is insufficient. No same-event/name collision found.",https://www.toronto.ca/city-government/elections/,independent-adjudication-bucket-2
can_a26678612eb353068a3c5311fb7655de,per_4238a9a971965995ac6c577c126f8161,confirmed,high,"CityNews explicitly identifies long-time Toronto councillor Shelley Carroll as the Ontario Liberal candidate for Don Valley North; Elections Ontario records the 2018 candidacy and the City profile independently establishes the councillor identity. No same-event or namesake conflict was found.",https://toronto.citynews.ca/2017/05/02/coun-shelley-carroll-appointed-liberal-candidate-don-valley-north/;https://www.elections.on.ca/sitecontent/2020/reports/2018-2019%20Annual%20Report.pdf;https://www.toronto.ca/city-government/council/members-of-council/councillor-ward-17/,current-council-linkage-audit
can_a29d016d2f4d58f198a60fdca7f3ceff,per_88a2b7c376cc57e7a1b05087f8a66ce0,unresolved,medium,"The target has a same-body/same-office result with the same name, but the district differs from this occurrence; results alone cannot establish identity across a changed district, so the proposal is held.",https://ckan0.cf.opendata.inter.prod-toronto.ca/dataset/elections-official-results,independent-adjudication-bucket-1
can_a2f7cfe910b15022984c8ecd48d5bf69,per_4fb75ca0f2ba54879735652aa701181a,confirmed,high,"Party, direct-response, and fact-checked profiles identify the same rare-name architect and Green candidate across the provincial, municipal, and federal Don Valley West candidacies.",https://jointhealth.org/electionfederal2025-candidate-responses-GreenParty.cfm?locale=en-CA;https://gpo.ca/2021/06/02/sheena-sharp-nominated-as-green-party-candidate/;https://thelocal.to/ward-15-don-valley-west-by-election-candidates-2024/,council-batch-2-evidence-review
can_a2f8aa10ab3853f89053dd23fbcb85f5,per_c48eb39ef3e7575e9f757a5b35e61d54,confirmed,high,Official results show the same candidate in the same toronto_city_council councillor district (Ward 16 — Don Valley East) as the confirmed 2018 occurrence; party/affiliation continuity is consistent and no same-event/name collision was found.,https://ckan0.cf.opendata.inter.prod-toronto.ca/dataset/elections-official-results,independent-adjudication-bucket-1
can_a303fa88b7715a6bb1692aaa827de067,per_aa1078f5c83b568188c98224c0b71f58,unresolved,medium,"The target has a same-body/same-office result with the same name, but the district differs from this occurrence; results alone cannot establish identity across a changed district, so the proposal is held.",https://results.elections.on.ca/api/report-groups/2/report-outputs/488/csv;https://results.elections.on.ca/api/report-groups/2/report-outputs/481/csv;https://results.elections.on.ca/api/report-groups/2/report-outputs/486/csv,independent-adjudication-bucket-1
can_a33cdb12dbca5ad49d5f347a269032cf,per_608ec85707085c46ac38f31aca539d14,unresolved,low,"Official result occurrence is recorded, but no qualifying same-body/office bridge with matching displayed district and party/affiliation was found; exact name alone is insufficient. No same-event/name collision found.",https://results.elections.on.ca/en/publications,independent-adjudication-bucket-2
can_a3448a641f49538f938a394b63a8fbce,per_0f5b6435847954b28e3e7f0011d0781d,unresolved,low,"Official result occurrence is recorded, but no qualifying same-body/office bridge with matching displayed district and party/affiliation was found; exact name alone is insufficient. No same-event/name collision found.",https://www.elections.ca/content.aspx?section=res&dir=rep/off/,independent-adjudication-bucket-2
can_a36603cb9c5c5c3789f4afe78f419e64,per_077af717fa16509886dba5bcf8d3d38a,unresolved,low,"Official result occurrence is recorded, but no qualifying same-body/office bridge with matching displayed district and party/affiliation was found; exact name alone is insufficient. No same-event/name collision found.",https://www.toronto.ca/city-government/elections/,independent-adjudication-bucket-2
can_a391c6c884435fd7b2986165198b9628,per_da01ea86431b5bf2943fa90a7f8be828,unresolved,low,"Official result occurrence is recorded, but no qualifying same-body/office bridge with matching displayed district and party/affiliation was found; exact name alone is insufficient. No same-event/name collision found.",https://www.tcdsb.org/,independent-adjudication-bucket-2
can_a3c1a208db195d55aac30d7216b66859,per_b112fae2c2805832b3c96d2620c37fc4,unresolved,low,"Official result occurrence is recorded, but no qualifying same-body/office bridge with matching displayed district and party/affiliation was found; exact name alone is insufficient. No same-event/name collision found.",https://results.elections.on.ca/en/publications,independent-adjudication-bucket-2
can_a4870a7715da5b9d9312ce0051104bdb,per_00e88da3f4295154a9273797c99df368,unresolved,low,"Official result occurrence is recorded, but no qualifying same-body/office bridge with matching displayed district and party/affiliation was found; exact name alone is insufficient. No same-event/name collision found.",https://results.elections.on.ca/en/publications,independent-adjudication-bucket-0
can_a4b0f8df26d75df9becaed3087473f20,per_64b4963bd07c52f68aa4ed27565d2e10,unresolved,low,"Official result occurrence is recorded, but no qualifying same-body/office bridge with matching displayed district and party/affiliation was found; exact name alone is insufficient. No same-event/name collision found.",https://results.elections.on.ca/en/publications,independent-adjudication-bucket-0
can_a4ebaa390a465a239bebb6822534ccd3,per_a7d99bd4713856f0b911d07aef6c31ef,unresolved,low,"Official result occurrence is recorded, but no qualifying same-body/office bridge with matching displayed district and party/affiliation was found; exact name alone is insufficient. No same-event/name collision found.",https://www.elections.ca/content.aspx?section=res&dir=rep/off/,independent-adjudication-bucket-2
can_a53fb1633426589f85734a93f2b7296c,per_b1e037542ccb51439b82c5f1d80907dd,unresolved,low,"Official result occurrence is recorded, but no qualifying same-body/office bridge with matching displayed district and party/affiliation was found; exact name alone is insufficient. No same-event/name collision found.",https://www.toronto.ca/city-government/elections/,independent-adjudication-bucket-0
can_a5816a4c6ecd5e43b889100cc985a089,per_336bf9c5ff3a57df8110b3a204f994c1,confirmed,high,Official results show the same candidate in the same canada_house_of_commons mp district (Toronto Centre) as the confirmed 2013 occurrence; party/affiliation continuity is consistent and no same-event/name collision was found.,https://www.elections.ca/res/rep/off/ovr2015app/41/data_donnees/pollresults_resultatsbureau35.zip;https://www.elections.ca/res/rep/off/ovr_2013b2/csv/35093_e.csv;https://www.elections.ca/Scripts/VIS/HistoricalResults/35093_e.html,independent-adjudication-bucket-1
can_a5a3cd5861f15293b99432dc6aa923bf,per_744d9ac1a745593ab882663c817347a4,unresolved,low,"Official result occurrence is recorded, but no qualifying same-body/office bridge with matching displayed district and party/affiliation was found; exact name alone is insufficient. No same-event/name collision found.",https://results.elections.on.ca/en/publications,independent-adjudication-bucket-2
can_a609811d63165066a16d73d1bc6888fa,per_d66daeb6471b5ac38b125e267c8b88a0,unresolved,low,"The proposed occurrence is supported by an official results record, but the target's confirmed history is in a different body/office context; exact name alone is insufficient for this identity bridge.",https://ckan0.cf.opendata.inter.prod-toronto.ca/dataset/96d35404-44d9-49d8-95bb-fb1e5489240d/resource/3ad371de-7c51-45d3-9ea4-0b4efac5fc2b/download/2022-results.zip,independent-adjudication-bucket-1
can_a60f3f84b63f54aebf5822d25ccc4ead,per_75a82a5ddd195da2bccc289f8513f8d2,unresolved,low,"Official result occurrence is recorded, but no qualifying same-body/office bridge with matching displayed district and party/affiliation was found; exact name alone is insufficient. No same-event/name collision found.",https://www.elections.ca/content.aspx?section=res&dir=rep/off/,independent-adjudication-bucket-0
can_a61df2c6674759f8980ba3ebe9d62e27,per_9cfbbea3cad458e9b1fc19ee647dfcca,unresolved,low,"Official result occurrence is recorded, but no qualifying same-body/office bridge with matching displayed district and party/affiliation was found; exact name alone is insufficient. No same-event/name collision found.",https://www.tcdsb.org/,independent-adjudication-bucket-0
can_a7108d6cda8656458040b4d8c8a387d2,per_e9a3ab1056cc5dada45f9ac66f58de91,unresolved,medium,"The target has a same-body/same-office result with the same name, but the district differs from this occurrence; results alone cannot establish identity across a changed district, so the proposal is held.",https://ckan0.cf.opendata.inter.prod-toronto.ca/dataset/97d72233-8681-4b3d-828e-4929d40d122c/resource/7057b4fe-f71d-469b-bf61-c366895fc62e/download/2025-tdsb-ward-11.xlsx,independent-adjudication-bucket-1
can_a7149cbcd3c0559c84cb05efe0194dc1,per_1edd1e3c4ca2572ea491719d939021c5,unresolved,low,"Official result occurrence is recorded, but no qualifying same-body/office bridge with matching displayed district and party/affiliation was found; exact name alone is insufficient. No same-event/name collision found.",https://www.elections.ca/content.aspx?section=res&dir=rep/off/,independent-adjudication-bucket-0
can_a77bea9543fb59899669541035acfd3b,per_b7a23ff02b8c5b39b642402b70038187,unresolved,low,"Official result occurrence is recorded, but no qualifying same-body/office bridge with matching displayed district and party/affiliation was found; exact name alone is insufficient. No same-event/name collision found.",https://results.elections.on.ca/en/publications,independent-adjudication-bucket-2
can_a7a2fc8fa2bb5436a1543a4e353e4dbb,per_88a1730a1beb5a4e82f4f80a33791b57,unresolved,low,"Official result occurrence is recorded, but no qualifying same-body/office bridge with matching displayed district and party/affiliation was found; exact name alone is insufficient. No same-event/name collision found.",https://www.elections.ca/content.aspx?section=res&dir=rep/off/,independent-adjudication-bucket-2
can_a8be6815a1065054b9cc5dc9e2bc1f00,per_fd23b86034275b79a16406776c74c7c9,unresolved,low,"Official result occurrence is recorded, but no qualifying same-body/office bridge with matching displayed district and party/affiliation was found; exact name alone is insufficient. No same-event/name collision found.",https://www.tdsb.on.ca/,independent-adjudication-bucket-2
can_a8d003e216d35f228e5d4112c992ae0c,per_4e14a0df462d5845a24ad0621cc53e28,unresolved,low,"The proposed occurrence is supported by an official results record, but the target's confirmed history is in a different body/office context; exact name alone is insufficient for this identity bridge.",https://ckan0.cf.opendata.inter.prod-toronto.ca/dataset/elections-official-results,independent-adjudication-bucket-1
can_a8dc2c0f90585a48906914dca8b10107,per_2985fecb43ba59d2bbd30fd57e3ffecc,unresolved,low,"The proposed occurrence is supported by an official results record, but the target's confirmed history is in a different body/office context; exact name alone is insufficient for this identity bridge.",https://ckan0.cf.opendata.inter.prod-toronto.ca/dataset/elections-official-results,independent-adjudication-bucket-1
can_a96124ba25cd5a5e84fedbba77c03a3f,per_1a8a44df7ca4568db7253855613d2d0f,confirmed,high,"Official result continuity: same body/office, displayed district “Etobicoke North”, and party/affiliation match a confirmed candidacy; no same-event/name collision found.",https://results.elections.on.ca/en/publications,independent-adjudication-bucket-0
can_a9d193338b8854d5879f0fbc28cbab02,per_984c8427445250d194cfdb00909dc9ab,unresolved,low,"Official result occurrence is recorded, but no qualifying same-body/office bridge with matching displayed district and party/affiliation was found; exact name alone is insufficient. No same-event/name collision found.",https://www.toronto.ca/city-government/elections/,independent-adjudication-bucket-2
can_a9e7f103cf8a5ed59b573289aceb629e,per_3a68aea4ea965d7189fd4fee43279241,unresolved,low,"Official result occurrence is recorded, but no qualifying same-body/office bridge with matching displayed district and party/affiliation was found; exact name alone is insufficient. No same-event/name collision found.",https://results.elections.on.ca/en/publications,independent-adjudication-bucket-0
can_a9ff02f47bd85979813f7076642ea2ca,per_ffe3c5e4da7f5556a227d0ebb126386a,unresolved,low,"Official result occurrence is recorded, but no qualifying same-body/office bridge with matching displayed district and party/affiliation was found; exact name alone is insufficient. No same-event/name collision found.",https://results.elections.on.ca/en/publications,independent-adjudication-bucket-2
can_aa014c1fb1a855059c9784b9e8e42061,per_a9fa93f9d3fa5bd7aa6054726c7faeeb,confirmed,high,"A fact-checked candidate profile explicitly enumerates the same Person across the 2007 provincial and 2014, 2017, 2018, and 2022 council candidacies.",https://thelocal.to/ward-16-don-valley-east/,council-batch-2-evidence-review
can_aa075286deac54fb9b65a8e3159ecede,per_07a340cf447c52f08c347da7d94138c6,unresolved,medium,"The target has a same-body/same-office result with the same name, but the district differs from this occurrence; results alone cannot establish identity across a changed district, so the proposal is held.",https://ckan0.cf.opendata.inter.prod-toronto.ca/dataset/elections-official-results,independent-adjudication-bucket-1
can_aa81cf28cc1f541f848e2467d63b6711,per_9b5f9e3c202a5425881c5e952e7e2e46,unresolved,low,"The proposed occurrence is supported by an official results record, but the target's confirmed history is in a different body/office context; exact name alone is insufficient for this identity bridge.",https://ckan0.cf.opendata.inter.prod-toronto.ca/dataset/elections-official-results,independent-adjudication-bucket-1
can_aa84ff7e053255709b56c93fea6f0a93,per_b164704c5e2553369da45403e2f7329a,unresolved,low,"Official result occurrence is recorded, but no qualifying same-body/office bridge with matching displayed district and party/affiliation was found; exact name alone is insufficient. No same-event/name collision found.",https://www.elections.ca/content.aspx?section=res&dir=rep/off/,independent-adjudication-bucket-2
can_aaa5e47ed95b5224a237d5e94ced113d,per_49df4ac999ee5622807c0776d2811835,unresolved,low,"Official result occurrence is recorded, but no qualifying same-body/office bridge with matching displayed district and party/affiliation was found; exact name alone is insufficient. No same-event/name collision found.",https://www.elections.ca/content.aspx?section=res&dir=rep/off/,independent-adjudication-bucket-0
can_ac652ccaf2885d70a41bfa4c69f7b633,per_6dd7c18fdac0558ba21b9e31817e8c62,unresolved,low,"Official result occurrence is recorded, but no qualifying same-body/office bridge with matching displayed district and party/affiliation was found; exact name alone is insufficient. No same-event/name collision found.",https://www.elections.ca/content.aspx?section=res&dir=rep/off/,independent-adjudication-bucket-2
can_adb7c9903bc05845986499e02e3c8ef7,per_fd8b5f2e99f351f7a2594093bf15cddd,confirmed,high,Official results show the same candidate in the same canada_house_of_commons mp district (Toronto—Danforth) as the confirmed 2021 occurrence; party/affiliation continuity is consistent and no same-event/name collision was found.,https://www.elections.ca/res/rep/off/ovrGE45/62/data_donnees/pollresults_resultatsbureau35.zip;https://www.elections.ca/res/rep/off/ovr2021app/53/data_donnees/pollresults_resultatsbureau35.zip,independent-adjudication-bucket-1
can_ade390df0cee50fab0104e8fd87d082e,per_546a50310fbe5401a126a3864d97fbb3,unresolved,low,"Official result occurrence is recorded, but no qualifying same-body/office bridge with matching displayed district and party/affiliation was found; exact name alone is insufficient. No same-event/name collision found.",https://www.elections.ca/content.aspx?section=res&dir=rep/off/,independent-adjudication-bucket-0
can_ae51b76fae3f507ba2575766f9da76f3,per_5f15126961ce5b01b5ef4ccd5a7f3896,unresolved,low,"Official result occurrence is recorded, but no qualifying same-body/office bridge with matching displayed district and party/affiliation was found; exact name alone is insufficient. No same-event/name collision found.",https://results.elections.on.ca/en/publications,independent-adjudication-bucket-0
can_ae5ef8728d0f53dcb7c9b06508f0dd0e,per_e5f7c88c222a509688591661ac39767b,unresolved,low,"Official result occurrence is recorded, but no qualifying same-body/office bridge with matching displayed district and party/affiliation was found; exact name alone is insufficient. No same-event/name collision found.",https://www.elections.ca/content.aspx?section=res&dir=rep/off/,independent-adjudication-bucket-0
can_aeca1c89b5245e099c59d9441315acd7,per_c3da58de499a5dae931ba05291323774,unresolved,low,"Official result occurrence is recorded, but no qualifying same-body/office bridge with matching displayed district and party/affiliation was found; exact name alone is insufficient. No same-event/name collision found.",https://www.elections.ca/content.aspx?section=res&dir=rep/off/,independent-adjudication-bucket-2
can_af0728e9865551f69b67187ac033a27b,per_baac5b91f4d8530fb5787029cb74c5e2,unresolved,low,"Official result occurrence is recorded, but no qualifying same-body/office bridge with matching displayed district and party/affiliation was found; exact name alone is insufficient. No same-event/name collision found.",https://www.tdsb.on.ca/,independent-adjudication-bucket-0
can_af307585bd045acdac4e2fde6aa85e7a,per_1fce2afa18775d5c864172aaf0a321a9,unresolved,low,"Official result occurrence is recorded, but no qualifying same-body/office bridge with matching displayed district and party/affiliation was found; exact name alone is insufficient. No same-event/name collision found.",https://www.tdsb.on.ca/,independent-adjudication-bucket-0
can_af8e83f36fd6540aa5e77f7a11c79964,per_cf56182fc64a5cf6a1bd3543ebb9b4fe,unresolved,medium,"The target has a same-body/same-office result with the same name, but the district differs from this occurrence; results alone cannot establish identity across a changed district, so the proposal is held.",https://ckan0.cf.opendata.inter.prod-toronto.ca/dataset/elections-official-results,independent-adjudication-bucket-1
can_b029572851285f539e31e1b60b34ff5e,per_d66953f6761d568fbf6999bdf05c172d,unresolved,low,"Official result occurrence is recorded, but no qualifying same-body/office bridge with matching displayed district and party/affiliation was found; exact name alone is insufficient. No same-event/name collision found.",https://results.elections.on.ca/en/publications,independent-adjudication-bucket-2
can_b030dac716405b3c8f3fd7e2b197d90b,per_36aa092b9eb3598fa088b3e9e7f7db0f,unresolved,low,"The proposed occurrence is supported by an official results record, but the target's confirmed history is in a different body/office context; exact name alone is insufficient for this identity bridge.",https://www.elections.ca/res/rep/off/ovr2019app/51/data_donnees/pollresults_resultatsbureau35.zip,independent-adjudication-bucket-1
can_b045e83fbe93556280888baf1d548900,per_c8dc8f2b4c1855fd86ac1dfc1b6b65b6,confirmed,high,Official results show the same candidate in the same toronto_city_council mayor district (City of Toronto) as the confirmed 2003 occurrence; party/affiliation continuity is consistent and no same-event/name collision was found.,https://ckan0.cf.opendata.inter.prod-toronto.ca/dataset/elections-official-results,independent-adjudication-bucket-1
can_b07911ac186c5fedbb0acd5ccd8a2bd8,per_fd89e2daa64b5513ba56eb9e1c8b51f7,confirmed,high,The archived first-party council campaign identifies Ken Lister and states that he served four years as a TDSB trustee; the board biography corroborates the trustee identity.,https://web.archive.org/web/20181026215226/https://www.kenlister.ca/;https://www.tdsb.on.ca/ward17/Ward17/KenListerBio.aspx,consequential-council-evidence-review
can_b11c012c836350bfb3136b44083e5f8b,per_3b7b25cba9845e2b9592a162f0fe4001,unresolved,low,"Official result occurrence is recorded, but no qualifying same-body/office bridge with matching displayed district and party/affiliation was found; exact name alone is insufficient. No same-event/name collision found.",https://www.toronto.ca/city-government/elections/,independent-adjudication-bucket-0
can_b19419141fef532cbdcd3042c7f54771,per_fee676443417560dabcacf61aa50ded4,unresolved,low,"Official result occurrence is recorded, but no qualifying same-body/office bridge with matching displayed district and party/affiliation was found; exact name alone is insufficient. No same-event/name collision found.",https://results.elections.on.ca/en/publications,independent-adjudication-bucket-2
can_b1a8902aa8455b3583f681a968e0f5c9,per_db9ce33670f054c1adabac50764ca600,confirmed,high,"Official result continuity: same body/office, displayed district “Ward 7”, and party/affiliation “non_partisan” match a confirmed candidacy; no same-event/name collision found.",https://www.toronto.ca/city-government/elections/,independent-adjudication-bucket-2
can_b1faece767dc59ff953cceeecba51143,per_0e32707dc0ef54e69f20d2ee7c0507aa,unresolved,low,"Official result occurrence is recorded, but no qualifying same-body/office bridge with matching displayed district and party/affiliation was found; exact name alone is insufficient. No same-event/name collision found.",https://results.elections.on.ca/en/publications,independent-adjudication-bucket-0
can_b26004a6dfd55d6ba5013649a3c990aa,per_94b68b9cf6eb573da1885f60558580ac,unresolved,low,"Official result occurrence is recorded, but no qualifying same-body/office bridge with matching displayed district and party/affiliation was found; exact name alone is insufficient. No same-event/name collision found.",https://www.toronto.ca/city-government/elections/,independent-adjudication-bucket-2
can_b2d235ce46d25b1a89912603fb5f67bf,per_b48549db8926539a8d5c23bda539bf48,confirmed,high,Official results show the same candidate in the same ontario_legislative_assembly mpp district (Beaches—East York) as the confirmed 2014 occurrence; party/affiliation continuity is consistent and no same-event/name collision was found.,https://results.elections.on.ca/api/report-groups/1/report-outputs/932/csv;https://results.elections.on.ca/api/report-groups/1/report-outputs/925/csv;https://results.elections.on.ca/api/report-groups/1/report-outputs/930/csv;https://results.elections.on.ca/api/report-groups/2/report-outputs/488/csv;https://results.elections.on.ca/api/report-groups/2/report-outputs/481/csv;https://results.elections.on.ca/api/report-groups/2/report-outputs/486/csv,independent-adjudication-bucket-1
can_b34dcfabe5605297a5d8d509c26eb46a,per_dbd47b34384c5d77a458afaa7e279480,unresolved,low,"The proposed occurrence is supported by an official results record, but the target's confirmed history is in a different body/office context; exact name alone is insufficient for this identity bridge.",https://www.elections.ca/res/rep/off/ovr2021app/53/data_donnees/pollresults_resultatsbureau35.zip,independent-adjudication-bucket-1
can_b3598796fcfd523cbe613c1dfc5feae9,per_ff056fc0e23851078243e1be89112c34,unresolved,low,"Official result occurrence is recorded, but no qualifying same-body/office bridge with matching displayed district and party/affiliation was found; exact name alone is insufficient. No same-event/name collision found.",https://www.toronto.ca/city-government/elections/,independent-adjudication-bucket-2
can_b3cfee49269958f48ee6a0b77f9a5fa4,per_2116dfe42b85534c9deb6c8308c14445,unresolved,low,"Official result occurrence is recorded, but no qualifying same-body/office bridge with matching displayed district and party/affiliation was found; exact name alone is insufficient. No same-event/name collision found.",https://www.tdsb.on.ca/,independent-adjudication-bucket-2
can_b43f09907b145014b71663c2694ce140,per_aad0e45df3dc580b85f3201bbd4276ae,unresolved,low,"Official result occurrence is recorded, but no qualifying same-body/office bridge with matching displayed district and party/affiliation was found; exact name alone is insufficient. No same-event/name collision found.",https://www.elections.ca/content.aspx?section=res&dir=rep/off/,independent-adjudication-bucket-0
can_b447c3f5727454d7847f0652989da741,per_07e60867724b57d19bf464457d3fde05,unresolved,medium,"The target has a same-body/same-office result with the same name, but the district differs from this occurrence; results alone cannot establish identity across a changed district, so the proposal is held.",https://www.elections.ca/res/rep/off/ovr2021app/53/data_donnees/pollresults_resultatsbureau35.zip,independent-adjudication-bucket-1
can_b488077318d654e084858744f0201e4a,per_24e4f4fc217c5db6849d74005b7bcfce,unresolved,low,"Official result occurrence is recorded, but no qualifying same-body/office bridge with matching displayed district and party/affiliation was found; exact name alone is insufficient. No same-event/name collision found.",https://www.toronto.ca/city-government/elections/,independent-adjudication-bucket-0
can_b51a3459e36656e796b6bec66166e4bd,per_14a29a2efa8e57048204d34d9d155246,unresolved,low,"Official result occurrence is recorded, but no qualifying same-body/office bridge with matching displayed district and party/affiliation was found; exact name alone is insufficient. No same-event/name collision found.",https://www.tdsb.on.ca/,independent-adjudication-bucket-2
can_b5a539272e725f5ca93196f91632596f,per_2b3284dbf4ff55c69d2897a8190c0220,unresolved,low,"Official result occurrence is recorded, but no qualifying same-body/office bridge with matching displayed district and party/affiliation was found; exact name alone is insufficient. No same-event/name collision found.",https://www.elections.ca/content.aspx?section=res&dir=rep/off/,independent-adjudication-bucket-2
can_b608d9c8d2a9522daaf94387b4971145,per_b48549db8926539a8d5c23bda539bf48,unresolved,low,"The proposed occurrence is supported by an official results record, but the target's confirmed history is in a different body/office context; exact name alone is insufficient for this identity bridge.",https://www.elections.ca/res/rep/off/ovr2015app/41/data_donnees/pollresults_resultatsbureau35.zip,independent-adjudication-bucket-1
can_b6153bf0ac2256ab8c39a401f562f45d,per_6dbd346ddaba5349b1188f1bbd6e5478,unresolved,low,"The proposed occurrence is supported by an official results record, but the target's confirmed history is in a different body/office context; exact name alone is insufficient for this identity bridge.",https://www.elections.ca/res/rep/off/ovr_2024b/58/data_donnees/pollresults_resultatsbureau35090.csv,independent-adjudication-bucket-1
can_b6232b0eb79b5e3a821d6dd6a7f64a0b,per_1e4199619bfe553c83c208f9b3091581,unresolved,low,"Official result occurrence is recorded, but no qualifying same-body/office bridge with matching displayed district and party/affiliation was found; exact name alone is insufficient. No same-event/name collision found.",https://results.elections.on.ca/en/publications,independent-adjudication-bucket-2
can_b6296a74053e53caba36ab7e3ac0ead3,per_bcfbb71d06325ab69c98fd92e7da065f,unresolved,low,"Official result occurrence is recorded, but no qualifying same-body/office bridge with matching displayed district and party/affiliation was found; exact name alone is insufficient. No same-event/name collision found.",https://www.toronto.ca/city-government/elections/,independent-adjudication-bucket-0
can_b63763df331d566bab4aa0b97e6dc589,per_837198af1a5d5c99b41f8a0279577da0,unresolved,low,"Official result occurrence is recorded, but no qualifying same-body/office bridge with matching displayed district and party/affiliation was found; exact name alone is insufficient. No same-event/name collision found.",https://www.elections.ca/content.aspx?section=res&dir=rep/off/,independent-adjudication-bucket-0
can_b6b790f30421564ca2e9c8263737a42e,per_6012f5b0213059aa8ef3c04a2f60fda4,unresolved,medium,"The target has a same-body/same-office result with the same name, but the district differs from this occurrence; results alone cannot establish identity across a changed district, so the proposal is held.",https://ckan0.cf.opendata.inter.prod-toronto.ca/dataset/elections-official-results,independent-adjudication-bucket-1
can_b75454bcf056511da55ae510a7dd12cb,per_23bcc9ebd9485027bf7aeb64a99c0c35,unresolved,low,"Official result occurrence is recorded, but no qualifying same-body/office bridge with matching displayed district and party/affiliation was found; exact name alone is insufficient. No same-event/name collision found.",https://www.toronto.ca/city-government/elections/,independent-adjudication-bucket-2
can_b963dd70e6d25cc79bf3da5ba58cf2e9,per_751e8bfb1df156019ce19a9991744f80,unresolved,low,"The proposed occurrence is supported by an official results record, but the target's confirmed history is in a different body/office context; exact name alone is insufficient for this identity bridge.",https://www.elections.ca/scripts/OVR2008/31/data/pollresults_resultatsbureau35.zip,independent-adjudication-bucket-1
can_b9a46d61df175207b30fe6e353545425,per_bcd2cd3479ae5bf7a4ab67522b3c21e2,confirmed,high,"Official result continuity: same body/office, displayed district “Ward 4”, and party/affiliation “non_partisan” match a confirmed candidacy; no same-event/name collision found.",https://www.tdsb.on.ca/,independent-adjudication-bucket-2
can_b9b4004919dd558287456dbf5d774ce7,per_5d6ccf2244905e79b0fb668d84e2675b,unresolved,low,"Official result occurrence is recorded, but no qualifying same-body/office bridge with matching displayed district and party/affiliation was found; exact name alone is insufficient. No same-event/name collision found.",https://www.tcdsb.org/,independent-adjudication-bucket-2
can_ba03997cb5f45131b3d76487f4b5fcd9,per_5c90ca6f8fc553b49efd3d4981da90c4,confirmed,high,Official results show the same candidate in the same toronto_district_school_board trustee district (Ward 9) as the confirmed 2006 occurrence; party/affiliation continuity is consistent and no same-event/name collision was found.,https://ckan0.cf.opendata.inter.prod-toronto.ca/dataset/96d35404-44d9-49d8-95bb-fb1e5489240d/resource/6fbfaab0-bb84-442a-8e4b-1c14d4c10d6d/download/2010-results.zip;https://ckan0.cf.opendata.inter.prod-toronto.ca/dataset/96d35404-44d9-49d8-95bb-fb1e5489240d/resource/3fb1227c-a279-4523-a1aa-f00190ba717f/download/2006-results.zip,independent-adjudication-bucket-1
can_ba76a75e1163519b9ab885118308a83d,per_a9fa93f9d3fa5bd7aa6054726c7faeeb,confirmed,high,"A fact-checked candidate profile explicitly enumerates the same Person across the 2007 provincial and 2014, 2017, 2018, and 2022 council candidacies.",https://thelocal.to/ward-16-don-valley-east/,council-batch-2-evidence-review
can_ba89c67ab744583e8d3019b18ba60708,per_c4b0ed94a3c35d64ae0f0671db24b11c,unresolved,low,"Official result occurrence is recorded, but no qualifying same-body/office bridge with matching displayed district and party/affiliation was found; exact name alone is insufficient. No same-event/name collision found.",https://www.tdsb.on.ca/,independent-adjudication-bucket-2
can_ba8b0a6e481d574f96ad2ea3dcdf5571,per_d8ea7abcdbca51aa8972a43c151bd5d0,unresolved,low,"Official result occurrence is recorded, but no qualifying same-body/office bridge with matching displayed district and party/affiliation was found; exact name alone is insufficient. No same-event/name collision found.",https://www.toronto.ca/city-government/elections/,independent-adjudication-bucket-2
can_bab0456b0e575a8a95833622e1389da0,per_9132d528b429522ab6e1d0e2e49fde60,unresolved,low,"The proposed occurrence is supported by an official results record, but the target's confirmed history is in a different body/office context; exact name alone is insufficient for this identity bridge.",https://results.elections.on.ca/api/report-groups/45/report-outputs/1050/csv;https://results.elections.on.ca/api/report-groups/45/report-outputs/1043/csv;https://results.elections.on.ca/api/report-groups/45/report-outputs/1048/csv,independent-adjudication-bucket-1
can_bac671e7117d534987554054f80d0dfa,per_aa1078f5c83b568188c98224c0b71f58,unresolved,low,"The proposed occurrence is supported by an official results record, but the target's confirmed history is in a different body/office context; exact name alone is insufficient for this identity bridge.",https://www.elections.ca/res/rep/off/ovrGE45/62/data_donnees/pollresults_resultatsbureau35.zip,independent-adjudication-bucket-1
can_bb01e7d1da955acf8b189560326139b9,per_b35e8e42755855f49dc074cb1b16e178,unresolved,low,"Official result occurrence is recorded, but no qualifying same-body/office bridge with matching displayed district and party/affiliation was found; exact name alone is insufficient. No same-event/name collision found.",https://www.toronto.ca/city-government/elections/,independent-adjudication-bucket-0
can_bbae7d8df44c538f8f1bf9a6999d926c,per_1b4d37adfa78509688cb9cc801c02e80,confirmed,high,"Official result continuity: same body/office, displayed district “Beaches—East York”, and party/affiliation match a confirmed candidacy; no same-event/name collision found.",https://www.elections.ca/content.aspx?section=res&dir=rep/off/,independent-adjudication-bucket-0
can_bbedefa5ddb154d69ce4b21790e8479f,per_47f14ba2b4fa5a8ba1707ce46ec5d6f4,unresolved,low,"Official result occurrence is recorded, but no qualifying same-body/office bridge with matching displayed district and party/affiliation was found; exact name alone is insufficient. No same-event/name collision found.",https://www.toronto.ca/city-government/elections/,independent-adjudication-bucket-0
can_bc505470117d5dd8b64c3fd7a7670382,per_f8c1939ccdc859e888733e90636d4a01,unresolved,low,"Official result occurrence is recorded, but no qualifying same-body/office bridge with matching displayed district and party/affiliation was found; exact name alone is insufficient. No same-event/name collision found.",https://results.elections.on.ca/en/publications,independent-adjudication-bucket-0
can_bc90f5e2d797546ea5e4583936fcabc9,per_5f76b791d74e5b6a8ddd48fc9c8a0720,unresolved,low,"Official result occurrence is recorded, but no qualifying same-body/office bridge with matching displayed district and party/affiliation was found; exact name alone is insufficient. No same-event/name collision found.",https://www.elections.ca/content.aspx?section=res&dir=rep/off/,independent-adjudication-bucket-0
can_bca08d86b64c52039c8ef1db30bf68d8,per_9d30a48263e25fa7b1508c928595353b,unresolved,low,"Official result occurrence is recorded, but no qualifying same-body/office bridge with matching displayed district and party/affiliation was found; exact name alone is insufficient. No same-event/name collision found.",https://www.tdsb.on.ca/,independent-adjudication-bucket-0
can_bca16b1c85215b4f8a6fc766fb6188c8,per_c0e962facfbf55fc974ea57d9bc25d1e,unresolved,low,"Official result occurrence is recorded, but no qualifying same-body/office bridge with matching displayed district and party/affiliation was found; exact name alone is insufficient. No same-event/name collision found.",https://www.tdsb.on.ca/,independent-adjudication-bucket-0
can_bd7a93d04bc65745a11c77953b7f9629,per_4b8dce6720bb5d4895bd7e04a2c44a57,unresolved,low,"The target has confirmed activity in the same represented body, but not a matching office/district occurrence; exact name is insufficient across offices, so the proposal is held.",https://ckan0.cf.opendata.inter.prod-toronto.ca/dataset/elections-official-results,independent-adjudication-bucket-1
can_bd858e38f588568cb9767cff28bbbd43,per_085a1a3607555e3fae0da14b66f9ffa6,unresolved,low,"Official result occurrence is recorded, but no qualifying same-body/office bridge with matching displayed district and party/affiliation was found; exact name alone is insufficient. No same-event/name collision found.",https://www.tdsb.on.ca/,independent-adjudication-bucket-2
can_bdab65fa1e48589f98d982e61e309912,per_ac32e66055fa547f8f3cf1c2d6f6723e,unresolved,low,"The target has confirmed activity in the same represented body, but not a matching office/district occurrence; exact name is insufficient across offices, so the proposal is held.",https://ckan0.cf.opendata.inter.prod-toronto.ca/dataset/elections-official-results,independent-adjudication-bucket-1
can_bdb4a91179075884b016e487f7b7413e,per_5424fd426f785c3e9c74122bc450f630,unresolved,low,"Official result occurrence is recorded, but no qualifying same-body/office bridge with matching displayed district and party/affiliation was found; exact name alone is insufficient. No same-event/name collision found.",https://www.toronto.ca/city-government/elections/,independent-adjudication-bucket-2
can_bdebbc1bc209571bb822180ba1c83abe,per_5853689b88db555ca8a9431a01bdd81a,unresolved,low,"Official result occurrence is recorded, but no qualifying same-body/office bridge with matching displayed district and party/affiliation was found; exact name alone is insufficient. No same-event/name collision found.",https://www.tcdsb.org/,independent-adjudication-bucket-0
can_bdfb1de42b7c520c85c1288191500543,per_70a57d0738f5540eb7b5972cd5ac0eb4,unresolved,low,"The proposed occurrence is supported by an official results record, but the target's confirmed history is in a different body/office context; exact name alone is insufficient for this identity bridge.",https://ckan0.cf.opendata.inter.prod-toronto.ca/dataset/96d35404-44d9-49d8-95bb-fb1e5489240d/resource/3ad371de-7c51-45d3-9ea4-0b4efac5fc2b/download/2022-results.zip,independent-adjudication-bucket-1
can_be640b76d4ad5b07b7041a19852d9516,per_65edda59925d56ac850f0f13832f8c99,unresolved,low,"Official result occurrence is recorded, but no qualifying same-body/office bridge with matching displayed district and party/affiliation was found; exact name alone is insufficient. No same-event/name collision found.",https://www.toronto.ca/city-government/elections/,independent-adjudication-bucket-0
can_be6ac5e7679b5f6eb1b88d127c3712ff,per_67ed9cd4a7565d36862b4b99fc17e0f4,unresolved,low,"Official result occurrence is recorded, but no qualifying same-body/office bridge with matching displayed district and party/affiliation was found; exact name alone is insufficient. No same-event/name collision found.",https://results.elections.on.ca/en/publications,independent-adjudication-bucket-2
can_bef62b59b2375c6d8c9a085273f57fce,per_e5f7c88c222a509688591661ac39767b,unresolved,low,"Official result occurrence is recorded, but no qualifying same-body/office bridge with matching displayed district and party/affiliation was found; exact name alone is insufficient. No same-event/name collision found.",https://www.elections.ca/content.aspx?section=res&dir=rep/off/,independent-adjudication-bucket-0
can_befbb474e1a45276875b7e15f0308830,per_87a2109e0fba5f06926cbd29b3e47f62,unresolved,low,"Official result occurrence is recorded, but no qualifying same-body/office bridge with matching displayed district and party/affiliation was found; exact name alone is insufficient. No same-event/name collision found.",https://www.toronto.ca/city-government/elections/,independent-adjudication-bucket-2
can_bf11897bd8c752d0bfb0b070885e3de2,per_6a5242868c1f526eab2db3f3b6f6da14,unresolved,low,"Official result occurrence is recorded, but no qualifying same-body/office bridge with matching displayed district and party/affiliation was found; exact name alone is insufficient. No same-event/name collision found.",https://www.toronto.ca/city-government/elections/,independent-adjudication-bucket-0
can_bf1f8890fb63563c8107747b794dd67b,per_811b2262846b5593a0f307427896f498,unresolved,medium,"The target has a same-body/same-office result with the same name, but the district differs from this occurrence; results alone cannot establish identity across a changed district, so the proposal is held.",https://ckan0.cf.opendata.inter.prod-toronto.ca/dataset/elections-official-results,independent-adjudication-bucket-1
can_bfb4251aac145441b5ec9fd4ac7c75ac,per_1532e26a4057567c93e20e166067edcc,rejected,high,"The official results list the same normalized candidate name in multiple toronto_catholic_district_school_board districts in the same event (Ward 6 (can_708733b1951f5dfea952d00789d95e74), Ward 9 (can_bfb4251aac145441b5ec9fd4ac7c75ac)); the occurrence cannot be safely assigned to this proposed Person without person-specific authority evidence.",https://ckan0.cf.opendata.inter.prod-toronto.ca/dataset/96d35404-44d9-49d8-95bb-fb1e5489240d/resource/6fbfaab0-bb84-442a-8e4b-1c14d4c10d6d/download/2010-results.zip,independent-adjudication-bucket-1
can_bfc72298fac8557884d8ac38723d6bde,per_dbd47b34384c5d77a458afaa7e279480,unresolved,low,"The proposed occurrence is supported by an official results record, but the target's confirmed history is in a different body/office context; exact name alone is insufficient for this identity bridge.",https://www.elections.ca/res/rep/off/ovr2019app/51/data_donnees/pollresults_resultatsbureau35.zip,independent-adjudication-bucket-1
can_bfcc0b3ac9e654098998adc66cb08aa0,per_eac8e0e5c4755b8fade64b3cb7e453e0,unresolved,low,"Official result occurrence is recorded, but no qualifying same-body/office bridge with matching displayed district and party/affiliation was found; exact name alone is insufficient. No same-event/name collision found.",https://www.toronto.ca/city-government/elections/,independent-adjudication-bucket-0
can_bfd9ba4cc93d5f609d4522308bd0888b,per_6c4f881b79bf5d33b899cc25a766d9dd,confirmed,high,"Official result continuity: same body/office, displayed district “Ward 26”, and party/affiliation “non_partisan” match a confirmed candidacy; no same-event/name collision found.",https://www.toronto.ca/city-government/elections/,independent-adjudication-bucket-2
can_bfe2fe41571e5989970e0548ac2cbcb5,per_cf28d0854cb651a6a385fefbfe1b8d97,confirmed,high,"Official result continuity: same body/office, displayed district “Ward 17”, and party/affiliation “non_partisan” match a confirmed candidacy; no same-event/name collision found.",https://www.tdsb.on.ca/,independent-adjudication-bucket-2
can_c00888113f0958f69fe3e5d1b306d620,per_70c8ef0d24c0553280194290fb3d3f8e,unresolved,low,"Official result occurrence is recorded, but no qualifying same-body/office bridge with matching displayed district and party/affiliation was found; exact name alone is insufficient. No same-event/name collision found.",https://www.toronto.ca/city-government/elections/,independent-adjudication-bucket-2
can_c02fa9387c7857aba4dee1a4ab505441,per_8c27d890a1015ef28cfa3ff79384ef59,confirmed,high,"A fact-checked 2023 mayoral profile explicitly enumerates the candidates 2003 and 2006 Ward 38 council runs, bridging both occurrences to the existing Person.",https://thelocal.to/toronto-mayor-candidates-2023/,council-batch-2-evidence-review
can_c092aa858f0f551f8c16c8b2e15a07fb,per_b7a23ff02b8c5b39b642402b70038187,unresolved,low,"Official result occurrence is recorded, but no qualifying same-body/office bridge with matching displayed district and party/affiliation was found; exact name alone is insufficient. No same-event/name collision found.",https://results.elections.on.ca/en/publications,independent-adjudication-bucket-2
can_c0fa194643c05621bfb6052bb4f6c8c7,per_60ca0cd8bf5a5be4b53dec2fcd06beb4,unresolved,low,"The proposed occurrence is supported by an official results record, but the target's confirmed history is in a different body/office context; exact name alone is insufficient for this identity bridge.",https://ckan0.cf.opendata.inter.prod-toronto.ca/dataset/96d35404-44d9-49d8-95bb-fb1e5489240d/resource/3ad371de-7c51-45d3-9ea4-0b4efac5fc2b/download/2022-results.zip,independent-adjudication-bucket-1
can_c11a4489b4a8565897598a3f28772c5a,per_fc9b44579d005bd0b85fde9509aff71b,unresolved,low,"Official result occurrence is recorded, but no qualifying same-body/office bridge with matching displayed district and party/affiliation was found; exact name alone is insufficient. No same-event/name collision found.",https://results.elections.on.ca/en/publications,independent-adjudication-bucket-0
can_c18e95f3289f5e309fc99f2c399084c5,per_b2c6bc3d218a57b39d841c011d7e3ee2,unresolved,low,"Official result occurrence is recorded, but no qualifying same-body/office bridge with matching displayed district and party/affiliation was found; exact name alone is insufficient. No same-event/name collision found.",https://results.elections.on.ca/en/publications,independent-adjudication-bucket-2
can_c1aa0dccc71956f4bec3b2acb47f4988,per_546a50310fbe5401a126a3864d97fbb3,unresolved,low,"Official result occurrence is recorded, but no qualifying same-body/office bridge with matching displayed district and party/affiliation was found; exact name alone is insufficient. No same-event/name collision found.",https://www.toronto.ca/city-government/elections/,independent-adjudication-bucket-0
can_c229834463c65bf2837e8098c43fc9d3,per_4d6961589e7e52b9a6017ba3eba85900,unresolved,low,"The proposed occurrence is supported by an official results record, but the target's confirmed history is in a different body/office context; exact name alone is insufficient for this identity bridge.",https://www.elections.ca/scripts/OVR2008/31/data/pollresults_resultatsbureau35.zip,independent-adjudication-bucket-1
can_c281808f468856d2bd8f052671ad2a1b,per_f2d22b25b81753b6aafb8be6f1d72cf4,unresolved,low,"The proposed occurrence is supported by an official results record, but the target's confirmed history is in a different body/office context; exact name alone is insufficient for this identity bridge.",https://www.elections.ca/res/rep/off/ovrGE45/62/data_donnees/pollresults_resultatsbureau35.zip,independent-adjudication-bucket-1
can_c2f70dff800b5e348f44cced5915c6f6,per_174c047b65c059e4bc5188ae3c22d2c2,unresolved,low,"Official result occurrence is recorded, but no qualifying same-body/office bridge with matching displayed district and party/affiliation was found; exact name alone is insufficient. No same-event/name collision found.",https://results.elections.on.ca/en/publications,independent-adjudication-bucket-0
can_c30b6ac2653551018865b6520010e0c5,per_7d8d678c40e25c1d95a24aba224f71e5,unresolved,low,"The proposed occurrence is supported by an official results record, but the target's confirmed history is in a different body/office context; exact name alone is insufficient for this identity bridge.",https://www.elections.ca/res/rep/off/ovr2015app/41/data_donnees/pollresults_resultatsbureau35.zip,independent-adjudication-bucket-1
can_c337f53956485bffbea1f08812a3ca14,per_d1cba76fb5ec5c9a9bf3d280053bee28,unresolved,medium,"The target has a same-body/same-office result with the same name, but the district differs from this occurrence; results alone cannot establish identity across a changed district, so the proposal is held.",https://ckan0.cf.opendata.inter.prod-toronto.ca/dataset/97d72233-8681-4b3d-828e-4929d40d122c/resource/79f831c8-48ec-45f2-a65e-3b514f877a93/download/2012-tdsb-wards-17-20.xls,independent-adjudication-bucket-1
can_c42922958fde5b48be08d333e4dcb63a,per_0586fbb3d08f5a37a16adb772b5c4b07,unresolved,medium,"The target has a same-body/same-office result with the same name, but the district differs from this occurrence; results alone cannot establish identity across a changed district, so the proposal is held.",https://results.elections.on.ca/api/report-groups/1/report-outputs/932/csv;https://results.elections.on.ca/api/report-groups/1/report-outputs/925/csv;https://results.elections.on.ca/api/report-groups/1/report-outputs/930/csv,independent-adjudication-bucket-1
can_c458b8383dee5de183d5d6499e9b0df2,per_5542c2a9da75521a8c92b062a2f48b33,unresolved,low,"Official result occurrence is recorded, but no qualifying same-body/office bridge with matching displayed district and party/affiliation was found; exact name alone is insufficient. No same-event/name collision found.",https://www.toronto.ca/city-government/elections/,independent-adjudication-bucket-0
can_c4a53c7ef8615f368a2f9b024e8289a8,per_3b515950560656eb99d50260596bf3c0,unresolved,low,"Official result occurrence is recorded, but no qualifying same-body/office bridge with matching displayed district and party/affiliation was found; exact name alone is insufficient. No same-event/name collision found.",https://www.tdsb.on.ca/,independent-adjudication-bucket-0
can_c4c1c0a5cbde59f7bea48550bbd67f72,per_a340530f03ca5d598923f554217a53b4,unresolved,medium,"The target has a same-body/same-office result with the same name, but the district differs from this occurrence; results alone cannot establish identity across a changed district, so the proposal is held.",https://ckan0.cf.opendata.inter.prod-toronto.ca/dataset/elections-official-results,independent-adjudication-bucket-1
can_c4f7c91c618d536284f4220838791524,per_b3471e8be4765e51b0381303a6c7a36d,confirmed,high,"Canada's NDP identifies Alejandra Bravo as its 2021 Davenport candidate; the City identifies the current Ward 9 Davenport councillor, and The Local explicitly connects that federal run to the 2022 council candidate. The distinctive name and same community context have no same-event or namesake conflict.",https://www.ndp.ca/news/ndp-will-take-bold-steps-towards-guaranteed-livable-income;https://www.toronto.ca/city-government/council/members-of-council/councillor-ward-9/;https://thelocal.to/ward-9-davenport/,current-council-linkage-audit
can_c4fe29cbaabc5640a2b083b54447fb44,per_02e00c77047c5d41b5dfced8cb84fa02,unresolved,low,"Official result occurrence is recorded, but no qualifying same-body/office bridge with matching displayed district and party/affiliation was found; exact name alone is insufficient. No same-event/name collision found.",https://www.toronto.ca/city-government/elections/,independent-adjudication-bucket-0
can_c51718032ff753bbafd8b5a06e42fc5e,per_29c0ae9dfa795a07866c2ea1c88582dd,unresolved,low,"Official result occurrence is recorded, but no qualifying same-body/office bridge with matching displayed district and party/affiliation was found; exact name alone is insufficient. No same-event/name collision found.",https://www.toronto.ca/city-government/elections/,independent-adjudication-bucket-0
can_c565ec043a5f556188eb90e0ddef921e,per_923b2e92f28358469a6982fa22fcc7e3,unresolved,low,"Official result occurrence is recorded, but no qualifying same-body/office bridge with matching displayed district and party/affiliation was found; exact name alone is insufficient. No same-event/name collision found.",https://www.elections.ca/content.aspx?section=res&dir=rep/off/,independent-adjudication-bucket-0
can_c56bc4f930105a4d84f413ebf6ef1352,per_faf9843584a45e778d6d90e81cc34651,unresolved,low,"The proposed occurrence is supported by an official results record, but the target's confirmed history is in a different body/office context; exact name alone is insufficient for this identity bridge.",https://ckan0.cf.opendata.inter.prod-toronto.ca/dataset/96d35404-44d9-49d8-95bb-fb1e5489240d/resource/6fbfaab0-bb84-442a-8e4b-1c14d4c10d6d/download/2010-results.zip,independent-adjudication-bucket-1
can_c570b62122c656c896e38110b62cdef4,per_e8233a292f865cb88854acf62af15185,rejected,high,"The official results list the same normalized candidate name in multiple toronto_catholic_district_school_board districts in the same event (Ward 9 (can_c570b62122c656c896e38110b62cdef4), Ward 11 (can_48f56fc1f9795dda958bb754ba658481)); the occurrence cannot be safely assigned to this proposed Person without person-specific authority evidence.",https://ckan0.cf.opendata.inter.prod-toronto.ca/dataset/96d35404-44d9-49d8-95bb-fb1e5489240d/resource/6fbfaab0-bb84-442a-8e4b-1c14d4c10d6d/download/2010-results.zip,independent-adjudication-bucket-1
can_c5752248823c5da69e80e695c79bbf02,per_bcfbb71d06325ab69c98fd92e7da065f,unresolved,low,"Official result occurrence is recorded, but no qualifying same-body/office bridge with matching displayed district and party/affiliation was found; exact name alone is insufficient. No same-event/name collision found.",https://www.toronto.ca/city-government/elections/,independent-adjudication-bucket-0
can_c57a1a56454353df9efc1e1f9310dfa7,per_3d2c2444533b5600b3d6c788f124e3ac,unresolved,medium,"The target has a same-body/same-office result with the same name, but the district differs from this occurrence; results alone cannot establish identity across a changed district, so the proposal is held.",https://results.elections.on.ca/api/report-groups/4/report-outputs/510/csv;https://results.elections.on.ca/api/report-groups/4/report-outputs/503/csv;https://results.elections.on.ca/api/report-groups/4/report-outputs/508/csv,independent-adjudication-bucket-1
can_c5b2c546cfd95e2ba829dc2f3712bfc5,per_75a82a5ddd195da2bccc289f8513f8d2,unresolved,low,"Official result occurrence is recorded, but no qualifying same-body/office bridge with matching displayed district and party/affiliation was found; exact name alone is insufficient. No same-event/name collision found.",https://www.elections.ca/content.aspx?section=res&dir=rep/off/,independent-adjudication-bucket-0
can_c5c8fe730b8b567ea1a64839b752db62,per_4fb75ca0f2ba54879735652aa701181a,confirmed,high,"Party, direct-response, and fact-checked profiles identify the same rare-name architect and Green candidate across the provincial, municipal, and federal Don Valley West candidacies.",https://jointhealth.org/electionfederal2025-candidate-responses-GreenParty.cfm?locale=en-CA;https://gpo.ca/2021/06/02/sheena-sharp-nominated-as-green-party-candidate/;https://thelocal.to/ward-15-don-valley-west-by-election-candidates-2024/,council-batch-2-evidence-review
can_c61395c226345829b86dbaa93a6fd232,per_721b6ca604d959d9b35a71f217fa74e8,confirmed,high,Official results show the same candidate in the same toronto_district_school_board trustee district (Ward 20) as the confirmed 2003 occurrence; party/affiliation continuity is consistent and no same-event/name collision was found.,https://ckan0.cf.opendata.inter.prod-toronto.ca/dataset/96d35404-44d9-49d8-95bb-fb1e5489240d/resource/3fb1227c-a279-4523-a1aa-f00190ba717f/download/2006-results.zip;https://ckan0.cf.opendata.inter.prod-toronto.ca/dataset/96d35404-44d9-49d8-95bb-fb1e5489240d/resource/1ed53c9d-a316-465e-96ce-e72be74f8aa9/download/2003-results.zip,independent-adjudication-bucket-1
can_c63b08ad60725facad58687d5c8fb6ba,per_3193666c7673506cb88380a3ac65cd05,unresolved,low,"Official result occurrence is recorded, but no qualifying same-body/office bridge with matching displayed district and party/affiliation was found; exact name alone is insufficient. No same-event/name collision found.",https://results.elections.on.ca/en/publications,independent-adjudication-bucket-0
can_c6bb13fab8265e329357447b8dc59a39,per_ff9fa36b283b5ad6a7f8c91036b8a989,unresolved,low,"The proposed occurrence is supported by an official results record, but the target's confirmed history is in a different body/office context; exact name alone is insufficient for this identity bridge.",https://ckan0.cf.opendata.inter.prod-toronto.ca/dataset/elections-official-results,independent-adjudication-bucket-1
can_c7894d9fe2255afab8a48067dc62f5de,per_02818d8eb4cc5bbd80aeb1f3587f7dcc,unresolved,low,"The proposed occurrence is supported by an official results record, but the target's confirmed history is in a different body/office context; exact name alone is insufficient for this identity bridge.",https://ckan0.cf.opendata.inter.prod-toronto.ca/dataset/96d35404-44d9-49d8-95bb-fb1e5489240d/resource/3ad371de-7c51-45d3-9ea4-0b4efac5fc2b/download/2022-results.zip,independent-adjudication-bucket-1
can_c7b4f9b009805b09b2b6c824a6f6346e,per_07e60867724b57d19bf464457d3fde05,unresolved,medium,"The target has a same-body/same-office result with the same name, but the district differs from this occurrence; results alone cannot establish identity across a changed district, so the proposal is held.",https://www.elections.ca/res/rep/off/ovr_2020/52/data_donnees/pollresults_resultatsbureau35108.csv,independent-adjudication-bucket-1
can_c81bde5a07375e619a031b2dda032829,per_1f8c7e0c542c5b0594ffd20412708283,unresolved,low,"Official result occurrence is recorded, but no qualifying same-body/office bridge with matching displayed district and party/affiliation was found; exact name alone is insufficient. No same-event/name collision found.",https://www.toronto.ca/city-government/elections/,independent-adjudication-bucket-0
can_c81d22bb460a566c9a44b14b0b5d47d8,per_b705ffb5006454dcac11cc5405a67875,confirmed,high,"Official result continuity: same body/office, displayed district “York South—Weston”, and party/affiliation match a confirmed candidacy; no same-event/name collision found.",https://results.elections.on.ca/en/publications,independent-adjudication-bucket-0
can_c85887ef6d0f5e40bc8fcfef9a65280e,per_58feca12b1ea514eafc98a61f32bfc18,unresolved,low,"Official result occurrence is recorded, but no qualifying same-body/office bridge with matching displayed district and party/affiliation was found; exact name alone is insufficient. No same-event/name collision found.",https://www.tcdsb.org/,independent-adjudication-bucket-0
can_c88b1d93cbce5bd6906fd7dd7f632ad7,per_b4034890fddb5f3cb537d01ca9882106,unresolved,low,"The proposed occurrence is supported by an official results record, but the target's confirmed history is in a different body/office context; exact name alone is insufficient for this identity bridge.",https://results.elections.on.ca/api/report-groups/4/report-outputs/510/csv;https://results.elections.on.ca/api/report-groups/4/report-outputs/503/csv;https://results.elections.on.ca/api/report-groups/4/report-outputs/508/csv,independent-adjudication-bucket-1
can_c8a0f2b2f543564787cfb0ef7216f0af,per_110bd447cea55b71beaea3961500d46b,unresolved,low,"Official result occurrence is recorded, but no qualifying same-body/office bridge with matching displayed district and party/affiliation was found; exact name alone is insufficient. No same-event/name collision found.",https://www.tdsb.on.ca/,independent-adjudication-bucket-0
can_c903b18338e5575c93f17b292fba918a,per_49df4ac999ee5622807c0776d2811835,unresolved,low,"Official result occurrence is recorded, but no qualifying same-body/office bridge with matching displayed district and party/affiliation was found; exact name alone is insufficient. No same-event/name collision found.",https://results.elections.on.ca/en/publications,independent-adjudication-bucket-0
can_c93fc9d19d9e58909e3e5ca40657afdb,per_8a35efdc77dc5dc491f5eeee6bb72628,unresolved,low,"Official result occurrence is recorded, but no qualifying same-body/office bridge with matching displayed district and party/affiliation was found; exact name alone is insufficient. No same-event/name collision found.",https://www.elections.ca/content.aspx?section=res&dir=rep/off/,independent-adjudication-bucket-2
can_c96b27283e965320bf7aca414d3051ed,per_4b8dce6720bb5d4895bd7e04a2c44a57,unresolved,medium,"The target has a same-body/same-office result with the same name, but the district differs from this occurrence; results alone cannot establish identity across a changed district, so the proposal is held.",https://ckan0.cf.opendata.inter.prod-toronto.ca/dataset/elections-official-results,independent-adjudication-bucket-1
can_c9e0b7de32d05e439a02b98c2f35b0ae,per_7a6c09e82feb52cdbcd1fa757f7c708d,unresolved,low,"Official result occurrence is recorded, but no qualifying same-body/office bridge with matching displayed district and party/affiliation was found; exact name alone is insufficient. No same-event/name collision found.",https://www.toronto.ca/city-government/elections/,independent-adjudication-bucket-2
can_ca3e631a967e5d33bd6ef34f364a9474,per_0a7d82034a4554c2a6f261128a359a69,unresolved,low,"The proposed occurrence is supported by an official results record, but the target's confirmed history is in a different body/office context; exact name alone is insufficient for this identity bridge.",https://results.elections.on.ca/api/report-groups/45/report-outputs/1050/csv;https://results.elections.on.ca/api/report-groups/45/report-outputs/1043/csv;https://results.elections.on.ca/api/report-groups/45/report-outputs/1048/csv,independent-adjudication-bucket-1
can_ca44593fd53152df8081bcfb468e9bfb,per_1edd1e3c4ca2572ea491719d939021c5,confirmed,high,"Official result continuity: same body/office, displayed district “Davenport”, and party/affiliation match a confirmed candidacy; no same-event/name collision found.",https://results.elections.on.ca/en/publications,independent-adjudication-bucket-0
can_ca8e557c288c5659952783442a6ae5cf,per_dcf81aa9f2785dfe91089150ec4ccddc,unresolved,low,"Official result occurrence is recorded, but no qualifying same-body/office bridge with matching displayed district and party/affiliation was found; exact name alone is insufficient. No same-event/name collision found.",https://www.tdsb.on.ca/,independent-adjudication-bucket-2
can_caa39a6809d959aaa05bbe73cb1c7983,per_ef8c7d5062555316a257bf3789dc3864,unresolved,medium,"The target has a same-body/same-office result with the same name, but the district differs from this occurrence; results alone cannot establish identity across a changed district, so the proposal is held.",https://www.elections.ca/scripts/OVR2008/31/data/pollresults_resultatsbureau35.zip,independent-adjudication-bucket-1
can_caa4c8e8903d5dbca64b7a42377aa9db,per_c767f377b9e756249701c2d84f312634,unresolved,low,"Official result occurrence is recorded, but no qualifying same-body/office bridge with matching displayed district and party/affiliation was found; exact name alone is insufficient. No same-event/name collision found.",https://www.toronto.ca/city-government/elections/,independent-adjudication-bucket-0
can_cae0050a26be533590995ca57fc8e357,per_3fea64ed866c55b6b8234676b37f4ee3,unresolved,low,"Official result occurrence is recorded, but no qualifying same-body/office bridge with matching displayed district and party/affiliation was found; exact name alone is insufficient. No same-event/name collision found.",https://www.tdsb.on.ca/,independent-adjudication-bucket-0
can_cb071a76059b5044ac3d4928e85ea13c,per_03fd17e37b345d29b1f27311a7c9d14b,unresolved,medium,"The target has a same-body/same-office result with the same name, but the district differs from this occurrence; results alone cannot establish identity across a changed district, so the proposal is held.",https://www.elections.ca/res/rep/off/ovr_2013b2/csv/35093_e.csv;https://www.elections.ca/Scripts/VIS/HistoricalResults/35093_e.html,independent-adjudication-bucket-1
can_cb1965935fbb5c708a8c28e8f138282f,per_16a4d886ecfe59668937ad0291a82e3d,confirmed,high,"A fact-checked candidate history explicitly identifies the 2024 candidate as having run in the 2021 and 2014 council elections, bridging both occurrences to the existing Person.",https://thelocal.to/ward-15-don-valley-west-by-election-candidates-2024/,council-batch-2-evidence-review
can_cbd3c30d3288579883d2afd188d975e7,per_adfe5092c7875038b2a2a47101b7023c,unresolved,low,"Official result occurrence is recorded, but no qualifying same-body/office bridge with matching displayed district and party/affiliation was found; exact name alone is insufficient. No same-event/name collision found.",https://www.elections.ca/content.aspx?section=res&dir=rep/off/,independent-adjudication-bucket-2
can_cc67ac42c6275c4f9fbf48ab7f2ae677,per_094ad060da2654dfa39a6a04fdfab959,unresolved,low,"Official result occurrence is recorded, but no qualifying same-body/office bridge with matching displayed district and party/affiliation was found; exact name alone is insufficient. No same-event/name collision found.",https://www.elections.ca/content.aspx?section=res&dir=rep/off/,independent-adjudication-bucket-0
can_cc7dfd8b06db51e592901dc4b159ca78,per_9f569a842c9e527b88cda3fc73dbfacb,confirmed,high,A contemporaneous first-party newsletter explicitly identifies Norm Di Pasquale as both the outgoing Catholic trustee and the University-Rosedale council candidate; an official City filing corroborates the trustee identity.,https://www.kristynwongtam.ca/newsletter_october_7_2022;https://www.toronto.ca/legdocs/mmis/2022/cc/comm/communicationfile-152340.pdf,consequential-council-evidence-review
can_cca9b062098f5aeba6b409c9b456b258,per_aabf2d56e3235c99abd6bc49d11bef74,unresolved,medium,"The target has a same-body/same-office result with the same name, but the district differs from this occurrence; results alone cannot establish identity across a changed district, so the proposal is held.",https://results.elections.on.ca/api/report-groups/3/report-outputs/499/csv;https://results.elections.on.ca/api/report-groups/3/report-outputs/492/csv;https://results.elections.on.ca/api/report-groups/3/report-outputs/497/csv,independent-adjudication-bucket-1
can_ccdc24b06c7f5a78a4795c6f379da8b5,per_982a63e06b42518892b172d5fad100f4,unresolved,low,"Official result occurrence is recorded, but no qualifying same-body/office bridge with matching displayed district and party/affiliation was found; exact name alone is insufficient. No same-event/name collision found.",https://www.toronto.ca/city-government/elections/,independent-adjudication-bucket-2
can_cd232c376b895dc39829cbba2e4ec20e,per_f640a887a07d5dfe9a787bb0318a45ef,unresolved,low,"Official result occurrence is recorded, but no qualifying same-body/office bridge with matching displayed district and party/affiliation was found; exact name alone is insufficient. No same-event/name collision found.",https://www.toronto.ca/city-government/elections/,independent-adjudication-bucket-2
can_cd24b1b0a226537e8e6a4cc6ad03981a,per_c0c43548a338562c880104909ca3de6c,unresolved,low,"Official result occurrence is recorded, but no qualifying same-body/office bridge with matching displayed district and party/affiliation was found; exact name alone is insufficient. No same-event/name collision found.",https://www.toronto.ca/city-government/elections/,independent-adjudication-bucket-2
can_cd3ce12fdc9a55eda9e43da8c9fb9c26,per_87a2109e0fba5f06926cbd29b3e47f62,unresolved,low,"Official result occurrence is recorded, but no qualifying same-body/office bridge with matching displayed district and party/affiliation was found; exact name alone is insufficient. No same-event/name collision found.",https://www.toronto.ca/city-government/elections/,independent-adjudication-bucket-2
can_cd415ca36a5a5b3e979b763f9403ef81,per_88e2fc04e7c859c3a729f29683bb15dc,unresolved,low,"Official result occurrence is recorded, but no qualifying same-body/office bridge with matching displayed district and party/affiliation was found; exact name alone is insufficient. No same-event/name collision found.",https://www.elections.ca/content.aspx?section=res&dir=rep/off/,independent-adjudication-bucket-2
can_cd970a3b3c0e5ee881be85d7a62aa280,per_6ae741fa1fc65281a8b7aea106352cb1,unresolved,low,"Official result occurrence is recorded, but no qualifying same-body/office bridge with matching displayed district and party/affiliation was found; exact name alone is insufficient. No same-event/name collision found.",https://www.elections.ca/content.aspx?section=res&dir=rep/off/,independent-adjudication-bucket-2
can_cdde72f0068456ac965f1fe2ad01d2c9,per_c1257798628456888a7db958bce5ef85,unresolved,low,"Official result occurrence is recorded, but no qualifying same-body/office bridge with matching displayed district and party/affiliation was found; exact name alone is insufficient. No same-event/name collision found.",https://www.toronto.ca/city-government/elections/,independent-adjudication-bucket-0
can_cde8d0d89b3f5a58927f60085f219dfa,per_4cdca864f8055243963b86909ed39038,unresolved,low,"Official result occurrence is recorded, but no qualifying same-body/office bridge with matching displayed district and party/affiliation was found; exact name alone is insufficient. No same-event/name collision found.",https://results.elections.on.ca/en/publications,independent-adjudication-bucket-2
can_ce0b54653bba56c3b468deb74ae65967,per_546a50310fbe5401a126a3864d97fbb3,unresolved,low,"Official result occurrence is recorded, but no qualifying same-body/office bridge with matching displayed district and party/affiliation was found; exact name alone is insufficient. No same-event/name collision found.",https://results.elections.on.ca/en/publications,independent-adjudication-bucket-0
can_ce134c1d404e52f4bb9c9792b42c9b6d,per_dcf81aa9f2785dfe91089150ec4ccddc,unresolved,low,"Official result occurrence is recorded, but no qualifying same-body/office bridge with matching displayed district and party/affiliation was found; exact name alone is insufficient. No same-event/name collision found.",https://www.tdsb.on.ca/,independent-adjudication-bucket-2
can_ce90e0dc9b915bbe8199ba86f04a41cc,per_aa4781aa9aa0509983b1a82511ccfec4,unresolved,low,"The proposed occurrence is supported by an official results record, but the target's confirmed history is in a different body/office context; exact name alone is insufficient for this identity bridge.",https://results.elections.on.ca/api/report-groups/2/report-outputs/488/csv;https://results.elections.on.ca/api/report-groups/2/report-outputs/481/csv;https://results.elections.on.ca/api/report-groups/2/report-outputs/486/csv,independent-adjudication-bucket-1
can_cea562f94b6956e29cc2324d85456ce6,per_a84360b0844253e7b2059630ebcf1ad8,confirmed,high,Official results show the same candidate in the same toronto_district_school_board trustee district (Ward 10) as the confirmed 2010 occurrence; party/affiliation continuity is consistent and no same-event/name collision was found.,https://ckan0.cf.opendata.inter.prod-toronto.ca/dataset/96d35404-44d9-49d8-95bb-fb1e5489240d/resource/d59b5a52-33c3-4380-a136-82707e4d9aae/download/2014-results.zip;https://ckan0.cf.opendata.inter.prod-toronto.ca/dataset/96d35404-44d9-49d8-95bb-fb1e5489240d/resource/6fbfaab0-bb84-442a-8e4b-1c14d4c10d6d/download/2010-results.zip,independent-adjudication-bucket-1
can_cec26f6334515f55b824eedccb8235d9,per_7a6c09e82feb52cdbcd1fa757f7c708d,unresolved,low,"Official result occurrence is recorded, but no qualifying same-body/office bridge with matching displayed district and party/affiliation was found; exact name alone is insufficient. No same-event/name collision found.",https://www.toronto.ca/city-government/elections/,independent-adjudication-bucket-2
can_cf55571663595c1eaaf29a7568b75415,per_263457d453075bc8be51b9539e29ad57,unresolved,low,"The proposed occurrence is supported by an official results record, but the target's confirmed history is in a different body/office context; exact name alone is insufficient for this identity bridge.",https://ckan0.cf.opendata.inter.prod-toronto.ca/dataset/96d35404-44d9-49d8-95bb-fb1e5489240d/resource/3ad371de-7c51-45d3-9ea4-0b4efac5fc2b/download/2022-results.zip,independent-adjudication-bucket-1
can_cf84ac9b47ec598a949bb55f0299b324,per_8764898413ab5d6c9b6a6c9c4fd950b2,unresolved,low,"Official result occurrence is recorded, but no qualifying same-body/office bridge with matching displayed district and party/affiliation was found; exact name alone is insufficient. No same-event/name collision found.",https://results.elections.on.ca/en/publications,independent-adjudication-bucket-0
can_cfa10c3b75265b45a6c4fee803102522,per_837198af1a5d5c99b41f8a0279577da0,unresolved,low,"Official result occurrence is recorded, but no qualifying same-body/office bridge with matching displayed district and party/affiliation was found; exact name alone is insufficient. No same-event/name collision found.",https://results.elections.on.ca/en/publications,independent-adjudication-bucket-0
can_cfe24a5418e15a15a353e9ed1e8b5561,per_aabf2d56e3235c99abd6bc49d11bef74,unresolved,low,"The proposed occurrence is supported by an official results record, but the target's confirmed history is in a different body/office context; exact name alone is insufficient for this identity bridge.",https://ckan0.cf.opendata.inter.prod-toronto.ca/dataset/elections-official-results,independent-adjudication-bucket-1
can_d02e5248291857bfad76f443e338f667,per_37e40965fa195e46a7a6d08ab5868a87,unresolved,medium,"The target has a same-body/same-office result with the same name, but the district differs from this occurrence; results alone cannot establish identity across a changed district, so the proposal is held.",https://results.elections.on.ca/api/report-groups/1/report-outputs/932/csv;https://results.elections.on.ca/api/report-groups/1/report-outputs/925/csv;https://results.elections.on.ca/api/report-groups/1/report-outputs/930/csv,independent-adjudication-bucket-1
can_d03ade5d6f1453f09b54e82f39c21723,per_4f37b2f5fa8b5a78adaeab69c05cab5f,unresolved,low,"Official result occurrence is recorded, but no qualifying same-body/office bridge with matching displayed district and party/affiliation was found; exact name alone is insufficient. No same-event/name collision found.",https://www.toronto.ca/city-government/elections/,independent-adjudication-bucket-0
can_d03f2812e2f258b9930655518775e70a,per_b546cf74381a5f76aa4ba03699b19a3b,unresolved,medium,"The target has a same-body/same-office result with the same name, but the district differs from this occurrence; results alone cannot establish identity across a changed district, so the proposal is held.",https://ckan0.cf.opendata.inter.prod-toronto.ca/dataset/elections-official-results,independent-adjudication-bucket-1
can_d074d6ed5ffe5c9a9e8b97e60c65806b,per_3f095562f28f555ea613e1e63d7436af,unresolved,low,"Official result occurrence is recorded, but no qualifying same-body/office bridge with matching displayed district and party/affiliation was found; exact name alone is insufficient. No same-event/name collision found.",https://www.tdsb.on.ca/,independent-adjudication-bucket-2
can_d0b1cdfb35165fb0acbf31c7cd5ae8c2,per_194efd592b915c2ca63859d3ebbef5e0,confirmed,high,The archived candidate-authored 2022 Ward 1 campaign explicitly says Avtar Minhas had been elected TDSB Ward 1 trustee and was now running for councillor in Ward 1; official City and TDSB records corroborate both occurrences.,https://web.archive.org/web/20220823012849id_/http://voteminhas.ca/;https://web.archive.org/web/20220823012913id_/http://voteminhas.ca/static/js/main.42ee0824.js;https://www.tdsb.on.ca/Portals/0/AboutUs/Director/AnnualReport2016FINAL.pdf;https://www.toronto.ca/wp-content/uploads/2022/10/9085-FinalDeclaration-of-Results-for-the-2022-Toronto-Municipal-Election.pdf,consequential-council-hold-followup
can_d13a0869b0075217869233373f77fb51,per_16a4d886ecfe59668937ad0291a82e3d,confirmed,high,"A fact-checked candidate history explicitly identifies the 2024 candidate as having run in the 2021 and 2014 council elections, bridging both occurrences to the existing Person.",https://thelocal.to/ward-15-don-valley-west-by-election-candidates-2024/,council-batch-2-evidence-review
can_d16b4234553555b39e5554d9a9bbc50e,per_9a076c70a0b756579d17fc8634bfba73,unresolved,low,"Official result occurrence is recorded, but no qualifying same-body/office bridge with matching displayed district and party/affiliation was found; exact name alone is insufficient. No same-event/name collision found.",https://www.elections.ca/content.aspx?section=res&dir=rep/off/,independent-adjudication-bucket-0
can_d16ec7ae123b5ddd93726e119be6e0a2,per_9a0d84374b165724a2e8e92bdf92bfa5,confirmed,high,Independent profiles identify the same Toronto climate and housing advocate across the 2019 federal and 2022 council candidacies; no contradictory occurrence was found.,https://harthouse.ca/profile/diana-yoon;https://www.metradio.ca/news/toronto-votes-2022-climate-justice-activist-diana-yoon-enters-the-ward-11-race/,council-batch-2-evidence-review
can_d17c70f7479d55bea0c01bd36c810ab6,per_df061311972e51afa824f3ca403b7ce7,unresolved,low,"The proposed occurrence is supported by an official results record, but the target's confirmed history is in a different body/office context; exact name alone is insufficient for this identity bridge.",https://results.elections.on.ca/api/report-groups/1/report-outputs/932/csv;https://results.elections.on.ca/api/report-groups/1/report-outputs/925/csv;https://results.elections.on.ca/api/report-groups/1/report-outputs/930/csv,independent-adjudication-bucket-1
can_d1ccb0701c9d5209b6df776f30fbd1c2,per_4152e45f85bd593eba76dec685675e70,unresolved,low,"Official result occurrence is recorded, but no qualifying same-body/office bridge with matching displayed district and party/affiliation was found; exact name alone is insufficient. No same-event/name collision found.",https://www.elections.ca/content.aspx?section=res&dir=rep/off/,independent-adjudication-bucket-0
can_d232c6f556225179a969e9dc938a7588,per_b2a48c590b585508b905930c9465ff2c,unresolved,medium,"The target has a same-body/same-office result with the same name, but the district differs from this occurrence; results alone cannot establish identity across a changed district, so the proposal is held.",https://ckan0.cf.opendata.inter.prod-toronto.ca/dataset/96d35404-44d9-49d8-95bb-fb1e5489240d/resource/2fcd5f20-90f5-4dd0-88eb-22e978b9bf89/download/2018-results.zip,independent-adjudication-bucket-1
can_d3315731bfab5ef9a216e978fa609d95,per_887b8e6940ba560eb483a93dcb49848f,unresolved,low,"The proposed occurrence is supported by an official results record, but the target's confirmed history is in a different body/office context; exact name alone is insufficient for this identity bridge.",https://www.elections.ca/res/rep/off/ovrGE45/62/data_donnees/pollresults_resultatsbureau35.zip,independent-adjudication-bucket-1
can_d391a62453fe5475b322529a0bfdd897,per_56f12a90f5605d99a70de072b09452a5,unresolved,low,"The proposed occurrence is supported by an official results record, but the target's confirmed history is in a different body/office context; exact name alone is insufficient for this identity bridge.",https://ckan0.cf.opendata.inter.prod-toronto.ca/dataset/elections-official-results,independent-adjudication-bucket-1
can_d3b3653ed93d5319959b2ecdbf1fa12d,per_7c2010326383532baee13f9622637d64,unresolved,low,"Official result occurrence is recorded, but no qualifying same-body/office bridge with matching displayed district and party/affiliation was found; exact name alone is insufficient. No same-event/name collision found.",https://www.tdsb.on.ca/,independent-adjudication-bucket-2
can_d405f499e16f570caef3fee37fe3d9a2,per_863eb5c104cc5b98a3f45dc31df9ee4d,unresolved,low,"Official result occurrence is recorded, but no qualifying same-body/office bridge with matching displayed district and party/affiliation was found; exact name alone is insufficient. No same-event/name collision found.",https://www.toronto.ca/city-government/elections/,independent-adjudication-bucket-2
can_d41539060fd157738237acb580ba707e,per_0a7d82034a4554c2a6f261128a359a69,unresolved,low,"The proposed occurrence is supported by an official results record, but the target's confirmed history is in a different body/office context; exact name alone is insufficient for this identity bridge.",https://results.elections.on.ca/api/report-groups/1/report-outputs/932/csv;https://results.elections.on.ca/api/report-groups/1/report-outputs/925/csv;https://results.elections.on.ca/api/report-groups/1/report-outputs/930/csv,independent-adjudication-bucket-1
can_d4e7a518d48a5b049077ac3672bba028,per_64b4963bd07c52f68aa4ed27565d2e10,unresolved,low,"Official result occurrence is recorded, but no qualifying same-body/office bridge with matching displayed district and party/affiliation was found; exact name alone is insufficient. No same-event/name collision found.",https://www.elections.ca/content.aspx?section=res&dir=rep/off/,independent-adjudication-bucket-0
can_d4e88c9acbaf513a861810ccbc261452,per_14a29a2efa8e57048204d34d9d155246,confirmed,high,"Official result continuity: same body/office, displayed district “Ward 27”, and party/affiliation “non_partisan” match a confirmed candidacy; no same-event/name collision found.",https://www.toronto.ca/city-government/elections/,independent-adjudication-bucket-2
can_d56b46a0f0bc5bf0848e8f35823e0c43,per_19ca08877f18567d9fc4883908e87ea3,unresolved,low,"Official result occurrence is recorded, but no qualifying same-body/office bridge with matching displayed district and party/affiliation was found; exact name alone is insufficient. No same-event/name collision found.",https://results.elections.on.ca/en/publications,independent-adjudication-bucket-2
can_d57122605bca5c989b552379989e9d2e,per_c17ac379fa5b5304b1c8f6bc309e646c,unresolved,low,"Official result occurrence is recorded, but no qualifying same-body/office bridge with matching displayed district and party/affiliation was found; exact name alone is insufficient. No same-event/name collision found.",https://results.elections.on.ca/en/publications,independent-adjudication-bucket-0
can_d5ae143d77d3549ea7177c508dcde5a4,per_b164704c5e2553369da45403e2f7329a,unresolved,low,"Official result occurrence is recorded, but no qualifying same-body/office bridge with matching displayed district and party/affiliation was found; exact name alone is insufficient. No same-event/name collision found.",https://www.toronto.ca/city-government/elections/,independent-adjudication-bucket-2
can_d61ecb46f8f45feda51476da5f4af62b,per_353b9c4a63ac57ab9ee85eb011797754,confirmed,high,"A fact-checked 2025 profile explicitly identifies the council candidate as the TDSB trustee elected in 2018 and 2022, bridging the offices to the existing Person.",https://thelocal.to/srp2025/;https://www.tdsb.on.ca/ward19/Ward-19/Trustee-Bio,council-batch-2-evidence-review
can_d6280027016152b8ace0f86f82e6fd54,per_0f11d910d3f55cebbda5fbbedf72a2b9,unresolved,low,"Official result occurrence is recorded, but no qualifying same-body/office bridge with matching displayed district and party/affiliation was found; exact name alone is insufficient. No same-event/name collision found.",https://www.elections.ca/content.aspx?section=res&dir=rep/off/,independent-adjudication-bucket-2
can_d65c641ae818567d8623f158dccfd28d,per_d01f90666b6f5ca8b9b5505e19248b8e,unresolved,low,"Official result occurrence is recorded, but no qualifying same-body/office bridge with matching displayed district and party/affiliation was found; exact name alone is insufficient. No same-event/name collision found.",https://www.toronto.ca/city-government/elections/,independent-adjudication-bucket-2
can_d664b706c5f25ca680035900fdbbcfda,per_5ffe16692f0459339c5bef88242a57f7,unresolved,low,"Official result occurrence is recorded, but no qualifying same-body/office bridge with matching displayed district and party/affiliation was found; exact name alone is insufficient. No same-event/name collision found.",https://www.elections.ca/content.aspx?section=res&dir=rep/off/,independent-adjudication-bucket-2
can_d698ce0f57b65f72921bac8a1d9c6fdc,per_07a340cf447c52f08c347da7d94138c6,unresolved,low,"The target has confirmed activity in the same represented body, but not a matching office/district occurrence; exact name is insufficient across offices, so the proposal is held.",https://ckan0.cf.opendata.inter.prod-toronto.ca/dataset/elections-official-results,independent-adjudication-bucket-1
can_d6e5c8d3b7f251a1a94a5c40c6b4387e,per_2a40024702fe5eff894a5f894cec0f0d,unresolved,low,"Official result occurrence is recorded, but no qualifying same-body/office bridge with matching displayed district and party/affiliation was found; exact name alone is insufficient. No same-event/name collision found.",https://www.toronto.ca/city-government/elections/,independent-adjudication-bucket-0
can_d7256b27d40a5ad2aad5e944e2822579,per_78173448185a5e75812ab32b3ef02105,unresolved,low,"The proposed occurrence is supported by an official results record, but the target's confirmed history is in a different body/office context; exact name alone is insufficient for this identity bridge.",https://ckan0.cf.opendata.inter.prod-toronto.ca/dataset/elections-official-results,independent-adjudication-bucket-1
can_d7c45c2e0aae56e294d42fd8bc7fedfb,per_d164ffb1233559b8ae457bea05732b18,unresolved,medium,"The target has a same-body/same-office result with the same name, but the district differs from this occurrence; results alone cannot establish identity across a changed district, so the proposal is held.",https://ckan0.cf.opendata.inter.prod-toronto.ca/dataset/elections-official-results,independent-adjudication-bucket-1
can_d84c451b415957bc903d3e4578cf2ed1,per_bb103db2ceb35442b26bc2f22acb1f09,unresolved,medium,"The target has a same-body/same-office result with the same name, but the district differs from this occurrence; results alone cannot establish identity across a changed district, so the proposal is held.",https://ckan0.cf.opendata.inter.prod-toronto.ca/dataset/96d35404-44d9-49d8-95bb-fb1e5489240d/resource/2fcd5f20-90f5-4dd0-88eb-22e978b9bf89/download/2018-results.zip,independent-adjudication-bucket-1
can_d86ea455c0e5527ab23644cb0dd36f24,per_a8eda8bb74c051059639ec3217b4512b,unresolved,low,"Official result occurrence is recorded, but no qualifying same-body/office bridge with matching displayed district and party/affiliation was found; exact name alone is insufficient. No same-event/name collision found.",https://www.toronto.ca/city-government/elections/,independent-adjudication-bucket-2
can_d8943b3481da58868133f15fe8372084,per_49e3f7aa70e75f86af7426909f02bd74,confirmed,high,"Official result continuity: same body/office, displayed district “Ward 1”, and party/affiliation “non_partisan” match a confirmed candidacy; no same-event/name collision found.",https://www.tcdsb.org/,independent-adjudication-bucket-2
can_d8dfec9658c85b828e22d9f7f47dc7c7,per_abd1b24156dc5a6fb667305c163eece7,unresolved,low,"Official result occurrence is recorded, but no qualifying same-body/office bridge with matching displayed district and party/affiliation was found; exact name alone is insufficient. No same-event/name collision found.",https://www.elections.ca/content.aspx?section=res&dir=rep/off/,independent-adjudication-bucket-0
can_d8fd23b509175a1080507d3ad0c821ef,per_1857a6857e5f556ab0c0424377838d56,confirmed,high,"A fact-checked 2023 profile explicitly identifies the candidates 2022 Ward 20 and 2010 council runs, directly bridging both occurrences to the existing Person.",https://thelocal.to/scarborough-southwest-by-election-candidates-2023-city-council/,council-batch-2-evidence-review
can_d921a3a4522d533c849480224b4282b6,per_8844f4adca6c5299b7ff9bb6a0da5b6c,confirmed,high,Official results show the same candidate in the same toronto_city_council councillor district (Ward 40) as the confirmed 2003 occurrence; party/affiliation continuity is consistent and no same-event/name collision was found.,https://ckan0.cf.opendata.inter.prod-toronto.ca/dataset/elections-official-results,independent-adjudication-bucket-1
can_d92e148ea42052188f9cc9925d4c9229,per_8b91784ec83b5994bdab09397d2ae753,confirmed,high,Official results show the same candidate in the same toronto_district_school_board trustee district (Ward 17) as the confirmed 2012 occurrence; party/affiliation continuity is consistent and no same-event/name collision was found.,https://ckan0.cf.opendata.inter.prod-toronto.ca/dataset/96d35404-44d9-49d8-95bb-fb1e5489240d/resource/d59b5a52-33c3-4380-a136-82707e4d9aae/download/2014-results.zip;https://ckan0.cf.opendata.inter.prod-toronto.ca/dataset/97d72233-8681-4b3d-828e-4929d40d122c/resource/79f831c8-48ec-45f2-a65e-3b514f877a93/download/2012-tdsb-wards-17-20.xls,independent-adjudication-bucket-1
can_d95e97b802835071a5747111e3a175a1,per_982a63e06b42518892b172d5fad100f4,unresolved,low,"Official result occurrence is recorded, but no qualifying same-body/office bridge with matching displayed district and party/affiliation was found; exact name alone is insufficient. No same-event/name collision found.",https://results.elections.on.ca/en/publications,independent-adjudication-bucket-2
can_d9af94e879195e09a64d0d02d483522a,per_61f049be59ed5f9ca664770df7918c57,confirmed,high,"Official result continuity: same body/office, displayed district “Ward 1”, and party/affiliation “non_partisan” match a confirmed candidacy; no same-event/name collision found.",https://www.tdsb.on.ca/,independent-adjudication-bucket-2
can_da0b9b406bb4561996957b73cb4c51f4,per_aa7e1fc3732f5f7ca827abe93a68e2e8,unresolved,medium,"The target has a same-body/same-office result with the same name, but the district differs from this occurrence; results alone cannot establish identity across a changed district, so the proposal is held.",https://ckan0.cf.opendata.inter.prod-toronto.ca/dataset/elections-official-results,independent-adjudication-bucket-1
can_da5549a2122b53e5a322c3a8b48761c2,per_35aa0facc1595a859fd2e13b969ad839,unresolved,low,"Official result occurrence is recorded, but no qualifying same-body/office bridge with matching displayed district and party/affiliation was found; exact name alone is insufficient. No same-event/name collision found.",https://results.elections.on.ca/en/publications,independent-adjudication-bucket-0
can_da761a96083a5ad69719cca4c9e021e1,per_6d85718c7b02539787b5514eaed008e7,unresolved,low,"Official result occurrence is recorded, but no qualifying same-body/office bridge with matching displayed district and party/affiliation was found; exact name alone is insufficient. No same-event/name collision found.",https://csviamonde.ca/,independent-adjudication-bucket-2
can_da8f68dfde7a539f902de261e1d83e3d,per_07a340cf447c52f08c347da7d94138c6,confirmed,high,Official results show the same candidate in the same toronto_city_council councillor district (Ward 35) as the confirmed 2006 occurrence; party/affiliation continuity is consistent and no same-event/name collision was found.,https://ckan0.cf.opendata.inter.prod-toronto.ca/dataset/elections-official-results,independent-adjudication-bucket-1
can_dba531b70d045fada627be71b0486148,per_d6acb15f737053038b9f0ea1e0dbc691,unresolved,medium,"The target has a same-body/same-office result with the same name, but the district differs from this occurrence; results alone cannot establish identity across a changed district, so the proposal is held.",https://results.elections.on.ca/api/report-groups/4/report-outputs/510/csv;https://results.elections.on.ca/api/report-groups/4/report-outputs/503/csv;https://results.elections.on.ca/api/report-groups/4/report-outputs/508/csv,independent-adjudication-bucket-1
can_dc2c11bb8e7450fdbad38b6b3b7da7bb,per_36f6ac9eac7850daaaec301268dc3a59,unresolved,low,"Official result occurrence is recorded, but no qualifying same-body/office bridge with matching displayed district and party/affiliation was found; exact name alone is insufficient. No same-event/name collision found.",https://results.elections.on.ca/en/publications,independent-adjudication-bucket-0
can_dc2fa350f57b512f80713cebd5aee7ef,per_acc2321c531b5bd6bcdb48a3cb850389,unresolved,low,"Official result occurrence is recorded, but no qualifying same-body/office bridge with matching displayed district and party/affiliation was found; exact name alone is insufficient. No same-event/name collision found.",https://www.elections.ca/content.aspx?section=res&dir=rep/off/,independent-adjudication-bucket-2
can_dc625424656753738999ffdd08ead8be,per_795b9021a68f579ab3575133de40a34e,unresolved,low,"Official result occurrence is recorded, but no qualifying same-body/office bridge with matching displayed district and party/affiliation was found; exact name alone is insufficient. No same-event/name collision found.",https://www.toronto.ca/city-government/elections/,independent-adjudication-bucket-0
can_dc7883533061596b87601becd110d175,per_76a2e2c006cb5ac2a65ea843046508d3,unresolved,low,"Official result occurrence is recorded, but no qualifying same-body/office bridge with matching displayed district and party/affiliation was found; exact name alone is insufficient. No same-event/name collision found.",https://www.elections.ca/content.aspx?section=res&dir=rep/off/,independent-adjudication-bucket-0
can_dce08b93c2535df28a89767c01b12df1,per_a058ca36ff575589a3d59793cedba0b6,unresolved,low,"Official result occurrence is recorded, but no qualifying same-body/office bridge with matching displayed district and party/affiliation was found; exact name alone is insufficient. No same-event/name collision found.",https://www.toronto.ca/city-government/elections/,independent-adjudication-bucket-0
can_dcfe9a4846675145871f9087c3a5c005,per_a89824be70535923ae6dbc585cff3fc0,confirmed,high,Candidate profiles explicitly connect the 2022 council candidacy to the 2019 and 2021 federal Green runs and the 2022 provincial Green run; the distinctive biographical continuity also bridges the 2018 council anchor.,https://thelocal.to/ward-13-toronto-centre/;https://www.metradio.ca/news/toronto-votes-2022-2slgbtq-and-disability-rights-community-advocate-nicki-ward-to-run-for-ward-13/;https://gpo.ca/2021/12/17/nicki-ward-nominated-as-ontario-green-candidate-in-toronto-centre/,council-batch-2-evidence-review
can_dd6fe13d4eea5f5699186b2a61c69ebc,per_d422aa968a085f6996f11772e59028f7,confirmed,high,Official results show the same candidate in the same toronto_city_council mayor district (City of Toronto) as the confirmed 2010 occurrence; party/affiliation continuity is consistent and no same-event/name collision was found.,https://ckan0.cf.opendata.inter.prod-toronto.ca/dataset/elections-official-results,independent-adjudication-bucket-1
can_dd8b50a87df65cafac4c4dc05e53a1f9,per_047c29c65048565e8c30a5077bd4679c,confirmed,high,"Official result continuity: same body/office, displayed district “Ward 26”, and party/affiliation “non_partisan” match a confirmed candidacy; no same-event/name collision found.",https://www.toronto.ca/city-government/elections/,independent-adjudication-bucket-2
can_dda2c56f263954b49cb372b5a160749c,per_b1b40ef1cccf5effa7bf20c3c8ca4438,unresolved,low,"Official result occurrence is recorded, but no qualifying same-body/office bridge with matching displayed district and party/affiliation was found; exact name alone is insufficient. No same-event/name collision found.",https://www.toronto.ca/city-government/elections/,independent-adjudication-bucket-2
can_ddaa37d04a1f58229951a79752745e94,per_32814e1dbfe456938caee10e6e88c29c,unresolved,low,"Official result occurrence is recorded, but no qualifying same-body/office bridge with matching displayed district and party/affiliation was found; exact name alone is insufficient. No same-event/name collision found.",https://www.elections.ca/content.aspx?section=res&dir=rep/off/,independent-adjudication-bucket-2
can_de77b52bf27e5157bde47804c5ec4c9a,per_3d92cb8578745ebaa293a5ae42926548,unresolved,low,"Official result occurrence is recorded, but no qualifying same-body/office bridge with matching displayed district and party/affiliation was found; exact name alone is insufficient. No same-event/name collision found.",https://results.elections.on.ca/en/publications,independent-adjudication-bucket-2
can_df04d29b8e6a551e8f955636faba403e,per_02e1241d551453eca03dcc3e2de3c480,unresolved,low,"Official result occurrence is recorded, but no qualifying same-body/office bridge with matching displayed district and party/affiliation was found; exact name alone is insufficient. No same-event/name collision found.",https://www.elections.ca/content.aspx?section=res&dir=rep/off/,independent-adjudication-bucket-2
can_dfeeeef94cce504d8feba5f1392b3b7c,per_08887f506b00589ca8ee14b4606e73c7,unresolved,low,"Official result occurrence is recorded, but no qualifying same-body/office bridge with matching displayed district and party/affiliation was found; exact name alone is insufficient. No same-event/name collision found.",https://www.toronto.ca/city-government/elections/,independent-adjudication-bucket-2
can_e1b864c3643b5780824b9769e9447f40,per_dcf81aa9f2785dfe91089150ec4ccddc,unresolved,low,"Official result occurrence is recorded, but no qualifying same-body/office bridge with matching displayed district and party/affiliation was found; exact name alone is insufficient. No same-event/name collision found.",https://www.tdsb.on.ca/,independent-adjudication-bucket-2
can_e2718ecb61c55827a3752545cf65f378,per_f15ce6590bcb5250ae4aedeaaccb3431,unresolved,low,"The proposed occurrence is supported by an official results record, but the target's confirmed history is in a different body/office context; exact name alone is insufficient for this identity bridge.",https://www.elections.ca/res/rep/off/ovr2015app/41/data_donnees/pollresults_resultatsbureau35.zip,independent-adjudication-bucket-1
can_e30a7b667d12560b97fa2ae39cd3b6d4,per_aa4781aa9aa0509983b1a82511ccfec4,unresolved,medium,"The target has a same-body/same-office result with the same name, but the district differs from this occurrence; results alone cannot establish identity across a changed district, so the proposal is held.",https://ckan0.cf.opendata.inter.prod-toronto.ca/dataset/elections-official-results,independent-adjudication-bucket-1
can_e31993498da85c25958f3603a5ec9f1f,per_1fce2afa18775d5c864172aaf0a321a9,unresolved,low,"Official result occurrence is recorded, but no qualifying same-body/office bridge with matching displayed district and party/affiliation was found; exact name alone is insufficient. No same-event/name collision found.",https://www.tdsb.on.ca/,independent-adjudication-bucket-0
can_e38db6b6d40d558ba0e19e0196106f69,per_afc1279f074d5e39b30769e3dcbe0fd8,confirmed,high,"Official result continuity: same body/office, displayed district “City of Toronto”, and party/affiliation “non_partisan” match a confirmed candidacy; no same-event/name collision found.",https://www.toronto.ca/city-government/elections/,independent-adjudication-bucket-2
can_e4e739a5366d587e91ca09da5e077eb2,per_efaf79db63e5566db72febcbffbdca49,unresolved,medium,"The target has a same-body/same-office result with the same name, but the district differs from this occurrence; results alone cannot establish identity across a changed district, so the proposal is held.",https://ckan0.cf.opendata.inter.prod-toronto.ca/dataset/elections-official-results,independent-adjudication-bucket-1
can_e4f336247c0a5df080e6c788bfc87a51,per_926e859af1b3567cad8d4d815e3b5d13,unresolved,low,"Official result occurrence is recorded, but no qualifying same-body/office bridge with matching displayed district and party/affiliation was found; exact name alone is insufficient. No same-event/name collision found.",https://www.elections.ca/content.aspx?section=res&dir=rep/off/,independent-adjudication-bucket-0
can_e5b5388c503753a1a4ff9636316c72a1,per_7b66a05627cf557db879bb07990a8aa6,confirmed,high,"Candidate-controlled campaign history and matching first-person biographies explicitly bridge the federal, provincial, and municipal candidacies to the existing Person; no contradictory occurrence or same-event collision was found.",https://www.toronto4life.ca/2014--2018-toronto-city-councillor-municipal-election.html;https://beachmetro.com/2023/11/15/scarborough-southwest-byelection-2023-candidate-anthony-internicola-answers-our-questions/;https://en.votemate.org/canada2019/candidates/2255,council-batch-2-evidence-review
can_e5e3e5dfc8fe5a289d228e3ad1617440,per_37f7dad14c375a50af81a0802a124a64,unresolved,low,"Official result occurrence is recorded, but no qualifying same-body/office bridge with matching displayed district and party/affiliation was found; exact name alone is insufficient. No same-event/name collision found.",https://www.elections.ca/content.aspx?section=res&dir=rep/off/,independent-adjudication-bucket-2
can_e5ec806be72e5a7fa12c136c5ebe3354,per_dcf81aa9f2785dfe91089150ec4ccddc,unresolved,low,"Official result occurrence is recorded, but no qualifying same-body/office bridge with matching displayed district and party/affiliation was found; exact name alone is insufficient. No same-event/name collision found.",https://www.tdsb.on.ca/,independent-adjudication-bucket-2
can_e5f32efc683c54f7a72cb855306691ef,per_43973d2507a655e1b18d6fbcec100522,unresolved,low,"The proposed occurrence is supported by an official results record, but the target's confirmed history is in a different body/office context; exact name alone is insufficient for this identity bridge.",https://www.elections.ca/res/rep/off/ovr2021app/53/data_donnees/pollresults_resultatsbureau35.zip,independent-adjudication-bucket-1
can_e60a24304cc75db8881c28a499a682ed,per_e01363e3660c520ab06ad950c7870eab,unresolved,low,"Official result occurrence is recorded, but no qualifying same-body/office bridge with matching displayed district and party/affiliation was found; exact name alone is insufficient. No same-event/name collision found.",https://www.toronto.ca/city-government/elections/,independent-adjudication-bucket-0
can_e62cbef65d91573abd60f632cc36030e,per_14cd0ecc0d1756398e0a13a1bbc86d78,unresolved,low,"The proposed occurrence is supported by an official results record, but the target's confirmed history is in a different body/office context; exact name alone is insufficient for this identity bridge.",https://www.elections.ca/res/rep/off/ovrGE45/62/data_donnees/pollresults_resultatsbureau35.zip,independent-adjudication-bucket-1
can_e64e6f1435175f8f83d4f5d47c68c4c0,per_814faf6d9f0b59c7817614e59dc88eee,unresolved,low,"The proposed occurrence is supported by an official results record, but the target's confirmed history is in a different body/office context; exact name alone is insufficient for this identity bridge.",https://results.elections.on.ca/api/report-groups/45/report-outputs/1050/csv;https://results.elections.on.ca/api/report-groups/45/report-outputs/1043/csv;https://results.elections.on.ca/api/report-groups/45/report-outputs/1048/csv,independent-adjudication-bucket-1
can_e6a7f6a2a47859d8bf15934bc6483e01,per_9a076c70a0b756579d17fc8634bfba73,unresolved,low,"Official result occurrence is recorded, but no qualifying same-body/office bridge with matching displayed district and party/affiliation was found; exact name alone is insufficient. No same-event/name collision found.",https://www.elections.ca/content.aspx?section=res&dir=rep/off/,independent-adjudication-bucket-0
can_e6d34f29eedd56fa8a97a2508cc32679,per_aa1078f5c83b568188c98224c0b71f58,unresolved,low,"The proposed occurrence is supported by an official results record, but the target's confirmed history is in a different body/office context; exact name alone is insufficient for this identity bridge.",https://www.elections.ca/scripts/OVR2004/23/data/ON.zip;https://www.elections.ca/scripts/OVR2004/23/data/table12.csv,independent-adjudication-bucket-1
can_e6d9a442c379574da10dd236f22f266d,per_6e7a36b80aaa5abcbcbb405b7c98c4cb,unresolved,low,"The proposed occurrence is supported by an official results record, but the target's confirmed history is in a different body/office context; exact name alone is insufficient for this identity bridge.",https://ckan0.cf.opendata.inter.prod-toronto.ca/dataset/elections-official-results,independent-adjudication-bucket-1
can_e7844b10a92153c5aa2a448e293aae61,per_6fa29a90234b5c9f8a930ac421d590ee,unresolved,low,"The proposed occurrence is supported by an official results record, but the target's confirmed history is in a different body/office context; exact name alone is insufficient for this identity bridge.",https://ckan0.cf.opendata.inter.prod-toronto.ca/dataset/97d72233-8681-4b3d-828e-4929d40d122c/resource/25343469-085b-4c9f-8a36-7d7f9115c630/download/2016-tdsb-ward-5.xlsx,independent-adjudication-bucket-1
can_e7de3da1a07d5be9bbe9c39e8efd9c88,per_c362fc4bb32e5a788bde06b8a91f61b9,unresolved,low,"Official result occurrence is recorded, but no qualifying same-body/office bridge with matching displayed district and party/affiliation was found; exact name alone is insufficient. No same-event/name collision found.",https://www.tdsb.on.ca/,independent-adjudication-bucket-0
can_e8168cefdc735a8aacbac4902edb9f7f,per_d01f90666b6f5ca8b9b5505e19248b8e,unresolved,low,"Official result occurrence is recorded, but no qualifying same-body/office bridge with matching displayed district and party/affiliation was found; exact name alone is insufficient. No same-event/name collision found.",https://results.elections.on.ca/en/publications,independent-adjudication-bucket-2
can_e86d7f2c169f572a94401378627b52d1,per_f40f18bb335c518094075f5f55922add,unresolved,low,"The proposed occurrence is supported by an official results record, but the target's confirmed history is in a different body/office context; exact name alone is insufficient for this identity bridge.",https://ckan0.cf.opendata.inter.prod-toronto.ca/dataset/96d35404-44d9-49d8-95bb-fb1e5489240d/resource/2fcd5f20-90f5-4dd0-88eb-22e978b9bf89/download/2018-results.zip,independent-adjudication-bucket-1
can_e8a5323b0b5157df897968f624f262aa,per_48c4e0a1220d541d9c25b4d5392c10a8,confirmed,high,"Official result continuity: same body/office, displayed district “Ward 19”, and party/affiliation “non_partisan” match a confirmed candidacy; no same-event/name collision found.",https://www.tdsb.on.ca/,independent-adjudication-bucket-2
can_e8f7e8d74fdc5cd895edf6e0a2cc094a,per_3b5c691ecc49595daa1d84a97b6544de,unresolved,low,"Official result occurrence is recorded, but no qualifying same-body/office bridge with matching displayed district and party/affiliation was found; exact name alone is insufficient. No same-event/name collision found.",https://www.toronto.ca/city-government/elections/,independent-adjudication-bucket-0
can_e8fefcf6dccd53e2b422d604d217eca4,per_938e95f2cf3a517bbb1e3feeabe58948,unresolved,low,"Official result occurrence is recorded, but no qualifying same-body/office bridge with matching displayed district and party/affiliation was found; exact name alone is insufficient. No same-event/name collision found.",https://results.elections.on.ca/en/publications,independent-adjudication-bucket-2
can_e92beb28ee555138a07c0277d8b5bd90,per_02e1241d551453eca03dcc3e2de3c480,unresolved,low,"Official result occurrence is recorded, but no qualifying same-body/office bridge with matching displayed district and party/affiliation was found; exact name alone is insufficient. No same-event/name collision found.",https://www.toronto.ca/city-government/elections/,independent-adjudication-bucket-2
can_e93f5ad6bae3581da052d5f6634f7c41,per_7b66a05627cf557db879bb07990a8aa6,confirmed,high,"Candidate-controlled campaign history and matching first-person biographies explicitly bridge the federal, provincial, and municipal candidacies to the existing Person; no contradictory occurrence or same-event collision was found.",https://www.toronto4life.ca/2014--2018-toronto-city-councillor-municipal-election.html;https://beachmetro.com/2023/11/15/scarborough-southwest-byelection-2023-candidate-anthony-internicola-answers-our-questions/;https://en.votemate.org/canada2019/candidates/2255,council-batch-2-evidence-review
can_e946dccb1dc35eccbafae874d52c041a,per_8dfcb50da4ab5cf6bd8d97197c6bc37f,unresolved,low,"Official result occurrence is recorded, but no qualifying same-body/office bridge with matching displayed district and party/affiliation was found; exact name alone is insufficient. No same-event/name collision found.",https://www.elections.ca/content.aspx?section=res&dir=rep/off/,independent-adjudication-bucket-0
can_e98570542b015e93afc2c7881f9d253a,per_fcab4370a7af55018ff53e74fe336a1b,unresolved,low,"The proposed occurrence is supported by an official results record, but the target's confirmed history is in a different body/office context; exact name alone is insufficient for this identity bridge.",https://results.elections.on.ca/api/report-groups/3/report-outputs/499/csv;https://results.elections.on.ca/api/report-groups/3/report-outputs/492/csv;https://results.elections.on.ca/api/report-groups/3/report-outputs/497/csv,independent-adjudication-bucket-1
can_e9be77407e6b54fbb418a114a27290ab,per_f285f0621dbe566cadb4c7cee0d4a752,unresolved,low,"Official result occurrence is recorded, but no qualifying same-body/office bridge with matching displayed district and party/affiliation was found; exact name alone is insufficient. No same-event/name collision found.",https://www.tdsb.on.ca/,independent-adjudication-bucket-0
can_ea009f23d1245f718dbf306dae65535d,per_26c8bb5191885b0b9444dc194e907fc3,unresolved,low,"The proposed occurrence is supported by an official results record, but the target's confirmed history is in a different body/office context; exact name alone is insufficient for this identity bridge.",https://www.elections.ca/res/rep/off/ovr2019app/51/data_donnees/pollresults_resultatsbureau35.zip,independent-adjudication-bucket-1
can_ea0f1463154e5f5a9f465bb0dd82842d,per_01e55c64208d564aad668a9cbe1847a7,unresolved,low,"Official result occurrence is recorded, but no qualifying same-body/office bridge with matching displayed district and party/affiliation was found; exact name alone is insufficient. No same-event/name collision found.",https://www.elections.ca/content.aspx?section=res&dir=rep/off/,independent-adjudication-bucket-2
can_eb2ad8ed752d5643a2eb8cdcacbe7913,per_546a50310fbe5401a126a3864d97fbb3,unresolved,low,"Official result occurrence is recorded, but no qualifying same-body/office bridge with matching displayed district and party/affiliation was found; exact name alone is insufficient. No same-event/name collision found.",https://results.elections.on.ca/en/publications,independent-adjudication-bucket-0
can_eb4a3e0a45955cd785af3feb32e5461b,per_418c28904f335427b222e2e6b0b6f9fc,unresolved,low,"Official result occurrence is recorded, but no qualifying same-body/office bridge with matching displayed district and party/affiliation was found; exact name alone is insufficient. No same-event/name collision found.",https://www.toronto.ca/city-government/elections/,independent-adjudication-bucket-2
can_ebf2b32e08f056f887ed30386ef031b5,per_0dc4a5c8fe3251b7927d6f7f417e8f1a,unresolved,low,"Official result occurrence is recorded, but no qualifying same-body/office bridge with matching displayed district and party/affiliation was found; exact name alone is insufficient. No same-event/name collision found.",https://www.toronto.ca/city-government/elections/,independent-adjudication-bucket-2
can_ec599af728b6535c95aabd0475dfcf3a,per_bb2a4a79e2845e0dacd2990db4822495,unresolved,low,"Official result occurrence is recorded, but no qualifying same-body/office bridge with matching displayed district and party/affiliation was found; exact name alone is insufficient. No same-event/name collision found.",https://www.elections.ca/content.aspx?section=res&dir=rep/off/,independent-adjudication-bucket-0
can_ecbe3edabf515416aa60b5efc7aa7cc0,per_4abfc6814553591da65fde24f2822daa,unresolved,low,"The proposed occurrence is supported by an official results record, but the target's confirmed history is in a different body/office context; exact name alone is insufficient for this identity bridge.",https://www.elections.ca/scripts/OVR2008/31/data/pollresults_resultatsbureau35.zip,independent-adjudication-bucket-1
can_ece0a797928b509bb3aba62bdc67cb29,per_2afc661b78b15020889552f8f43a6f89,confirmed,high,"The candidates own 2024 questionnaire identifies his earlier Ward 19 run, and a 2025 profile identifies the trustee candidate as the same former ESL teacher who had just run for Ward 15 council.",https://leasideresidents.ca/jason-stevens/;https://leasidelife.com/a-crowded-field-vies-to-be-next-school-trustee/,council-batch-2-evidence-review
can_ecef6b05aa3f5e97a46a1c8b2dc85b29,per_5d9b1cbc232752a6a673870fddc99816,unresolved,low,"The proposed occurrence is supported by an official results record, but the target's confirmed history is in a different body/office context; exact name alone is insufficient for this identity bridge.",https://ckan0.cf.opendata.inter.prod-toronto.ca/dataset/97d72233-8681-4b3d-828e-4929d40d122c/resource/7057b4fe-f71d-469b-bf61-c366895fc62e/download/2025-tdsb-ward-11.xlsx,independent-adjudication-bucket-1
can_ecfc243727c053a2befd8c741d7eedff,per_2bab4998527d5e67b9e5fc4c79ca9642,unresolved,low,"The proposed occurrence is supported by an official results record, but the target's confirmed history is in a different body/office context; exact name alone is insufficient for this identity bridge.",https://ckan0.cf.opendata.inter.prod-toronto.ca/dataset/96d35404-44d9-49d8-95bb-fb1e5489240d/resource/3ad371de-7c51-45d3-9ea4-0b4efac5fc2b/download/2022-results.zip,independent-adjudication-bucket-1
can_ed08f3533200506abda290c622ce1066,per_7b89d4ee41a9598891005444d4695c71,unresolved,low,"Official result occurrence is recorded, but no qualifying same-body/office bridge with matching displayed district and party/affiliation was found; exact name alone is insufficient. No same-event/name collision found.",https://www.toronto.ca/city-government/elections/,independent-adjudication-bucket-2
can_ed0b6688e386591fa61a6ba45f49b644,per_8558a7dd56825d5fac83af15444e1311,rejected,high,Proposed target is contradicted by a same-election collision: can_d3396c2c93cc564bb6e20f62b4064040 is already linked to that Person while this candidacy appears separately in the same event; keep this occurrence distinct.,https://www.tcdsb.org/,independent-adjudication-bucket-2
can_ed34f3bc52f55055931824d36e1b64a5,per_3bbcf2dbde1a55fc8fd153705fc31fde,unresolved,low,"Official result occurrence is recorded, but no qualifying same-body/office bridge with matching displayed district and party/affiliation was found; exact name alone is insufficient. No same-event/name collision found.",https://www.tdsb.on.ca/,independent-adjudication-bucket-0
can_ed46ec230e995716bffa0b9934561fed,per_35ea9f020c565de2a219a14213d94b73,unresolved,low,"Official result occurrence is recorded, but no qualifying same-body/office bridge with matching displayed district and party/affiliation was found; exact name alone is insufficient. No same-event/name collision found.",https://www.toronto.ca/city-government/elections/,independent-adjudication-bucket-2
can_ede55175bbd755a5b8bc96d45dcf4f13,per_8d8d568840ee59339239f229529f11fb,unresolved,low,"The proposed occurrence is supported by an official results record, but the target's confirmed history is in a different body/office context; exact name alone is insufficient for this identity bridge.",https://ckan0.cf.opendata.inter.prod-toronto.ca/dataset/97d72233-8681-4b3d-828e-4929d40d122c/resource/836c4152-0603-4fd4-8ab4-a53cf386bc43/download/2016-tdsb-ward-1-.xlsx,independent-adjudication-bucket-1
can_ee3688e8d9335dddaad4ba9e26bb14a8,per_27c46c62f83c5dbaae44b65d34a178c6,unresolved,low,"Official result occurrence is recorded, but no qualifying same-body/office bridge with matching displayed district and party/affiliation was found; exact name alone is insufficient. No same-event/name collision found.",https://www.toronto.ca/city-government/elections/,independent-adjudication-bucket-0
can_ee7e4624d5705292b9f94904b9c20984,per_7b89d4ee41a9598891005444d4695c71,unresolved,low,"Official result occurrence is recorded, but no qualifying same-body/office bridge with matching displayed district and party/affiliation was found; exact name alone is insufficient. No same-event/name collision found.",https://www.toronto.ca/city-government/elections/,independent-adjudication-bucket-2
can_eec07cd8197a5088b19173a144025fa6,per_cf22ca95ffd15dd7ac94f2169122b13a,unresolved,low,"Official result occurrence is recorded, but no qualifying same-body/office bridge with matching displayed district and party/affiliation was found; exact name alone is insufficient. No same-event/name collision found.",https://results.elections.on.ca/en/publications,independent-adjudication-bucket-2
can_ef1c88bf1992517f823f15635e057fe4,per_9858e2868fc458e283ff00b2ccf9dff4,confirmed,high,Official results show the same candidate in the same toronto_city_council councillor district (Ward 25) as the confirmed 2010 occurrence; party/affiliation continuity is consistent and no same-event/name collision was found.,https://ckan0.cf.opendata.inter.prod-toronto.ca/dataset/elections-official-results,independent-adjudication-bucket-1
can_ef86e406e08e51aeb055b1fc549bdf4a,per_3b515950560656eb99d50260596bf3c0,unresolved,low,"Official result occurrence is recorded, but no qualifying same-body/office bridge with matching displayed district and party/affiliation was found; exact name alone is insufficient. No same-event/name collision found.",https://www.tdsb.on.ca/,independent-adjudication-bucket-0
can_efd48ce8bb1e573785becf6c364c8b22,per_cfe7ac7375535c50be88361fd9360947,unresolved,low,"Official result occurrence is recorded, but no qualifying same-body/office bridge with matching displayed district and party/affiliation was found; exact name alone is insufficient. No same-event/name collision found.",https://www.elections.ca/content.aspx?section=res&dir=rep/off/,independent-adjudication-bucket-0
can_efd8155d8d2c53e9871b9c2f312848d4,per_f83a845b39c557858ef136126671d55b,unresolved,low,"Official result occurrence is recorded, but no qualifying same-body/office bridge with matching displayed district and party/affiliation was found; exact name alone is insufficient. No same-event/name collision found.",https://www.toronto.ca/city-government/elections/,independent-adjudication-bucket-0
can_f0070748b5b65abb9a859d5ea993544a,per_8239cc01374059a69c5577df7dd016d7,unresolved,low,"Official result occurrence is recorded, but no qualifying same-body/office bridge with matching displayed district and party/affiliation was found; exact name alone is insufficient. No same-event/name collision found.",https://www.tcdsb.org/,independent-adjudication-bucket-0
can_f05dcb17d9f9577d86751ced6c9db388,per_9f569a842c9e527b88cda3fc73dbfacb,unresolved,low,"Official result occurrence is recorded, but no qualifying same-body/office bridge with matching displayed district and party/affiliation was found; exact name alone is insufficient. No same-event/name collision found.",https://www.elections.ca/content.aspx?section=res&dir=rep/off/,independent-adjudication-bucket-2
can_f0cdb9de570c5ff7bf6cf426527735fa,per_6f6e1bf43d115e329a8da063f0df47ad,unresolved,low,"Official result occurrence is recorded, but no qualifying same-body/office bridge with matching displayed district and party/affiliation was found; exact name alone is insufficient. No same-event/name collision found.",https://results.elections.on.ca/en/publications,independent-adjudication-bucket-2
can_f0d4eeb52ba95597b712b473c068cf06,per_4f37b2f5fa8b5a78adaeab69c05cab5f,unresolved,low,"Official result occurrence is recorded, but no qualifying same-body/office bridge with matching displayed district and party/affiliation was found; exact name alone is insufficient. No same-event/name collision found.",https://www.toronto.ca/city-government/elections/,independent-adjudication-bucket-0
can_f134096304ef5c4d86fa46859c53fa68,per_b92ca58d78b25d959e4bbb6dd86f1625,unresolved,low,"Official result occurrence is recorded, but no qualifying same-body/office bridge with matching displayed district and party/affiliation was found; exact name alone is insufficient. No same-event/name collision found.",https://www.tcdsb.org/,independent-adjudication-bucket-2
can_f13cfa5f6c475980a6aa4ee756697436,per_c98fb888bff856b28489d7fc1c2febb8,unresolved,medium,"The target has a same-body/same-office result with the same name, but the district differs from this occurrence; results alone cannot establish identity across a changed district, so the proposal is held.",https://www.elections.ca/res/rep/off/ovr2015app/41/data_donnees/pollresults_resultatsbureau35.zip,independent-adjudication-bucket-1
can_f14df57fd7fb503a93639ee75ac07dae,per_01385977e05c5b489043140a6871ded8,unresolved,medium,"The target has a same-body/same-office result with the same name, but the district differs from this occurrence; results alone cannot establish identity across a changed district, so the proposal is held.",https://results.elections.on.ca/api/report-groups/45/report-outputs/1050/csv;https://results.elections.on.ca/api/report-groups/45/report-outputs/1043/csv;https://results.elections.on.ca/api/report-groups/45/report-outputs/1048/csv,independent-adjudication-bucket-1
can_f1c9d2ff040856f68d73a1de132e3a6e,per_a0c1afdedea75ec48ba2f61bf77797ad,unresolved,low,"The proposed occurrence is supported by an official results record, but the target's confirmed history is in a different body/office context; exact name alone is insufficient for this identity bridge.",https://www.elections.ca/res/rep/off/ovrGE45/62/data_donnees/pollresults_resultatsbureau35.zip,independent-adjudication-bucket-1
can_f20c0c3ee71f5e46a210fd24c57f9d65,per_85bc472be00059f5bdd08e0c695272b2,unresolved,low,"Official result occurrence is recorded, but no qualifying same-body/office bridge with matching displayed district and party/affiliation was found; exact name alone is insufficient. No same-event/name collision found.",https://www.toronto.ca/city-government/elections/,independent-adjudication-bucket-0
can_f231469d010758949031dc1c89880794,per_449db5317b8d51839f4403cde7a9f3fa,unresolved,low,"Official result occurrence is recorded, but no qualifying same-body/office bridge with matching displayed district and party/affiliation was found; exact name alone is insufficient. No same-event/name collision found.",https://www.toronto.ca/city-government/elections/,independent-adjudication-bucket-0
can_f25863d934ec5d8ebd50d2ceda157d08,per_bf184b98711e552fbc201ee4d1fced49,unresolved,low,"Official result occurrence is recorded, but no qualifying same-body/office bridge with matching displayed district and party/affiliation was found; exact name alone is insufficient. No same-event/name collision found.",https://www.tdsb.on.ca/,independent-adjudication-bucket-2
can_f2ff61815269548eab9fdbb728cd65c0,per_2139757269785ebe99090b4e4d664e98,unresolved,low,"Official result occurrence is recorded, but no qualifying same-body/office bridge with matching displayed district and party/affiliation was found; exact name alone is insufficient. No same-event/name collision found.",https://www.toronto.ca/city-government/elections/,independent-adjudication-bucket-0
can_f30dacb7304b56659c8e21dab6081047,per_8e507945855c517594e6cfb5279f9fde,unresolved,low,"The proposed occurrence is supported by an official results record, but the target's confirmed history is in a different body/office context; exact name alone is insufficient for this identity bridge.",https://ckan0.cf.opendata.inter.prod-toronto.ca/dataset/elections-official-results,independent-adjudication-bucket-1
can_f33cefce4969502b8d7b7cb7c30a2003,per_0b5487218b39545b96203b9370ef98d6,unresolved,low,"The proposed occurrence is supported by an official results record, but the target's confirmed history is in a different body/office context; exact name alone is insufficient for this identity bridge.",https://www.elections.ca/res/rep/off/ovr2021app/53/data_donnees/pollresults_resultatsbureau35.zip,independent-adjudication-bucket-1
can_f35cd6877faa5ce597b85824694ba03e,per_0ed7fdb645dd5f79b2286fd803916285,unresolved,medium,"The target has a same-body/same-office result with the same name, but the district differs from this occurrence; results alone cannot establish identity across a changed district, so the proposal is held.",https://ckan0.cf.opendata.inter.prod-toronto.ca/dataset/elections-official-results,independent-adjudication-bucket-1
can_f4170f9abc31586ebc257417a2f8e06f,per_70ea0da1455352ce8a8b3a715d8fec83,unresolved,low,"Official result occurrence is recorded, but no qualifying same-body/office bridge with matching displayed district and party/affiliation was found; exact name alone is insufficient. No same-event/name collision found.",https://results.elections.on.ca/en/publications,independent-adjudication-bucket-2
can_f428def5ec1655b685d5ed7e9c63d24f,per_8e9d36e1b43653b6a469e5c9b87e95e7,unresolved,low,"The proposed occurrence is supported by an official results record, but the target's confirmed history is in a different body/office context; exact name alone is insufficient for this identity bridge.",https://www.elections.ca/Scripts/OVR2006/25/data_donnees/pollresults_resultatsbureau35.zip,independent-adjudication-bucket-1
can_f429398b49c85539ad47492022c92aaa,per_f7f1b09bd7d15dc4ac83d841e0fdd27d,unresolved,low,"The proposed occurrence is supported by an official results record, but the target's confirmed history is in a different body/office context; exact name alone is insufficient for this identity bridge.",https://ckan0.cf.opendata.inter.prod-toronto.ca/dataset/elections-official-results,independent-adjudication-bucket-1
can_f434f54386fe5069b5ce83058d2c1b3b,per_19437117d92857d9ac07198a36e10a37,unresolved,medium,"The target has a same-body/same-office result with the same name, but the district differs from this occurrence; results alone cannot establish identity across a changed district, so the proposal is held.",https://ckan0.cf.opendata.inter.prod-toronto.ca/dataset/96d35404-44d9-49d8-95bb-fb1e5489240d/resource/2fcd5f20-90f5-4dd0-88eb-22e978b9bf89/download/2018-results.zip,independent-adjudication-bucket-1
can_f4a891471a8e5aada341d40e433a7f1f,per_9c4f058571115647817be58c812b51b8,unresolved,low,"Official result occurrence is recorded, but no qualifying same-body/office bridge with matching displayed district and party/affiliation was found; exact name alone is insufficient. No same-event/name collision found.",https://www.tdsb.on.ca/,independent-adjudication-bucket-0
can_f53b7fb498d45026bbcd29d514909d3b,per_5542c2a9da75521a8c92b062a2f48b33,unresolved,low,"Official result occurrence is recorded, but no qualifying same-body/office bridge with matching displayed district and party/affiliation was found; exact name alone is insufficient. No same-event/name collision found.",https://www.toronto.ca/city-government/elections/,independent-adjudication-bucket-0
can_f5b68de0e3305eb6a5c052eed840f927,per_20a112ee67b75996abd91e6016d42529,unresolved,low,"Official result occurrence is recorded, but no qualifying same-body/office bridge with matching displayed district and party/affiliation was found; exact name alone is insufficient. No same-event/name collision found.",https://results.elections.on.ca/en/publications,independent-adjudication-bucket-2
can_f5ed926441345be882d3c66030cdc29f,per_87ce1c960f915a0cac91d688c6a52eaa,unresolved,low,"Official result occurrence is recorded, but no qualifying same-body/office bridge with matching displayed district and party/affiliation was found; exact name alone is insufficient. No same-event/name collision found.",https://results.elections.on.ca/en/publications,independent-adjudication-bucket-2
can_f5f8240d42a65c08b2c4103c23d14a9f,per_f535b8220a515e37a519154cd76f0840,unresolved,low,"Official result occurrence is recorded, but no qualifying same-body/office bridge with matching displayed district and party/affiliation was found; exact name alone is insufficient. No same-event/name collision found.",https://www.tdsb.on.ca/,independent-adjudication-bucket-0
can_f61171a4e55553ee820568eafb975356,per_5853689b88db555ca8a9431a01bdd81a,confirmed,high,"Official result continuity: same body/office, displayed district “Beaches—East York”, and party/affiliation match a confirmed candidacy; no same-event/name collision found.",https://results.elections.on.ca/en/publications,independent-adjudication-bucket-0
can_f61fded75f155ba692f898ec3a6c9b76,per_9132d528b429522ab6e1d0e2e49fde60,unresolved,low,"The proposed occurrence is supported by an official results record, but the target's confirmed history is in a different body/office context; exact name alone is insufficient for this identity bridge.",https://results.elections.on.ca/api/report-groups/48/report-outputs/1096/csv;https://results.elections.on.ca/api/report-groups/48/report-outputs/1089/csv;https://results.elections.on.ca/api/report-groups/48/report-outputs/1094/csv,independent-adjudication-bucket-1
can_f71df3acab2a5e22ad21b90ad38d249b,per_2e0e8eaaa5835bb387861c63a670c1e0,unresolved,low,"Official result occurrence is recorded, but no qualifying same-body/office bridge with matching displayed district and party/affiliation was found; exact name alone is insufficient. No same-event/name collision found.",https://www.elections.ca/content.aspx?section=res&dir=rep/off/,independent-adjudication-bucket-2
can_f721f3f408c6508fb6595f429303803c,per_d535f15724915961bbe87c714a53f51d,unresolved,low,"Official result occurrence is recorded, but no qualifying same-body/office bridge with matching displayed district and party/affiliation was found; exact name alone is insufficient. No same-event/name collision found.",https://www.tcdsb.org/,independent-adjudication-bucket-0
can_f726056a6bc852a3bb24a707a73d4713,per_acbd3a9433b350e7baffacf7e017d1bb,unresolved,low,"Official result occurrence is recorded, but no qualifying same-body/office bridge with matching displayed district and party/affiliation was found; exact name alone is insufficient. No same-event/name collision found.",https://www.elections.ca/content.aspx?section=res&dir=rep/off/,independent-adjudication-bucket-0
can_f773799aa6305a6e944067f729a1f144,per_439817aaa6ab5c789b12fa0728809d5e,confirmed,high,"Official result continuity: same body/office, displayed district “Ward 21”, and party/affiliation “non_partisan” match a confirmed candidacy; no same-event/name collision found.",https://www.toronto.ca/city-government/elections/,independent-adjudication-bucket-2
can_f7ce3d9f41af56b5972c9ddba07d37ff,per_c2b7e1b877715d5582b5b6f2ff8c21f6,unresolved,low,"Official result occurrence is recorded, but no qualifying same-body/office bridge with matching displayed district and party/affiliation was found; exact name alone is insufficient. No same-event/name collision found.",https://www.toronto.ca/city-government/elections/,independent-adjudication-bucket-0
can_f806eae14c455c0fbdd14fb0ff885e83,per_6639184f50c55044a80e0f0efe5e563e,unresolved,low,"Official result occurrence is recorded, but no qualifying same-body/office bridge with matching displayed district and party/affiliation was found; exact name alone is insufficient. No same-event/name collision found.",https://www.elections.ca/content.aspx?section=res&dir=rep/off/,independent-adjudication-bucket-2
can_f8b13b03bcd954819539a2ae966af6c9,per_3daf0267b1dd545592eee6f71d856422,unresolved,medium,"The target has a same-body/same-office result with the same name, but the district differs from this occurrence; results alone cannot establish identity across a changed district, so the proposal is held.",https://results.elections.on.ca/api/report-groups/2/report-outputs/488/csv;https://results.elections.on.ca/api/report-groups/2/report-outputs/481/csv;https://results.elections.on.ca/api/report-groups/2/report-outputs/486/csv,independent-adjudication-bucket-1
can_f8cdc7f217ae5255a8970ea401f130c9,per_9ec0303dc6b659d1b698694e9184a0a8,unresolved,low,"Official result occurrence is recorded, but no qualifying same-body/office bridge with matching displayed district and party/affiliation was found; exact name alone is insufficient. No same-event/name collision found.",https://results.elections.on.ca/en/publications,independent-adjudication-bucket-2
can_f979d54b830d50f08266c7b5e742604c,per_0584b6d3aa7852c0918ccaacc282ba94,unresolved,low,"Official result occurrence is recorded, but no qualifying same-body/office bridge with matching displayed district and party/affiliation was found; exact name alone is insufficient. No same-event/name collision found.",https://www.toronto.ca/city-government/elections/,independent-adjudication-bucket-2
can_f98eda9313185db3aded37eaacc2e0bf,per_d66953f6761d568fbf6999bdf05c172d,unresolved,low,"Official result occurrence is recorded, but no qualifying same-body/office bridge with matching displayed district and party/affiliation was found; exact name alone is insufficient. No same-event/name collision found.",https://results.elections.on.ca/en/publications,independent-adjudication-bucket-2
can_f9caf99199865eb09dfd3708d7c443df,per_32a1c1a2402e502b916f9341e368ddc2,unresolved,low,"Official result occurrence is recorded, but no qualifying same-body/office bridge with matching displayed district and party/affiliation was found; exact name alone is insufficient. No same-event/name collision found.",https://www.elections.ca/content.aspx?section=res&dir=rep/off/,independent-adjudication-bucket-2
can_f9e0ac6db5085ecb8f61d5e3ac3fb273,per_814faf6d9f0b59c7817614e59dc88eee,unresolved,low,"The proposed occurrence is supported by an official results record, but the target's confirmed history is in a different body/office context; exact name alone is insufficient for this identity bridge.",https://ckan0.cf.opendata.inter.prod-toronto.ca/dataset/elections-official-results,independent-adjudication-bucket-1
can_f9f7d971b99c52cf9a48edf7b1dd38ba,per_cbad12eb2bc15f4fb7ba5a96bd68dec9,confirmed,high,The candidate-authored Ward 22 council questionnaire states that Manna Wong had served as Scarborough-Agincourt school trustee since 2014; the City compliance record identifies the council campaign.,https://static1.squarespace.com/static/5aae198d96e76f27dc9377ce/t/5fd90dea89ea717cb5d4a69a/1608060394760/Manna%2BWong%2B-%2BScarbrough-Agincourt%2BBy-election%2BProgressive%2BChampion%2BSurvey%2B.pdf;https://secure.toronto.ca/council/agenda-item.do?item=2021.EA8.5,consequential-council-evidence-review
can_fa5c5aa85ba05d89b378ab314d08bd98,per_c53dea9f0236552ab33fe78d27be0b2e,confirmed,high,"Official result continuity: same body/office, displayed district “Scarborough—Rouge River”, and party/affiliation match a confirmed candidacy; no same-event/name collision found.",https://results.elections.on.ca/en/publications,independent-adjudication-bucket-0
can_fa5c8bae95c95c69900d9609d8752d9d,per_bf25399d258553ddaa1b5947bd68d319,unresolved,low,"Official result occurrence is recorded, but no qualifying same-body/office bridge with matching displayed district and party/affiliation was found; exact name alone is insufficient. No same-event/name collision found.",https://www.toronto.ca/city-government/elections/,independent-adjudication-bucket-2
can_fa9c637a84aa5e7dada0277080207ead,per_dcf81aa9f2785dfe91089150ec4ccddc,unresolved,low,"Official result occurrence is recorded, but no qualifying same-body/office bridge with matching displayed district and party/affiliation was found; exact name alone is insufficient. No same-event/name collision found.",https://www.tdsb.on.ca/,independent-adjudication-bucket-2
can_fa9c98aebf295d89ab20f7849ac2eb3c,per_5460983404ab5dcbb56ce3db1ce21204,unresolved,low,"Official result occurrence is recorded, but no qualifying same-body/office bridge with matching displayed district and party/affiliation was found; exact name alone is insufficient. No same-event/name collision found.",https://www.toronto.ca/city-government/elections/,independent-adjudication-bucket-2
can_faa8337bfc0e5b03b741f13f06e722eb,per_75a82a5ddd195da2bccc289f8513f8d2,unresolved,low,"Official result occurrence is recorded, but no qualifying same-body/office bridge with matching displayed district and party/affiliation was found; exact name alone is insufficient. No same-event/name collision found.",https://www.elections.ca/content.aspx?section=res&dir=rep/off/,independent-adjudication-bucket-0
can_faec520e297b559e853a542edf3de642,per_9474ab50553454fb8b01d7c42302b6e8,unresolved,low,"Official result occurrence is recorded, but no qualifying same-body/office bridge with matching displayed district and party/affiliation was found; exact name alone is insufficient. No same-event/name collision found.",https://www.elections.ca/content.aspx?section=res&dir=rep/off/,independent-adjudication-bucket-2
can_faf4051924815062b3907d7d5aa59010,per_7b66a05627cf557db879bb07990a8aa6,confirmed,high,"Candidate-controlled campaign history and matching first-person biographies explicitly bridge the federal, provincial, and municipal candidacies to the existing Person; no contradictory occurrence or same-event collision was found.",https://www.toronto4life.ca/2014--2018-toronto-city-councillor-municipal-election.html;https://beachmetro.com/2023/11/15/scarborough-southwest-byelection-2023-candidate-anthony-internicola-answers-our-questions/;https://en.votemate.org/canada2019/candidates/2255,council-batch-2-evidence-review
can_fb1e7879c831534288610a41f5f91115,per_2058e961126e5e8499b3ea8046068164,unresolved,low,"The proposed occurrence is supported by an official results record, but the target's confirmed history is in a different body/office context; exact name alone is insufficient for this identity bridge.",https://results.elections.on.ca/api/report-groups/2/report-outputs/488/csv;https://results.elections.on.ca/api/report-groups/2/report-outputs/481/csv;https://results.elections.on.ca/api/report-groups/2/report-outputs/486/csv,independent-adjudication-bucket-1
can_fb59368b8b845261839d4fd98997b496,per_c0e962facfbf55fc974ea57d9bc25d1e,unresolved,low,"Official result occurrence is recorded, but no qualifying same-body/office bridge with matching displayed district and party/affiliation was found; exact name alone is insufficient. No same-event/name collision found.",https://www.toronto.ca/city-government/elections/,independent-adjudication-bucket-0
can_fb924c81d2be5b1ea27e6e6a9abbe1c9,per_943173ee76ff5f50a0003c11ff82cb03,unresolved,low,"Official result occurrence is recorded, but no qualifying same-body/office bridge with matching displayed district and party/affiliation was found; exact name alone is insufficient. No same-event/name collision found.",https://www.toronto.ca/city-government/elections/,independent-adjudication-bucket-0
can_fba4d12130e3580dab26f538a5669f12,per_a89824be70535923ae6dbc585cff3fc0,confirmed,high,Candidate profiles explicitly connect the 2022 council candidacy to the 2019 and 2021 federal Green runs and the 2022 provincial Green run; the distinctive biographical continuity also bridges the 2018 council anchor.,https://thelocal.to/ward-13-toronto-centre/;https://www.metradio.ca/news/toronto-votes-2022-2slgbtq-and-disability-rights-community-advocate-nicki-ward-to-run-for-ward-13/;https://gpo.ca/2021/12/17/nicki-ward-nominated-as-ontario-green-candidate-in-toronto-centre/,council-batch-2-evidence-review
can_fbde861b98a1530d868fcf85f6723b82,per_a7b310dc68f253e38c7bf537f1fff966,unresolved,low,"Official result occurrence is recorded, but no qualifying same-body/office bridge with matching displayed district and party/affiliation was found; exact name alone is insufficient. No same-event/name collision found.",https://www.toronto.ca/city-government/elections/,independent-adjudication-bucket-2
can_fc1d36c90e0c5b8d95ef890e52bc2745,per_97cd36ee1fca59e0a1d835fbe3dfcba5,unresolved,low,"Official result occurrence is recorded, but no qualifying same-body/office bridge with matching displayed district and party/affiliation was found; exact name alone is insufficient. No same-event/name collision found.",https://www.toronto.ca/city-government/elections/,independent-adjudication-bucket-2
can_fc358fd246b85aa09590d180d94d4563,per_3ff516049e055949b3339ede8711970a,unresolved,low,"Official result occurrence is recorded, but no qualifying same-body/office bridge with matching displayed district and party/affiliation was found; exact name alone is insufficient. No same-event/name collision found.",https://results.elections.on.ca/en/publications,independent-adjudication-bucket-0
can_fc652eb8b49f52409c43d8c9fe987d7e,per_608ec85707085c46ac38f31aca539d14,unresolved,low,"Official result occurrence is recorded, but no qualifying same-body/office bridge with matching displayed district and party/affiliation was found; exact name alone is insufficient. No same-event/name collision found.",https://www.elections.ca/content.aspx?section=res&dir=rep/off/,independent-adjudication-bucket-2
can_fd362ba235245184bd44cd83aa3b2c0d,per_67fc59512d505e36bf04935cd5245190,unresolved,low,"The proposed occurrence is supported by an official results record, but the target's confirmed history is in a different body/office context; exact name alone is insufficient for this identity bridge.",https://www.elections.ca/scripts/OVR2011/34/data_donnees/pollresults_resultatsbureau35.zip,independent-adjudication-bucket-1
can_fd72dc68c5f45fe0a6ad203372ca43b6,per_36f6ac9eac7850daaaec301268dc3a59,unresolved,low,"Official result occurrence is recorded, but no qualifying same-body/office bridge with matching displayed district and party/affiliation was found; exact name alone is insufficient. No same-event/name collision found.",https://results.elections.on.ca/en/publications,independent-adjudication-bucket-0
can_fe159e46ba2b52b1b7b55b3079c6ff8b,per_005dc6272c20520eb038763ad9f9f723,unresolved,low,"Official result occurrence is recorded, but no qualifying same-body/office bridge with matching displayed district and party/affiliation was found; exact name alone is insufficient. No same-event/name collision found.",https://www.tdsb.on.ca/,independent-adjudication-bucket-2
can_fe6fff8922f352169e99e75b21b7dbe9,per_aa4781aa9aa0509983b1a82511ccfec4,unresolved,low,"The proposed occurrence is supported by an official results record, but the target's confirmed history is in a different body/office context; exact name alone is insufficient for this identity bridge.",https://results.elections.on.ca/api/report-groups/3/report-outputs/499/csv;https://results.elections.on.ca/api/report-groups/3/report-outputs/492/csv;https://results.elections.on.ca/api/report-groups/3/report-outputs/497/csv,independent-adjudication-bucket-1
can_feb1523d45f957709f7b4ac19c31f758,per_fe2684bb181a555f8eb2d9d3d33681eb,unresolved,low,"The proposed occurrence is supported by an official results record, but the target's confirmed history is in a different body/office context; exact name alone is insufficient for this identity bridge.",https://www.elections.ca/res/rep/off/ovrGE45/62/data_donnees/pollresults_resultatsbureau35.zip,independent-adjudication-bucket-1
can_fee5d562e67c5fbbb1abb075ad14788f,per_938e95f2cf3a517bbb1e3feeabe58948,unresolved,low,"Official result occurrence is recorded, but no qualifying same-body/office bridge with matching displayed district and party/affiliation was found; exact name alone is insufficient. No same-event/name collision found.",https://results.elections.on.ca/en/publications,independent-adjudication-bucket-2
can_fef25235e38853eab52ac44e1d7e7e4b,per_cf56182fc64a5cf6a1bd3543ebb9b4fe,unresolved,low,"The proposed occurrence is supported by an official results record, but the target's confirmed history is in a different body/office context; exact name alone is insufficient for this identity bridge.",https://www.elections.ca/res/rep/off/ovr2015app/41/data_donnees/pollresults_resultatsbureau35.zip,independent-adjudication-bucket-1
can_fefa3afd258f5c4cbfd41daadd4a0cd5,per_005dc6272c20520eb038763ad9f9f723,unresolved,low,"Official result occurrence is recorded, but no qualifying same-body/office bridge with matching displayed district and party/affiliation was found; exact name alone is insufficient. No same-event/name collision found.",https://www.toronto.ca/city-government/elections/,independent-adjudication-bucket-2
can_ff1d6257a2e75e6db8a1bd2bcb826d78,per_a3b112a66314586fb5cef00bf70fa42f,unresolved,low,"The proposed occurrence is supported by an official results record, but the target's confirmed history is in a different body/office context; exact name alone is insufficient for this identity bridge.",https://ckan0.cf.opendata.inter.prod-toronto.ca/dataset/elections-official-results,independent-adjudication-bucket-1
can_ff271ed64073528388c02437833b887e,per_d8ccf37d55ea583c8c34fe8f43cb2e5c,confirmed,high,"Official result continuity: same body/office, displayed district “Ward 14”, and party/affiliation “non_partisan” match a confirmed candidacy; no same-event/name collision found.",https://www.toronto.ca/city-government/elections/,independent-adjudication-bucket-2
can_ff720c09d20c55ad85d5d9d941fb7b12,per_7b66a05627cf557db879bb07990a8aa6,confirmed,high,"Candidate-controlled campaign history and matching first-person biographies explicitly bridge the federal, provincial, and municipal candidacies to the existing Person; no contradictory occurrence or same-event collision was found.",https://www.toronto4life.ca/2014--2018-toronto-city-councillor-municipal-election.html;https://beachmetro.com/2023/11/15/scarborough-southwest-byelection-2023-candidate-anthony-internicola-answers-our-questions/;https://en.votemate.org/canada2019/candidates/2255,council-batch-2-evidence-review
can_ff790fdddb9e5b49b0e34691a1d9c27f,per_7a6c09e82feb52cdbcd1fa757f7c708d,unresolved,low,"Official result occurrence is recorded, but no qualifying same-body/office bridge with matching displayed district and party/affiliation was found; exact name alone is insufficient. No same-event/name collision found.",https://www.elections.ca/content.aspx?section=res&dir=rep/off/,independent-adjudication-bucket-2
can_ff8395e17bc15f2591c4072b7e4a964b,per_67fc59512d505e36bf04935cd5245190,unresolved,low,"The proposed occurrence is supported by an official results record, but the target's confirmed history is in a different body/office context; exact name alone is insufficient for this identity bridge.",https://www.elections.ca/res/rep/off/ovr2015app/41/data_donnees/pollresults_resultatsbureau35.zip,independent-adjudication-bucket-1
can_ffa4d6ca543a5c75945007a76036aa16,per_546a50310fbe5401a126a3864d97fbb3,unresolved,low,"Official result occurrence is recorded, but no qualifying same-body/office bridge with matching displayed district and party/affiliation was found; exact name alone is insufficient. No same-event/name collision found.",https://results.elections.on.ca/en/publications,independent-adjudication-bucket-0
