decision_id,cohort_id,subject_candidacy_id,prior_candidacy_id,observed_ballot_name,election_date,represented_body,office_type,district_name,decision,identity_bridge,evidence_urls,rationale
trd_47992c69ee9f5725b8fd14533fb0c2db,toronto-trustee-2026,can_4b90bb3f92415cbeacd9c49294844657,can_fecf9325b2255a1fb53eab4315b39cb2,Rosina Bonavota,2006-11-13,toronto_city_council,councillor,Ward 15,hold,No qualifying bridge from the verified 2006/2010 historical chain to the 2026 filing was found.,https://www.toronto.ca/data/elections/candidate_list/trusteeCandidates_2026.json;https://kscheuer.wordpress.com/2010/05/26/rosina-bonavota-withdraws-ward-15/;https://www.toronto.ca/wp-content/uploads/2017/08/8f72-election-2006-clerksofficialdeclaration.pdf;https://www.toronto.ca/wp-content/uploads/2017/08/9783-election-2010-clerksofficialdeclaration.pdf;https://www.toronto.ca/wp-content/uploads/2017/08/9059-election-2014-clerksofficialdeclarationofresults.pdf;https://www.toronto.ca/wp-content/uploads/2017/08/9021-election-2014-councillor-poll-by-poll-results.pdf;https://www.toronto.ca/wp-content/uploads/2022/10/9085-FinalDeclaration-of-Results-for-the-2022-Toronto-Municipal-Election.pdf,"The independent Terra conclusion controls after checking the Luna lead, available evidence, and collision risks. Sol third-pass review: The Town Crier explicitly links 2006 to 2010 and the official result is preserved, but the new pass found no qualifying bridge to the 2026 candidate."
trd_03b648215cb05f10ad44d7cbc312bba6,toronto-trustee-2026,can_4b90bb3f92415cbeacd9c49294844657,can_345928295d205f4f9b021abe7ec36281,Rosina Bonavota,2010-10-25,toronto_catholic_district_school_board,trustee,Ward 5,hold,No qualifying bridge from the verified 2006/2010 historical chain to the 2026 filing was found.,https://www.toronto.ca/data/elections/candidate_list/trusteeCandidates_2026.json;https://kscheuer.wordpress.com/2010/05/26/rosina-bonavota-withdraws-ward-15/;https://www.toronto.ca/wp-content/uploads/2017/08/8f72-election-2006-clerksofficialdeclaration.pdf;https://www.toronto.ca/wp-content/uploads/2017/08/9783-election-2010-clerksofficialdeclaration.pdf;https://www.toronto.ca/wp-content/uploads/2017/08/9059-election-2014-clerksofficialdeclarationofresults.pdf;https://www.toronto.ca/wp-content/uploads/2017/08/9021-election-2014-councillor-poll-by-poll-results.pdf;https://www.toronto.ca/wp-content/uploads/2022/10/9085-FinalDeclaration-of-Results-for-the-2022-Toronto-Municipal-Election.pdf,"The independent Terra conclusion controls after checking the Luna lead, available evidence, and collision risks. Sol third-pass review: The Town Crier explicitly links 2010 to 2006 and the official result is preserved, but the new pass found no qualifying bridge to the 2026 candidate."
trd_aaf1c9e5873050dfb090f4c909a922cb,toronto-trustee-2026,can_4b90bb3f92415cbeacd9c49294844657,can_da0b9b406bb4561996957b73cb4c51f4,Rosina Bonavota,2014-10-27,toronto_city_council,councillor,Ward 21,hold,No qualifying current-to-prior bridge was found.,https://www.toronto.ca/data/elections/candidate_list/trusteeCandidates_2026.json;https://kscheuer.wordpress.com/2010/05/26/rosina-bonavota-withdraws-ward-15/;https://www.toronto.ca/wp-content/uploads/2017/08/8f72-election-2006-clerksofficialdeclaration.pdf;https://www.toronto.ca/wp-content/uploads/2017/08/9783-election-2010-clerksofficialdeclaration.pdf;https://www.toronto.ca/wp-content/uploads/2017/08/9059-election-2014-clerksofficialdeclarationofresults.pdf;https://www.toronto.ca/wp-content/uploads/2017/08/9021-election-2014-councillor-poll-by-poll-results.pdf;https://www.toronto.ca/wp-content/uploads/2022/10/9085-FinalDeclaration-of-Results-for-the-2022-Toronto-Municipal-Election.pdf,"The independent Terra conclusion controls after checking the Luna lead, available evidence, and collision risks. Sol third-pass review: The 2014 result and earlier historical chain remain verified, but the new pass found no qualifying bridge to the 2026 candidate."
trd_aeedf567aeef57c4a7e343a85cbf1ec6,toronto-trustee-2026,can_4b90bb3f92415cbeacd9c49294844657,can_527b6aa50eae5ddeaa910dc089da26f4,Rosina Bonavota,2022-10-24,toronto_catholic_district_school_board,trustee,Ward 9,hold,No qualifying source explicitly connects the 2022 Ward 9 candidate to the 2026 Ward 9 filer.,https://www.toronto.ca/data/elections/candidate_list/trusteeCandidates_2026.json;https://kscheuer.wordpress.com/2010/05/26/rosina-bonavota-withdraws-ward-15/;https://www.toronto.ca/wp-content/uploads/2017/08/8f72-election-2006-clerksofficialdeclaration.pdf;https://www.toronto.ca/wp-content/uploads/2017/08/9783-election-2010-clerksofficialdeclaration.pdf;https://www.toronto.ca/wp-content/uploads/2017/08/9059-election-2014-clerksofficialdeclarationofresults.pdf;https://www.toronto.ca/wp-content/uploads/2017/08/9021-election-2014-councillor-poll-by-poll-results.pdf;https://www.toronto.ca/wp-content/uploads/2022/10/9085-FinalDeclaration-of-Results-for-the-2022-Toronto-Municipal-Election.pdf;https://elections.ontarioschooltrustees.org/2022Election/Query.aspx?board=Toronto+Catholic+District+School+Board&lang=en,"The independent Terra conclusion controls after checking the Luna lead, available evidence, and collision risks. Sol third-pass review: The same ward and uncommon name are strong leads and the 2022 result is preserved, but the new pass found no qualifying identity bridge."
trd_1b42fbe7a57a5b9da485503e8c54e024,toronto-trustee-2026,can_62de67b8b5ec5d119f07221a40f6132a,can_2b781d644edf51d3b5210f32acb60c77,Renato Fallico,2022-10-24,toronto_catholic_district_school_board,trustee,Ward 9,hold,No source explicitly links the 2022 Ward 9 candidate to the certified 2026 Ward 9 filer.,https://www.toronto.ca/data/elections/candidate_list/trusteeCandidates_2026.json;https://tcdsbpublishing.escribemeetings.com/FileStream.ashx?DocumentId=32333;https://www.toronto.ca/wp-content/uploads/2022/10/9085-FinalDeclaration-of-Results-for-the-2022-Toronto-Municipal-Election.pdf;https://elections.ontarioschooltrustees.org/2022Election/Query.aspx?board=Toronto+Catholic+District+School+Board&lang=en;https://thelocal.to/ward-10-spadina-fort-york/,"The independent Terra conclusion controls after checking the Luna lead, available evidence, and collision risks. Sol third-pass review: The 2022 result, occupation, 2024 board engagement, and current filing are preserved, but Sol found no qualifying identity bridge beyond the uncommon name and recurring TCDSB context."
trd_4593168f174b5eedac25707aed54aa4a,toronto-trustee-2026,can_7aab9acba89353a7a68beeb8345c4884,can_569b3978bc4e54f5a9f25776afb05ed6,Angus Grant,2018-10-22,toronto_district_school_board,trustee,Ward 19,hold,"No current biography, contact, or prior-run statement joins the two trustee occurrences.",https://www.toronto.ca/data/elections/candidate_list/trusteeCandidates_2026.json;https://secure.toronto.ca/EFD/jsf/candidate2018/candidate_campaign_status.xhtml?campaign=15;https://www.ontario.ca/orders-in-council/oc-8552018;https://www.toronto.ca/wp-content/uploads/2018/10/97da-2018clerksofficialdeclarationofresults.pdf,"The independent Terra conclusion controls after checking the Luna lead, available evidence, and collision risks. Sol third-pass review: The 2018 candidacy and a Toronto public appointment remain verified, but no qualifying bridge to the 2026 Ward 11 filing was found."
trd_d7e0341ad0485b6aa94e996c8b0d009e,toronto-trustee-2026,can_d4c1bd7d367e520b8bbc362ec0f3fc2c,can_d6cdbb1bc2585b309b7c29d27af6aaf1,Dameon Halstead,2018-10-22,toronto_city_council,councillor,Ward 23 — Scarborough North,hold,The current domain is attributable to the 2026 filer but its Ward 23 language describes current trustee boundaries and does not claim the 2018 council run.,https://www.toronto.ca/data/elections/candidate_list/trusteeCandidates_2026.json;https://dameonhalstead.ca/donate/;https://secure.toronto.ca/EFD/jsf/candidate2018/candidate_campaign_status.xhtml?campaign=15;https://www.campaignlifecoalition.com/voting-records/view/level/councillor/province/on/id/15486/name/dameon-halstead;https://www.toronto.ca/wp-content/uploads/2018/10/97da-2018clerksofficialdeclarationofresults.pdf,"The independent Terra conclusion controls after checking the Luna lead, available evidence, and collision risks. Sol third-pass review: No qualifying bridge was found from the official 2018 occurrence to the certified 2026 candidate."
trd_ff786b46a3485b199620c66a55e4d4f5,toronto-trustee-2026,can_980559d390bb5a989f597daa3a932014,can_e1bf6aae08555be8875fb600b3800e52,Stacey Cline,2025-03-03,toronto_district_school_board,trustee,Ward 11,confirm,Terra independently verified that this canonical occurrence belongs to the certified candidate.,https://www.toronto.ca/data/elections/candidate_list/trusteeCandidates_2026.json;https://www.tdsb.on.ca/Media/ctl/Details/mid/45105/itemId/442/20250318164153;https://staceycline.ca/;https://www.toronto.ca/wp-content/uploads/2025/03/8d4b-Declaration-of-Results-Trustee-TDSB-Ward-11-By-Election.pdf,The independent Terra conclusion confirms the occurrence after checking the Luna evidence and collision risks.
trd_eceb350aba42523ea1dd40e43ac26183,toronto-trustee-2026,can_b224bbdcb6f75bf9ab2e818f00be2435,can_3ca80978d9535423bf560a3d358dcc39,John Vassal,2010-10-25,toronto_district_school_board,trustee,Ward 8,hold,Official results establish the historical Ward 8 candidate but no reliable source links that person to the 2026 Ward 6 filer.,https://www.toronto.ca/data/elections/candidate_list/trusteeCandidates_2026.json;https://www.toronto.ca/wp-content/uploads/2017/08/9783-election-2010-clerksofficialdeclaration.pdf;https://www.toronto.ca/wp-content/uploads/2017/08/9059-election-2014-clerksofficialdeclarationofresults.pdf;https://www.toronto.ca/wp-content/uploads/2018/10/97da-2018clerksofficialdeclarationofresults.pdf;https://www.toronto.ca/wp-content/uploads/2022/10/9085-FinalDeclaration-of-Results-for-the-2022-Toronto-Municipal-Election.pdf,"The independent Terra conclusion controls after checking the Luna lead, available evidence, and collision risks. Sol third-pass review: No qualifying bridge was found; the exact name and coherent historical sequence are insufficient."
trd_f22da3d774e45ce9bad6a4e4fe7c5292,toronto-trustee-2026,can_b224bbdcb6f75bf9ab2e818f00be2435,can_8b84d6731cfd5c1f9985c1ad66b9b811,John Vassal,2014-10-27,toronto_district_school_board,trustee,Ward 8,hold,Official results establish the historical Ward 8 candidate but no reliable source links that person to the 2026 Ward 6 filer.,https://www.toronto.ca/data/elections/candidate_list/trusteeCandidates_2026.json;https://www.toronto.ca/wp-content/uploads/2017/08/9783-election-2010-clerksofficialdeclaration.pdf;https://www.toronto.ca/wp-content/uploads/2017/08/9059-election-2014-clerksofficialdeclarationofresults.pdf;https://www.toronto.ca/wp-content/uploads/2018/10/97da-2018clerksofficialdeclarationofresults.pdf;https://www.toronto.ca/wp-content/uploads/2022/10/9085-FinalDeclaration-of-Results-for-the-2022-Toronto-Municipal-Election.pdf,"The independent Terra conclusion controls after checking the Luna lead, available evidence, and collision risks. Sol third-pass review: No qualifying bridge was found; the exact name and coherent historical sequence are insufficient."
trd_13bac86fdece591a81d98f38eaf9c33a,toronto-trustee-2026,can_b224bbdcb6f75bf9ab2e818f00be2435,can_3b055889396b5c4197691d7355fa6e85,John Vassal,2018-10-22,toronto_district_school_board,trustee,Ward 8,hold,Official results establish the historical Ward 8 candidate but no reliable source links that person to the 2026 Ward 6 filer.,https://www.toronto.ca/data/elections/candidate_list/trusteeCandidates_2026.json;https://www.toronto.ca/wp-content/uploads/2017/08/9783-election-2010-clerksofficialdeclaration.pdf;https://www.toronto.ca/wp-content/uploads/2017/08/9059-election-2014-clerksofficialdeclarationofresults.pdf;https://www.toronto.ca/wp-content/uploads/2018/10/97da-2018clerksofficialdeclarationofresults.pdf;https://www.toronto.ca/wp-content/uploads/2022/10/9085-FinalDeclaration-of-Results-for-the-2022-Toronto-Municipal-Election.pdf,"The independent Terra conclusion controls after checking the Luna lead, available evidence, and collision risks. Sol third-pass review: No qualifying bridge was found; the exact name and coherent historical sequence are insufficient."
trd_1fe1a0345ef75ef7b849dd63fb681a90,toronto-trustee-2026,can_b224bbdcb6f75bf9ab2e818f00be2435,can_ecb9c751999855838847c6ea154a5f85,John Vassal,2022-10-24,toronto_district_school_board,trustee,Ward 8,hold,Official results establish the historical Ward 8 candidate but no reliable source links that person to the 2026 Ward 6 filer.,https://www.toronto.ca/data/elections/candidate_list/trusteeCandidates_2026.json;https://www.toronto.ca/wp-content/uploads/2017/08/9783-election-2010-clerksofficialdeclaration.pdf;https://www.toronto.ca/wp-content/uploads/2017/08/9059-election-2014-clerksofficialdeclarationofresults.pdf;https://www.toronto.ca/wp-content/uploads/2018/10/97da-2018clerksofficialdeclarationofresults.pdf;https://www.toronto.ca/wp-content/uploads/2022/10/9085-FinalDeclaration-of-Results-for-the-2022-Toronto-Municipal-Election.pdf,"The independent Terra conclusion controls after checking the Luna lead, available evidence, and collision risks. Sol third-pass review: No qualifying bridge was found; the unofficial directory's automatic history is not sufficient."
trd_4c6abd46ddbb575fafc9aac0ff21b375,toronto-trustee-2026,can_7a668b3b98d35daa915ae28fc4204ae2,can_974620e118d459a9a5f60371cbfaf286,Malik Ahmad,2010-10-25,toronto_city_council,councillor,Ward 35,hold,"The Local joins the historical council chain, not that chain to the 2026 trustee filing.",https://www.toronto.ca/data/elections/candidate_list/trusteeCandidates_2026.json;https://thelocal.to/scarborough-southwest-by-election-candidates-2023-city-council/;https://www.toronto.ca/wp-content/uploads/2017/08/9783-election-2010-clerksofficialdeclaration.pdf;https://www.toronto.ca/wp-content/uploads/2022/10/9085-FinalDeclaration-of-Results-for-the-2022-Toronto-Municipal-Election.pdf;https://www.toronto.ca/wp-content/uploads/2023/12/94c0-Declaration-of-Results-for-the-Councillor-Ward-20-ByElection-Final.pdf,"The independent Terra conclusion controls after checking the Luna lead, available evidence, and collision risks. Sol third-pass review: Sol found no qualifying current-to-prior bridge; the only explicit 2026 history match is in an unofficial directory and contemporaneous office listings were inconsistent."
trd_2d629e762fef5ff39ae359400180c023,toronto-trustee-2026,can_7a668b3b98d35daa915ae28fc4204ae2,can_d8fd23b509175a1080507d3ad0c821ef,Malik Ahmad,2022-10-24,toronto_city_council,councillor,Ward 20 — Scarborough Southwest,hold,"The Local joins the historical council chain, not that chain to the 2026 trustee filing.",https://www.toronto.ca/data/elections/candidate_list/trusteeCandidates_2026.json;https://thelocal.to/scarborough-southwest-by-election-candidates-2023-city-council/;https://www.toronto.ca/wp-content/uploads/2017/08/9783-election-2010-clerksofficialdeclaration.pdf;https://www.toronto.ca/wp-content/uploads/2022/10/9085-FinalDeclaration-of-Results-for-the-2022-Toronto-Municipal-Election.pdf;https://www.toronto.ca/wp-content/uploads/2023/12/94c0-Declaration-of-Results-for-the-Councillor-Ward-20-ByElection-Final.pdf,"The independent Terra conclusion controls after checking the Luna lead, available evidence, and collision risks. Sol third-pass review: The 2022 council occurrence is securely linked to 2010 and 2023, but no qualifying source connects it to the certified 2026 trustee candidate."
trd_650ccf81bd695b1cbea24d4de098c117,toronto-trustee-2026,can_7a668b3b98d35daa915ae28fc4204ae2,can_99bdda3c83d358cdba248a2411c0b039,Malik Ahmad,2023-11-30,toronto_city_council,councillor,Ward 20 — Scarborough Southwest,hold,"The Local joins the historical council chain, not that chain to the 2026 trustee filing.",https://www.toronto.ca/data/elections/candidate_list/trusteeCandidates_2026.json;https://thelocal.to/scarborough-southwest-by-election-candidates-2023-city-council/;https://www.toronto.ca/wp-content/uploads/2017/08/9783-election-2010-clerksofficialdeclaration.pdf;https://www.toronto.ca/wp-content/uploads/2022/10/9085-FinalDeclaration-of-Results-for-the-2022-Toronto-Municipal-Election.pdf;https://www.toronto.ca/wp-content/uploads/2023/12/94c0-Declaration-of-Results-for-the-Councillor-Ward-20-ByElection-Final.pdf,"The independent Terra conclusion controls after checking the Luna lead, available evidence, and collision risks. Sol third-pass review: The 2023 candidate profile is a strong historical bridge, but Sol found no qualifying source that identifies the certified 2026 trustee filer as that council candidate."
trd_f0d924941876590f9d199d8e9b8de797,toronto-trustee-2026,can_3fd9bf5aab3652fc8710e2fb9b72e168,can_1a65694abfec5b478fdae17ed0b21d88,Azim Dewan,2014-10-27,toronto_district_school_board,trustee,Ward 18,hold,No qualifying current-to-prior bridge was found.,https://www.toronto.ca/data/elections/candidate_list/trusteeCandidates_2026.json;https://elections.ontarioschooltrustees.org/ResourceToolKit/2014ElectionResults/Query.aspx?board=Toronto+District+School+Board&lang=en;https://www.birchcliffnews.com/trustee-moyer-on-defensive/;https://www.toronto.ca/wp-content/uploads/2017/08/9059-election-2014-clerksofficialdeclarationofresults.pdf,"The independent Terra conclusion controls after checking the Luna lead, available evidence, and collision risks. Sol third-pass review: The 2014 result and parent-council biography remain verified, but the new pass found no qualifying bridge to the 2026 candidate."
trd_3d455dc3ed205a5db74846b4f66c39a7,toronto-trustee-2026,can_990783c8b1b75211892caa7a4326511e,can_1af27012921e50af8bcd4a4f78e81d25,Jocelyne Poirier,2025-04-28,canada_house_of_commons,mp,Beaches—East York,hold,No source links the federal candidate biography to the current trustee filing.,https://www.toronto.ca/data/elections/candidate_list/trusteeCandidates_2026.json;https://www.elections.ca/Scripts/vis/Candidates?ED=35007&EV=99&EV_TYPE=6&L=e&PAGEID=17&PROV=QC&QID=-1;https://www.elections.ca/Scripts/vis/PastResults?ED=35007&EV=65&EV_TYPE=6&L=e&PAGEID=28&PROV=ON&QID=-1;https://beachmetro.com/2025/04/15/federal-election-beaches-east-york-conservative-candidate-jocelyne-poirier-answers-our-questions/,"The independent Terra conclusion controls after checking the Luna lead, available evidence, and collision risks. Sol third-pass review: A current news candidate list added no biography or prior-run statement, so no qualifying bridge beyond same name and east-Toronto geography was found."
trd_063b330f9ca1518e923a8507c2d34575,toronto-trustee-2026,can_5f7f158aef535d02960dc4c058b3359a,can_50547111b9bd5e489393eda15a7a6cac,MARISA STERLING,2011-10-06,ontario_legislative_assembly,mpp,Toronto—Danforth,hold,"Professional sources identify the former 2011 candidate, not the 2026 trustee filer.",https://www.toronto.ca/data/elections/candidate_list/trusteeCandidates_2026.json;https://www.peo.on.ca/about-peo/council/2019-2020-council/marisa-sterling-peng-fec;https://results.elections.on.ca/api/report-groups/3/report-outputs/499/csv,"The independent Terra conclusion controls after checking the Luna lead, available evidence, and collision risks. Sol third-pass review: Sol found current engineering records and a current candidate list but no qualifying source connecting those identities; exact name alone is insufficient."
trd_af497095037657b2bd7a647d6a9281d7,toronto-trustee-2026,can_0bec302f9a5656f68d9317faf79bd81c,can_db651bb0672758849cf4f97fb3576823,Frank D'Amico,2003-11-10,toronto_district_school_board,trustee,Ward 5,reject,Terra did not find a sufficient identity bridge to the certified candidate.,https://www.toronto.ca/wp-content/uploads/2026/08/8ed9-2026-Declaration-of-Acclamation.pdf;https://www.tcdsb.org/page/board-of-trustees;https://thelocal.to/toronto-mayor-candidates-2023/;https://ckan0.cf.opendata.inter.prod-toronto.ca/dataset/96d35404-44d9-49d8-95bb-fb1e5489240d/resource/1ed53c9d-a316-465e-96ce-e72be74f8aa9/download/2003-results.zip;https://www.toronto.ca/wp-content/uploads/2017/08/9783-election-2010-clerksofficialdeclaration.pdf;https://www.toronto.ca/wp-content/uploads/2018/10/97da-2018clerksofficialdeclarationofresults.pdf,"The independent Terra conclusion controls after checking the Luna lead, available evidence, and collision risks."
trd_a9674af0b0d55556a8e174aba9a4d40d,toronto-trustee-2026,can_0bec302f9a5656f68d9317faf79bd81c,can_643ef4ba05a85a99b80f35f11b217164,Frank D'Amico,2010-10-25,toronto_catholic_district_school_board,trustee,Ward 6,confirm,Terra independently verified that this canonical occurrence belongs to the certified candidate.,https://www.toronto.ca/wp-content/uploads/2026/08/8ed9-2026-Declaration-of-Acclamation.pdf;https://www.tcdsb.org/page/board-of-trustees;https://thelocal.to/toronto-mayor-candidates-2023/;https://ckan0.cf.opendata.inter.prod-toronto.ca/dataset/96d35404-44d9-49d8-95bb-fb1e5489240d/resource/1ed53c9d-a316-465e-96ce-e72be74f8aa9/download/2003-results.zip;https://www.toronto.ca/wp-content/uploads/2017/08/9783-election-2010-clerksofficialdeclaration.pdf;https://www.toronto.ca/wp-content/uploads/2018/10/97da-2018clerksofficialdeclarationofresults.pdf,The independent Terra conclusion confirms the occurrence after checking the Luna evidence and collision risks.
trd_ae23aaf074f05e5b93c3779bec35105c,toronto-trustee-2026,can_0bec302f9a5656f68d9317faf79bd81c,can_d035d9ceab5c5838a266f98209ff2c3b,Frank D'Amico,2014-10-27,toronto_catholic_district_school_board,trustee,Ward 6,confirm,Terra independently verified that this canonical occurrence belongs to the certified candidate.,https://www.toronto.ca/wp-content/uploads/2026/08/8ed9-2026-Declaration-of-Acclamation.pdf;https://www.tcdsb.org/page/board-of-trustees;https://thelocal.to/toronto-mayor-candidates-2023/;https://ckan0.cf.opendata.inter.prod-toronto.ca/dataset/96d35404-44d9-49d8-95bb-fb1e5489240d/resource/1ed53c9d-a316-465e-96ce-e72be74f8aa9/download/2003-results.zip;https://www.toronto.ca/wp-content/uploads/2017/08/9783-election-2010-clerksofficialdeclaration.pdf;https://www.toronto.ca/wp-content/uploads/2018/10/97da-2018clerksofficialdeclarationofresults.pdf,The independent Terra conclusion confirms the occurrence after checking the Luna evidence and collision risks.
trd_df7b2409d3d0551aa82458a998a9079f,toronto-trustee-2026,can_0bec302f9a5656f68d9317faf79bd81c,can_686a839bd2c459f3bd5974baaa8ed8de,Frank D'Amico,2018-10-22,toronto_catholic_district_school_board,trustee,Ward 6,confirm,Terra independently verified that this canonical occurrence belongs to the certified candidate.,https://www.toronto.ca/wp-content/uploads/2026/08/8ed9-2026-Declaration-of-Acclamation.pdf;https://www.tcdsb.org/page/board-of-trustees;https://thelocal.to/toronto-mayor-candidates-2023/;https://ckan0.cf.opendata.inter.prod-toronto.ca/dataset/96d35404-44d9-49d8-95bb-fb1e5489240d/resource/1ed53c9d-a316-465e-96ce-e72be74f8aa9/download/2003-results.zip;https://www.toronto.ca/wp-content/uploads/2017/08/9783-election-2010-clerksofficialdeclaration.pdf;https://www.toronto.ca/wp-content/uploads/2018/10/97da-2018clerksofficialdeclarationofresults.pdf,The independent Terra conclusion confirms the occurrence after checking the Luna evidence and collision risks.
trd_da5e6eee4e03527e97c433c5dfdf9a09,toronto-trustee-2026,can_0bec302f9a5656f68d9317faf79bd81c,can_a36063df8c4a52deb9d37ad8546619a2,Frank D'Amico,2022-10-24,toronto_catholic_district_school_board,trustee,Ward 6,confirm,Terra independently verified that this canonical occurrence belongs to the certified candidate.,https://www.toronto.ca/wp-content/uploads/2026/08/8ed9-2026-Declaration-of-Acclamation.pdf;https://www.tcdsb.org/page/board-of-trustees;https://thelocal.to/toronto-mayor-candidates-2023/;https://ckan0.cf.opendata.inter.prod-toronto.ca/dataset/96d35404-44d9-49d8-95bb-fb1e5489240d/resource/1ed53c9d-a316-465e-96ce-e72be74f8aa9/download/2003-results.zip;https://www.toronto.ca/wp-content/uploads/2017/08/9783-election-2010-clerksofficialdeclaration.pdf;https://www.toronto.ca/wp-content/uploads/2018/10/97da-2018clerksofficialdeclarationofresults.pdf,The independent Terra conclusion confirms the occurrence after checking the Luna evidence and collision risks.
trd_4e140108698054d58bb3cb9442941de5,toronto-trustee-2026,can_0bec302f9a5656f68d9317faf79bd81c,can_6e420426261f5f3d9a66e8fdcc5b59e3,Frank D'Amico,2023-06-26,toronto_city_council,mayor,City of Toronto,confirm,Terra independently verified that this canonical occurrence belongs to the certified candidate.,https://www.toronto.ca/wp-content/uploads/2026/08/8ed9-2026-Declaration-of-Acclamation.pdf;https://www.tcdsb.org/page/board-of-trustees;https://thelocal.to/toronto-mayor-candidates-2023/;https://ckan0.cf.opendata.inter.prod-toronto.ca/dataset/96d35404-44d9-49d8-95bb-fb1e5489240d/resource/1ed53c9d-a316-465e-96ce-e72be74f8aa9/download/2003-results.zip;https://www.toronto.ca/wp-content/uploads/2017/08/9783-election-2010-clerksofficialdeclaration.pdf;https://www.toronto.ca/wp-content/uploads/2018/10/97da-2018clerksofficialdeclarationofresults.pdf,The independent Terra conclusion confirms the occurrence after checking the Luna evidence and collision risks.
trd_ffe013674f8153b79ec1916cef21950b,toronto-trustee-2026,can_be841f8d506757cfb0c1b93dd102e85f,can_00add64fe81e53c5b8e79b1f96215e22,Geneviève Oger,2018-10-22,conseil_scolaire_viamonde,trustee,Ward 4,confirm,Terra independently verified that this canonical occurrence belongs to the certified candidate.,https://www.toronto.ca/wp-content/uploads/2026/08/8ed9-2026-Declaration-of-Acclamation.pdf;https://viamonde-website.preprod.unimatrix.lbo.qa/viamonde/gouvernance/membres;https://csv.genevieveoger.com/2025/12/29/lettre-de-fin-dannee-2025-de-votre-conseillere-scolaire-ouest-de-toronto/;https://ckan0.cf.opendata.inter.prod-toronto.ca/dataset/96d35404-44d9-49d8-95bb-fb1e5489240d/resource/2fcd5f20-90f5-4dd0-88eb-22e978b9bf89/download/2018-results.zip;https://www.toronto.ca/wp-content/uploads/2022/08/8e0d-Declaration-of-Acclamation.pdf,The independent Terra conclusion confirms the occurrence after checking the Luna evidence and collision risks.
trd_3d51adab48e05588992426904a7e25bf,toronto-trustee-2026,can_be841f8d506757cfb0c1b93dd102e85f,can_b0d1c647178256309bb98544e892f006,Oger Geneviève,2022-10-24,conseil_scolaire_viamonde,trustee,Ward 4,confirm,Terra independently verified that this canonical occurrence belongs to the certified candidate.,https://www.toronto.ca/wp-content/uploads/2026/08/8ed9-2026-Declaration-of-Acclamation.pdf;https://viamonde-website.preprod.unimatrix.lbo.qa/viamonde/gouvernance/membres;https://csv.genevieveoger.com/2025/12/29/lettre-de-fin-dannee-2025-de-votre-conseillere-scolaire-ouest-de-toronto/;https://ckan0.cf.opendata.inter.prod-toronto.ca/dataset/96d35404-44d9-49d8-95bb-fb1e5489240d/resource/2fcd5f20-90f5-4dd0-88eb-22e978b9bf89/download/2018-results.zip;https://www.toronto.ca/wp-content/uploads/2022/08/8e0d-Declaration-of-Acclamation.pdf,The independent Terra conclusion confirms the occurrence after checking the Luna evidence and collision risks.
trd_121ca77cbe6250e8b1c32d30e65e24d2,toronto-trustee-2026,can_b9b5b55f5f265132afd62fd721c56705,can_60e9cc9420bc5c65b98f82e8b0cae750,Markus De Domenico,2018-10-22,toronto_catholic_district_school_board,trustee,Ward 2,confirm,Terra independently verified that this canonical occurrence belongs to the certified candidate.,https://www.toronto.ca/data/elections/candidate_list/trusteeCandidates_2026.json;https://www.tcdsb.org/article/1883692;https://www.toronto.ca/wp-content/uploads/2018/10/97da-2018clerksofficialdeclarationofresults.pdf;https://www.toronto.ca/wp-content/uploads/2022/10/9085-FinalDeclaration-of-Results-for-the-2022-Toronto-Municipal-Election.pdf,The independent Terra conclusion confirms the occurrence after checking the Luna evidence and collision risks.
trd_1d9cdfd7ae2650c8ac1d2d3a427b62b6,toronto-trustee-2026,can_b9b5b55f5f265132afd62fd721c56705,can_1a5a34b15e6d553ca9c9c800d009aa0e,Markus De Domenico,2022-10-24,toronto_catholic_district_school_board,trustee,Ward 2,confirm,Terra independently verified that this canonical occurrence belongs to the certified candidate.,https://www.toronto.ca/data/elections/candidate_list/trusteeCandidates_2026.json;https://www.tcdsb.org/article/1883692;https://www.toronto.ca/wp-content/uploads/2018/10/97da-2018clerksofficialdeclarationofresults.pdf;https://www.toronto.ca/wp-content/uploads/2022/10/9085-FinalDeclaration-of-Results-for-the-2022-Toronto-Municipal-Election.pdf,The independent Terra conclusion confirms the occurrence after checking the Luna evidence and collision risks.
trd_12a8b6a1fe71585d969157799872f9ed,toronto-trustee-2026,can_c43ef763892b58168e61705d887e1c97,can_61e6667ef50b5dba81dcabaa323eac00,Preti Ida Li,2018-10-22,toronto_catholic_district_school_board,trustee,Ward 3,confirm,Terra independently verified that this canonical occurrence belongs to the certified candidate.,https://www.toronto.ca/data/elections/candidate_list/trusteeCandidates_2026.json;https://www.toronto.ca/legdocs/mmis/2023/ca/bgrd/backgroundfile-230612.pdf;https://assets.tcdsb.org/TCDSB/5771356/tcdsb-budget-estimates-report-2025-2026.pdf;https://ckan0.cf.opendata.inter.prod-toronto.ca/dataset/96d35404-44d9-49d8-95bb-fb1e5489240d/resource/2fcd5f20-90f5-4dd0-88eb-22e978b9bf89/download/2018-results.zip;https://www.elections.on.ca/content/dam/NGW/sitecontent/2022/results/Vote%20Totals%20From%20Official%20Tabulation%20-%20Humber%20River%E2%80%94Black%20Creek%20041.pdf;https://ckan0.cf.opendata.inter.prod-toronto.ca/dataset/96d35404-44d9-49d8-95bb-fb1e5489240d/resource/3ad371de-7c51-45d3-9ea4-0b4efac5fc2b/download/2022-results.zip,The independent Terra conclusion confirms the occurrence after checking the Luna evidence and collision risks.
trd_471fde852b7e5428a9ec3bda1736bc47,toronto-trustee-2026,can_c43ef763892b58168e61705d887e1c97,can_d765e48c4f6a5b399272d9cd2691409a,IDA LI PRETI,2022-06-02,ontario_legislative_assembly,mpp,Humber River—Black Creek,confirm,The Ontario Liberal nomination biography and The Local explicitly identify the Humber River—Black Creek provincial candidate as the incumbent TCDSB trustee.,https://www.toronto.ca/data/elections/candidate_list/trusteeCandidates_2026.json;https://www.toronto.ca/legdocs/mmis/2023/ca/bgrd/backgroundfile-230612.pdf;https://assets.tcdsb.org/TCDSB/5771356/tcdsb-budget-estimates-report-2025-2026.pdf;https://ckan0.cf.opendata.inter.prod-toronto.ca/dataset/96d35404-44d9-49d8-95bb-fb1e5489240d/resource/2fcd5f20-90f5-4dd0-88eb-22e978b9bf89/download/2018-results.zip;https://www.elections.on.ca/content/dam/NGW/sitecontent/2022/results/Vote%20Totals%20From%20Official%20Tabulation%20-%20Humber%20River%E2%80%94Black%20Creek%20041.pdf;https://ckan0.cf.opendata.inter.prod-toronto.ca/dataset/96d35404-44d9-49d8-95bb-fb1e5489240d/resource/3ad371de-7c51-45d3-9ea4-0b4efac5fc2b/download/2022-results.zip;https://ontarioliberal.ca/humber-river-black-creek-nomination/;https://thelocal.to/ward-7-humber-river-black-creek/,"The independent Terra conclusion controls after checking the Luna lead, available evidence, and collision risks. Sol third-pass review: The new party and reputable-news biographies supply the explicit cross-office bridge missing from the earlier reviews."
trd_b329744980935833a0ab1618ab893090,toronto-trustee-2026,can_c43ef763892b58168e61705d887e1c97,can_5c3184d5ed0559e5ba6a449b1196e8dc,Preti Ida Li,2022-10-24,toronto_catholic_district_school_board,trustee,Ward 3,confirm,Terra independently verified that this canonical occurrence belongs to the certified candidate.,https://www.toronto.ca/data/elections/candidate_list/trusteeCandidates_2026.json;https://www.toronto.ca/legdocs/mmis/2023/ca/bgrd/backgroundfile-230612.pdf;https://assets.tcdsb.org/TCDSB/5771356/tcdsb-budget-estimates-report-2025-2026.pdf;https://ckan0.cf.opendata.inter.prod-toronto.ca/dataset/96d35404-44d9-49d8-95bb-fb1e5489240d/resource/2fcd5f20-90f5-4dd0-88eb-22e978b9bf89/download/2018-results.zip;https://www.elections.on.ca/content/dam/NGW/sitecontent/2022/results/Vote%20Totals%20From%20Official%20Tabulation%20-%20Humber%20River%E2%80%94Black%20Creek%20041.pdf;https://ckan0.cf.opendata.inter.prod-toronto.ca/dataset/96d35404-44d9-49d8-95bb-fb1e5489240d/resource/3ad371de-7c51-45d3-9ea4-0b4efac5fc2b/download/2022-results.zip,The independent Terra conclusion confirms the occurrence after checking the Luna evidence and collision risks.
trd_4db5f05e3a7b58ad88a129f8263a6144,toronto-trustee-2026,can_0f374e3c7faf50efad35d99d3ded7c81,can_2238ce79d371576e86872638c5dae209,Axel Arvizu,2022-10-24,toronto_city_council,councillor,Ward 11 — University-Rosedale,hold,The current campaign page does not state the 2022 council history and no archived contact bridge was found.,https://www.toronto.ca/data/elections/candidate_list/trusteeCandidates_2026.json;https://canada-info.ca/en/toronto-votes-2022-entrepreneur-axel-arvizu-joins-the-ward-11-race/;https://www.toronto.ca/wp-content/uploads/2022/10/9085-FinalDeclaration-of-Results-for-the-2022-Toronto-Municipal-Election.pdf;https://axelarvizu5.wixsite.com/axelarvizu,"The independent Terra conclusion controls after checking the Luna lead, available evidence, and collision risks. Sol third-pass review: The 2022 result and CJRU biography remain verified, but the new pass found no qualifying bridge to the 2026 candidate."
trd_9a6b4eb482925aa696cbef7a52590561,toronto-trustee-2026,can_ebe410d080165a28b82f117b6af06140,can_79d8d5cb8dae562eb7600a786290d421,Adam Golding,2022-10-24,toronto_city_council,councillor,Ward 11 — University-Rosedale,confirm,The current City filing and 2025 questionnaire share Golding's domain and email; the questionnaire explicitly calls Ward 11 his first council run.,https://nsscouncil.com/wp-content/uploads/2025/01/Adam-Golding-Responses.pdf;https://www.toronto.ca/data/elections/candidate_list/trusteeCandidates_2026.json;https://www.toronto.ca/wp-content/uploads/2022/10/9085-FinalDeclaration-of-Results-for-the-2022-Toronto-Municipal-Election.pdf;https://www.tdsb.on.ca/Leadership/Agendas-Minutes-Decisions/Type/M/Year/2025?Filename=250416.pdf;https://www.elections.ca/Scripts/vis/PastResults?ED=35112&EV=99&EV_TYPE=6&L=e&MAPID=35052&PAGEID=28&QID=-1,"The independent Terra conclusion controls after checking the Luna lead, available evidence, and collision risks. Sol third-pass review: Shared candidate-controlled identifiers bridge the certified filer to the questionnaire and its explicit claim of the 2022 occurrence."
trd_6340354c5c555d1788de7c433a87ac3d,toronto-trustee-2026,can_ebe410d080165a28b82f117b6af06140,can_ecef6b05aa3f5e97a46a1c8b2dc85b29,Adam Golding,2025-03-03,toronto_district_school_board,trustee,Ward 11,confirm,The official current filing and the dated 2025 trustee questionnaire use the same adamgolding.ca domain and campaign email.,https://nsscouncil.com/wp-content/uploads/2025/01/Adam-Golding-Responses.pdf;https://www.toronto.ca/data/elections/candidate_list/trusteeCandidates_2026.json;https://www.toronto.ca/wp-content/uploads/2022/10/9085-FinalDeclaration-of-Results-for-the-2022-Toronto-Municipal-Election.pdf;https://www.tdsb.on.ca/Leadership/Agendas-Minutes-Decisions/Type/M/Year/2025?Filename=250416.pdf;https://www.elections.ca/Scripts/vis/PastResults?ED=35112&EV=99&EV_TYPE=6&L=e&MAPID=35052&PAGEID=28&QID=-1;https://adamgolding.ca/,"The independent Terra conclusion controls after checking the Luna lead, available evidence, and collision risks. Sol third-pass review: The stable candidate-controlled contact identifiers directly connect the 2025 by-election candidate to the certified 2026 filer."
trd_06ef77177dc75313b50dff122d4f74cb,toronto-trustee-2026,can_ebe410d080165a28b82f117b6af06140,can_695eb83e3d4450eba058d5e27bd73534,Adam Golding,2025-04-28,canada_house_of_commons,mp,University—Rosedale,confirm,The City-attributed current domain identifies Golding as a University-Rosedale politician and federal sources connect that political identity and teaching occupation to the 2025 result.,https://nsscouncil.com/wp-content/uploads/2025/01/Adam-Golding-Responses.pdf;https://www.toronto.ca/data/elections/candidate_list/trusteeCandidates_2026.json;https://www.toronto.ca/wp-content/uploads/2022/10/9085-FinalDeclaration-of-Results-for-the-2022-Toronto-Municipal-Election.pdf;https://www.tdsb.on.ca/Leadership/Agendas-Minutes-Decisions/Type/M/Year/2025?Filename=250416.pdf;https://www.elections.ca/Scripts/vis/PastResults?ED=35112&EV=99&EV_TYPE=6&L=e&MAPID=35052&PAGEID=28&QID=-1;https://adamgolding.ca/;https://en.wikipedia.org/wiki/By-elections_to_the_45th_Canadian_Parliament,"The independent Terra conclusion controls after checking the Luna lead, available evidence, and collision risks. Sol third-pass review: The candidate-controlled domain corroborated by the official City filing and federal sources supplies a qualifying bridge rather than a social-profile-only match."
trd_8557d7e8d3a455acaed38aeea528d745,toronto-trustee-2026,can_eaaf331141da5743a5e9fe87cbfc73e4,can_998cf49045ae5ab0af548bbf85bc0586,Deborah Williams,2022-10-24,toronto_district_school_board,trustee,Ward 10,confirm,Terra independently verified that this canonical occurrence belongs to the certified candidate.,https://elections.ontarioschooltrustees.org/2022Election/Query.aspx?board=Toronto+District+School+Board&lang=en;https://www.tdsb.on.ca/About-Us/Strategy-Planning/Search-All-Reviews/id/179;https://tdsbwwwtst.tdsb.on.ca/Find-your/Schools/schno/5271;https://www.toronto.ca/wp-content/uploads/2022/10/9085-FinalDeclaration-of-Results-for-the-2022-Toronto-Municipal-Election.pdf;https://www.toronto.ca/data/elections/candidate_list/trusteeCandidates_2026.json,The independent Terra conclusion confirms the occurrence after checking the Luna evidence and collision risks.
trd_4a42779bc2525d1eb49f962fbc1b150a,toronto-trustee-2026,can_e51ffe35a51f5794b51c81ab5ad77cbc,can_e92d7a7ea70155f3aed30b95bce0a393,Teresa Lubinski,2018-10-22,toronto_catholic_district_school_board,trustee,Ward 4,confirm,Terra independently verified that this canonical occurrence belongs to the certified candidate.,https://www.tcdsb.org/page/ward-4-parkdale-high-park-etobicoke-lakeshore;https://assets.tcdsb.org/TCDSB/5860387/ward-4-june-2025-newsletter.pdf;https://assets.tcdsb.org/nurturingourcatholiccommunity/2376050/faith-talk-digital-scrapbook.pdf;https://www.toronto.ca/wp-content/uploads/2018/10/97da-2018clerksofficialdeclarationofresults.pdf;https://www.toronto.ca/wp-content/uploads/2022/10/9085-FinalDeclaration-of-Results-for-the-2022-Toronto-Municipal-Election.pdf;https://www.toronto.ca/data/elections/candidate_list/trusteeCandidates_2026.json,The independent Terra conclusion confirms the occurrence after checking the Luna evidence and collision risks.
trd_a35c5453dd63563092d95df765a41abe,toronto-trustee-2026,can_e51ffe35a51f5794b51c81ab5ad77cbc,can_ad899be19f1b5edda69a263eabc60032,Teresa Lubinski,2022-10-24,toronto_catholic_district_school_board,trustee,Ward 4,confirm,Terra independently verified that this canonical occurrence belongs to the certified candidate.,https://www.tcdsb.org/page/ward-4-parkdale-high-park-etobicoke-lakeshore;https://assets.tcdsb.org/TCDSB/5860387/ward-4-june-2025-newsletter.pdf;https://assets.tcdsb.org/nurturingourcatholiccommunity/2376050/faith-talk-digital-scrapbook.pdf;https://www.toronto.ca/wp-content/uploads/2018/10/97da-2018clerksofficialdeclarationofresults.pdf;https://www.toronto.ca/wp-content/uploads/2022/10/9085-FinalDeclaration-of-Results-for-the-2022-Toronto-Municipal-Election.pdf;https://www.toronto.ca/data/elections/candidate_list/trusteeCandidates_2026.json,The independent Terra conclusion confirms the occurrence after checking the Luna evidence and collision risks.
trd_baf28bf1fb735211b1dd2dd024a46348,toronto-trustee-2026,can_607efb391571594e977ad02672037327,can_35cdc6b5a9e454dc8309a7593078020c,Darren Frake,2022-10-24,toronto_district_school_board,trustee,Ward 20,hold,Only an unaffiliated directory explicitly matches the 2022 result to the 2026 entry.,https://thelocal.to/ward-22-scarborough-agincourt/;https://www.toronto.ca/data/elections/candidate_list/trusteeCandidates_2026.json;https://elections.ontarioschooltrustees.org/2022Election/Query.aspx?board=Toronto+District+School+Board&lang=en;https://ckan0.cf.opendata.inter.prod-toronto.ca/dataset/96d35404-44d9-49d8-95bb-fb1e5489240d/resource/3ad371de-7c51-45d3-9ea4-0b4efac5fc2b/download/2022-results.zip,"The independent Terra conclusion controls after checking the Luna lead, available evidence, and collision risks. Sol third-pass review: The official result and 2022 principal biography are preserved, but Sol found no qualifying candidate-controlled, official, institutional, or reputable-news bridge to 2026."
trd_3829b102c96250aa8d65085af9ee072c,toronto-trustee-2026,can_5b869f11c2e7501e8360fe5110cb4c1e,can_9f0db0a8b2ec58159a917552d59e33ca,Gary Mcbean,2014-10-27,toronto_city_council,mayor,City of Toronto,hold,No biography or archived campaign source links the mayoral and trustee candidates.,https://www.toronto.ca/data/elections/candidate_list/trusteeCandidates_2026.json;https://www.toronto.ca/wp-content/uploads/2017/08/9059-election-2014-clerksofficialdeclarationofresults.pdf,"The independent Terra conclusion controls after checking the Luna lead, available evidence, and collision risks. Sol third-pass review: Sol found no qualifying bridge beyond the uncommon exact name; the twelve-year cross-office gap remains unresolved."
trd_27c4abab60835c09875826343c8bd5b8,toronto-trustee-2026,can_c9f5d329538656ab8517f5c70c4b6939,can_ebc1a28a03dd5e76b43d36e8285a9be1,Anu Sriskandarajah,2018-10-22,toronto_district_school_board,trustee,Ward 22,confirm,Terra independently verified that this canonical occurrence belongs to the certified candidate.,https://tdsbwwwtst.tdsb.on.ca/Portals/0/docs/Trustees_2018-2022.pdf;https://secure.toronto.ca/pa/member/5735.do;https://pub-tdsb.escribemeetings.com/Meeting.aspx?Agenda=Agenda&Id=fa9fe8e1-78d3-4b34-bd73-79c77e90b923&lang=English;https://elections.ontarioschooltrustees.org/ResourceToolKit/2018Election/Query.aspx?board=Toronto+District+School+Board&lang=en;https://elections.ontarioschooltrustees.org/2022Election/Query.aspx?board=Toronto+District+School+Board&lang=en;https://www.toronto.ca/wp-content/uploads/2025/09/97f1-Declaration-of-Results-Councillor-Ward-25-By-election.pdf,The independent Terra conclusion confirms the occurrence after checking the Luna evidence and collision risks.
trd_1dc277945f6d5646af6b2b9ea4421c58,toronto-trustee-2026,can_c9f5d329538656ab8517f5c70c4b6939,can_541a4a3ffff1502ca1432322205bed36,Anu Sriskandarajah,2022-10-24,toronto_district_school_board,trustee,Ward 22,confirm,Terra independently verified that this canonical occurrence belongs to the certified candidate.,https://tdsbwwwtst.tdsb.on.ca/Portals/0/docs/Trustees_2018-2022.pdf;https://secure.toronto.ca/pa/member/5735.do;https://pub-tdsb.escribemeetings.com/Meeting.aspx?Agenda=Agenda&Id=fa9fe8e1-78d3-4b34-bd73-79c77e90b923&lang=English;https://elections.ontarioschooltrustees.org/ResourceToolKit/2018Election/Query.aspx?board=Toronto+District+School+Board&lang=en;https://elections.ontarioschooltrustees.org/2022Election/Query.aspx?board=Toronto+District+School+Board&lang=en;https://www.toronto.ca/wp-content/uploads/2025/09/97f1-Declaration-of-Results-Councillor-Ward-25-By-election.pdf,The independent Terra conclusion confirms the occurrence after checking the Luna evidence and collision risks.
trd_498104f5b4b55c10bfbb0736a6e23811,toronto-trustee-2026,can_c9f5d329538656ab8517f5c70c4b6939,can_77360db1d61055b1862abdad17f5e03c,Anu Sriskandarajah,2025-09-29,toronto_city_council,councillor,Ward 25 — Scarborough-Rouge Park,confirm,Terra independently verified that this canonical occurrence belongs to the certified candidate.,https://tdsbwwwtst.tdsb.on.ca/Portals/0/docs/Trustees_2018-2022.pdf;https://secure.toronto.ca/pa/member/5735.do;https://pub-tdsb.escribemeetings.com/Meeting.aspx?Agenda=Agenda&Id=fa9fe8e1-78d3-4b34-bd73-79c77e90b923&lang=English;https://elections.ontarioschooltrustees.org/ResourceToolKit/2018Election/Query.aspx?board=Toronto+District+School+Board&lang=en;https://elections.ontarioschooltrustees.org/2022Election/Query.aspx?board=Toronto+District+School+Board&lang=en;https://www.toronto.ca/wp-content/uploads/2025/09/97f1-Declaration-of-Results-Councillor-Ward-25-By-election.pdf,The independent Terra conclusion confirms the occurrence after checking the Luna evidence and collision risks.
trd_9fcb11b159685fc994a4f827c924e327,toronto-trustee-2026,can_50bb1753ca4b578ca50b7ae0fc5a3cb1,can_2b662dfcd78d5c699d9712ef34354e66,Sherri-Anne Williams,2014-10-27,toronto_city_council,councillor,Ward 42,hold,No source states that Sherri Williams used Sherri-Anne Williams on the 2014 ballot.,https://www.toronto.ca/data/elections/candidate_list/trusteeCandidates_2026.json;https://circlelandtrust.ca/ourteam/;https://www.toronto.ca/wp-content/uploads/2017/08/9059-election-2014-clerksofficialdeclarationofresults.pdf,"The independent Terra conclusion controls after checking the Luna lead, available evidence, and collision risks. Sol third-pass review: The current community biography and official 2014 result remain separate; no qualifying bridge resolving the middle-name difference was found."
trd_36de8aabbfe453148f0b021a6ac7e806,toronto-trustee-2026,can_d1935130d0db55959dd7c5c1988ba9b3,can_b9b948ae125554339de7357ab435f00d,Alexis Dawson,2022-10-24,toronto_district_school_board,trustee,Ward 9,confirm,Terra independently verified that this canonical occurrence belongs to the certified candidate.,https://www.tdsb.on.ca/About-Us/Strategy-Planning/Search-All-Reviews/id/154;https://pub-tdsb.escribemeetings.com/FileStream.ashx?DocumentId=19358;https://www.toronto.ca/data/elections/candidate_list/trusteeCandidates_2026.json;https://www.toronto.ca/wp-content/uploads/2022/10/9085-FinalDeclaration-of-Results-for-the-2022-Toronto-Municipal-Election.pdf,The independent Terra conclusion confirms the occurrence after checking the Luna evidence and collision risks.
trd_3e36528c6da5541db89df4e9083d32bb,toronto-trustee-2026,can_d6ebf240b3f35a67acc9e1ffc80d4ddf,can_7752ea624d635ba183ddb3d3df71652e,Andrew Waters,2010-10-25,toronto_district_school_board,trustee,Ward 9,hold,Later TDSB and Ward 9 activity is compatible but no source says the certified 2026 candidate was the 2010 Ward 9 candidate.,https://www.tdsb.on.ca/Leadership/Agendas-Minutes-Decisions/Type/M/Year/2025?Filename=250416.pdf;https://www.tdsb.on.ca/Portals/0/CommitteesMeetings/47414/2025-12-16/PIAC%20Membership%20WG%20Report%202025.12.16%20EA.pdf;https://www.toronto.ca/data/elections/candidate_list/trusteeCandidates_2026.json;https://www.toronto.ca/wp-content/uploads/2017/08/9783-election-2010-clerksofficialdeclaration.pdf,"The independent Terra conclusion controls after checking the Luna lead, available evidence, and collision risks. Sol third-pass review: No qualifying bridge was found for the 2010 occurrence; name and later community activity are insufficient."
trd_2d62cb05309c5b59ac4878148e05a66d,toronto-trustee-2026,can_d6ebf240b3f35a67acc9e1ffc80d4ddf,can_196ef149d4b55aa390997a641054fea2,Andrew Waters,2025-03-03,toronto_district_school_board,trustee,Ward 11,confirm,The official 2026 filing and the 2025 candidate questionnaire share andrewwaters.ca and candidate@andrewwaters.ca.,https://www.tdsb.on.ca/Leadership/Agendas-Minutes-Decisions/Type/M/Year/2025?Filename=250416.pdf;https://www.tdsb.on.ca/Portals/0/CommitteesMeetings/47414/2025-12-16/PIAC%20Membership%20WG%20Report%202025.12.16%20EA.pdf;https://www.toronto.ca/data/elections/candidate_list/trusteeCandidates_2026.json;https://www.toronto.ca/wp-content/uploads/2017/08/9783-election-2010-clerksofficialdeclaration.pdf;https://www.andrewwaters.ca/;https://nsscouncil.com/wp-content/uploads/2025/02/NSSC-Questions-Andrew-Waters.pdf,"The independent Terra conclusion controls after checking the Luna lead, available evidence, and collision risks. Sol third-pass review: The stable candidate-controlled domain and email directly connect the certified filer to the official 2025 by-election occurrence."
trd_e60ca6fe50f45bc790e5cb9df3df46b5,toronto-trustee-2026,can_d4ab584a9bbd5256acfef42edaf29d1e,can_c37933fd477b5629ad64460e91bbbef5,Gianfranco Cristiano,2018-10-22,toronto_catholic_district_school_board,trustee,Ward 5,hold,The Local explicitly joins the 2018 and 2022 historical campaigns but no source links that historical person to the 2026 filing.,https://www.gianfrancocristiano.com/;https://www.labourcouncil.ca/2022-municipal-election/;https://www.toronto.ca/wp-content/uploads/2018/10/97da-2018clerksofficialdeclarationofresults.pdf;https://www.toronto.ca/wp-content/uploads/2022/10/9085-FinalDeclaration-of-Results-for-the-2022-Toronto-Municipal-Election.pdf;https://thelocal.to/ward-6-york-centre/;https://www.toronto.ca/data/elections/candidate_list/trusteeCandidates_2026.json,"The independent Terra conclusion controls after checking the Luna lead, available evidence, and collision risks. Sol third-pass review: No qualifying bridge was found from the established historical chain to the certified 2026 candidate."
trd_4d414595d60d594e9d72212677350d90,toronto-trustee-2026,can_d4ab584a9bbd5256acfef42edaf29d1e,can_64ed3984473f53eab04717cd9ff09d7e,Gianfranco Cristiano,2022-10-24,toronto_catholic_district_school_board,trustee,Ward 5,hold,The campaign and Labour sources establish the 2022 occurrence but no source links that historical person to the 2026 filing.,https://www.gianfrancocristiano.com/;https://www.labourcouncil.ca/2022-municipal-election/;https://www.toronto.ca/wp-content/uploads/2018/10/97da-2018clerksofficialdeclarationofresults.pdf;https://www.toronto.ca/wp-content/uploads/2022/10/9085-FinalDeclaration-of-Results-for-the-2022-Toronto-Municipal-Election.pdf;https://www.toronto.ca/data/elections/candidate_list/trusteeCandidates_2026.json,"The independent Terra conclusion controls after checking the Luna lead, available evidence, and collision risks. Sol third-pass review: No qualifying bridge was found from the established historical chain to the certified 2026 candidate."
trd_bf1e350ff68258239a0ff74972f8f048,toronto-trustee-2026,can_bcfeb2fa3b35551290bbd95e4de965b1,can_6174f0edf53857cfa038bb7cd77d9ab4,Maria Rizzo,2003-11-10,toronto_catholic_district_school_board,trustee,Ward 5,confirm,Terra independently verified that this canonical occurrence belongs to the certified candidate.,https://www.tcdsb.org/page/ward-5-north-york;https://www.toronto.ca/data/elections/candidate_list/trusteeCandidates_2026.json;https://www.toronto.ca/city-government/elections/election-results-reports/election-results/general-election-results/,The independent Terra conclusion confirms the occurrence after checking the Luna evidence and collision risks.
trd_5c3836dce32952a7912818b59bda9c7b,toronto-trustee-2026,can_bcfeb2fa3b35551290bbd95e4de965b1,can_da4dfb33dd805a20a24c29da67639008,Maria Rizzo,2006-11-13,toronto_catholic_district_school_board,trustee,Ward 5,confirm,Terra independently verified that this canonical occurrence belongs to the certified candidate.,https://www.tcdsb.org/page/ward-5-north-york;https://www.toronto.ca/data/elections/candidate_list/trusteeCandidates_2026.json;https://www.toronto.ca/city-government/elections/election-results-reports/election-results/general-election-results/,The independent Terra conclusion confirms the occurrence after checking the Luna evidence and collision risks.
trd_754d436bd9f55e428a242017da9879e2,toronto-trustee-2026,can_bcfeb2fa3b35551290bbd95e4de965b1,can_a8f58a0dbfcd5094841787f63d4029fe,Maria Rizzo,2010-10-25,toronto_catholic_district_school_board,trustee,Ward 5,confirm,Terra independently verified that this canonical occurrence belongs to the certified candidate.,https://www.tcdsb.org/page/ward-5-north-york;https://www.toronto.ca/data/elections/candidate_list/trusteeCandidates_2026.json;https://www.toronto.ca/city-government/elections/election-results-reports/election-results/general-election-results/,The independent Terra conclusion confirms the occurrence after checking the Luna evidence and collision risks.
trd_0eee4876d2b15db5b9eb306ba08c2d88,toronto-trustee-2026,can_bcfeb2fa3b35551290bbd95e4de965b1,can_fff1d15b3b6c55bc80ba31df065a86a3,Maria Rizzo,2014-10-27,toronto_catholic_district_school_board,trustee,Ward 5,confirm,Terra independently verified that this canonical occurrence belongs to the certified candidate.,https://www.tcdsb.org/page/ward-5-north-york;https://www.toronto.ca/data/elections/candidate_list/trusteeCandidates_2026.json;https://www.toronto.ca/city-government/elections/election-results-reports/election-results/general-election-results/,The independent Terra conclusion confirms the occurrence after checking the Luna evidence and collision risks.
trd_8d30f2e0d40a5239923a8164f6c307dc,toronto-trustee-2026,can_bcfeb2fa3b35551290bbd95e4de965b1,can_d7a1c3e6049f5ddf9d210c0a209eabf0,Maria Rizzo,2018-10-22,toronto_catholic_district_school_board,trustee,Ward 5,confirm,Terra independently verified that this canonical occurrence belongs to the certified candidate.,https://www.tcdsb.org/page/ward-5-north-york;https://www.toronto.ca/data/elections/candidate_list/trusteeCandidates_2026.json;https://www.toronto.ca/city-government/elections/election-results-reports/election-results/general-election-results/,The independent Terra conclusion confirms the occurrence after checking the Luna evidence and collision risks.
trd_3c56b931e89a5bb0a35db1951e3b6b9c,toronto-trustee-2026,can_bcfeb2fa3b35551290bbd95e4de965b1,can_7d3ab8fc934c55baaafe77f9832d48a1,Maria Rizzo,2022-10-24,toronto_catholic_district_school_board,trustee,Ward 5,confirm,Terra independently verified that this canonical occurrence belongs to the certified candidate.,https://www.tcdsb.org/page/ward-5-north-york;https://www.toronto.ca/data/elections/candidate_list/trusteeCandidates_2026.json;https://www.toronto.ca/city-government/elections/election-results-reports/election-results/general-election-results/,The independent Terra conclusion confirms the occurrence after checking the Luna evidence and collision risks.
trd_681f9e34c3b1522e98a2b44118004673,toronto-trustee-2026,can_87691f4eaa3b5fad89bc09b6719b79e5,can_04e8be326c9e5e3c81eb1488c6321d64,Christopher Mammoliti,2018-10-22,toronto_district_school_board,trustee,Ward 4,confirm,The candidate-controlled 2026 Ward 9 biography explicitly says Mammoliti previously served as TDSB trustee and vice-chair.,https://emeryvillagevoice.ca/Meet-Your-Ward-7-Humber-River---Black-Creek-2022-election-candidates;https://www.toronto.ca/wp-content/uploads/2018/10/97da-2018clerksofficialdeclarationofresults.pdf;https://www.toronto.ca/wp-content/uploads/2022/10/9085-FinalDeclaration-of-Results-for-the-2022-Toronto-Municipal-Election.pdf;https://www.mammolitifortrustee.ca/;https://www.senecapolytechnic.ca/pathways/successbeyond/christopher-mammoliti.html,"The independent Terra conclusion controls after checking the Luna lead, available evidence, and collision risks. Sol third-pass review: The current campaign directly claims the former trustee service and repeats distinctive Seneca and public-service biography corroborated by institutional and official records."
trd_e37bfe3f85ee5fedb58e6f30e4ad0e33,toronto-trustee-2026,can_87691f4eaa3b5fad89bc09b6719b79e5,can_910c3031a66e5d91978ea8cb4b25fd15,Christopher Mammoliti,2022-10-24,toronto_city_council,councillor,Ward 7 — Humber River-Black Creek,confirm,CityNews identifies the 2022 council candidate as the same four-year TDSB trustee and former vice-chair described by the current campaign.,https://emeryvillagevoice.ca/Meet-Your-Ward-7-Humber-River---Black-Creek-2022-election-candidates;https://www.toronto.ca/wp-content/uploads/2018/10/97da-2018clerksofficialdeclarationofresults.pdf;https://www.toronto.ca/wp-content/uploads/2022/10/9085-FinalDeclaration-of-Results-for-the-2022-Toronto-Municipal-Election.pdf;https://www.mammolitifortrustee.ca/;https://toronto.citynews.ca/2022/08/09/mammoliti-son-toronto-council/,"The independent Terra conclusion controls after checking the Luna lead, available evidence, and collision risks. Sol third-pass review: The current campaign bridges to the trustee identity and contemporaneous reputable reporting bridges that same trustee identity to the 2022 council occurrence."
trd_04f9d9bd3469510e90f3f01c71c76883,toronto-trustee-2026,can_225459bb53e25835a16c1731cd216699,can_1250114a2cf25726899b619d8c88eadb,Bill Wu,2022-10-24,toronto_city_council,councillor,Ward 22 — Scarborough-Agincourt,hold,Only an unofficial directory asserts the 2022-to-2026 identity connection.,https://www.toronto.ca/data/elections/candidate_list/trusteeCandidates_2026.json;https://www.toronto.ca/wp-content/uploads/2022/10/9085-FinalDeclaration-of-Results-for-the-2022-Toronto-Municipal-Election.pdf;https://thelocal.to/ward-22-scarborough-agincourt/;https://toronto-candidates.netlify.app/candidate/bill-wu/,"The independent Terra conclusion controls after checking the Luna lead, available evidence, and collision risks. Sol third-pass review: The official result and The Local's 2022 biography are preserved, but the new pass found no qualifying current-to-prior bridge."
trd_269e871946675f66baa58f057f49feeb,toronto-trustee-2026,can_b400c405df765e08a0a6a8644aaa701d,can_ed88fc23b9425ac99ca0b853af838db9,Sonny Yeung,2003-11-10,toronto_city_council,councillor,Ward 41,confirm,Terra independently verified that this canonical occurrence belongs to the certified candidate.,https://frightlibrary.org/sonny2022/sonny/sonnyindex.htm;https://elections.ontarioschooltrustees.org/ResourceToolKit/2018Election/Query.aspx?board=Toronto+District+School+Board&lang=en,The independent Terra conclusion confirms the occurrence after checking the Luna evidence and collision risks.
trd_5e0d1671810e5194bef7fa84cae893f1,toronto-trustee-2026,can_b400c405df765e08a0a6a8644aaa701d,can_7e7c0f302306571e925c05f0838186d2,Sonny Yeung,2006-11-13,toronto_city_council,councillor,Ward 41,confirm,Terra independently verified that this canonical occurrence belongs to the certified candidate.,https://frightlibrary.org/sonny2022/sonny/sonnyindex.htm;https://elections.ontarioschooltrustees.org/ResourceToolKit/2018Election/Query.aspx?board=Toronto+District+School+Board&lang=en,The independent Terra conclusion confirms the occurrence after checking the Luna evidence and collision risks.
trd_45c1cdd21d1d5e9faeb72ce0a18f77a2,toronto-trustee-2026,can_b400c405df765e08a0a6a8644aaa701d,can_ce134c1d404e52f4bb9c9792b42c9b6d,Sonny Yeung,2010-10-25,toronto_district_school_board,trustee,Ward 22,confirm,Terra independently verified that this canonical occurrence belongs to the certified candidate.,https://frightlibrary.org/sonny2022/sonny/sonnyindex.htm;https://elections.ontarioschooltrustees.org/ResourceToolKit/2018Election/Query.aspx?board=Toronto+District+School+Board&lang=en,The independent Terra conclusion confirms the occurrence after checking the Luna evidence and collision risks.
trd_f1e4cd6b5ab85c52b0954fbe68227fec,toronto-trustee-2026,can_b400c405df765e08a0a6a8644aaa701d,can_44b8ec49d1a45caab718e7dc4fd95db7,Sonny Yeung,2014-10-27,toronto_district_school_board,trustee,Ward 17,confirm,Terra independently verified that this canonical occurrence belongs to the certified candidate.,https://frightlibrary.org/sonny2022/sonny/sonnyindex.htm;https://elections.ontarioschooltrustees.org/ResourceToolKit/2018Election/Query.aspx?board=Toronto+District+School+Board&lang=en,The independent Terra conclusion confirms the occurrence after checking the Luna evidence and collision risks.
trd_589ee9cf3af9518680ad9160677d2e73,toronto-trustee-2026,can_b400c405df765e08a0a6a8644aaa701d,can_e1b864c3643b5780824b9769e9447f40,Sonny Yeung,2016-01-25,toronto_district_school_board,trustee,Ward 21,confirm,Terra independently verified that this canonical occurrence belongs to the certified candidate.,https://frightlibrary.org/sonny2022/sonny/sonnyindex.htm;https://elections.ontarioschooltrustees.org/ResourceToolKit/2018Election/Query.aspx?board=Toronto+District+School+Board&lang=en,The independent Terra conclusion confirms the occurrence after checking the Luna evidence and collision risks.
trd_6261e9896ee95f3696a079df99213a5e,toronto-trustee-2026,can_b400c405df765e08a0a6a8644aaa701d,can_ca8e557c288c5659952783442a6ae5cf,Sonny Yeung,2018-10-22,toronto_district_school_board,trustee,Ward 21,confirm,Terra independently verified that this canonical occurrence belongs to the certified candidate.,https://frightlibrary.org/sonny2022/sonny/sonnyindex.htm;https://elections.ontarioschooltrustees.org/ResourceToolKit/2018Election/Query.aspx?board=Toronto+District+School+Board&lang=en,The independent Terra conclusion confirms the occurrence after checking the Luna evidence and collision risks.
trd_5a8e54d034015b9dbbd98fc8a405e3c6,toronto-trustee-2026,can_b400c405df765e08a0a6a8644aaa701d,can_954adcc8a9135c0bb50376cb984f1637,Sonny Yeung,2022-10-24,toronto_district_school_board,trustee,Ward 21,confirm,Terra independently verified that this canonical occurrence belongs to the certified candidate.,https://frightlibrary.org/sonny2022/sonny/sonnyindex.htm;https://elections.ontarioschooltrustees.org/ResourceToolKit/2018Election/Query.aspx?board=Toronto+District+School+Board&lang=en,The independent Terra conclusion confirms the occurrence after checking the Luna evidence and collision risks.
trd_e3a28bfca2b05f8693733f70ae65ffce,toronto-trustee-2026,can_b400c405df765e08a0a6a8644aaa701d,can_e5ec806be72e5a7fa12c136c5ebe3354,Sonny Yeung,2025-03-03,toronto_district_school_board,trustee,Ward 11,confirm,Terra independently verified that this canonical occurrence belongs to the certified candidate.,https://frightlibrary.org/sonny2022/sonny/sonnyindex.htm;https://elections.ontarioschooltrustees.org/ResourceToolKit/2018Election/Query.aspx?board=Toronto+District+School+Board&lang=en,The independent Terra conclusion confirms the occurrence after checking the Luna evidence and collision risks.
trd_b99785a8d69150bea482ad99aa16ad3b,toronto-trustee-2026,can_b400c405df765e08a0a6a8644aaa701d,can_fa9c637a84aa5e7dada0277080207ead,Sonny Yeung,2012-02-27,toronto_district_school_board,trustee,Ward 20,hold,Contemporary 2012 and 2018 reports share the bilingual name 楊天明 (Sonny Yeung) but do not explicitly identify one person.,https://frightlibrary.org/sonny2022/sonny/sonnyindex.htm;https://elections.ontarioschooltrustees.org/ResourceToolKit/2018Election/Query.aspx?board=Toronto+District+School+Board&lang=en;https://www.toronto.ca/wp-content/uploads/2017/08/967f-2012-byelection-tdsb-ward17-ward20-declarationofresults.pdf;https://www.epochtimes.com/b5/12/2/28/n3525091.htm;https://www.epochtimes.com/b5/18/9/5/n10693720.htm,"The independent Terra conclusion controls after checking the Luna lead, available evidence, and collision risks. Sol third-pass review: The bilingual-name match strengthens the lead and rejects unrelated Hong Kong collisions, but no qualifying biographical or explicit bridge was found."
trd_cf7be343051d51b6b2f416232ea07add,toronto-trustee-2026,can_d408d29fb4c353eb9f90086e7df9836c,can_d67e11727b1451fb9274cdd1ca9a1c2a,Antonius Clarke,2010-10-25,toronto_city_council,councillor,Ward 8,hold,The official records share an uncommon exact name but provide no cross-occurrence identity statement.,https://www.toronto.ca/city-government/elections/past-election-information/2010-election/;https://www.toronto.ca/data/elections/candidate_list/trusteeCandidates_2026.json,"The independent Terra conclusion controls after checking the Luna lead, available evidence, and collision risks. Sol third-pass review: No qualifying bridge was found; name equality alone is insufficient and no evidence supports rejection."
trd_2a467de2ec895c8ea8574884956384e0,toronto-trustee-2026,can_3224e16ce5535e459bc5e4b8f8214aff,can_88cdf83e269e5d979b74ec3a900169f1,Matias de Dovitiis,2021-09-20,canada_house_of_commons,mp,Humber River—Black Creek,confirm,Terra independently verified that this canonical occurrence belongs to the certified candidate.,https://www.tdsb.on.ca/Portals/0/docs/2024%20-%2009%20-%20Trustee%20report.pdf,The independent Terra conclusion confirms the occurrence after checking the Luna evidence and collision risks.
trd_bf9ac1f28633512da2bcc24bfdafc23b,toronto-trustee-2026,can_3224e16ce5535e459bc5e4b8f8214aff,can_b24bddf41ee8563aa8ec49eab0492a17,Matias De Dovitiis,2022-10-24,toronto_district_school_board,trustee,Ward 4,confirm,Terra independently verified that this canonical occurrence belongs to the certified candidate.,https://www.tdsb.on.ca/Portals/0/docs/2024%20-%2009%20-%20Trustee%20report.pdf,The independent Terra conclusion confirms the occurrence after checking the Luna evidence and collision risks.
trd_2514b855215851a1be7551e6d3ed8261,toronto-trustee-2026,can_3224e16ce5535e459bc5e4b8f8214aff,can_a4ebaa390a465a239bebb6822534ccd3,Matias de Dovitiis,2025-04-28,canada_house_of_commons,mp,Humber River—Black Creek,confirm,Terra independently verified that this canonical occurrence belongs to the certified candidate.,https://www.tdsb.on.ca/Portals/0/docs/2024%20-%2009%20-%20Trustee%20report.pdf,The independent Terra conclusion confirms the occurrence after checking the Luna evidence and collision risks.
trd_9c96492fabb852f29860c1e040416a69,toronto-trustee-2026,can_3224e16ce5535e459bc5e4b8f8214aff,can_a24cf2e21a8656bb9c3ab4c7c135caf1,Matias De Dovitiis,2014-10-27,toronto_district_school_board,trustee,Ward 4,confirm,The official 2014 archive and official 2026 feed point to the same candidate domain; archived and current biographies repeat distinctive life and community-work facts.,https://www.tdsb.on.ca/Portals/0/docs/2024%20-%2009%20-%20Trustee%20report.pdf;https://www.toronto.ca/data/elections/candidate_list/trusteeCandidates_2026.json;https://elections.ontarioschooltrustees.org/ResourceToolKit/2014ElectionResults/Query.aspx?board=Toronto+District+School+Board&lang=en;https://www.matiasdedovitiis.ca/about,"The independent Terra conclusion controls after checking the Luna lead, available evidence, and collision risks. Sol third-pass review: The new pass bridges the verified 2014 Ward 4 occurrence to the 2026 candidate through the same candidate-controlled domain and matching detailed biography."
trd_3729bb74faf257c9beee1eff1b273dbb,toronto-trustee-2026,can_3224e16ce5535e459bc5e4b8f8214aff,can_7b48e33d718e5d10885d66a8e2cbf866,Matias De Dovitiis,2018-10-22,toronto_district_school_board,trustee,Ward 4,confirm,The official 2018 archive and official 2026 feed both publish matiasdedovitiis.ca for the candidate.,https://www.tdsb.on.ca/Portals/0/docs/2024%20-%2009%20-%20Trustee%20report.pdf;https://www.toronto.ca/data/elections/candidate_list/trusteeCandidates_2026.json;https://elections.ontarioschooltrustees.org/ResourceToolKit/2018Election/Query.aspx?board=Toronto+District+School+Board&lang=en;https://www.matiasdedovitiis.ca/about;https://www.toronto.ca/wp-content/uploads/2018/10/97da-2018clerksofficialdeclarationofresults.pdf,"The independent Terra conclusion controls after checking the Luna lead, available evidence, and collision risks. Sol third-pass review: The new pass supplies an official contact-domain bridge from the verified 2018 Ward 4 occurrence to the 2026 candidate."
trd_ed99da3c90e75aae98b8226c0243bc48,toronto-trustee-2026,can_2f91a36290e058ea8f377bacce7ea2ff,can_29b93507076d5b0f91b874e85c6d47ab,Dennis Hastings,2018-10-22,toronto_catholic_district_school_board,trustee,Ward 12,confirm,Terra independently verified that this canonical occurrence belongs to the certified candidate.,https://elections.ontarioschooltrustees.org/ResourceToolKit/2018Election/Query.aspx?board=Toronto+Catholic+District+School+Board&lang=en;https://www.tdsb.on.ca/About-Us/CEO/Learning-Centre-Model;https://educationactiontoronto.com/articles/tdsbs-new-trustees-what-are-their-views-on-issues/,The independent Terra conclusion confirms the occurrence after checking the Luna evidence and collision risks.
trd_1fdfed91612652b38abaeae545038b05,toronto-trustee-2026,can_2f91a36290e058ea8f377bacce7ea2ff,can_758d731c49c25e4a98554f4f9a0e69c9,Dennis Hastings,2022-10-24,toronto_district_school_board,trustee,Ward 1,confirm,Terra independently verified that this canonical occurrence belongs to the certified candidate.,https://elections.ontarioschooltrustees.org/ResourceToolKit/2018Election/Query.aspx?board=Toronto+Catholic+District+School+Board&lang=en;https://www.tdsb.on.ca/About-Us/CEO/Learning-Centre-Model;https://educationactiontoronto.com/articles/tdsbs-new-trustees-what-are-their-views-on-issues/,The independent Terra conclusion confirms the occurrence after checking the Luna evidence and collision risks.
trd_56b60785ceef5683b9f63aadd8f4d71f,toronto-trustee-2026,can_614647480cb456b4acff2b95864b823a,can_743f820f19635d66a871a335827f1da0,Benoit Fortin,2018-10-22,conseil_scolaire_viamonde,trustee,Ward 2,confirm,Terra independently verified that this canonical occurrence belongs to the certified candidate.,https://elections.ontarioschooltrustees.org/2022Election/Query.aspx?board=Conseil+scolaire+Viamonde&lang=en;https://www.toronto.ca/wp-content/uploads/2026/08/8ed9-2026-Declaration-of-Acclamation.pdf;https://www.toronto.ca/wp-content/uploads/2022/08/8e0d-Declaration-of-Acclamation.pdf,The independent Terra conclusion confirms the occurrence after checking the Luna evidence and collision risks.
trd_456c806a09385a5bb98994513e62d69b,toronto-trustee-2026,can_614647480cb456b4acff2b95864b823a,can_628f2c912c1c5b3481375b971c2d0965,Fortin Benoit,2022-10-24,conseil_scolaire_viamonde,trustee,Ward 2,confirm,Terra independently verified that this canonical occurrence belongs to the certified candidate.,https://elections.ontarioschooltrustees.org/2022Election/Query.aspx?board=Conseil+scolaire+Viamonde&lang=en;https://www.toronto.ca/wp-content/uploads/2026/08/8ed9-2026-Declaration-of-Acclamation.pdf;https://www.toronto.ca/wp-content/uploads/2022/08/8e0d-Declaration-of-Acclamation.pdf,The independent Terra conclusion confirms the occurrence after checking the Luna evidence and collision risks.
trd_e7ea97fea192576b8e3124b13d15c2ac,toronto-trustee-2026,can_61fa7af81c8957a0b39ed8104548795f,can_da460050332c53129b1e4c932f603d2e,Jean-François L'Heureux,2010-10-25,conseil_scolaire_viamonde,trustee,Ward 3,confirm,Terra independently verified that this canonical occurrence belongs to the certified candidate.,https://www.toronto.ca/data/elections/candidate_list/trusteeCandidates_2026.json;https://collegeboreal.ca/en/actualite/college-boreal-appoints-jean-francois-lheureux-as-director-of-its-toronto-campus/;https://ckan0.cf.opendata.inter.prod-toronto.ca/dataset/96d35404-44d9-49d8-95bb-fb1e5489240d/resource/6fbfaab0-bb84-442a-8e4b-1c14d4c10d6d/download/2010-results.zip;https://www.toronto.ca/wp-content/uploads/2017/08/9757-election-2014-declaration-trustee-ward4.pdf;https://ckan0.cf.opendata.inter.prod-toronto.ca/dataset/96d35404-44d9-49d8-95bb-fb1e5489240d/resource/2fcd5f20-90f5-4dd0-88eb-22e978b9bf89/download/2018-results.zip,The independent Terra conclusion confirms the occurrence after checking the Luna evidence and collision risks.
trd_c1482922f1e0591ebdc3144b81e7870f,toronto-trustee-2026,can_61fa7af81c8957a0b39ed8104548795f,can_75f75a2e8ab551a5a37b7341592f7003,Jean-François L'Heureux,2014-10-27,conseil_scolaire_viamonde,trustee,Ward 4,confirm,Terra independently verified that this canonical occurrence belongs to the certified candidate.,https://www.toronto.ca/data/elections/candidate_list/trusteeCandidates_2026.json;https://collegeboreal.ca/en/actualite/college-boreal-appoints-jean-francois-lheureux-as-director-of-its-toronto-campus/;https://ckan0.cf.opendata.inter.prod-toronto.ca/dataset/96d35404-44d9-49d8-95bb-fb1e5489240d/resource/6fbfaab0-bb84-442a-8e4b-1c14d4c10d6d/download/2010-results.zip;https://www.toronto.ca/wp-content/uploads/2017/08/9757-election-2014-declaration-trustee-ward4.pdf;https://ckan0.cf.opendata.inter.prod-toronto.ca/dataset/96d35404-44d9-49d8-95bb-fb1e5489240d/resource/2fcd5f20-90f5-4dd0-88eb-22e978b9bf89/download/2018-results.zip,The independent Terra conclusion confirms the occurrence after checking the Luna evidence and collision risks.
trd_8c0e090ae8cc52b4af7347d8f3c5ee43,toronto-trustee-2026,can_61fa7af81c8957a0b39ed8104548795f,can_23537cc58b0956899a83c4c7e33a5edf,Jean-François L'Heureux,2018-10-22,conseil_scolaire_viamonde,trustee,Ward 4,confirm,Terra independently verified that this canonical occurrence belongs to the certified candidate.,https://www.toronto.ca/data/elections/candidate_list/trusteeCandidates_2026.json;https://collegeboreal.ca/en/actualite/college-boreal-appoints-jean-francois-lheureux-as-director-of-its-toronto-campus/;https://ckan0.cf.opendata.inter.prod-toronto.ca/dataset/96d35404-44d9-49d8-95bb-fb1e5489240d/resource/6fbfaab0-bb84-442a-8e4b-1c14d4c10d6d/download/2010-results.zip;https://www.toronto.ca/wp-content/uploads/2017/08/9757-election-2014-declaration-trustee-ward4.pdf;https://ckan0.cf.opendata.inter.prod-toronto.ca/dataset/96d35404-44d9-49d8-95bb-fb1e5489240d/resource/2fcd5f20-90f5-4dd0-88eb-22e978b9bf89/download/2018-results.zip,The independent Terra conclusion confirms the occurrence after checking the Luna evidence and collision risks.
trd_968cd1cc1f10500db2bbab4391070f2b,toronto-trustee-2026,can_f1195ba08c7e563a8ac820d7773ed670,can_347c3e2a151759d5a59d2e2f86300904,Anna-Karyna Ruszkowski,2023-01-23,conseil_scolaire_viamonde,trustee,Ward 3,confirm,Terra independently verified that this canonical occurrence belongs to the certified candidate.,https://www.toronto.ca/data/elections/candidate_list/trusteeCandidates_2026.json;https://csviamonde.ca/viamonde/rapport-annuel-2024-2025/lequipe-viamonde;https://www.toronto.ca/news/notice-that-the-election-for-the-french-language-public-school-trustee-conseil-scolaire-viamonde-ward-3-centre-is-void/;https://www.toronto.ca/wp-content/uploads/2023/01/8d2a-FinalFRDeclaration-of-Results-2023-ByElection.pdf,The independent Terra conclusion confirms the occurrence after checking the Luna evidence and collision risks.
trd_7296c27d518959d688265e6ff5af591b,toronto-trustee-2026,can_9b9511aaebde561a82cfbb130bb8d0b6,can_76ffc4713bb9532f87cf5440308c80a7,Rhea Dechaine,2023-01-23,conseil_scolaire_catholique_monavenir,trustee,Ward 4,confirm,Terra independently verified that this canonical occurrence belongs to the certified candidate.,https://www.toronto.ca/data/elections/candidate_list/trusteeCandidates_2026.json;https://cscmonavenir.ca/publications/rapports-annuel/rapport2223/administration.html;https://www.toronto.ca/news/notice-that-the-election-for-the-french-language-catholic-school-trustee-conseil-scolaire-catholique-monavenir-ward-4-toronto-est-is-void/;https://www.toronto.ca/wp-content/uploads/2023/01/8d2a-FinalFRDeclaration-of-Results-2023-ByElection.pdf,The independent Terra conclusion confirms the occurrence after checking the Luna evidence and collision risks.
trd_da7fa9d117ee57d781df1e43f778e122,toronto-trustee-2026,can_489331f6970f5c4cae48691377937359,can_f44e2caae9eb5367b5718f11a22d5f6c,Sal Piccininni,2003-11-10,toronto_catholic_district_school_board,trustee,Ward 3,hold,"Official records join the historical trustee sequence, but none links it to the 2026 filer.",https://www.toronto.ca/legdocs/2004/minutes/committees/tp/tp040225.pdf;https://irp.cdn-website.com/18b66aa0/files/uploaded/School-Board-Trustees-Concerns-Contact-Information-2013-1-228daa77.pdf;https://tcdsbpublishing.escribemeetings.com/FileStream.ashx?DocumentId=664;https://tcdsbpublishing.escribemeetings.com/filestream.ashx?DocumentId=10248;https://www.toronto.ca/data/elections/candidate_list/trusteeCandidates_2026.json,"The independent Terra conclusion controls after checking the Luna lead, available evidence, and collision risks. Sol third-pass review: The 2003-to-2018 institutional continuity is preserved, but the new pass found no qualifying bridge to the 2026 candidate."
trd_dd100ab9e0de57298c9faa4ca781b104,toronto-trustee-2026,can_489331f6970f5c4cae48691377937359,can_c1d06b1c39fe5425988e94e58a4f9479,Sal Piccininni,2006-11-13,toronto_catholic_district_school_board,trustee,Ward 3,hold,"Official records join the historical trustee sequence, but none links it to the 2026 filer.",https://www.toronto.ca/legdocs/2004/minutes/committees/tp/tp040225.pdf;https://irp.cdn-website.com/18b66aa0/files/uploaded/School-Board-Trustees-Concerns-Contact-Information-2013-1-228daa77.pdf;https://tcdsbpublishing.escribemeetings.com/FileStream.ashx?DocumentId=664;https://tcdsbpublishing.escribemeetings.com/filestream.ashx?DocumentId=10248;https://www.toronto.ca/data/elections/candidate_list/trusteeCandidates_2026.json,"The independent Terra conclusion controls after checking the Luna lead, available evidence, and collision risks. Sol third-pass review: The 2006 occurrence and historical continuity are preserved, but the new pass found no qualifying bridge to the 2026 candidate."
trd_54fb9f7055b05ba3a8093a63afe93d3b,toronto-trustee-2026,can_489331f6970f5c4cae48691377937359,can_50af0a6208835ca8a028b30e07c36f74,Sal Piccininni,2010-10-25,toronto_catholic_district_school_board,trustee,Ward 3,hold,"Official records join the historical trustee sequence, but none links it to the 2026 filer.",https://www.toronto.ca/legdocs/2004/minutes/committees/tp/tp040225.pdf;https://irp.cdn-website.com/18b66aa0/files/uploaded/School-Board-Trustees-Concerns-Contact-Information-2013-1-228daa77.pdf;https://tcdsbpublishing.escribemeetings.com/FileStream.ashx?DocumentId=664;https://tcdsbpublishing.escribemeetings.com/filestream.ashx?DocumentId=10248;https://www.toronto.ca/data/elections/candidate_list/trusteeCandidates_2026.json,"The independent Terra conclusion controls after checking the Luna lead, available evidence, and collision risks. Sol third-pass review: The 2010 occurrence and historical continuity are preserved, but the new pass found no qualifying bridge to the 2026 candidate."
trd_a83cef93c2c553ac9fa0f87f81f9c2a1,toronto-trustee-2026,can_489331f6970f5c4cae48691377937359,can_a7f7196d483154fa973d2af37d4fba7e,Sal Piccininni,2014-10-27,toronto_catholic_district_school_board,trustee,Ward 3,hold,"Official records join the historical trustee sequence, but none links it to the 2026 filer.",https://www.toronto.ca/legdocs/2004/minutes/committees/tp/tp040225.pdf;https://irp.cdn-website.com/18b66aa0/files/uploaded/School-Board-Trustees-Concerns-Contact-Information-2013-1-228daa77.pdf;https://tcdsbpublishing.escribemeetings.com/FileStream.ashx?DocumentId=664;https://tcdsbpublishing.escribemeetings.com/filestream.ashx?DocumentId=10248;https://www.toronto.ca/data/elections/candidate_list/trusteeCandidates_2026.json;https://www.campaignlifecoalition.com/voting-records/view/level/cst/province/on/id/1878,"The independent Terra conclusion controls after checking the Luna lead, available evidence, and collision risks. Sol third-pass review: The 2014 occurrence and historical continuity are preserved, but the new pass found no qualifying bridge to the 2026 candidate."
trd_3c649965d2635740acf87893a5976586,toronto-trustee-2026,can_489331f6970f5c4cae48691377937359,can_d45b5733be5852ab84b7ae2e0b75aa3a,Sal Piccininni,2018-10-22,toronto_catholic_district_school_board,trustee,Ward 3,hold,"Official records join the historical trustee sequence, but none links it to the 2026 filer.",https://www.toronto.ca/legdocs/2004/minutes/committees/tp/tp040225.pdf;https://irp.cdn-website.com/18b66aa0/files/uploaded/School-Board-Trustees-Concerns-Contact-Information-2013-1-228daa77.pdf;https://tcdsbpublishing.escribemeetings.com/FileStream.ashx?DocumentId=664;https://tcdsbpublishing.escribemeetings.com/filestream.ashx?DocumentId=10248;https://www.toronto.ca/data/elections/candidate_list/trusteeCandidates_2026.json;https://www.campaignlifecoalition.com/voting-records/view/level/cst/province/on/id/1878,"The independent Terra conclusion controls after checking the Luna lead, available evidence, and collision risks. Sol third-pass review: The 2018 occurrence and historical continuity are preserved, but the new pass found no qualifying bridge to the 2026 candidate."
trd_e62b447bf34c5f57ac16c77e5e7e1cb2,toronto-trustee-2026,can_578ca769a6ce55f68cce5609ee2d0a36,can_92b1205a3d545d4596280bf1acf6e38b,Paul Salvatori,2018-10-22,toronto_catholic_district_school_board,trustee,Ward 10,hold,No current source identifies the 2026 filer as the professor of ethics who ran in 2018.,https://elections.ontarioschooltrustees.org/ResourceToolKit/2018Election/Query.aspx?board=Toronto+Catholic+District+School+Board&lang=en;https://www.toronto.ca/data/elections/candidate_list/trusteeCandidates_2026.json,"The independent Terra conclusion controls after checking the Luna lead, available evidence, and collision risks. Sol third-pass review: The same full name and ward remain persuasive, but Sol found no qualifying bridge beyond the two election records."
trd_d3a24a3da53c582e945838d8c31a2fa1,toronto-trustee-2026,can_656fcfdc512c5d22b05715336b449ee6,can_e44a26fb0d53557b89fed4f2ba630e22,Celine Dinova,2022-10-24,toronto_catholic_district_school_board,trustee,Ward 11,hold,No current source links the 2022 retired teacher in Ward 11 to the 2026 Ward 7 filing.,https://beachmetro.com/2022/10/05/toronto-votes-2022-ward-11-toronto-catholic-district-school-board-trustee-candidate-celine-dinova-profile/;https://www.toronto.ca/wp-content/uploads/2022/10/9085-FinalDeclaration-of-Results-for-the-2022-Toronto-Municipal-Election.pdf;https://www.toronto.ca/data/elections/candidate_list/trusteeCandidates_2026.json;https://tcdsbpublishing.escribemeetings.com/filestream.ashx?DocumentId=29649,"The independent Terra conclusion controls after checking the Luna lead, available evidence, and collision risks. Sol third-pass review: The DiNova/Dinova style variation and later board engagement are compatible, but no qualifying bridge beyond name and TCDSB context was found."
trd_50f030e0b3425c1ea7aa4a1610a5ef25,toronto-trustee-2026,can_3c5cf71c069a58b5802a61568489e9b3,can_8d111428a4a85cc58263cc1009522ed7,Gregory Rodriguez,2018-10-22,toronto_district_school_board,trustee,Ward 20,confirm,The Local links the 2018 occurrence to the 2025 candidate; official City records link 2025 to 2026 through the identical candidate email.,https://grodriguezcandidatetdsbtrusteeward20.wordpress.com/;https://thelocal.to/srp2025/;https://www.toronto.ca/wp-content/uploads/2022/10/9085-FinalDeclaration-of-Results-for-the-2022-Toronto-Municipal-Election.pdf;https://www.toronto.ca/data/elections/candidate_list/trusteeCandidates_2026.json;https://www.toronto.ca/city-government/elections/ward-25-scarborough-rouge-park-by-election-list-of-candidates-third-party-advertisers/;https://elections.ontarioschooltrustees.org/ResourceToolKit/2018Election/Query.aspx?board=Toronto+District+School+Board&lang=en,"The independent Terra conclusion controls after checking the Luna lead, available evidence, and collision risks. Sol third-pass review: The verified historical chain and identical official 2025/2026 email provide a qualifying bridge to the current candidate."
trd_42854d4aa60a5608803a2f07a41dd341,toronto-trustee-2026,can_3c5cf71c069a58b5802a61568489e9b3,can_409a2a8b910d5a11a24babf9ea29809a,Gregory Rodriguez,2022-10-24,toronto_catholic_district_school_board,trustee,Ward 3,confirm,The Local links the 2022 occurrence to the 2025 candidate; official City records link 2025 to 2026 through the identical candidate email.,https://grodriguezcandidatetdsbtrusteeward20.wordpress.com/;https://thelocal.to/srp2025/;https://www.toronto.ca/wp-content/uploads/2022/10/9085-FinalDeclaration-of-Results-for-the-2022-Toronto-Municipal-Election.pdf;https://www.toronto.ca/data/elections/candidate_list/trusteeCandidates_2026.json;https://www.toronto.ca/city-government/elections/ward-25-scarborough-rouge-park-by-election-list-of-candidates-third-party-advertisers/;https://elections.ontarioschooltrustees.org/2022Election/Query.aspx?board=Toronto+Catholic+District+School+Board&lang=en,"The independent Terra conclusion controls after checking the Luna lead, available evidence, and collision risks. Sol third-pass review: The verified historical chain and identical official 2025/2026 email provide a qualifying bridge to the current candidate."
trd_8301fc504e6d5a588e683ee5aeb95698,toronto-trustee-2026,can_3c5cf71c069a58b5802a61568489e9b3,can_a53fb1633426589f85734a93f2b7296c,Gregory Rodriguez,2025-09-29,toronto_city_council,councillor,Ward 25 — Scarborough-Rouge Park,confirm,"The official 2025 candidate page and certified 2026 feed publish the same candidate email, g.rodriguez2025@hotmail.com.",https://grodriguezcandidatetdsbtrusteeward20.wordpress.com/;https://thelocal.to/srp2025/;https://www.toronto.ca/wp-content/uploads/2022/10/9085-FinalDeclaration-of-Results-for-the-2022-Toronto-Municipal-Election.pdf;https://www.toronto.ca/data/elections/candidate_list/trusteeCandidates_2026.json;https://www.toronto.ca/city-government/elections/ward-25-scarborough-rouge-park-by-election-list-of-candidates-third-party-advertisers/,"The independent Terra conclusion controls after checking the Luna lead, available evidence, and collision risks. Sol third-pass review: The identical email in official candidate records directly bridges the verified 2025 occurrence to the 2026 candidate."
trd_e0b9f1c37f8256c7a562d10ab004823b,toronto-trustee-2026,can_fbfd95dc861f59e3a88736d6aeb23bf3,can_f12eb7c743705cf18e7652bac7b9f3ba,Robert Pella,2014-10-27,toronto_catholic_district_school_board,trustee,Ward 1,confirm,Terra independently verified that this canonical occurrence belongs to the certified candidate.,https://www.toronto.ca/data/elections/candidate_list/trusteeCandidates_2026.json;https://thelocal.to/ward-1-etobicoke-north/;https://www.toronto.ca/wp-content/uploads/2017/08/9059-election-2014-clerksofficialdeclarationofresults.pdf;https://www.toronto.ca/wp-content/uploads/2023/04/8831-Notice-of-RecountFinal.pdf;https://elections.ontarioschooltrustees.org/2022Election/Query.aspx?board=Toronto+Catholic+District+School+Board&lang=en,The independent Terra conclusion confirms the occurrence after checking the Luna evidence and collision risks.
trd_799e503b5f7d54a48971282238da5d6c,toronto-trustee-2026,can_fbfd95dc861f59e3a88736d6aeb23bf3,can_d8943b3481da58868133f15fe8372084,Robert Pella,2022-10-24,toronto_catholic_district_school_board,trustee,Ward 1,confirm,Terra independently verified that this canonical occurrence belongs to the certified candidate.,https://www.toronto.ca/data/elections/candidate_list/trusteeCandidates_2026.json;https://thelocal.to/ward-1-etobicoke-north/;https://www.toronto.ca/wp-content/uploads/2017/08/9059-election-2014-clerksofficialdeclarationofresults.pdf;https://www.toronto.ca/wp-content/uploads/2023/04/8831-Notice-of-RecountFinal.pdf;https://elections.ontarioschooltrustees.org/2022Election/Query.aspx?board=Toronto+Catholic+District+School+Board&lang=en,The independent Terra conclusion confirms the occurrence after checking the Luna evidence and collision risks.
trd_f56290f017bd5e7cb86f894a3c1cb680,toronto-trustee-2026,can_f41f04d241c35894a49f580c4eaab821,can_bda100fd63615327aa742f9a6c11326e,Imran Khan,2025-04-28,canada_house_of_commons,mp,Scarborough Southwest,hold,The federal occurrences form one prior identity but the current trustee filing has no contact or biographical anchor connecting it to that person.,https://www.toronto.ca/data/elections/candidate_list/trusteeCandidates_2026.json;https://governingcouncil.utoronto.ca/secretariat/biography/imran-khan;https://www.elections.ca/res/rep/off/ovrGE45/62/table12E.html;https://www.elections.ca/res/rep/off/ovr_2026/64/data_donnees/pollresults_resultatsbureau35112.csv,"The independent Terra conclusion controls after checking the Luna lead, available evidence, and collision risks. Sol third-pass review: No qualifying bridge was found to the certified 2026 trustee candidate; the common name makes a name-only merge unsafe."
trd_b3f4fb5e34895a4b99c2fee9a8fc443a,toronto-trustee-2026,can_f41f04d241c35894a49f580c4eaab821,can_c565ec043a5f556188eb90e0ddef921e,Imran Khan,2026-04-13,canada_house_of_commons,mp,University—Rosedale,hold,The federal occurrences form one prior identity but the current trustee filing has no contact or biographical anchor connecting it to that person.,https://www.toronto.ca/data/elections/candidate_list/trusteeCandidates_2026.json;https://governingcouncil.utoronto.ca/secretariat/biography/imran-khan;https://www.elections.ca/res/rep/off/ovrGE45/62/table12E.html;https://www.elections.ca/res/rep/off/ovr_2026/64/data_donnees/pollresults_resultatsbureau35112.csv,"The independent Terra conclusion controls after checking the Luna lead, available evidence, and collision risks. Sol third-pass review: No qualifying bridge was found to the certified 2026 trustee candidate; the common name makes a name-only merge unsafe."
trd_b080d110b4f05aa18c158ed493d6bb56,toronto-trustee-2026,can_89044a41dd6059df8e8c780e41562ab7,can_fa8e77961d835c979c18c0ec77a01b7b,Dewitt Lee,2010-10-25,toronto_city_council,mayor,City of Toronto,reject,Terra did not find a sufficient identity bridge to the certified candidate.,https://www.toronto.ca/data/elections/candidate_list/trusteeCandidates_2026.json;https://tubmancommunity.org/board-members;https://thelocal.to/ward-12-toronto-st-pauls/;https://www.toronto.ca/wp-content/uploads/2017/08/9059-election-2014-clerksofficialdeclarationofresults.pdf;https://elections.ontarioschooltrustees.org/2022Election/Query.aspx?board=Toronto+District+School+Board&lang=en,"The independent Terra conclusion controls after checking the Luna lead, available evidence, and collision risks."
trd_31f51159c1df5fdfb1e0e70f3cf4931f,toronto-trustee-2026,can_89044a41dd6059df8e8c780e41562ab7,can_044e84dcb5205ab4b02284c84e618507,Dewitt Lee,2014-10-27,toronto_city_council,mayor,City of Toronto,reject,Terra did not find a sufficient identity bridge to the certified candidate.,https://www.toronto.ca/data/elections/candidate_list/trusteeCandidates_2026.json;https://tubmancommunity.org/board-members;https://thelocal.to/ward-12-toronto-st-pauls/;https://www.toronto.ca/wp-content/uploads/2017/08/9059-election-2014-clerksofficialdeclarationofresults.pdf;https://elections.ontarioschooltrustees.org/2022Election/Query.aspx?board=Toronto+District+School+Board&lang=en,"The independent Terra conclusion controls after checking the Luna lead, available evidence, and collision risks."
trd_7bf16f7070a65d609538ea8daf98f1de,toronto-trustee-2026,can_89044a41dd6059df8e8c780e41562ab7,can_68b313b784ef5e5a960c7e84f1e307ea,Dewitt Lee,2022-10-24,toronto_district_school_board,trustee,Ward 8,hold,"New reporting shows historical Dewitt Lee was Dewitt Lee III, but no source explicitly links the 2022 and 2026 trustee occurrences.",https://www.toronto.ca/data/elections/candidate_list/trusteeCandidates_2026.json;https://tubmancommunity.org/board-members;https://thelocal.to/ward-12-toronto-st-pauls/;https://www.toronto.ca/wp-content/uploads/2017/08/9059-election-2014-clerksofficialdeclarationofresults.pdf;https://elections.ontarioschooltrustees.org/2022Election/Query.aspx?board=Toronto+District+School+Board&lang=en;https://thecaribbeancamera.com/lee-takes-second-try-at-mayoralty/;https://thelocal.to/ward-8-eglinton-lawrence/;https://www.toronto.ca/wp-content/uploads/2022/10/9085-FinalDeclaration-of-Results-for-the-2022-Toronto-Municipal-Election.pdf,"The independent Terra conclusion controls after checking the Luna lead, available evidence, and collision risks. Sol third-pass review: Sol substantially weakened the earlier suffix-based collision concern, yet no qualifying current-to-2022 bridge was found, so the assigned occurrence remains held."
trd_a13ac0b50faf5046bcea42d9332a4279,toronto-trustee-2026,can_f6cdb98f716f5927a6d7702be80db45f,can_cf3257260fe8589cad2393471df11546,Christine McGirr,2008-10-14,canada_house_of_commons,mp,Trinity—Spadina,hold,Official sources establish the prior federal and trustee identity but the current filing supplies no identifier connecting it to that person.,https://www.toronto.ca/data/elections/candidate_list/trusteeCandidates_2026.json;https://www.elections.ca/Scripts/VIS/HistoricalResults/35095_e.html;https://www.toronto.ca/wp-content/uploads/2018/10/97da-2018clerksofficialdeclarationofresults.pdf,"The independent Terra conclusion controls after checking the Luna lead, available evidence, and collision risks. Sol third-pass review: No qualifying bridge was found from the established prior identity to the certified 2026 candidate."
trd_6f982d76ea8856f887c70ba60c6fdca3,toronto-trustee-2026,can_f6cdb98f716f5927a6d7702be80db45f,can_ba89c67ab744583e8d3019b18ba60708,Christine Mcgirr,2018-10-22,toronto_district_school_board,trustee,Ward 11,hold,Official sources establish the prior federal and trustee identity but the current filing supplies no identifier connecting it to that person.,https://www.toronto.ca/data/elections/candidate_list/trusteeCandidates_2026.json;https://www.elections.ca/Scripts/VIS/HistoricalResults/35095_e.html;https://www.toronto.ca/wp-content/uploads/2018/10/97da-2018clerksofficialdeclarationofresults.pdf,"The independent Terra conclusion controls after checking the Luna lead, available evidence, and collision risks. Sol third-pass review: No qualifying bridge was found from the established prior identity to the certified 2026 candidate."
trd_583d26a4d0c65ae193c0aeccc7fe7613,toronto-trustee-2026,can_cf329ed10ed3594894c05b6766a5436b,can_b6fcbd7a20e3510cae3e2c036f0bdee7,Farzana Rajwani,2022-10-24,toronto_district_school_board,trustee,Ward 14,confirm,Terra independently verified that this canonical occurrence belongs to the certified candidate.,https://www.farzanarajwani.ca/;https://www.farzanarajwani.ca/vision;https://www.toronto.ca/wp-content/uploads/2022/10/9085-FinalDeclaration-of-Results-for-the-2022-Toronto-Municipal-Election.pdf,The independent Terra conclusion confirms the occurrence after checking the Luna evidence and collision risks.
trd_afe378ce7f0e542ca9874d15578dd052,toronto-trustee-2026,can_d8004d3122615bda892d893bba4560ee,can_9e6874780fc85da6a4e89ac42179a2f8,ANGELA KENNEDY,2003-10-02,ontario_legislative_assembly,mpp,Beaches—East York,confirm,Terra independently verified that this canonical occurrence belongs to the certified candidate.,https://elections.ontarioschooltrustees.org/2022Election/Query.aspx?board=Toronto+Catholic+District+School+Board&lang=en;https://www.tcdsb.org/page/board-of-trustees/;https://www.ola.org/sites/default/files/node-files/hansard/document/pdf/2003/2003-05/house-document-hansard-transcript-4-en-2003-05-29_pdfL017.pdf;https://beachmetro.com/2022/05/03/provincial-election-2022-angela-kennedy-to-run-for-progressive-conservatives-in-beaches-east-york-riding/;https://results.elections.on.ca/api/report-groups/5/report-outputs/521/csv;https://ckan0.cf.opendata.inter.prod-toronto.ca/dataset/96d35404-44d9-49d8-95bb-fb1e5489240d/resource/1ed53c9d-a316-465e-96ce-e72be74f8aa9/download/2003-results.zip;https://ckan0.cf.opendata.inter.prod-toronto.ca/dataset/96d35404-44d9-49d8-95bb-fb1e5489240d/resource/3fb1227c-a279-4523-a1aa-f00190ba717f/download/2006-results.zip;https://results.elections.on.ca/api/report-groups/4/report-outputs/510/csv;https://ckan0.cf.opendata.inter.prod-toronto.ca/dataset/96d35404-44d9-49d8-95bb-fb1e5489240d/resource/6fbfaab0-bb84-442a-8e4b-1c14d4c10d6d/download/2010-results.zip;https://results.elections.on.ca/api/report-groups/2/report-outputs/488/csv;https://ckan0.cf.opendata.inter.prod-toronto.ca/dataset/96d35404-44d9-49d8-95bb-fb1e5489240d/resource/d59b5a52-33c3-4380-a136-82707e4d9aae/download/2014-results.zip;https://www.toronto.ca/wp-content/uploads/2018/10/97da-2018clerksofficialdeclarationofresults.pdf;https://results.elections.on.ca/api/report-groups/45/report-outputs/1050/csv;https://www.toronto.ca/wp-content/uploads/2022/10/9085-FinalDeclaration-of-Results-for-the-2022-Toronto-Municipal-Election.pdf,The independent Terra conclusion confirms the occurrence after checking the Luna evidence and collision risks.
trd_56955915596e5d3fb67cd4a60096d493,toronto-trustee-2026,can_d8004d3122615bda892d893bba4560ee,can_4530bf242cbc556390628a343148ef87,Angela Kennedy,2003-11-10,toronto_catholic_district_school_board,trustee,Ward 11,confirm,Terra independently verified that this canonical occurrence belongs to the certified candidate.,https://elections.ontarioschooltrustees.org/2022Election/Query.aspx?board=Toronto+Catholic+District+School+Board&lang=en;https://www.tcdsb.org/page/board-of-trustees/;https://www.ola.org/sites/default/files/node-files/hansard/document/pdf/2003/2003-05/house-document-hansard-transcript-4-en-2003-05-29_pdfL017.pdf;https://beachmetro.com/2022/05/03/provincial-election-2022-angela-kennedy-to-run-for-progressive-conservatives-in-beaches-east-york-riding/;https://results.elections.on.ca/api/report-groups/5/report-outputs/521/csv;https://ckan0.cf.opendata.inter.prod-toronto.ca/dataset/96d35404-44d9-49d8-95bb-fb1e5489240d/resource/1ed53c9d-a316-465e-96ce-e72be74f8aa9/download/2003-results.zip;https://ckan0.cf.opendata.inter.prod-toronto.ca/dataset/96d35404-44d9-49d8-95bb-fb1e5489240d/resource/3fb1227c-a279-4523-a1aa-f00190ba717f/download/2006-results.zip;https://results.elections.on.ca/api/report-groups/4/report-outputs/510/csv;https://ckan0.cf.opendata.inter.prod-toronto.ca/dataset/96d35404-44d9-49d8-95bb-fb1e5489240d/resource/6fbfaab0-bb84-442a-8e4b-1c14d4c10d6d/download/2010-results.zip;https://results.elections.on.ca/api/report-groups/2/report-outputs/488/csv;https://ckan0.cf.opendata.inter.prod-toronto.ca/dataset/96d35404-44d9-49d8-95bb-fb1e5489240d/resource/d59b5a52-33c3-4380-a136-82707e4d9aae/download/2014-results.zip;https://www.toronto.ca/wp-content/uploads/2018/10/97da-2018clerksofficialdeclarationofresults.pdf;https://results.elections.on.ca/api/report-groups/45/report-outputs/1050/csv;https://www.toronto.ca/wp-content/uploads/2022/10/9085-FinalDeclaration-of-Results-for-the-2022-Toronto-Municipal-Election.pdf,The independent Terra conclusion confirms the occurrence after checking the Luna evidence and collision risks.
trd_05098047ed075b2dbb3cbbb051098461,toronto-trustee-2026,can_d8004d3122615bda892d893bba4560ee,can_95582b1a01945c5b99db848de8ca660e,Angela Kennedy,2006-11-13,toronto_catholic_district_school_board,trustee,Ward 11,confirm,Terra independently verified that this canonical occurrence belongs to the certified candidate.,https://elections.ontarioschooltrustees.org/2022Election/Query.aspx?board=Toronto+Catholic+District+School+Board&lang=en;https://www.tcdsb.org/page/board-of-trustees/;https://www.ola.org/sites/default/files/node-files/hansard/document/pdf/2003/2003-05/house-document-hansard-transcript-4-en-2003-05-29_pdfL017.pdf;https://beachmetro.com/2022/05/03/provincial-election-2022-angela-kennedy-to-run-for-progressive-conservatives-in-beaches-east-york-riding/;https://results.elections.on.ca/api/report-groups/5/report-outputs/521/csv;https://ckan0.cf.opendata.inter.prod-toronto.ca/dataset/96d35404-44d9-49d8-95bb-fb1e5489240d/resource/1ed53c9d-a316-465e-96ce-e72be74f8aa9/download/2003-results.zip;https://ckan0.cf.opendata.inter.prod-toronto.ca/dataset/96d35404-44d9-49d8-95bb-fb1e5489240d/resource/3fb1227c-a279-4523-a1aa-f00190ba717f/download/2006-results.zip;https://results.elections.on.ca/api/report-groups/4/report-outputs/510/csv;https://ckan0.cf.opendata.inter.prod-toronto.ca/dataset/96d35404-44d9-49d8-95bb-fb1e5489240d/resource/6fbfaab0-bb84-442a-8e4b-1c14d4c10d6d/download/2010-results.zip;https://results.elections.on.ca/api/report-groups/2/report-outputs/488/csv;https://ckan0.cf.opendata.inter.prod-toronto.ca/dataset/96d35404-44d9-49d8-95bb-fb1e5489240d/resource/d59b5a52-33c3-4380-a136-82707e4d9aae/download/2014-results.zip;https://www.toronto.ca/wp-content/uploads/2018/10/97da-2018clerksofficialdeclarationofresults.pdf;https://results.elections.on.ca/api/report-groups/45/report-outputs/1050/csv;https://www.toronto.ca/wp-content/uploads/2022/10/9085-FinalDeclaration-of-Results-for-the-2022-Toronto-Municipal-Election.pdf,The independent Terra conclusion confirms the occurrence after checking the Luna evidence and collision risks.
trd_24319474a67250d984c60bc6ca8abc24,toronto-trustee-2026,can_d8004d3122615bda892d893bba4560ee,can_63470f76c7585d6b9267f04f1786f56c,ANGELA KENNEDY,2007-10-10,ontario_legislative_assembly,mpp,Don Valley East,confirm,Beach Metro explicitly identifies the longtime TCDSB trustee as the PC candidate who ran in Don Valley East in 2007.,https://elections.ontarioschooltrustees.org/2022Election/Query.aspx?board=Toronto+Catholic+District+School+Board&lang=en;https://www.tcdsb.org/page/board-of-trustees/;https://www.ola.org/sites/default/files/node-files/hansard/document/pdf/2003/2003-05/house-document-hansard-transcript-4-en-2003-05-29_pdfL017.pdf;https://beachmetro.com/2022/05/03/provincial-election-2022-angela-kennedy-to-run-for-progressive-conservatives-in-beaches-east-york-riding/;https://results.elections.on.ca/api/report-groups/5/report-outputs/521/csv;https://ckan0.cf.opendata.inter.prod-toronto.ca/dataset/96d35404-44d9-49d8-95bb-fb1e5489240d/resource/1ed53c9d-a316-465e-96ce-e72be74f8aa9/download/2003-results.zip;https://ckan0.cf.opendata.inter.prod-toronto.ca/dataset/96d35404-44d9-49d8-95bb-fb1e5489240d/resource/3fb1227c-a279-4523-a1aa-f00190ba717f/download/2006-results.zip;https://results.elections.on.ca/api/report-groups/4/report-outputs/510/csv;https://ckan0.cf.opendata.inter.prod-toronto.ca/dataset/96d35404-44d9-49d8-95bb-fb1e5489240d/resource/6fbfaab0-bb84-442a-8e4b-1c14d4c10d6d/download/2010-results.zip;https://results.elections.on.ca/api/report-groups/2/report-outputs/488/csv;https://ckan0.cf.opendata.inter.prod-toronto.ca/dataset/96d35404-44d9-49d8-95bb-fb1e5489240d/resource/d59b5a52-33c3-4380-a136-82707e4d9aae/download/2014-results.zip;https://www.toronto.ca/wp-content/uploads/2018/10/97da-2018clerksofficialdeclarationofresults.pdf;https://results.elections.on.ca/api/report-groups/45/report-outputs/1050/csv;https://www.toronto.ca/wp-content/uploads/2022/10/9085-FinalDeclaration-of-Results-for-the-2022-Toronto-Municipal-Election.pdf,"The independent Terra conclusion controls after checking the Luna lead, available evidence, and collision risks. Sol third-pass review: Reputable contemporary coverage supplies the explicit cross-office and election-year bridge."
trd_2c9ede77e8c551de9f826faf95050f9c,toronto-trustee-2026,can_d8004d3122615bda892d893bba4560ee,can_bdebbc1bc209571bb822180ba1c83abe,Angela Kennedy,2010-10-25,toronto_catholic_district_school_board,trustee,Ward 9,reject,Terra did not find a sufficient identity bridge to the certified candidate.,https://elections.ontarioschooltrustees.org/2022Election/Query.aspx?board=Toronto+Catholic+District+School+Board&lang=en;https://www.tcdsb.org/page/board-of-trustees/;https://www.ola.org/sites/default/files/node-files/hansard/document/pdf/2003/2003-05/house-document-hansard-transcript-4-en-2003-05-29_pdfL017.pdf;https://beachmetro.com/2022/05/03/provincial-election-2022-angela-kennedy-to-run-for-progressive-conservatives-in-beaches-east-york-riding/;https://results.elections.on.ca/api/report-groups/5/report-outputs/521/csv;https://ckan0.cf.opendata.inter.prod-toronto.ca/dataset/96d35404-44d9-49d8-95bb-fb1e5489240d/resource/1ed53c9d-a316-465e-96ce-e72be74f8aa9/download/2003-results.zip;https://ckan0.cf.opendata.inter.prod-toronto.ca/dataset/96d35404-44d9-49d8-95bb-fb1e5489240d/resource/3fb1227c-a279-4523-a1aa-f00190ba717f/download/2006-results.zip;https://results.elections.on.ca/api/report-groups/4/report-outputs/510/csv;https://ckan0.cf.opendata.inter.prod-toronto.ca/dataset/96d35404-44d9-49d8-95bb-fb1e5489240d/resource/6fbfaab0-bb84-442a-8e4b-1c14d4c10d6d/download/2010-results.zip;https://results.elections.on.ca/api/report-groups/2/report-outputs/488/csv;https://ckan0.cf.opendata.inter.prod-toronto.ca/dataset/96d35404-44d9-49d8-95bb-fb1e5489240d/resource/d59b5a52-33c3-4380-a136-82707e4d9aae/download/2014-results.zip;https://www.toronto.ca/wp-content/uploads/2018/10/97da-2018clerksofficialdeclarationofresults.pdf;https://results.elections.on.ca/api/report-groups/45/report-outputs/1050/csv;https://www.toronto.ca/wp-content/uploads/2022/10/9085-FinalDeclaration-of-Results-for-the-2022-Toronto-Municipal-Election.pdf,"The independent Terra conclusion controls after checking the Luna lead, available evidence, and collision risks."
trd_6ac821386bb752df95a1a4dbc6504bdc,toronto-trustee-2026,can_d8004d3122615bda892d893bba4560ee,can_5e0395b75a0e5398a87499c8186b3f84,Angela Kennedy,2010-10-25,toronto_catholic_district_school_board,trustee,Ward 11,confirm,Terra independently verified that this canonical occurrence belongs to the certified candidate.,https://elections.ontarioschooltrustees.org/2022Election/Query.aspx?board=Toronto+Catholic+District+School+Board&lang=en;https://www.tcdsb.org/page/board-of-trustees/;https://www.ola.org/sites/default/files/node-files/hansard/document/pdf/2003/2003-05/house-document-hansard-transcript-4-en-2003-05-29_pdfL017.pdf;https://beachmetro.com/2022/05/03/provincial-election-2022-angela-kennedy-to-run-for-progressive-conservatives-in-beaches-east-york-riding/;https://results.elections.on.ca/api/report-groups/5/report-outputs/521/csv;https://ckan0.cf.opendata.inter.prod-toronto.ca/dataset/96d35404-44d9-49d8-95bb-fb1e5489240d/resource/1ed53c9d-a316-465e-96ce-e72be74f8aa9/download/2003-results.zip;https://ckan0.cf.opendata.inter.prod-toronto.ca/dataset/96d35404-44d9-49d8-95bb-fb1e5489240d/resource/3fb1227c-a279-4523-a1aa-f00190ba717f/download/2006-results.zip;https://results.elections.on.ca/api/report-groups/4/report-outputs/510/csv;https://ckan0.cf.opendata.inter.prod-toronto.ca/dataset/96d35404-44d9-49d8-95bb-fb1e5489240d/resource/6fbfaab0-bb84-442a-8e4b-1c14d4c10d6d/download/2010-results.zip;https://results.elections.on.ca/api/report-groups/2/report-outputs/488/csv;https://ckan0.cf.opendata.inter.prod-toronto.ca/dataset/96d35404-44d9-49d8-95bb-fb1e5489240d/resource/d59b5a52-33c3-4380-a136-82707e4d9aae/download/2014-results.zip;https://www.toronto.ca/wp-content/uploads/2018/10/97da-2018clerksofficialdeclarationofresults.pdf;https://results.elections.on.ca/api/report-groups/45/report-outputs/1050/csv;https://www.toronto.ca/wp-content/uploads/2022/10/9085-FinalDeclaration-of-Results-for-the-2022-Toronto-Municipal-Election.pdf,The independent Terra conclusion confirms the occurrence after checking the Luna evidence and collision risks.
trd_8272f13d55545779816bda33ea17d56e,toronto-trustee-2026,can_d8004d3122615bda892d893bba4560ee,can_0d3a7e78c07d5748ac0f0d9902bd153a,ANGELA KENNEDY,2014-06-12,ontario_legislative_assembly,mpp,Don Valley East,confirm,The 2014 OASIS and candidate guides identify the Don Valley East PC candidate as a registered nurse and four-term TCDSB trustee.,https://elections.ontarioschooltrustees.org/2022Election/Query.aspx?board=Toronto+Catholic+District+School+Board&lang=en;https://www.tcdsb.org/page/board-of-trustees/;https://www.ola.org/sites/default/files/node-files/hansard/document/pdf/2003/2003-05/house-document-hansard-transcript-4-en-2003-05-29_pdfL017.pdf;https://beachmetro.com/2022/05/03/provincial-election-2022-angela-kennedy-to-run-for-progressive-conservatives-in-beaches-east-york-riding/;https://results.elections.on.ca/api/report-groups/5/report-outputs/521/csv;https://ckan0.cf.opendata.inter.prod-toronto.ca/dataset/96d35404-44d9-49d8-95bb-fb1e5489240d/resource/1ed53c9d-a316-465e-96ce-e72be74f8aa9/download/2003-results.zip;https://ckan0.cf.opendata.inter.prod-toronto.ca/dataset/96d35404-44d9-49d8-95bb-fb1e5489240d/resource/3fb1227c-a279-4523-a1aa-f00190ba717f/download/2006-results.zip;https://results.elections.on.ca/api/report-groups/4/report-outputs/510/csv;https://ckan0.cf.opendata.inter.prod-toronto.ca/dataset/96d35404-44d9-49d8-95bb-fb1e5489240d/resource/6fbfaab0-bb84-442a-8e4b-1c14d4c10d6d/download/2010-results.zip;https://results.elections.on.ca/api/report-groups/2/report-outputs/488/csv;https://ckan0.cf.opendata.inter.prod-toronto.ca/dataset/96d35404-44d9-49d8-95bb-fb1e5489240d/resource/d59b5a52-33c3-4380-a136-82707e4d9aae/download/2014-results.zip;https://www.toronto.ca/wp-content/uploads/2018/10/97da-2018clerksofficialdeclarationofresults.pdf;https://results.elections.on.ca/api/report-groups/45/report-outputs/1050/csv;https://www.toronto.ca/wp-content/uploads/2022/10/9085-FinalDeclaration-of-Results-for-the-2022-Toronto-Municipal-Election.pdf;https://oasisonline.ca/wp-content/uploads/OASIS%20One%20Voice%20Kit%20-%202014%20Ontario%20General%20Election.pdf;https://cltoronto.ca/wp-content/uploads/2014/05/Toronto-Candidates-and-Ridings.pdf,"The independent Terra conclusion controls after checking the Luna lead, available evidence, and collision risks. Sol third-pass review: Contemporaneous institutional election guides explicitly connect the 2014 provincial candidate to the trustee identity."
trd_01e1ef495218510487715b55dcb14744,toronto-trustee-2026,can_d8004d3122615bda892d893bba4560ee,can_cbe7c3fac3865ab7aea6c777394d5824,Angela Kennedy,2014-10-27,toronto_catholic_district_school_board,trustee,Ward 11,confirm,Terra independently verified that this canonical occurrence belongs to the certified candidate.,https://elections.ontarioschooltrustees.org/2022Election/Query.aspx?board=Toronto+Catholic+District+School+Board&lang=en;https://www.tcdsb.org/page/board-of-trustees/;https://www.ola.org/sites/default/files/node-files/hansard/document/pdf/2003/2003-05/house-document-hansard-transcript-4-en-2003-05-29_pdfL017.pdf;https://beachmetro.com/2022/05/03/provincial-election-2022-angela-kennedy-to-run-for-progressive-conservatives-in-beaches-east-york-riding/;https://results.elections.on.ca/api/report-groups/5/report-outputs/521/csv;https://ckan0.cf.opendata.inter.prod-toronto.ca/dataset/96d35404-44d9-49d8-95bb-fb1e5489240d/resource/1ed53c9d-a316-465e-96ce-e72be74f8aa9/download/2003-results.zip;https://ckan0.cf.opendata.inter.prod-toronto.ca/dataset/96d35404-44d9-49d8-95bb-fb1e5489240d/resource/3fb1227c-a279-4523-a1aa-f00190ba717f/download/2006-results.zip;https://results.elections.on.ca/api/report-groups/4/report-outputs/510/csv;https://ckan0.cf.opendata.inter.prod-toronto.ca/dataset/96d35404-44d9-49d8-95bb-fb1e5489240d/resource/6fbfaab0-bb84-442a-8e4b-1c14d4c10d6d/download/2010-results.zip;https://results.elections.on.ca/api/report-groups/2/report-outputs/488/csv;https://ckan0.cf.opendata.inter.prod-toronto.ca/dataset/96d35404-44d9-49d8-95bb-fb1e5489240d/resource/d59b5a52-33c3-4380-a136-82707e4d9aae/download/2014-results.zip;https://www.toronto.ca/wp-content/uploads/2018/10/97da-2018clerksofficialdeclarationofresults.pdf;https://results.elections.on.ca/api/report-groups/45/report-outputs/1050/csv;https://www.toronto.ca/wp-content/uploads/2022/10/9085-FinalDeclaration-of-Results-for-the-2022-Toronto-Municipal-Election.pdf,The independent Terra conclusion confirms the occurrence after checking the Luna evidence and collision risks.
trd_76813d34321459d285d50b2aa0a24708,toronto-trustee-2026,can_d8004d3122615bda892d893bba4560ee,can_43eebe9be3135abbaba1c40faa937b5a,Angela Kennedy,2018-10-22,toronto_catholic_district_school_board,trustee,Ward 11,confirm,Terra independently verified that this canonical occurrence belongs to the certified candidate.,https://elections.ontarioschooltrustees.org/2022Election/Query.aspx?board=Toronto+Catholic+District+School+Board&lang=en;https://www.tcdsb.org/page/board-of-trustees/;https://www.ola.org/sites/default/files/node-files/hansard/document/pdf/2003/2003-05/house-document-hansard-transcript-4-en-2003-05-29_pdfL017.pdf;https://beachmetro.com/2022/05/03/provincial-election-2022-angela-kennedy-to-run-for-progressive-conservatives-in-beaches-east-york-riding/;https://results.elections.on.ca/api/report-groups/5/report-outputs/521/csv;https://ckan0.cf.opendata.inter.prod-toronto.ca/dataset/96d35404-44d9-49d8-95bb-fb1e5489240d/resource/1ed53c9d-a316-465e-96ce-e72be74f8aa9/download/2003-results.zip;https://ckan0.cf.opendata.inter.prod-toronto.ca/dataset/96d35404-44d9-49d8-95bb-fb1e5489240d/resource/3fb1227c-a279-4523-a1aa-f00190ba717f/download/2006-results.zip;https://results.elections.on.ca/api/report-groups/4/report-outputs/510/csv;https://ckan0.cf.opendata.inter.prod-toronto.ca/dataset/96d35404-44d9-49d8-95bb-fb1e5489240d/resource/6fbfaab0-bb84-442a-8e4b-1c14d4c10d6d/download/2010-results.zip;https://results.elections.on.ca/api/report-groups/2/report-outputs/488/csv;https://ckan0.cf.opendata.inter.prod-toronto.ca/dataset/96d35404-44d9-49d8-95bb-fb1e5489240d/resource/d59b5a52-33c3-4380-a136-82707e4d9aae/download/2014-results.zip;https://www.toronto.ca/wp-content/uploads/2018/10/97da-2018clerksofficialdeclarationofresults.pdf;https://results.elections.on.ca/api/report-groups/45/report-outputs/1050/csv;https://www.toronto.ca/wp-content/uploads/2022/10/9085-FinalDeclaration-of-Results-for-the-2022-Toronto-Municipal-Election.pdf,The independent Terra conclusion confirms the occurrence after checking the Luna evidence and collision risks.
trd_cd216fc5185750a9843bae3a8bb8cf8c,toronto-trustee-2026,can_d8004d3122615bda892d893bba4560ee,can_f61171a4e55553ee820568eafb975356,ANGELA KENNEDY,2022-06-02,ontario_legislative_assembly,mpp,Beaches—East York,confirm,Terra independently verified that this canonical occurrence belongs to the certified candidate.,https://elections.ontarioschooltrustees.org/2022Election/Query.aspx?board=Toronto+Catholic+District+School+Board&lang=en;https://www.tcdsb.org/page/board-of-trustees/;https://www.ola.org/sites/default/files/node-files/hansard/document/pdf/2003/2003-05/house-document-hansard-transcript-4-en-2003-05-29_pdfL017.pdf;https://beachmetro.com/2022/05/03/provincial-election-2022-angela-kennedy-to-run-for-progressive-conservatives-in-beaches-east-york-riding/;https://results.elections.on.ca/api/report-groups/5/report-outputs/521/csv;https://ckan0.cf.opendata.inter.prod-toronto.ca/dataset/96d35404-44d9-49d8-95bb-fb1e5489240d/resource/1ed53c9d-a316-465e-96ce-e72be74f8aa9/download/2003-results.zip;https://ckan0.cf.opendata.inter.prod-toronto.ca/dataset/96d35404-44d9-49d8-95bb-fb1e5489240d/resource/3fb1227c-a279-4523-a1aa-f00190ba717f/download/2006-results.zip;https://results.elections.on.ca/api/report-groups/4/report-outputs/510/csv;https://ckan0.cf.opendata.inter.prod-toronto.ca/dataset/96d35404-44d9-49d8-95bb-fb1e5489240d/resource/6fbfaab0-bb84-442a-8e4b-1c14d4c10d6d/download/2010-results.zip;https://results.elections.on.ca/api/report-groups/2/report-outputs/488/csv;https://ckan0.cf.opendata.inter.prod-toronto.ca/dataset/96d35404-44d9-49d8-95bb-fb1e5489240d/resource/d59b5a52-33c3-4380-a136-82707e4d9aae/download/2014-results.zip;https://www.toronto.ca/wp-content/uploads/2018/10/97da-2018clerksofficialdeclarationofresults.pdf;https://results.elections.on.ca/api/report-groups/45/report-outputs/1050/csv;https://www.toronto.ca/wp-content/uploads/2022/10/9085-FinalDeclaration-of-Results-for-the-2022-Toronto-Municipal-Election.pdf,The independent Terra conclusion confirms the occurrence after checking the Luna evidence and collision risks.
trd_e0fe278398f556fe87afc131ff4502f9,toronto-trustee-2026,can_d8004d3122615bda892d893bba4560ee,can_a71b65a22e155617a798d15a30a3b348,Angela Kennedy,2022-10-24,toronto_catholic_district_school_board,trustee,Ward 11,confirm,Terra independently verified that this canonical occurrence belongs to the certified candidate.,https://elections.ontarioschooltrustees.org/2022Election/Query.aspx?board=Toronto+Catholic+District+School+Board&lang=en;https://www.tcdsb.org/page/board-of-trustees/;https://www.ola.org/sites/default/files/node-files/hansard/document/pdf/2003/2003-05/house-document-hansard-transcript-4-en-2003-05-29_pdfL017.pdf;https://beachmetro.com/2022/05/03/provincial-election-2022-angela-kennedy-to-run-for-progressive-conservatives-in-beaches-east-york-riding/;https://results.elections.on.ca/api/report-groups/5/report-outputs/521/csv;https://ckan0.cf.opendata.inter.prod-toronto.ca/dataset/96d35404-44d9-49d8-95bb-fb1e5489240d/resource/1ed53c9d-a316-465e-96ce-e72be74f8aa9/download/2003-results.zip;https://ckan0.cf.opendata.inter.prod-toronto.ca/dataset/96d35404-44d9-49d8-95bb-fb1e5489240d/resource/3fb1227c-a279-4523-a1aa-f00190ba717f/download/2006-results.zip;https://results.elections.on.ca/api/report-groups/4/report-outputs/510/csv;https://ckan0.cf.opendata.inter.prod-toronto.ca/dataset/96d35404-44d9-49d8-95bb-fb1e5489240d/resource/6fbfaab0-bb84-442a-8e4b-1c14d4c10d6d/download/2010-results.zip;https://results.elections.on.ca/api/report-groups/2/report-outputs/488/csv;https://ckan0.cf.opendata.inter.prod-toronto.ca/dataset/96d35404-44d9-49d8-95bb-fb1e5489240d/resource/d59b5a52-33c3-4380-a136-82707e4d9aae/download/2014-results.zip;https://www.toronto.ca/wp-content/uploads/2018/10/97da-2018clerksofficialdeclarationofresults.pdf;https://results.elections.on.ca/api/report-groups/45/report-outputs/1050/csv;https://www.toronto.ca/wp-content/uploads/2022/10/9085-FinalDeclaration-of-Results-for-the-2022-Toronto-Municipal-Election.pdf,The independent Terra conclusion confirms the occurrence after checking the Luna evidence and collision risks.
trd_3ea28ff21ae2558ebb224600bc267c57,toronto-trustee-2026,can_bb720ba2d1685e488eb701b6d49711a2,can_1997180ec1c65358b3aab62649d51f4e,Anton Perera,2022-10-24,toronto_catholic_district_school_board,trustee,Ward 11,confirm,Terra independently verified that this canonical occurrence belongs to the certified candidate.,https://www.toronto.ca/data/elections/candidate_list/trusteeCandidates_2026.json;https://toronto-candidates.netlify.app/candidate/anton-perera/;https://www.toronto.ca/wp-content/uploads/2022/10/9085-FinalDeclaration-of-Results-for-the-2022-Toronto-Municipal-Election.pdf;https://ckan0.cf.opendata.inter.prod-toronto.ca/dataset/96d35404-44d9-49d8-95bb-fb1e5489240d/resource/3ad371de-7c51-45d3-9ea4-0b4efac5fc2b/download/2022-results.zip,The independent Terra conclusion confirms the occurrence after checking the Luna evidence and collision risks.
trd_3da5126ca0f550bf9674d551b3f20e7f,toronto-trustee-2026,can_16a76ce95d88555e9f4c4fe393854af1,can_ec0c340b3f59594cb3a7c9a76b725892,Garry Tanuan,2012-12-10,toronto_catholic_district_school_board,trustee,Ward 8,confirm,Terra independently verified that this canonical occurrence belongs to the certified candidate.,https://www.toronto.ca/legdocs/mmis/2017/mm/comm/communicationfile-73525.pdf;https://www.toronto.ca/legdocs/mmis/2021/sc/comm/communicationfile-130882.pdf;https://toronto-candidates.netlify.app/candidate/garry-tanuan/;https://ckan0.cf.opendata.inter.prod-toronto.ca/dataset/97d72233-8681-4b3d-828e-4929d40d122c/resource/a75d576c-f315-4c90-b5c9-1ca7d9f8b51f/download/2012-tcdsb-ward-8.xls;https://ckan0.cf.opendata.inter.prod-toronto.ca/dataset/96d35404-44d9-49d8-95bb-fb1e5489240d/resource/d59b5a52-33c3-4380-a136-82707e4d9aae/download/2014-results.zip;https://ckan0.cf.opendata.inter.prod-toronto.ca/dataset/96d35404-44d9-49d8-95bb-fb1e5489240d/resource/2fcd5f20-90f5-4dd0-88eb-22e978b9bf89/download/2018-results.zip;https://ckan0.cf.opendata.inter.prod-toronto.ca/dataset/96d35404-44d9-49d8-95bb-fb1e5489240d/resource/3ad371de-7c51-45d3-9ea4-0b4efac5fc2b/download/2022-results.zip,The independent Terra conclusion confirms the occurrence after checking the Luna evidence and collision risks.
trd_93c7ea6c8b905b0e97fab4bd657baf97,toronto-trustee-2026,can_16a76ce95d88555e9f4c4fe393854af1,can_6d6672ac8bfc5ea4b3c7b91bfb1283f9,Garry Tanuan,2014-10-27,toronto_catholic_district_school_board,trustee,Ward 8,confirm,Terra independently verified that this canonical occurrence belongs to the certified candidate.,https://www.toronto.ca/legdocs/mmis/2017/mm/comm/communicationfile-73525.pdf;https://www.toronto.ca/legdocs/mmis/2021/sc/comm/communicationfile-130882.pdf;https://toronto-candidates.netlify.app/candidate/garry-tanuan/;https://ckan0.cf.opendata.inter.prod-toronto.ca/dataset/97d72233-8681-4b3d-828e-4929d40d122c/resource/a75d576c-f315-4c90-b5c9-1ca7d9f8b51f/download/2012-tcdsb-ward-8.xls;https://ckan0.cf.opendata.inter.prod-toronto.ca/dataset/96d35404-44d9-49d8-95bb-fb1e5489240d/resource/d59b5a52-33c3-4380-a136-82707e4d9aae/download/2014-results.zip;https://ckan0.cf.opendata.inter.prod-toronto.ca/dataset/96d35404-44d9-49d8-95bb-fb1e5489240d/resource/2fcd5f20-90f5-4dd0-88eb-22e978b9bf89/download/2018-results.zip;https://ckan0.cf.opendata.inter.prod-toronto.ca/dataset/96d35404-44d9-49d8-95bb-fb1e5489240d/resource/3ad371de-7c51-45d3-9ea4-0b4efac5fc2b/download/2022-results.zip,The independent Terra conclusion confirms the occurrence after checking the Luna evidence and collision risks.
trd_ccd12ceca87754b39e2cb83076e5fadb,toronto-trustee-2026,can_16a76ce95d88555e9f4c4fe393854af1,can_9d1d855d56815f85b0c82967a0bfdfa3,Garry Tanuan,2018-10-22,toronto_catholic_district_school_board,trustee,Ward 8,confirm,Terra independently verified that this canonical occurrence belongs to the certified candidate.,https://www.toronto.ca/legdocs/mmis/2017/mm/comm/communicationfile-73525.pdf;https://www.toronto.ca/legdocs/mmis/2021/sc/comm/communicationfile-130882.pdf;https://toronto-candidates.netlify.app/candidate/garry-tanuan/;https://ckan0.cf.opendata.inter.prod-toronto.ca/dataset/97d72233-8681-4b3d-828e-4929d40d122c/resource/a75d576c-f315-4c90-b5c9-1ca7d9f8b51f/download/2012-tcdsb-ward-8.xls;https://ckan0.cf.opendata.inter.prod-toronto.ca/dataset/96d35404-44d9-49d8-95bb-fb1e5489240d/resource/d59b5a52-33c3-4380-a136-82707e4d9aae/download/2014-results.zip;https://ckan0.cf.opendata.inter.prod-toronto.ca/dataset/96d35404-44d9-49d8-95bb-fb1e5489240d/resource/2fcd5f20-90f5-4dd0-88eb-22e978b9bf89/download/2018-results.zip;https://ckan0.cf.opendata.inter.prod-toronto.ca/dataset/96d35404-44d9-49d8-95bb-fb1e5489240d/resource/3ad371de-7c51-45d3-9ea4-0b4efac5fc2b/download/2022-results.zip,The independent Terra conclusion confirms the occurrence after checking the Luna evidence and collision risks.
trd_38fab69fde695d5b9ec8453c8e0abba1,toronto-trustee-2026,can_16a76ce95d88555e9f4c4fe393854af1,can_c1106e6150a75e0f8d2bd928a7de189e,Garry Tanuan,2022-10-24,toronto_catholic_district_school_board,trustee,Ward 8,confirm,Terra independently verified that this canonical occurrence belongs to the certified candidate.,https://www.toronto.ca/legdocs/mmis/2017/mm/comm/communicationfile-73525.pdf;https://www.toronto.ca/legdocs/mmis/2021/sc/comm/communicationfile-130882.pdf;https://toronto-candidates.netlify.app/candidate/garry-tanuan/;https://ckan0.cf.opendata.inter.prod-toronto.ca/dataset/97d72233-8681-4b3d-828e-4929d40d122c/resource/a75d576c-f315-4c90-b5c9-1ca7d9f8b51f/download/2012-tcdsb-ward-8.xls;https://ckan0.cf.opendata.inter.prod-toronto.ca/dataset/96d35404-44d9-49d8-95bb-fb1e5489240d/resource/d59b5a52-33c3-4380-a136-82707e4d9aae/download/2014-results.zip;https://ckan0.cf.opendata.inter.prod-toronto.ca/dataset/96d35404-44d9-49d8-95bb-fb1e5489240d/resource/2fcd5f20-90f5-4dd0-88eb-22e978b9bf89/download/2018-results.zip;https://ckan0.cf.opendata.inter.prod-toronto.ca/dataset/96d35404-44d9-49d8-95bb-fb1e5489240d/resource/3ad371de-7c51-45d3-9ea4-0b4efac5fc2b/download/2022-results.zip,The independent Terra conclusion confirms the occurrence after checking the Luna evidence and collision risks.
trd_6ffe9fb62cc45ee8906b77183506846b,toronto-trustee-2026,can_907c9762c2315f14a14ef10fa5bc0950,can_55c3a2d56216516b82e02447255b67d6,Weidong Pei,2022-10-24,toronto_district_school_board,trustee,Ward 12,confirm,Terra independently verified that this canonical occurrence belongs to the certified candidate.,https://www.weidongpei.ca/about;https://schoolweb.tdsb.on.ca/newtonbrook/Parents/Trustee-Pei;https://www.toronto.ca/wp-content/uploads/2022/10/9085-FinalDeclaration-of-Results-for-the-2022-Toronto-Municipal-Election.pdf;https://ckan0.cf.opendata.inter.prod-toronto.ca/dataset/96d35404-44d9-49d8-95bb-fb1e5489240d/resource/3ad371de-7c51-45d3-9ea4-0b4efac5fc2b/download/2022-results.zip,The independent Terra conclusion confirms the occurrence after checking the Luna evidence and collision risks.
trd_9095a7353c195388a12a5deea1817421,toronto-trustee-2026,can_2ad9fa52dee954d4a11c8e3bdbbbb5d7,can_e993d40115af5456bf5c86994203bbad,Nancy Crawford,2010-10-25,toronto_catholic_district_school_board,trustee,Ward 12,confirm,Terra independently verified that this canonical occurrence belongs to the certified candidate.,https://assets.tcdsb.org/strobert/2722115/newsletter-november-2022.pdf;https://www.tcdsb.org/page/board-of-trustees/;https://ckan0.cf.opendata.inter.prod-toronto.ca/dataset/96d35404-44d9-49d8-95bb-fb1e5489240d/resource/6fbfaab0-bb84-442a-8e4b-1c14d4c10d6d/download/2010-results.zip;https://ckan0.cf.opendata.inter.prod-toronto.ca/dataset/96d35404-44d9-49d8-95bb-fb1e5489240d/resource/d59b5a52-33c3-4380-a136-82707e4d9aae/download/2014-results.zip;https://ckan0.cf.opendata.inter.prod-toronto.ca/dataset/96d35404-44d9-49d8-95bb-fb1e5489240d/resource/2fcd5f20-90f5-4dd0-88eb-22e978b9bf89/download/2018-results.zip;https://ckan0.cf.opendata.inter.prod-toronto.ca/dataset/96d35404-44d9-49d8-95bb-fb1e5489240d/resource/3ad371de-7c51-45d3-9ea4-0b4efac5fc2b/download/2022-results.zip,The independent Terra conclusion confirms the occurrence after checking the Luna evidence and collision risks.
trd_378e8d133c525da5b7d9c6ef910a979e,toronto-trustee-2026,can_2ad9fa52dee954d4a11c8e3bdbbbb5d7,can_f4a2030cdfee58cbbdc863553e268a85,Nancy Crawford,2014-10-27,toronto_catholic_district_school_board,trustee,Ward 12,confirm,Terra independently verified that this canonical occurrence belongs to the certified candidate.,https://assets.tcdsb.org/strobert/2722115/newsletter-november-2022.pdf;https://www.tcdsb.org/page/board-of-trustees/;https://ckan0.cf.opendata.inter.prod-toronto.ca/dataset/96d35404-44d9-49d8-95bb-fb1e5489240d/resource/6fbfaab0-bb84-442a-8e4b-1c14d4c10d6d/download/2010-results.zip;https://ckan0.cf.opendata.inter.prod-toronto.ca/dataset/96d35404-44d9-49d8-95bb-fb1e5489240d/resource/d59b5a52-33c3-4380-a136-82707e4d9aae/download/2014-results.zip;https://ckan0.cf.opendata.inter.prod-toronto.ca/dataset/96d35404-44d9-49d8-95bb-fb1e5489240d/resource/2fcd5f20-90f5-4dd0-88eb-22e978b9bf89/download/2018-results.zip;https://ckan0.cf.opendata.inter.prod-toronto.ca/dataset/96d35404-44d9-49d8-95bb-fb1e5489240d/resource/3ad371de-7c51-45d3-9ea4-0b4efac5fc2b/download/2022-results.zip,The independent Terra conclusion confirms the occurrence after checking the Luna evidence and collision risks.
trd_e203ce18ed2d5f849af58844ad0b97eb,toronto-trustee-2026,can_2ad9fa52dee954d4a11c8e3bdbbbb5d7,can_92baf10ba94b5df39662155583b59fd6,Nancy Crawford,2018-10-22,toronto_catholic_district_school_board,trustee,Ward 12,confirm,Terra independently verified that this canonical occurrence belongs to the certified candidate.,https://assets.tcdsb.org/strobert/2722115/newsletter-november-2022.pdf;https://www.tcdsb.org/page/board-of-trustees/;https://ckan0.cf.opendata.inter.prod-toronto.ca/dataset/96d35404-44d9-49d8-95bb-fb1e5489240d/resource/6fbfaab0-bb84-442a-8e4b-1c14d4c10d6d/download/2010-results.zip;https://ckan0.cf.opendata.inter.prod-toronto.ca/dataset/96d35404-44d9-49d8-95bb-fb1e5489240d/resource/d59b5a52-33c3-4380-a136-82707e4d9aae/download/2014-results.zip;https://ckan0.cf.opendata.inter.prod-toronto.ca/dataset/96d35404-44d9-49d8-95bb-fb1e5489240d/resource/2fcd5f20-90f5-4dd0-88eb-22e978b9bf89/download/2018-results.zip;https://ckan0.cf.opendata.inter.prod-toronto.ca/dataset/96d35404-44d9-49d8-95bb-fb1e5489240d/resource/3ad371de-7c51-45d3-9ea4-0b4efac5fc2b/download/2022-results.zip,The independent Terra conclusion confirms the occurrence after checking the Luna evidence and collision risks.
trd_ed8e6a6aa92f565a9785c800265119e7,toronto-trustee-2026,can_2ad9fa52dee954d4a11c8e3bdbbbb5d7,can_64330bb55f1f5892bc559f26ce79522b,Nancy Crawford,2022-10-24,toronto_catholic_district_school_board,trustee,Ward 12,confirm,Terra independently verified that this canonical occurrence belongs to the certified candidate.,https://assets.tcdsb.org/strobert/2722115/newsletter-november-2022.pdf;https://www.tcdsb.org/page/board-of-trustees/;https://ckan0.cf.opendata.inter.prod-toronto.ca/dataset/96d35404-44d9-49d8-95bb-fb1e5489240d/resource/6fbfaab0-bb84-442a-8e4b-1c14d4c10d6d/download/2010-results.zip;https://ckan0.cf.opendata.inter.prod-toronto.ca/dataset/96d35404-44d9-49d8-95bb-fb1e5489240d/resource/d59b5a52-33c3-4380-a136-82707e4d9aae/download/2014-results.zip;https://ckan0.cf.opendata.inter.prod-toronto.ca/dataset/96d35404-44d9-49d8-95bb-fb1e5489240d/resource/2fcd5f20-90f5-4dd0-88eb-22e978b9bf89/download/2018-results.zip;https://ckan0.cf.opendata.inter.prod-toronto.ca/dataset/96d35404-44d9-49d8-95bb-fb1e5489240d/resource/3ad371de-7c51-45d3-9ea4-0b4efac5fc2b/download/2022-results.zip,The independent Terra conclusion confirms the occurrence after checking the Luna evidence and collision risks.
trd_d33f6eeb0cd05e439979871ab36261ff,toronto-trustee-2026,can_a9f750bd470c5703b5be465e2dbc65fe,can_cf9f2b299db85ff9a9e56608c0ee834a,David Gulyas,2023-06-26,toronto_city_council,mayor,City of Toronto,hold,No current biography or archived campaign page connects the mayoral and trustee candidates.,https://www.toronto.ca/data/elections/candidate_list/trusteeCandidates_2026.json;https://www.toronto.ca/wp-content/uploads/2023/06/900e-Declaration-of-Results-for-the-2023-Toronto-By-Election-for-Mayor.pdf,"The independent Terra conclusion controls after checking the Luna lead, available evidence, and collision risks. Sol third-pass review: Sol found no qualifying bridge beyond exact name; a current news list added no biography and misspelled the surname."
trd_f8b5e8cf43285336ae00c860b48aaa50,toronto-trustee-2026,can_0223966eed3453f8a109f60a720eb111,can_718bc9920ccd5709865fe29af9acb00f,Andrew Massey,2018-10-22,toronto_city_council,councillor,Ward 10 — Spadina-Fort York,hold,No qualifying bridge from the verified prior-person cluster to the 2026 trustee filing was found.,https://www.toronto.ca/data/elections/candidate_list/trusteeCandidates_2026.json;https://www.greenparty.ca/en/candidate/andrew-massey;https://www.toronto.ca/wp-content/uploads/2018/10/97da-2018clerksofficialdeclarationofresults.pdf;https://results.elections.on.ca/api/report-groups/48/report-outputs/1096/csv;https://enr.elections.ca/ElectoralDistricts.aspx?ed=2489&lang=e,"The independent Terra conclusion controls after checking the Luna lead, available evidence, and collision risks. Sol third-pass review: The 2018 result and prior identity cluster are preserved, but the new pass found no qualifying bridge to the 2026 trustee candidate."
trd_bfb49e58f83b5621bba5b75b4432d750,toronto-trustee-2026,can_0223966eed3453f8a109f60a720eb111,can_da5549a2122b53e5a322c3a8b48761c2,ANDREW MASSEY,2025-02-27,ontario_legislative_assembly,mpp,Toronto Centre,hold,No qualifying bridge from the verified prior-person cluster to the 2026 trustee filing was found.,https://www.toronto.ca/data/elections/candidate_list/trusteeCandidates_2026.json;https://www.greenparty.ca/en/candidate/andrew-massey;https://www.toronto.ca/wp-content/uploads/2018/10/97da-2018clerksofficialdeclarationofresults.pdf;https://results.elections.on.ca/api/report-groups/48/report-outputs/1096/csv;https://enr.elections.ca/ElectoralDistricts.aspx?ed=2489&lang=e,"The independent Terra conclusion controls after checking the Luna lead, available evidence, and collision risks. Sol third-pass review: The 2025 result and prior identity cluster are preserved, but the new pass found no qualifying bridge to the 2026 trustee candidate."
trd_98e0a76db59e5add892c14606072917a,toronto-trustee-2026,can_0223966eed3453f8a109f60a720eb111,can_03e7fa9b7ff25fdd87b6283a7336053c,Andrew Massey,2026-04-13,canada_house_of_commons,mp,University—Rosedale,hold,No qualifying bridge from the verified federal candidate to the 2026 trustee filing was found.,https://www.toronto.ca/data/elections/candidate_list/trusteeCandidates_2026.json;https://www.greenparty.ca/en/candidate/andrew-massey;https://www.toronto.ca/wp-content/uploads/2018/10/97da-2018clerksofficialdeclarationofresults.pdf;https://results.elections.on.ca/api/report-groups/48/report-outputs/1096/csv;https://enr.elections.ca/ElectoralDistricts.aspx?ed=2489&lang=e;https://www.votemassey.ca/,"The independent Terra conclusion controls after checking the Luna lead, available evidence, and collision risks. Sol third-pass review: The federal result and candidate biography are preserved, but the new pass found no qualifying bridge to the 2026 trustee candidate."
trd_bc48356baad65946a385437c7e898e6b,toronto-trustee-2026,can_5d2f89362ab7548b817c10597e7bff66,can_3aa45ac3e06a5fb89a235aee4695a81c,Gus Stefanis,2019-10-21,canada_house_of_commons,mp,Scarborough—Guildwood,hold,"The Local links 2019 and 2021 federal runs to the 2025 trustee candidate, but not that cluster to 2026.",https://www.toronto.ca/data/elections/candidate_list/trusteeCandidates_2026.json;https://www.tdsb.on.ca/Leadership/Agendas-Minutes-Decisions/Type/M/Year/2025?Filename=250416.pdf;https://thelocal.to/apple_news_posts/don-valley-west-tdsb-trustee-by-election/;https://www.elections.ca/res/rep/off/ovr2019app/51/data_donnees/pollresults_resultatsbureau35.zip;https://www.elections.ca/res/rep/off/ovr2021app/53/data_donnees/pollresults_resultatsbureau35.zip,"The independent Terra conclusion controls after checking the Luna lead, available evidence, and collision risks. Sol third-pass review: The federal-to-2025 historical cluster is preserved, but Sol found no qualifying source connecting it to the certified Ward 5 filing."
trd_3d039ba90dbb5150b3961d227303b0b2,toronto-trustee-2026,can_5d2f89362ab7548b817c10597e7bff66,can_4053c96a4b2053e28771da688f4ced39,Gus Stefanis,2021-09-20,canada_house_of_commons,mp,Scarborough—Guildwood,hold,"The Local links 2019 and 2021 federal runs to the 2025 trustee candidate, but not that cluster to 2026.",https://www.toronto.ca/data/elections/candidate_list/trusteeCandidates_2026.json;https://www.tdsb.on.ca/Leadership/Agendas-Minutes-Decisions/Type/M/Year/2025?Filename=250416.pdf;https://thelocal.to/apple_news_posts/don-valley-west-tdsb-trustee-by-election/;https://www.elections.ca/res/rep/off/ovr2019app/51/data_donnees/pollresults_resultatsbureau35.zip;https://www.elections.ca/res/rep/off/ovr2021app/53/data_donnees/pollresults_resultatsbureau35.zip,"The independent Terra conclusion controls after checking the Luna lead, available evidence, and collision risks. Sol third-pass review: The federal-to-2025 historical cluster is preserved, but Sol found no qualifying source connecting it to the certified Ward 5 filing."
trd_e56cbc523fb951cea66185c8a7e3751b,toronto-trustee-2026,can_5d2f89362ab7548b817c10597e7bff66,can_d074d6ed5ffe5c9a9e8b97e60c65806b,Gus Stefanis,2025-03-03,toronto_district_school_board,trustee,Ward 11,hold,No source identifies the 2025 Ward 11 trustee candidate as the 2026 Ward 5 filer.,https://www.toronto.ca/data/elections/candidate_list/trusteeCandidates_2026.json;https://www.tdsb.on.ca/Leadership/Agendas-Minutes-Decisions/Type/M/Year/2025?Filename=250416.pdf;https://thelocal.to/apple_news_posts/don-valley-west-tdsb-trustee-by-election/;https://www.elections.ca/res/rep/off/ovr2019app/51/data_donnees/pollresults_resultatsbureau35.zip;https://www.elections.ca/res/rep/off/ovr2021app/53/data_donnees/pollresults_resultatsbureau35.zip,"The independent Terra conclusion controls after checking the Luna lead, available evidence, and collision risks. Sol third-pass review: The 2025 result and its federal history are reliable, but Sol found no qualifying bridge to the current filing beyond exact name."
